alpha_deg,target,model,predicted,predicted_std
-4.04,Cl_SU2,poly3,-0.44349924265608354,
-3.994235588972431,Cl_SU2,poly3,-0.4385979186840405,
-3.948471177944862,Cl_SU2,poly3,-0.4336933639578615,
-3.9027067669172935,Cl_SU2,poly3,-0.42878560573210023,
-3.8569423558897244,Cl_SU2,poly3,-0.4238746712613106,
-3.8111779448621554,Cl_SU2,poly3,-0.41896058780004686,
-3.7654135338345864,Cl_SU2,poly3,-0.41404338260286333,
-3.7196491228070174,Cl_SU2,poly3,-0.40912308292431354,
-3.673884711779449,Cl_SU2,poly3,-0.4041997160189521,
-3.62812030075188,Cl_SU2,poly3,-0.3992733091413323,
-3.582355889724311,Cl_SU2,poly3,-0.39434388954600896,
-3.536591478696742,Cl_SU2,poly3,-0.3894114844875354,
-3.490827067669173,Cl_SU2,poly3,-0.38447612122046615,
-3.4450626566416043,Cl_SU2,poly3,-0.37953782699935545,
-3.399298245614035,Cl_SU2,poly3,-0.3745966290787568,
-3.3535338345864663,Cl_SU2,poly3,-0.3696525547132248,
-3.3077694235588972,Cl_SU2,poly3,-0.3647056311573129,
-3.2620050125313282,Cl_SU2,poly3,-0.35975588566557537,
-3.2162406015037597,Cl_SU2,poly3,-0.3548033454925663,
-3.1704761904761902,Cl_SU2,poly3,-0.3498480378928397,
-3.1247117794486217,Cl_SU2,poly3,-0.3448899901209501,
-3.0789473684210527,Cl_SU2,poly3,-0.33992922943145065,
-3.0331829573934836,Cl_SU2,poly3,-0.33496578307889613,
-2.987418546365915,Cl_SU2,poly3,-0.3299996783178403,
-2.9416541353383456,Cl_SU2,poly3,-0.3250309424028368,
-2.895889724310777,Cl_SU2,poly3,-0.3200596025884406,
-2.850125313283208,Cl_SU2,poly3,-0.31508568612920507,
-2.804360902255639,Cl_SU2,poly3,-0.31010922027968424,
-2.75859649122807,Cl_SU2,poly3,-0.30513023229443226,
-2.712832080200501,Cl_SU2,poly3,-0.3001487494280035,
-2.6670676691729325,Cl_SU2,poly3,-0.2951647989349516,
-2.6213032581453635,Cl_SU2,poly3,-0.29017840806983064,
-2.5755388471177945,Cl_SU2,poly3,-0.28518960408719485,
-2.5297744360902255,Cl_SU2,poly3,-0.2801984142415984,
-2.4840100250626564,Cl_SU2,poly3,-0.27520486578759484,
-2.438245614035088,Cl_SU2,poly3,-0.27020898597973886,
-2.392481203007519,Cl_SU2,poly3,-0.26521080207258385,
-2.34671679197995,Cl_SU2,poly3,-0.2602103413206841,
-2.300952380952381,Cl_SU2,poly3,-0.2552076309785938,
-2.255187969924812,Cl_SU2,poly3,-0.25020269830086683,
-2.2094235588972433,Cl_SU2,poly3,-0.24519557054205754,
-2.163659147869674,Cl_SU2,poly3,-0.2401862749567194,
-2.1178947368421053,Cl_SU2,poly3,-0.23517483879940715,
-2.0721303258145363,Cl_SU2,poly3,-0.23016128932467428,
-2.0263659147869673,Cl_SU2,poly3,-0.22514565378707496,
-1.9806015037593983,Cl_SU2,poly3,-0.22012795944116337,
-1.9348370927318297,Cl_SU2,poly3,-0.21510823354149367,
-1.8890726817042607,Cl_SU2,poly3,-0.21008650334261947,
-1.8433082706766917,Cl_SU2,poly3,-0.20506279609909517,
-1.7975438596491227,Cl_SU2,poly3,-0.2000371390654747,
-1.7517794486215537,Cl_SU2,poly3,-0.19500955949631216,
-1.706015037593985,Cl_SU2,poly3,-0.18998008464616123,
-1.660250626566416,Cl_SU2,poly3,-0.18494874176957687,
-1.614486215538847,Cl_SU2,poly3,-0.17991555812111204,
-1.568721804511278,Cl_SU2,poly3,-0.17488056095532134,
-1.522957393483709,Cl_SU2,poly3,-0.16984377752675894,
-1.47719298245614,Cl_SU2,poly3,-0.16480523508997857,
-1.4314285714285715,Cl_SU2,poly3,-0.1597649608995344,
-1.3856641604010025,Cl_SU2,poly3,-0.1547229822099805,
-1.3398997493734335,Cl_SU2,poly3,-0.14967932627587088,
-1.2941353383458645,Cl_SU2,poly3,-0.14463402035175954,
-1.2483709273182955,Cl_SU2,poly3,-0.13958709169220052,
-1.202606516290727,Cl_SU2,poly3,-0.1345385675517481,
-1.156842105263158,Cl_SU2,poly3,-0.129488475184956,
-1.1110776942355889,Cl_SU2,poly3,-0.12443684184637838,
-1.0653132832080199,Cl_SU2,poly3,-0.11938369479056943,
-1.0195488721804509,Cl_SU2,poly3,-0.11432906127208287,
-0.9737844611528823,Cl_SU2,poly3,-0.10927296854547319,
-0.9280200501253133,Cl_SU2,poly3,-0.10421544386529413,
-0.8822556390977443,Cl_SU2,poly3,-0.09915651448609963,
-0.8364912280701753,Cl_SU2,poly3,-0.09409620766244409,
-0.7907268170426063,Cl_SU2,poly3,-0.08903455064888122,
-0.7449624060150377,Cl_SU2,poly3,-0.0839715706999653,
-0.6991979949874687,Cl_SU2,poly3,-0.0789072950702504,
-0.6534335839598997,Cl_SU2,poly3,-0.07384175101429002,
-0.6076691729323307,Cl_SU2,poly3,-0.068774965786639,
-0.5619047619047617,Cl_SU2,poly3,-0.06370696664185094,
-0.5161403508771927,Cl_SU2,poly3,-0.0586377808344799,
-0.4703759398496241,Cl_SU2,poly3,-0.05356743561908006,
-0.4246115288220551,Cl_SU2,poly3,-0.04849595825020547,
-0.3788471177944861,Cl_SU2,poly3,-0.04342337598240986,
-0.3330827067669171,Cl_SU2,poly3,-0.03834971607024751,
-0.2873182957393481,Cl_SU2,poly3,-0.03327500576827258,
-0.24155388471177952,Cl_SU2,poly3,-0.02819927233103925,
-0.1957894736842105,Cl_SU2,poly3,-0.023122543013100905,
-0.1500250626566415,Cl_SU2,poly3,-0.01804484506901205,
-0.1042606516290725,Cl_SU2,poly3,-0.012966205753326743,
-0.05849624060150349,Cl_SU2,poly3,-0.007886652320599041,
-0.012731829573934483,Cl_SU2,poly3,-0.0028062120253827816,
0.03303258145363408,Cl_SU2,poly3,0.0022750878777677563,
0.07879699248120353,Cl_SU2,poly3,0.0073572201342989585,
0.1245614035087721,Cl_SU2,poly3,0.0124401574896561,
0.17032581453634066,Cl_SU2,poly3,0.017523872689285458,
0.2160902255639101,Cl_SU2,poly3,0.022608338478633416,
0.2618546365914787,Cl_SU2,poly3,0.027693527603145363,
0.3076190476190481,Cl_SU2,poly3,0.03277941280826724,
0.3533834586466167,Cl_SU2,poly3,0.03786596683944543,
0.39914786967418525,Cl_SU2,poly3,0.04295316244212555,
0.4449122807017547,Cl_SU2,poly3,0.04804097236175364,
0.49067669172932327,Cl_SU2,poly3,0.05312936934377577,
0.5364411027568927,Cl_SU2,poly3,0.058218326133637754,
0.5822055137844613,Cl_SU2,poly3,0.06330781547678554,
0.6279699248120298,Cl_SU2,poly3,0.0683978101186653,
0.6737343358395993,Cl_SU2,poly3,0.07348828280472286,
0.7194987468671679,Cl_SU2,poly3,0.07857920628040382,
0.7652631578947373,Cl_SU2,poly3,0.08367055329115469,
0.8110275689223059,Cl_SU2,poly3,0.0887622965824213,
0.8567919799498744,Cl_SU2,poly3,0.09385440889964936,
0.9025563909774439,Cl_SU2,poly3,0.09894686298828503,
0.9483208020050125,Cl_SU2,poly3,0.10403963159377405,
0.9940852130325819,Cl_SU2,poly3,0.1091326874615628,
1.0398496240601505,Cl_SU2,poly3,0.11422600333709687,
1.08561403508772,Cl_SU2,poly3,0.11931955196582222,
1.1313784461152885,Cl_SU2,poly3,0.12441330609318502,
1.177142857142857,Cl_SU2,poly3,0.12950723846463097,
1.2229072681704265,Cl_SU2,poly3,0.13460132182560625,
1.268671679197995,Cl_SU2,poly3,0.13969552892155668,
1.3144360902255645,Cl_SU2,poly3,0.14478983249792843,
1.360200501253133,Cl_SU2,poly3,0.1498842053001671,
1.4059649122807016,Cl_SU2,poly3,0.15497862007371876,
1.451729323308271,Cl_SU2,poly3,0.16007304956402957,
1.4974937343358397,Cl_SU2,poly3,0.16516746651654535,
1.543258145363409,Cl_SU2,poly3,0.17026184367671227,
1.5890225563909777,Cl_SU2,poly3,0.17535615378997582,
1.6347869674185462,Cl_SU2,poly3,0.18045036960178218,
1.6805513784461157,Cl_SU2,poly3,0.1855444638575775,
1.7263157894736842,Cl_SU2,poly3,0.19063840930280745,
1.7720802005012537,Cl_SU2,poly3,0.1957321786829182,
1.8178446115288223,Cl_SU2,poly3,0.20082574474335557,
1.8636090225563908,Cl_SU2,poly3,0.2059190802295655,
1.9093734335839603,Cl_SU2,poly3,0.21101215788699418,
1.9551378446115288,Cl_SU2,poly3,0.21610495046108724,
2.0009022556390983,Cl_SU2,poly3,0.22119743069729092,
2.046666666666667,Cl_SU2,poly3,0.226289571341051,
2.0924310776942354,Cl_SU2,poly3,0.23138134513781333,
2.138195488721805,Cl_SU2,poly3,0.23647272483302423,
2.1839598997493734,Cl_SU2,poly3,0.24156368317212934,
2.229724310776943,Cl_SU2,poly3,0.24665419290057478,
2.2754887218045114,Cl_SU2,poly3,0.2517442267638064,
2.32125313283208,Cl_SU2,poly3,0.2568337575072701,
2.3670175438596495,Cl_SU2,poly3,0.2619227578764121,
2.412781954887218,Cl_SU2,poly3,0.2670112006166781,
2.4585463659147875,Cl_SU2,poly3,0.27209905847351423,
2.504310776942356,Cl_SU2,poly3,0.27718630419236634,
2.5500751879699246,Cl_SU2,poly3,0.2822729105186803,
2.595839598997494,Cl_SU2,poly3,0.2873588501979023,
2.6416040100250626,Cl_SU2,poly3,0.2924440959754781,
2.687368421052632,Cl_SU2,poly3,0.2975286205968538,
2.7331328320802006,Cl_SU2,poly3,0.30261239680747526,
2.77889724310777,Cl_SU2,poly3,0.30769539735278845,
2.8246616541353387,Cl_SU2,poly3,0.31277759497823926,
2.870426065162907,Cl_SU2,poly3,0.31785896242927375,
2.9161904761904767,Cl_SU2,poly3,0.3229394724513379,
2.9619548872180452,Cl_SU2,poly3,0.3280190977898776,
3.0077192982456147,Cl_SU2,poly3,0.3330978111903389,
3.0534837092731832,Cl_SU2,poly3,0.3381755853981675,
3.099248120300752,Cl_SU2,poly3,0.34325239315880957,
3.1450125313283213,Cl_SU2,poly3,0.3483282072177111,
3.19077694235589,Cl_SU2,poly3,0.35340300032031796,
3.2365413533834593,Cl_SU2,poly3,0.3584767452120761,
3.282305764411028,Cl_SU2,poly3,0.36354941463843143,
3.3280701754385964,Cl_SU2,poly3,0.36862098134483,
3.373834586466166,Cl_SU2,poly3,0.3736914180767178,
3.4195989974937344,Cl_SU2,poly3,0.3787606975795406,
3.465363408521304,Cl_SU2,poly3,0.3838287925987447,
3.5111278195488724,Cl_SU2,poly3,0.3888956758797756,
3.556892230576441,Cl_SU2,poly3,0.3939613201680795,
3.6026566416040104,Cl_SU2,poly3,0.3990256982091025,
3.648421052631579,Cl_SU2,poly3,0.40408878274829024,
3.6941854636591485,Cl_SU2,poly3,0.40915054653108895,
3.739949874686717,Cl_SU2,poly3,0.4142109623029444,
3.7857142857142856,Cl_SU2,poly3,0.4192700028093026,
3.831478696741855,Cl_SU2,poly3,0.4243276407956096,
3.8772431077694236,Cl_SU2,poly3,0.4293838490073112,
3.923007518796993,Cl_SU2,poly3,0.43443860018985353,
3.9687719298245616,Cl_SU2,poly3,0.4394918670886824,
4.014536340852131,Cl_SU2,poly3,0.44454362244924384,
4.060300751879699,Cl_SU2,poly3,0.4495938390169836,
4.106065162907268,Cl_SU2,poly3,0.454642489537348,
4.151829573934838,Cl_SU2,poly3,0.45968954675578283,
4.197593984962407,Cl_SU2,poly3,0.464734983417734,
4.243358395989975,Cl_SU2,poly3,0.46977877226864734,
4.289122807017544,Cl_SU2,poly3,0.4748208860539691,
4.334887218045114,Cl_SU2,poly3,0.4798612975191452,
4.380651629072681,Cl_SU2,poly3,0.48489997940962126,
4.426416040100251,Cl_SU2,poly3,0.4899369044708436,
4.47218045112782,Cl_SU2,poly3,0.494972045448258,
4.517944862155388,Cl_SU2,poly3,0.5000053750873105,
4.563709273182957,Cl_SU2,poly3,0.505036866133447,
4.609473684210527,Cl_SU2,poly3,0.5100664913321135,
4.655238095238096,Cl_SU2,poly3,0.5150942234287559,
4.701002506265664,Cl_SU2,poly3,0.52012003516882,
4.746766917293233,Cl_SU2,poly3,0.5251438992977522,
4.792531328320803,Cl_SU2,poly3,0.5301657885609982,
4.8382957393483705,Cl_SU2,poly3,0.5351856757040037,
4.88406015037594,Cl_SU2,poly3,0.5402035334722151,
4.929824561403509,Cl_SU2,poly3,0.5452193346110782,
4.975588972431079,Cl_SU2,poly3,0.5502330518660388,
5.021353383458647,Cl_SU2,poly3,0.5552446579825429,
5.067117794486216,Cl_SU2,poly3,0.5602541257060367,
5.1128822055137855,Cl_SU2,poly3,0.565261427781966,
5.158646616541353,Cl_SU2,poly3,0.5702665369557764,
5.204411027568923,Cl_SU2,poly3,0.5752694259729145,
5.250175438596492,Cl_SU2,poly3,0.580270067578826,
5.29593984962406,Cl_SU2,poly3,0.5852684345189566,
5.341704260651629,Cl_SU2,poly3,0.5902644995387526,
5.387468671679199,Cl_SU2,poly3,0.5952582353836599,
5.433233082706768,Cl_SU2,poly3,0.6002496147991243,
5.478997493734336,Cl_SU2,poly3,0.6052386105305916,
5.524761904761905,Cl_SU2,poly3,0.6102251953235083,
5.570526315789475,Cl_SU2,poly3,0.61520934192332,
5.616290726817042,Cl_SU2,poly3,0.6201910230754724,
5.662055137844612,Cl_SU2,poly3,0.6251702115254121,
5.707819548872181,Cl_SU2,poly3,0.6301468800185845,
5.753583959899749,Cl_SU2,poly3,0.6351210013004358,
5.799348370927318,Cl_SU2,poly3,0.640092548116412,
5.845112781954888,Cl_SU2,poly3,0.6450614932119589,
5.890877192982457,Cl_SU2,poly3,0.6500278093325227,
5.936641604010025,Cl_SU2,poly3,0.6549914692235489,
5.982406015037594,Cl_SU2,poly3,0.6599524456304839,
6.028170426065164,Cl_SU2,poly3,0.6649107112987737,
6.0739348370927315,Cl_SU2,poly3,0.6698662389738637,
6.119699248120301,Cl_SU2,poly3,0.6748190014012004,
6.16546365914787,Cl_SU2,poly3,0.6797689713262296,
6.21122807017544,Cl_SU2,poly3,0.6847161214943972,
6.2569924812030076,Cl_SU2,poly3,0.689660424651149,
6.302756892230577,Cl_SU2,poly3,0.6946018535419313,
6.3485213032581465,Cl_SU2,poly3,0.69954038091219,
6.394285714285714,Cl_SU2,poly3,0.7044759795073706,
6.440050125313284,Cl_SU2,poly3,0.7094086220729197,
6.485814536340853,Cl_SU2,poly3,0.7143382813542829,
6.531578947368421,Cl_SU2,poly3,0.719264930096906,
6.57734335839599,Cl_SU2,poly3,0.7241885410462354,
6.62310776942356,Cl_SU2,poly3,0.7291090869477168,
6.668872180451129,Cl_SU2,poly3,0.7340265405467963,
6.714636591478697,Cl_SU2,poly3,0.7389408745889193,
6.760401002506266,Cl_SU2,poly3,0.7438520618195326,
6.806165413533836,Cl_SU2,poly3,0.7487600749840817,
6.851929824561403,Cl_SU2,poly3,0.7536648868280124,
6.897694235588973,Cl_SU2,poly3,0.758566470096771,
6.943458646616542,Cl_SU2,poly3,0.7634647975358034,
6.98922305764411,Cl_SU2,poly3,0.7683598418905552,
7.034987468671679,Cl_SU2,poly3,0.7732515759064729,
7.080751879699249,Cl_SU2,poly3,0.7781399723290021,
7.126516290726818,Cl_SU2,poly3,0.7830250039035889,
7.172280701754386,Cl_SU2,poly3,0.787906643375679,
7.218045112781955,Cl_SU2,poly3,0.7927848634907186,
7.263809523809525,Cl_SU2,poly3,0.7976596369941538,
7.3095739348370925,Cl_SU2,poly3,0.8025309366314302,
7.355338345864662,Cl_SU2,poly3,0.8073987351479939,
7.401102756892231,Cl_SU2,poly3,0.812263005289291,
7.446867167919799,Cl_SU2,poly3,0.817123719800767,
7.4926315789473685,Cl_SU2,poly3,0.8219808514278686,
7.538395989974938,Cl_SU2,poly3,0.8268343729160412,
7.584160401002507,Cl_SU2,poly3,0.831684257010731,
7.629924812030075,Cl_SU2,poly3,0.8365304764573835,
7.675689223057645,Cl_SU2,poly3,0.8413730040014453,
7.721453634085214,Cl_SU2,poly3,0.8462118123883621,
7.767218045112782,Cl_SU2,poly3,0.8510468743635795,
7.812982456140351,Cl_SU2,poly3,0.8558781626725441,
7.858746867167921,Cl_SU2,poly3,0.8607056500607015,
7.90451127819549,Cl_SU2,poly3,0.8655293092734976,
7.950275689223058,Cl_SU2,poly3,0.8703491130563783,
7.996040100250627,Cl_SU2,poly3,0.87516503415479,
8.041804511278198,Cl_SU2,poly3,0.8799770453141783,
8.087568922305763,Cl_SU2,poly3,0.8847851192799887,
8.133333333333333,Cl_SU2,poly3,0.8895892287976682,
8.179097744360902,Cl_SU2,poly3,0.8943893466126621,
8.224862155388472,Cl_SU2,poly3,0.8991854454704166,
8.270626566416041,Cl_SU2,poly3,0.9039774981163774,
8.31639097744361,Cl_SU2,poly3,0.9087654772959907,
8.36215538847118,Cl_SU2,poly3,0.9135493557547023,
8.407919799498746,Cl_SU2,poly3,0.9183291062379578,
8.453684210526315,Cl_SU2,poly3,0.9231047014912039,
8.499448621553885,Cl_SU2,poly3,0.9278761142598864,
8.545213032581454,Cl_SU2,poly3,0.9326433172894508,
8.590977443609024,Cl_SU2,poly3,0.9374062833253436,
8.636741854636593,Cl_SU2,poly3,0.9421649851130103,
8.68250626566416,Cl_SU2,poly3,0.9469193953978967,
8.728270676691729,Cl_SU2,poly3,0.9516694869254494,
8.774035087719298,Cl_SU2,poly3,0.9564152324411141,
8.819799498746868,Cl_SU2,poly3,0.9611566046903367,
8.865563909774437,Cl_SU2,poly3,0.9658935764185632,
8.911328320802006,Cl_SU2,poly3,0.9706261203712394,
8.957092731829576,Cl_SU2,poly3,0.9753542092938114,
9.002857142857142,Cl_SU2,poly3,0.9800778159317249,
9.048621553884711,Cl_SU2,poly3,0.9847969130304264,
9.09438596491228,Cl_SU2,poly3,0.9895114733353614,
9.14015037593985,Cl_SU2,poly3,0.9942214695919762,
9.18591478696742,Cl_SU2,poly3,0.9989268745457163,
9.231679197994989,Cl_SU2,poly3,1.003627660942028,
9.277443609022558,Cl_SU2,poly3,1.0083238015263574,
9.323208020050124,Cl_SU2,poly3,1.0130152690441496,
9.368972431077694,Cl_SU2,poly3,1.0177020362408515,
9.414736842105263,Cl_SU2,poly3,1.022384075861909,
9.460501253132833,Cl_SU2,poly3,1.0270613606527674,
9.506265664160402,Cl_SU2,poly3,1.0317338633588733,
9.552030075187972,Cl_SU2,poly3,1.0364015567256724,
9.597794486215541,Cl_SU2,poly3,1.0410644134986105,
9.643558897243107,Cl_SU2,poly3,1.0457224064231334,
9.689323308270676,Cl_SU2,poly3,1.050375508244688,
9.735087719298246,Cl_SU2,poly3,1.055023691708719,
9.780852130325815,Cl_SU2,poly3,1.0596669295606735,
9.826616541353385,Cl_SU2,poly3,1.0643051945459967,
9.872380952380954,Cl_SU2,poly3,1.068938459410135,
9.91814536340852,Cl_SU2,poly3,1.0735666968985336,
9.96390977443609,Cl_SU2,poly3,1.0781898797566394,
10.009674185463659,Cl_SU2,poly3,1.0828079807298978,
10.055438596491229,Cl_SU2,poly3,1.0874209725637551,
10.101203007518798,Cl_SU2,poly3,1.092028828003657,
10.146967418546367,Cl_SU2,poly3,1.0966315197950496,
10.192731829573937,Cl_SU2,poly3,1.1012290206833786,
10.238496240601503,Cl_SU2,poly3,1.10582130341409,
10.284260651629072,Cl_SU2,poly3,1.1104083407326302,
10.330025062656642,Cl_SU2,poly3,1.1149901053844447,
10.375789473684211,Cl_SU2,poly3,1.1195665701149797,
10.42155388471178,Cl_SU2,poly3,1.124137707669681,
10.46731829573935,Cl_SU2,poly3,1.1287034907939946,
10.51308270676692,Cl_SU2,poly3,1.1332638922333667,
10.558847117794485,Cl_SU2,poly3,1.1378188847332424,
10.604611528822055,Cl_SU2,poly3,1.1423684410390686,
10.650375939849624,Cl_SU2,poly3,1.146912533896291,
10.696140350877194,Cl_SU2,poly3,1.1514511360503557,
10.741904761904763,Cl_SU2,poly3,1.1559842202467083,
10.787669172932333,Cl_SU2,poly3,1.1605117592307947,
10.833433583959902,Cl_SU2,poly3,1.1650337257480614,
10.879197994987468,Cl_SU2,poly3,1.1695500925439535,
10.924962406015037,Cl_SU2,poly3,1.1740608323639177,
10.970726817042607,Cl_SU2,poly3,1.1785659179533998,
11.016491228070176,Cl_SU2,poly3,1.1830653220578458,
11.062255639097746,Cl_SU2,poly3,1.1875590174227015,
11.108020050125315,Cl_SU2,poly3,1.1920469767934128,
11.153784461152881,Cl_SU2,poly3,1.1965291729154255,
11.19954887218045,Cl_SU2,poly3,1.2010055785341862,
11.24531328320802,Cl_SU2,poly3,1.2054761663951403,
11.29107769423559,Cl_SU2,poly3,1.2099409092437339,
11.336842105263159,Cl_SU2,poly3,1.2143997798254131,
11.382606516290728,Cl_SU2,poly3,1.2188527508856235,
11.428370927318298,Cl_SU2,poly3,1.2232997951698117,
11.474135338345864,Cl_SU2,poly3,1.2277408854234224,
11.519899749373433,Cl_SU2,poly3,1.2321759943919033,
11.565664160401003,Cl_SU2,poly3,1.236605094820699,
11.611428571428572,Cl_SU2,poly3,1.2410281594552561,
11.657192982456142,Cl_SU2,poly3,1.2454451610410202,
11.702957393483711,Cl_SU2,poly3,1.2498560723234375,
11.74872180451128,Cl_SU2,poly3,1.2542608660479537,
11.794486215538846,Cl_SU2,poly3,1.2586595149600148,
11.840250626566416,Cl_SU2,poly3,1.2630519918050673,
11.886015037593985,Cl_SU2,poly3,1.2674382693285566,
11.931779448621555,Cl_SU2,poly3,1.271818320275929,
11.977543859649124,Cl_SU2,poly3,1.27619211739263,
12.023308270676694,Cl_SU2,poly3,1.2805596334241058,
12.069072681704263,Cl_SU2,poly3,1.2849208411158026,
12.114837092731833,Cl_SU2,poly3,1.289275713213166,
12.160601503759398,Cl_SU2,poly3,1.2936242224616417,
12.206365914786968,Cl_SU2,poly3,1.2979663416066765,
12.252130325814537,Cl_SU2,poly3,1.3023020433937158,
12.297894736842107,Cl_SU2,poly3,1.3066313005682053,
12.343659147869676,Cl_SU2,poly3,1.3109540858755917,
12.389423558897246,Cl_SU2,poly3,1.3152703720613206,
12.435187969924815,Cl_SU2,poly3,1.3195801318708376,
12.480952380952381,Cl_SU2,poly3,1.323883338049589,
12.52671679197995,Cl_SU2,poly3,1.328179963343021,
12.57248120300752,Cl_SU2,poly3,1.332469980496579,
12.61824561403509,Cl_SU2,poly3,1.3367533622557093,
12.664010025062659,Cl_SU2,poly3,1.3410300813658578,
12.709774436090228,Cl_SU2,poly3,1.3453001105724707,
12.755538847117798,Cl_SU2,poly3,1.3495634226209932,
12.801303258145364,Cl_SU2,poly3,1.3538199902568717,
12.847067669172933,Cl_SU2,poly3,1.3580697862255529,
12.892832080200503,Cl_SU2,poly3,1.3623127832724815,
12.938596491228072,Cl_SU2,poly3,1.3665489541431044,
12.984360902255641,Cl_SU2,poly3,1.370778271582867,
13.03012531328321,Cl_SU2,poly3,1.3750007083372155,
13.075889724310777,Cl_SU2,poly3,1.3792162371515952,
13.121654135338346,Cl_SU2,poly3,1.3834248307714536,
13.167418546365916,Cl_SU2,poly3,1.3876264619422352,
13.213182957393485,Cl_SU2,poly3,1.3918211034093866,
13.258947368421055,Cl_SU2,poly3,1.3960087279183533,
13.304711779448624,Cl_SU2,poly3,1.400189308214582,
13.350476190476193,Cl_SU2,poly3,1.404362817043518,
13.39624060150376,Cl_SU2,poly3,1.4085292271506074,
13.442005012531329,Cl_SU2,poly3,1.4126885112812964,
13.487769423558898,Cl_SU2,poly3,1.4168406421810307,
13.533533834586468,Cl_SU2,poly3,1.4209855925952566,
13.579298245614037,Cl_SU2,poly3,1.4251233352694195,
13.625062656641607,Cl_SU2,poly3,1.4292538429489658,
13.670827067669176,Cl_SU2,poly3,1.4333770883793413,
13.716591478696742,Cl_SU2,poly3,1.4374930443059917,
13.762355889724311,Cl_SU2,poly3,1.4416016834743637,
13.808120300751881,Cl_SU2,poly3,1.4457029786299023,
13.85388471177945,Cl_SU2,poly3,1.4497969025180544,
13.89964912280702,Cl_SU2,poly3,1.4538834278842652,
13.94541353383459,Cl_SU2,poly3,1.4579625274739811,
13.991177944862159,Cl_SU2,poly3,1.462034174032648,
14.036942355889725,Cl_SU2,poly3,1.4660983403057113,
14.082706766917294,Cl_SU2,poly3,1.4701549990386176,
14.128471177944864,Cl_SU2,poly3,1.474204122976813,
14.174235588972433,Cl_SU2,poly3,1.478245684865743,
14.22,Cl_SU2,poly3,1.4822796574508534,
-4.04,Cl_SU2,gpr_matern,-0.4462166605238166,0.00046932947660939593
-3.994235588972431,Cl_SU2,gpr_matern,-0.44102479863434596,0.00046370848866380166
-3.948471177944862,Cl_SU2,gpr_matern,-0.435835276251363,0.00046419539161855403
-3.9027067669172935,Cl_SU2,gpr_matern,-0.43064815262604983,0.00046964756448365856
-3.8569423558897244,Cl_SU2,gpr_matern,-0.42546348706030546,0.0004788868321727186
-3.8111779448621554,Cl_SU2,gpr_matern,-0.4202813387822594,0.0004908042583003047
-3.7654135338345864,Cl_SU2,gpr_matern,-0.41510176690938516,0.0005044235247832066
-3.7196491228070174,Cl_SU2,gpr_matern,-0.4099248303608999,0.0005189258950510756
-3.673884711779449,Cl_SU2,gpr_matern,-0.40475058764567484,0.0005336486726261942
-3.62812030075188,Cl_SU2,gpr_matern,-0.3995790969129519,0.0005480695347330819
-3.582355889724311,Cl_SU2,gpr_matern,-0.3944104157633085,0.0005617856723927749
-3.536591478696742,Cl_SU2,gpr_matern,-0.38924460116566595,0.0005744928137404099
-3.490827067669173,Cl_SU2,gpr_matern,-0.3840817094204042,0.0005859665437541092
-3.4450626566416043,Cl_SU2,gpr_matern,-0.37892179591960995,0.0005960466586531368
-3.399298245614035,Cl_SU2,gpr_matern,-0.37376491524850974,0.0006046245802153574
-3.3535338345864663,Cl_SU2,gpr_matern,-0.368611120927275,0.0006116333887897299
-3.3077694235588972,Cl_SU2,gpr_matern,-0.36346046536030496,0.0006170400677080974
-3.2620050125313282,Cl_SU2,gpr_matern,-0.3583129998131741,0.0006208394614287908
-3.2162406015037597,Cl_SU2,gpr_matern,-0.3531687741821,0.000623049644770215
-3.1704761904761902,Cl_SU2,gpr_matern,-0.34802783700777573,0.0006237083517566971
-3.1247117794486217,Cl_SU2,gpr_matern,-0.3428902353278297,0.0006228702065309235
-3.0789473684210527,Cl_SU2,gpr_matern,-0.337756014593834,0.0006206046254908402
-3.0331829573934836,Cl_SU2,gpr_matern,-0.33262521858370275,0.0006169941856360958
-2.987418546365915,Cl_SU2,gpr_matern,-0.3274978892633734,0.0006121333988327524
-2.9416541353383456,Cl_SU2,gpr_matern,-0.32237406675453195,0.000606127737966596
-2.895889724310777,Cl_SU2,gpr_matern,-0.3172537891547986,0.0005990929121327214
-2.850125313283208,Cl_SU2,gpr_matern,-0.3121370925423387,0.000591154212595942
-2.804360902255639,Cl_SU2,gpr_matern,-0.30702401080065833,0.0005824460153381833
-2.75859649122807,Cl_SU2,gpr_matern,-0.3019145755263922,0.0005731111988308071
-2.712832080200501,Cl_SU2,gpr_matern,-0.29680881598780773,0.0005633005194479181
-2.6670676691729325,Cl_SU2,gpr_matern,-0.2917067589726544,0.000553171859988166
-2.6213032581453635,Cl_SU2,gpr_matern,-0.2866084287005618,0.0005428891821812253
-2.5755388471177945,Cl_SU2,gpr_matern,-0.2815138467677121,0.0005326211340221849
-2.5297744360902255,Cl_SU2,gpr_matern,-0.2764230319578044,0.000522539206974616
-2.4840100250626564,Cl_SU2,gpr_matern,-0.2713360002927714,0.0005128153656992635
-2.438245614035088,Cl_SU2,gpr_matern,-0.26625276477919513,0.000503619004164277
-2.392481203007519,Cl_SU2,gpr_matern,-0.26117333538525367,0.0004951132536572017
-2.34671679197995,Cl_SU2,gpr_matern,-0.25609771897156164,0.0004874507414506477
-2.300952380952381,Cl_SU2,gpr_matern,-0.25102591912979844,0.00048076878367853116
-2.255187969924812,Cl_SU2,gpr_matern,-0.24595793613660166,0.0004751844345465882
-2.2094235588972433,Cl_SU2,gpr_matern,-0.24089376682446972,0.00047078967804509516
-2.163659147869674,Cl_SU2,gpr_matern,-0.2358334045033813,0.0004676471465712439
-2.1178947368421053,Cl_SU2,gpr_matern,-0.23077683883169742,0.00046578695196404534
-2.0721303258145363,Cl_SU2,gpr_matern,-0.22572405578849808,0.0004652049536673921
-2.0263659147869673,Cl_SU2,gpr_matern,-0.2206750375721478,0.0004658632528126209
-1.9806015037593983,Cl_SU2,gpr_matern,-0.215629762766279,0.00046769295939678784
-1.9348370927318297,Cl_SU2,gpr_matern,-0.2105882062060832,0.00047059832514857215
-1.8890726817042607,Cl_SU2,gpr_matern,-0.2055503392503385,0.00047446184844483996
-1.8433082706766917,Cl_SU2,gpr_matern,-0.20051612969841803,0.00047914978877313616
-1.7975438596491227,Cl_SU2,gpr_matern,-0.19548554185944922,0.00048451776058791444
-1.7517794486215537,Cl_SU2,gpr_matern,-0.19045853668141188,0.0004904158555344876
-1.706015037593985,Cl_SU2,gpr_matern,-0.18543507172347384,0.0004966932489541553
-1.660250626566416,Cl_SU2,gpr_matern,-0.18041510127125726,0.0005032019752927268
-1.614486215538847,Cl_SU2,gpr_matern,-0.1753985763598912,0.0005097999664074411
-1.568721804511278,Cl_SU2,gpr_matern,-0.17038544483395024,0.0005163532909466906
-1.522957393483709,Cl_SU2,gpr_matern,-0.1653756514396667,0.0005227378179750465
-1.47719298245614,Cl_SU2,gpr_matern,-0.16036913783415208,0.0005288402549887581
-1.4314285714285715,Cl_SU2,gpr_matern,-0.1553658426591672,0.0005345588224063519
-1.3856641604010025,Cl_SU2,gpr_matern,-0.15036570159644946,0.0005398035688653143
-1.3398997493734335,Cl_SU2,gpr_matern,-0.1453686474368725,0.0005444964531189657
-1.2941353383458645,Cl_SU2,gpr_matern,-0.14037461012194175,0.0005485712966464312
-1.2483709273182955,Cl_SU2,gpr_matern,-0.13538351680834326,0.0005519735685693588
-1.202606516290727,Cl_SU2,gpr_matern,-0.13039529190943944,0.0005546601997269066
-1.156842105263158,Cl_SU2,gpr_matern,-0.12540985717825992,0.0005565992866512168
-1.1110776942355889,Cl_SU2,gpr_matern,-0.12042713172594477,0.0005577698473112417
-1.0653132832080199,Cl_SU2,gpr_matern,-0.11544703210012464,0.0005581615414702426
-1.0195488721804509,Cl_SU2,gpr_matern,-0.11046947238635474,0.000557774447267465
-0.9737844611528823,Cl_SU2,gpr_matern,-0.10549436416661939,0.000556618809076713
-0.9280200501253133,Cl_SU2,gpr_matern,-0.100521616639208,0.0005547148458707732
-0.8822556390977443,Cl_SU2,gpr_matern,-0.09555113666943205,0.0005520925385240236
-0.8364912280701753,Cl_SU2,gpr_matern,-0.09058282881728918,0.0005487914367515658
-0.7907268170426063,Cl_SU2,gpr_matern,-0.08561659547578171,0.0005448604595567894
-0.7449624060150377,Cl_SU2,gpr_matern,-0.08065233678792527,0.0005403576131952457
-0.6991979949874687,Cl_SU2,gpr_matern,-0.07568995081734253,0.0005353497411403631
-0.6534335839598997,Cl_SU2,gpr_matern,-0.07072933359897948,0.0005299121598067364
-0.6076691729323307,Cl_SU2,gpr_matern,-0.06577037908377825,0.0005241281379279072
-0.5619047619047617,Cl_SU2,gpr_matern,-0.06081297936459795,0.0005180883134856377
-0.5161403508771927,Cl_SU2,gpr_matern,-0.055857024570170055,0.0005118898489017164
-0.4703759398496241,Cl_SU2,gpr_matern,-0.05090240304491289,0.0005056354125930648
-0.4246115288220551,Cl_SU2,gpr_matern,-0.04594900130282553,0.0004994318117720673
-0.3788471177944861,Cl_SU2,gpr_matern,-0.04099670418885948,0.0004933883634216475
-0.3330827067669171,Cl_SU2,gpr_matern,-0.036045394818980836,0.0004876149027173182
-0.2873182957393481,Cl_SU2,gpr_matern,-0.03109495475537405,0.0004822194287211111
-0.24155388471177952,Cl_SU2,gpr_matern,-0.02614526396033534,0.00047730542419759846
-0.1957894736842105,Cl_SU2,gpr_matern,-0.021196200902317774,0.0004729689540360233
-0.1500250626566415,Cl_SU2,gpr_matern,-0.016247642629700687,0.0004692955377940275
-0.1042606516290725,Cl_SU2,gpr_matern,-0.01129946474773702,0.0004663570479883252
-0.05849624060150349,Cl_SU2,gpr_matern,-0.006351541602977906,0.00046420884615436324
-0.012731829573934483,Cl_SU2,gpr_matern,-0.0014037461910607618,0.0004628872270391375
0.03303258145363408,Cl_SU2,gpr_matern,0.0035440496680873013,0.00046240750486205865
0.07879699248120353,Cl_SU2,gpr_matern,0.008491975321028078,0.0004627629894917331
0.1245614035087721,Cl_SU2,gpr_matern,0.013440161124050998,0.0004639255009370946
0.17032581453634066,Cl_SU2,gpr_matern,0.018388738235694646,0.00046584708534664563
0.2160902255639101,Cl_SU2,gpr_matern,0.02333783840004744,0.0004684624906951557
0.2618546365914787,Cl_SU2,gpr_matern,0.028287593799207533,0.0004716920757363794
0.3076190476190481,Cl_SU2,gpr_matern,0.03323813679508758,0.00047544499355162454
0.3533834586466167,Cl_SU2,gpr_matern,0.03818959975882141,0.00047962240529421943
0.39914786967418525,Cl_SU2,gpr_matern,0.04314211487250719,0.00048412066328721627
0.4449122807017547,Cl_SU2,gpr_matern,0.04809581392172879,0.0004888341518193205
0.49067669172932327,Cl_SU2,gpr_matern,0.05305082810652073,0.000493657828008009
0.5364411027568927,Cl_SU2,gpr_matern,0.05800728776934039,0.0004984894341540769
0.5822055137844613,Cl_SU2,gpr_matern,0.06296532234896224,0.0005032313014116858
0.6279699248120298,Cl_SU2,gpr_matern,0.06792505999318466,0.0005077917456671208
0.6737343358395993,Cl_SU2,gpr_matern,0.07288662750811348,0.000512086263571867
0.7194987468671679,Cl_SU2,gpr_matern,0.07785015009074503,0.000516038321421791
0.7652631578947373,Cl_SU2,gpr_matern,0.08281575113532025,0.000519580004475001
0.8110275689223059,Cl_SU2,gpr_matern,0.08778355201201415,0.0005226524481318083
0.8567919799498744,Cl_SU2,gpr_matern,0.09275367191939621,0.0005252061327900623
0.9025563909774439,Cl_SU2,gpr_matern,0.09772622762162397,0.0005272010367723665
0.9483208020050125,Cl_SU2,gpr_matern,0.10270133333317755,0.0005286068000784211
0.9940852130325819,Cl_SU2,gpr_matern,0.10767910041455864,0.0005294027037106226
1.0398496240601505,Cl_SU2,gpr_matern,0.11265963724319195,0.0005295776902308205
1.08561403508772,Cl_SU2,gpr_matern,0.11764304897828437,0.000529130334709388
1.1313784461152885,Cl_SU2,gpr_matern,0.1226294374040624,0.0005280687688971513
1.177142857142857,Cl_SU2,gpr_matern,0.12761890065313564,0.0005264105754097236
1.2229072681704265,Cl_SU2,gpr_matern,0.13261153309122997,0.0005241826753219909
1.268671679197995,Cl_SU2,gpr_matern,0.13760742506821444,0.0005214211583744959
1.3144360902255645,Cl_SU2,gpr_matern,0.14260666268756972,0.0005181710269103572
1.360200501253133,Cl_SU2,gpr_matern,0.14760932769573243,0.0005144859562729602
1.4059649122807016,Cl_SU2,gpr_matern,0.15261549718701595,0.0005104278445690938
1.451729323308271,Cl_SU2,gpr_matern,0.1576252434975649,0.000506066353751667
1.4974937343358397,Cl_SU2,gpr_matern,0.16263863387339095,0.0005014782046325745
1.543258145363409,Cl_SU2,gpr_matern,0.16765573040121234,0.0004967463412567767
1.5890225563909777,Cl_SU2,gpr_matern,0.17267658977331285,0.0004919588737305253
1.6347869674185462,Cl_SU2,gpr_matern,0.17770126298785022,0.00048720774193579207
1.6805513784461157,Cl_SU2,gpr_matern,0.1827297952981397,0.00048258710809315013
1.7263157894736842,Cl_SU2,gpr_matern,0.1877622259037417,0.0004781914764267766
1.7720802005012537,Cl_SU2,gpr_matern,0.19279858779370052,0.0004741135377706346
1.8178446115288223,Cl_SU2,gpr_matern,0.1978389075390662,0.00047044169463045867
1.8636090225563908,Cl_SU2,gpr_matern,0.20288320509463725,0.000467257497426265
1.9093734335839603,Cl_SU2,gpr_matern,0.20793149355920826,0.00046463292515686695
1.9551378446115288,Cl_SU2,gpr_matern,0.21298377904186144,0.00046262773312431724
2.0009022556390983,Cl_SU2,gpr_matern,0.21804006042221424,0.0004612869871632039
2.046666666666667,Cl_SU2,gpr_matern,0.22310032912910893,0.00046063895244384426
2.0924310776942354,Cl_SU2,gpr_matern,0.22816456900690452,0.0004606935196760285
2.138195488721805,Cl_SU2,gpr_matern,0.23323275606650273,0.00046144142149516943
2.1839598997493734,Cl_SU2,gpr_matern,0.23830485876659652,0.00046285495795027304
2.229724310776943,Cl_SU2,gpr_matern,0.24338083808744,0.00046488958749611454
2.2754887218045114,Cl_SU2,gpr_matern,0.24846064774754784,0.00046748608505132875
2.32125313283208,Cl_SU2,gpr_matern,0.25354423451260755,0.00047057304828075386
2.3670175438596495,Cl_SU2,gpr_matern,0.25863153825541757,0.000474069601777439
2.412781954887218,Cl_SU2,gpr_matern,0.26372249232934825,0.0004778881537082639
2.4585463659147875,Cl_SU2,gpr_matern,0.268817023637501,0.0004819370579857267
2.504310776942356,Cl_SU2,gpr_matern,0.2739150529554525,0.0004861230657969881
2.5500751879699246,Cl_SU2,gpr_matern,0.2790164950372991,0.000490353588513105
2.595839598997494,Cl_SU2,gpr_matern,0.2841212589153477,0.0004945385683174568
2.6416040100250626,Cl_SU2,gpr_matern,0.28922924805687683,0.0004985921261384114
2.687368421052632,Cl_SU2,gpr_matern,0.2943403605946685,0.0005024339265328108
2.7331328320802006,Cl_SU2,gpr_matern,0.29945448953448606,0.0005059901959864618
2.77889724310777,Cl_SU2,gpr_matern,0.3045715229441103,0.0005091946383845654
2.8246616541353387,Cl_SU2,gpr_matern,0.3096913441977023,0.0005119890353147392
2.870426065162907,Cl_SU2,gpr_matern,0.31481383216483966,0.0005143237355435757
2.9161904761904767,Cl_SU2,gpr_matern,0.31993886143182637,0.0005161580674730405
2.9619548872180452,Cl_SU2,gpr_matern,0.32506630249995,0.0005174605402469114
3.0077192982456147,Cl_SU2,gpr_matern,0.3301960219837383,0.0005182090586496502
3.0534837092731832,Cl_SU2,gpr_matern,0.3353278828553232,0.0005183910077314104
3.099248120300752,Cl_SU2,gpr_matern,0.3404617446288652,0.0005180033464608944
3.1450125313283213,Cl_SU2,gpr_matern,0.3455974635588108,0.0005170525632678647
3.19077694235589,Cl_SU2,gpr_matern,0.3507348929073089,0.0005155547147560104
3.2365413533834593,Cl_SU2,gpr_matern,0.3558738830594764,0.0005135353015911225
3.282305764411028,Cl_SU2,gpr_matern,0.36101428182769973,0.0005110291254166574
3.3280701754385964,Cl_SU2,gpr_matern,0.3661559346130067,0.0005080801026564013
3.373834586466166,Cl_SU2,gpr_matern,0.3712986846033237,0.0005047409698507799
3.4195989974937344,Cl_SU2,gpr_matern,0.3764423729947858,0.0005010728523024882
3.465363408521304,Cl_SU2,gpr_matern,0.38158683922687864,0.0004971447416234893
3.5111278195488724,Cl_SU2,gpr_matern,0.38673192120374883,0.0004930327655506656
3.556892230576441,Cl_SU2,gpr_matern,0.3918774553910268,0.0004888192460794745
3.6026566416040104,Cl_SU2,gpr_matern,0.3970232771616243,0.00048459158175672605
3.648421052631579,Cl_SU2,gpr_matern,0.40216922093866364,0.00048044073584777833
3.6941854636591485,Cl_SU2,gpr_matern,0.4073151204075665,0.0004764595826747338
3.739949874686717,Cl_SU2,gpr_matern,0.41246080873736446,0.0004727408206903658
3.7857142857142856,Cl_SU2,gpr_matern,0.4176061188020086,0.0004693747042835769
3.831478696741855,Cl_SU2,gpr_matern,0.4227508833371314,0.0004664464957007786
3.8772431077694236,Cl_SU2,gpr_matern,0.4278949352259053,0.00046403375765523145
3.923007518796993,Cl_SU2,gpr_matern,0.4330381076327512,0.0004622036029555996
3.9687719298245616,Cl_SU2,gpr_matern,0.43818023425692254,0.00046101011465120474
4.014536340852131,Cl_SU2,gpr_matern,0.44332114955381624,0.00046049187007004536
4.060300751879699,Cl_SU2,gpr_matern,0.448460688919397,0.0004606700637273437
4.106065162907268,Cl_SU2,gpr_matern,0.45359868885618043,0.00046154708188183706
4.151829573934838,Cl_SU2,gpr_matern,0.4587349872268174,0.00046310641392436204
4.197593984962407,Cl_SU2,gpr_matern,0.46386942328636843,0.0004653137236405805
4.243358395989975,Cl_SU2,gpr_matern,0.4690018378482865,0.0004681187016930184
4.289122807017544,Cl_SU2,gpr_matern,0.4741320733627974,0.00047145724397914455
4.334887218045114,Cl_SU2,gpr_matern,0.4792599740183338,0.0004752540531869102
4.380651629072681,Cl_SU2,gpr_matern,0.4843853858752435,0.0004794252879151583
4.426416040100251,Cl_SU2,gpr_matern,0.48950815695800176,0.00048388124520422723
4.47218045112782,Cl_SU2,gpr_matern,0.4946281373382027,0.0004885288677634463
4.517944862155388,Cl_SU2,gpr_matern,0.4997451792867102,0.0004932741174197282
4.563709273182957,Cl_SU2,gpr_matern,0.5048591373889233,0.0004980240017669681
4.609473684210527,Cl_SU2,gpr_matern,0.5099698686001042,0.0005026883614331025
4.655238095238096,Cl_SU2,gpr_matern,0.5150772323929176,0.0005071813866552927
4.701002506265664,Cl_SU2,gpr_matern,0.5201810908312017,0.0005114227845321631
4.746766917293233,Cl_SU2,gpr_matern,0.5252813087313393,0.0005153387926200999
4.792531328320803,Cl_SU2,gpr_matern,0.5303777537314179,0.0005188629554793303
4.8382957393483705,Cl_SU2,gpr_matern,0.5354702963834419,0.0005219367023698189
4.88406015037594,Cl_SU2,gpr_matern,0.5405588103239258,0.0005245097846820073
4.929824561403509,Cl_SU2,gpr_matern,0.5456431723153902,0.00052654065880444
4.975588972431079,Cl_SU2,gpr_matern,0.5507232624077332,0.000527996712857983
5.021353383458647,Cl_SU2,gpr_matern,0.5557989639981695,0.0005288544643411214
5.067117794486216,Cl_SU2,gpr_matern,0.56087016398338,0.0005290996952414564
5.1128822055137855,Cl_SU2,gpr_matern,0.5659367528194509,0.0005287275472055414
5.158646616541353,Cl_SU2,gpr_matern,0.5709986246786344,0.0005277426031004804
5.204411027568923,Cl_SU2,gpr_matern,0.5760556775461724,0.0005261589003596148
5.250175438596492,Cl_SU2,gpr_matern,0.58110781332173,0.0005239999644156526
5.29593984962406,Cl_SU2,gpr_matern,0.5861549378885549,0.0005212987298358828
5.341704260651629,Cl_SU2,gpr_matern,0.5911969612979028,0.0005180975337361931
5.387468671679199,Cl_SU2,gpr_matern,0.5962337978289753,0.0005144478655931847
5.433233082706768,Cl_SU2,gpr_matern,0.6012653661087966,0.0005104102224427667
5.478997493734336,Cl_SU2,gpr_matern,0.6062915892090359,0.0005060537019931689
5.524761904761905,Cl_SU2,gpr_matern,0.6113123947797167,0.0005014555355256497
5.570526315789475,Cl_SU2,gpr_matern,0.6163277151368177,0.0004967003618597682
5.616290726817042,Cl_SU2,gpr_matern,0.6213374873637075,0.0004918793121411269
5.662055137844612,Cl_SU2,gpr_matern,0.6263416534679053,0.00048708887146487986
5.707819548872181,Cl_SU2,gpr_matern,0.6313401604225769,0.000482429282284388
5.753583959899749,Cl_SU2,gpr_matern,0.6363329603371277,0.0004780027642827763
5.799348370927318,Cl_SU2,gpr_matern,0.6413200105079201,0.000473911287396888
5.845112781954888,Cl_SU2,gpr_matern,0.6463012735796447,0.00047025404076841233
5.890877192982457,Cl_SU2,gpr_matern,0.6512767176144806,0.00046712465563246734
5.936641604010025,Cl_SU2,gpr_matern,0.6562463162258028,0.00046460812515167834
5.982406015037594,Cl_SU2,gpr_matern,0.661210048698059,0.0004627778189307577
6.028170426065164,Cl_SU2,gpr_matern,0.6661679000374867,0.00046169248552721884
6.0739348370927315,Cl_SU2,gpr_matern,0.6711198611657591,0.0004613936475963632
6.119699248120301,Cl_SU2,gpr_matern,0.6760659289338169,0.00046190342790966994
6.16546365914787,Cl_SU2,gpr_matern,0.6810061062832412,0.00046322323587484686
6.21122807017544,Cl_SU2,gpr_matern,0.6859404021678717,0.00046533379854661686
6.2569924812030076,Cl_SU2,gpr_matern,0.6908688313463289,0.0004681965071115584
6.302756892230577,Cl_SU2,gpr_matern,0.6957914142713595,0.00047175538763243665
6.3485213032581465,Cl_SU2,gpr_matern,0.7007081768039766,0.00047593971767373976
6.394285714285714,Cl_SU2,gpr_matern,0.7056191501765752,0.0004806667476198287
6.440050125313284,Cl_SU2,gpr_matern,0.7105243706978519,0.00048584472417497675
6.485814536340853,Cl_SU2,gpr_matern,0.7154238796421499,0.0004913757350241588
6.531578947368421,Cl_SU2,gpr_matern,0.7203177230189273,0.000497158488121394
6.57734335839599,Cl_SU2,gpr_matern,0.7252059514528809,0.0005030907022159447
6.62310776942356,Cl_SU2,gpr_matern,0.7300886199488048,0.0005090713053463927
6.668872180451129,Cl_SU2,gpr_matern,0.7349657877671021,0.000515002171324748
6.714636591478697,Cl_SU2,gpr_matern,0.7398375182070867,0.0005207896271763985
6.760401002506266,Cl_SU2,gpr_matern,0.7447038784225573,0.0005263456185521878
6.806165413533836,Cl_SU2,gpr_matern,0.7495649393065323,0.0005315885686870843
6.851929824561403,Cl_SU2,gpr_matern,0.7544207752422755,0.0005364441231046987
6.897694235588973,Cl_SU2,gpr_matern,0.7592714639280921,0.0005408455838687156
6.943458646616542,Cl_SU2,gpr_matern,0.7641170862712848,0.0005447342795748661
6.98922305764411,Cl_SU2,gpr_matern,0.7689577261299582,0.0005480598035496542
7.034987468671679,Cl_SU2,gpr_matern,0.7737934701931425,0.000550780147847976
7.080751879699249,Cl_SU2,gpr_matern,0.7786244077687048,0.0005528617750573489
7.126516290726818,Cl_SU2,gpr_matern,0.7834506305804813,0.0005542796839855309
7.172280701754386,Cl_SU2,gpr_matern,0.7882722327037284,0.000555017375841958
7.218045112781955,Cl_SU2,gpr_matern,0.793089310219326,0.0005550668620103931
7.263809523809525,Cl_SU2,gpr_matern,0.7979019611907241,0.0005544286020911173
7.3095739348370925,Cl_SU2,gpr_matern,0.8027102853780836,0.0005531114542189317
7.355338345864662,Cl_SU2,gpr_matern,0.8075143841460641,0.0005511325998835012
7.401102756892231,Cl_SU2,gpr_matern,0.8123143602056286,0.0005485174767022744
7.446867167919799,Cl_SU2,gpr_matern,0.8171103174941674,0.0005452996011656116
7.4926315789473685,Cl_SU2,gpr_matern,0.82190236097263,0.0005415204992124451
7.538395989974938,Cl_SU2,gpr_matern,0.8266905964549323,0.0005372294156550313
7.584160401002507,Cl_SU2,gpr_matern,0.8314751304189203,0.0005324831310255796
7.629924812030075,Cl_SU2,gpr_matern,0.8362560698634413,0.0005273455512229922
7.675689223057645,Cl_SU2,gpr_matern,0.841033522077812,0.0005218873085102579
7.721453634085214,Cl_SU2,gpr_matern,0.8458075945173321,0.0005161851305629277
7.767218045112782,Cl_SU2,gpr_matern,0.8505783945819733,0.0005103211144818142
7.812982456140351,Cl_SU2,gpr_matern,0.8553460294550078,0.0005043817807541969
7.858746867167921,Cl_SU2,gpr_matern,0.8601106059370259,0.0004984569284073605
7.90451127819549,Cl_SU2,gpr_matern,0.8648722302753425,0.0004926381968379088
7.950275689223058,Cl_SU2,gpr_matern,0.869631007942687,0.00048701744122702173
7.996040100250627,Cl_SU2,gpr_matern,0.874387043498884,0.0004816847968853487
8.041804511278198,Cl_SU2,gpr_matern,0.8791404403879866,0.0004767265369488174
8.087568922305763,Cl_SU2,gpr_matern,0.8838913008091782,0.0004722227542410063
8.133333333333333,Cl_SU2,gpr_matern,0.8886397254631878,0.00046824490157438344
8.179097744360902,Cl_SU2,gpr_matern,0.8933858134416356,0.00046485339572157345
8.224862155388472,Cl_SU2,gpr_matern,0.898129662005722,0.0004620953219072839
8.270626566416041,Cl_SU2,gpr_matern,0.90287136645252,0.00046000237436686763
8.31639097744361,Cl_SU2,gpr_matern,0.9076110198752223,0.000458589354384101
8.36215538847118,Cl_SU2,gpr_matern,0.9123487130478759,0.0004578530772029104
8.407919799498746,Cl_SU2,gpr_matern,0.9170845341579651,0.0004577725476913455
8.453684210526315,Cl_SU2,gpr_matern,0.9218185686173761,0.00045831029034811645
8.499448621553885,Cl_SU2,gpr_matern,0.9265508987350426,0.00045941437088655877
8.545213032581454,Cl_SU2,gpr_matern,0.9312816035417413,0.00046102075339836076
8.590977443609024,Cl_SU2,gpr_matern,0.936010758425853,0.0004630559004353145
8.636741854636593,Cl_SU2,gpr_matern,0.9407384349812116,0.00046543950249278154
8.68250626566416,Cl_SU2,gpr_matern,0.9454647006889703,0.00046808707364232033
8.728270676691729,Cl_SU2,gpr_matern,0.9501896187009027,0.0004709124553542944
8.774035087719298,Cl_SU2,gpr_matern,0.9549132475212694,0.00047383000208418277
8.819799498746868,Cl_SU2,gpr_matern,0.9596356408085607,0.0004767565984202053
8.865563909774437,Cl_SU2,gpr_matern,0.9643568471034696,0.00047961322915613525
8.911328320802006,Cl_SU2,gpr_matern,0.9690769095430329,0.0004823263685663058
8.957092731829576,Cl_SU2,gpr_matern,0.9737958656254893,0.0004848290189393922
9.002857142857142,Cl_SU2,gpr_matern,0.9785137469843586,0.0004870615023884326
9.048621553884711,Cl_SU2,gpr_matern,0.9832305790472546,0.0004889720612525725
9.09438596491228,Cl_SU2,gpr_matern,0.9879463808560718,0.0004905172305325545
9.14015037593985,Cl_SU2,gpr_matern,0.9926611647811256,0.0004916620701016552
9.18591478696742,Cl_SU2,gpr_matern,0.9973749362721782,0.0004923802490377069
9.231679197994989,Cl_SU2,gpr_matern,1.0020876935587486,0.0004926540352866569
9.277443609022558,Cl_SU2,gpr_matern,1.0067994274564653,0.0004924741544605369
9.323208020050124,Cl_SU2,gpr_matern,1.0115101210858188,0.0004918395925070682
9.368972431077694,Cl_SU2,gpr_matern,1.0162197495678598,0.000490757313763858
9.414736842105263,Cl_SU2,gpr_matern,1.0209282798305526,0.0004892418981479546
9.460501253132833,Cl_SU2,gpr_matern,1.025635670313695,0.0004873150918225225
9.506265664160402,Cl_SU2,gpr_matern,1.0303418707522194,0.00048500534799635146
9.552030075187972,Cl_SU2,gpr_matern,1.0350468218442264,0.00048234716985912074
9.597794486215541,Cl_SU2,gpr_matern,1.039750455057339,0.000479380471322752
9.643558897243107,Cl_SU2,gpr_matern,1.044452692352066,0.0004761498431426632
9.689323308270676,Cl_SU2,gpr_matern,1.0491534458913305,0.00047270362599650283
9.735087719298246,Cl_SU2,gpr_matern,1.0538526178744883,0.00046909300746341044
9.780852130325815,Cl_SU2,gpr_matern,1.0585501001362032,0.0004653709553786708
9.826616541353385,Cl_SU2,gpr_matern,1.06324577402196,0.00046159106783970615
9.872380952380954,Cl_SU2,gpr_matern,1.0679395100284361,0.00045780636383420425
9.91814536340852,Cl_SU2,gpr_matern,1.0726311676513491,0.00045406803933174236
9.96390977443609,Cl_SU2,gpr_matern,1.0773205949889444,0.00045042412656051326
10.009674185463659,Cl_SU2,gpr_matern,1.082007628612897,0.0004469182662722463
10.055438596491229,Cl_SU2,gpr_matern,1.0866920932363464,0.0004435884584136178
10.101203007518798,Cl_SU2,gpr_matern,1.0913738014695333,0.00044046599365771147
10.146967418546367,Cl_SU2,gpr_matern,1.096052553584657,0.00043757449779481674
10.192731829573937,Cl_SU2,gpr_matern,1.100728137313009,0.000434929329702915
10.238496240601503,Cl_SU2,gpr_matern,1.1054003285273444,0.0004325377461673505
10.284260651629072,Cl_SU2,gpr_matern,1.110068892366877,0.0004303997102319915
10.330025062656642,Cl_SU2,gpr_matern,1.1147335845328636,0.00042850897960831436
10.375789473684211,Cl_SU2,gpr_matern,1.1193941525426974,0.0004268542156631117
10.42155388471178,Cl_SU2,gpr_matern,1.124050337025492,0.00042542021320536
10.46731829573935,Cl_SU2,gpr_matern,1.1287018729531209,0.00042418912367985916
10.51308270676692,Cl_SU2,gpr_matern,1.133348490935803,0.0004231415881478034
10.558847117794485,Cl_SU2,gpr_matern,1.1379899184761944,0.0004222578271965437
10.604611528822055,Cl_SU2,gpr_matern,1.1426258812280885,0.000421518520905913
10.650375939849624,Cl_SU2,gpr_matern,1.147256104296615,0.0004209055945853527
10.696140350877194,Cl_SU2,gpr_matern,1.1518803134646647,0.00042040273274687555
10.741904761904763,Cl_SU2,gpr_matern,1.1564982365115315,0.00041999576938576624
10.787669172932333,Cl_SU2,gpr_matern,1.1611096044162847,0.00041967283456210064
10.833433583959902,Cl_SU2,gpr_matern,1.165714152667188,0.0004194243232988235
10.879197994987468,Cl_SU2,gpr_matern,1.170311622538843,0.00041924268962466413
10.924962406015037,Cl_SU2,gpr_matern,1.1749017623001752,0.0004191220945736447
10.970726817042607,Cl_SU2,gpr_matern,1.1794843285791776,0.00041905788103811255
11.016491228070176,Cl_SU2,gpr_matern,1.1840590875432344,0.00041904604757211564
11.062255639097746,Cl_SU2,gpr_matern,1.1886258161900938,0.0004190825647905581
11.108020050125315,Cl_SU2,gpr_matern,1.1931843036388459,0.0004191627250448266
11.153784461152881,Cl_SU2,gpr_matern,1.1977343523794028,0.00041928052689269864
11.19954887218045,Cl_SU2,gpr_matern,1.2022757794297656,0.00041942809023491607
11.24531328320802,Cl_SU2,gpr_matern,1.2068084165849982,0.00041959572460382387
11.29107769423559,Cl_SU2,gpr_matern,1.2113321098639531,0.00041977235420383104
11.336842105263159,Cl_SU2,gpr_matern,1.2158467188222861,0.0004199461375011264
11.382606516290728,Cl_SU2,gpr_matern,1.2203521159530766,0.00042010507913870806
11.428370927318298,Cl_SU2,gpr_matern,1.22484818591224,0.000420237730417411
11.474135338345864,Cl_SU2,gpr_matern,1.2293348248960942,0.00042033372746503456
11.519899749373433,Cl_SU2,gpr_matern,1.2338119399682084,0.00042038437746694414
11.565664160401003,Cl_SU2,gpr_matern,1.2382794483816393,0.0004203831473053665
11.611428571428572,Cl_SU2,gpr_matern,1.2427372768965583,0.00042032601463577333
11.657192982456142,Cl_SU2,gpr_matern,1.2471853611393762,0.00042021175654748116
11.702957393483711,Cl_SU2,gpr_matern,1.2516236448788713,0.00042004209420608193
11.74872180451128,Cl_SU2,gpr_matern,1.2560520793853156,0.00041982167871753575
11.794486215538846,Cl_SU2,gpr_matern,1.2604706227665412,0.0004195580211685575
11.840250626566416,Cl_SU2,gpr_matern,1.264879239271738,0.00041926121227870366
11.886015037593985,Cl_SU2,gpr_matern,1.2692778986275215,0.0004189435920753293
11.931779448621555,Cl_SU2,gpr_matern,1.2736665753786138,0.0004186192423844303
11.977543859649124,Cl_SU2,gpr_matern,1.2780452481685851,0.0004183034674650352
12.023308270676694,Cl_SU2,gpr_matern,1.2824138991635259,0.0004180121105110246
12.069072681704263,Cl_SU2,gpr_matern,1.2867725132497974,0.00041776092441169323
12.114837092731833,Cl_SU2,gpr_matern,1.2911210774761448,0.0004175648110666842
12.160601503759398,Cl_SU2,gpr_matern,1.2954595803344404,0.00041743717999212515
12.206365914786968,Cl_SU2,gpr_matern,1.2997880111833546,0.0004173894620826318
12.252130325814537,Cl_SU2,gpr_matern,1.3041063601146474,0.0004174311924832692
12.297894736842107,Cl_SU2,gpr_matern,1.3084146179024516,0.000417570366191736
12.343659147869676,Cl_SU2,gpr_matern,1.3127127760447694,0.0004178138547255576
12.389423558897246,Cl_SU2,gpr_matern,1.317000826712754,0.0004181677667758137
12.435187969924815,Cl_SU2,gpr_matern,1.3212787628014278,0.000418637782399824
12.480952380952381,Cl_SU2,gpr_matern,1.3255465779435125,0.00041922935389594106
12.52671679197995,Cl_SU2,gpr_matern,1.3298042664172192,0.00041994785472438073
12.57248120300752,Cl_SU2,gpr_matern,1.3340518232891758,0.00042079850826267734
12.61824561403509,Cl_SU2,gpr_matern,1.3382892442853298,0.0004217862648185306
12.664010025062659,Cl_SU2,gpr_matern,1.342516525878551,0.0004229154310708943
12.709774436090228,Cl_SU2,gpr_matern,1.3467336652379132,0.00042418924307010414
12.755538847117798,Cl_SU2,gpr_matern,1.3509406603070766,0.0004256092059332509
12.801303258145364,Cl_SU2,gpr_matern,1.3551375097028528,0.00042717442660175517
12.847067669172933,Cl_SU2,gpr_matern,1.359324212802807,0.00042888078339336025
12.892832080200503,Cl_SU2,gpr_matern,1.3635007696945407,0.00043072010560082
12.938596491228072,Cl_SU2,gpr_matern,1.367667181203357,0.0004326793605855351
12.984360902255641,Cl_SU2,gpr_matern,1.3718234489107008,0.00043473987663166544
13.03012531328321,Cl_SU2,gpr_matern,1.3759695751126653,0.00043687667787277256
13.075889724310777,Cl_SU2,gpr_matern,1.380105562861486,0.00043905798884345376
13.121654135338346,Cl_SU2,gpr_matern,1.3842314159424889,0.00044124497298192656
13.167418546365916,Cl_SU2,gpr_matern,1.3883471388787,0.000443391884985877
13.213182957393485,Cl_SU2,gpr_matern,1.3924527369308461,0.00044544720560382213
13.258947368421055,Cl_SU2,gpr_matern,1.3965482160189735,0.0004473553114672364
13.304711779448624,Cl_SU2,gpr_matern,1.4006335827547236,0.0004490584454069199
13.350476190476193,Cl_SU2,gpr_matern,1.404708844335286,0.00045049904253826993
13.39624060150376,Cl_SU2,gpr_matern,1.4087740086171718,0.0004516221643534136
13.442005012531329,Cl_SU2,gpr_matern,1.4128290839594495,0.0004523782850801645
13.487769423558898,Cl_SU2,gpr_matern,1.4168740792836847,0.0004527263209262262
13.533533834586468,Cl_SU2,gpr_matern,1.4209090040647179,0.00045263695434530235
13.579298245614037,Cl_SU2,gpr_matern,1.424933868164683,0.00045209632435228237
13.625062656641607,Cl_SU2,gpr_matern,1.4289486819759358,0.0004511101658775308
13.670827067669176,Cl_SU2,gpr_matern,1.4329534562827355,0.00044970835013070335
13.716591478696742,Cl_SU2,gpr_matern,1.436948202215138,0.000447950042458513
13.762355889724311,Cl_SU2,gpr_matern,1.4409329313043253,0.00044592930238773634
13.808120300751881,Cl_SU2,gpr_matern,1.4449076554134423,0.00044378111133752923
13.85388471177945,Cl_SU2,gpr_matern,1.4488723866868845,0.0004416876092666367
13.89964912280702,Cl_SU2,gpr_matern,1.4528271375410733,0.00043988396930430757
13.94541353383459,Cl_SU2,gpr_matern,1.4567719206229612,0.00043866322693636775
13.991177944862159,Cl_SU2,gpr_matern,1.46070674878698,0.00043837873691823077
14.036942355889725,Cl_SU2,gpr_matern,1.4646316350581539,0.0004394429509319562
14.082706766917294,Cl_SU2,gpr_matern,1.4685465926274899,0.0004423205459347621
14.128471177944864,Cl_SU2,gpr_matern,1.4724516348335355,0.0004475147001941704
14.174235588972433,Cl_SU2,gpr_matern,1.476346775001006,0.0004555459925724521
14.22,Cl_SU2,gpr_matern,1.4802320265929354,0.0004669253205505148
-4.04,Cl_SU2,random_forest,-0.3191813266666693,
-3.994235588972431,Cl_SU2,random_forest,-0.3191813266666693,
-3.948471177944862,Cl_SU2,random_forest,-0.3191813266666693,
-3.9027067669172935,Cl_SU2,random_forest,-0.3191813266666693,
-3.8569423558897244,Cl_SU2,random_forest,-0.3191813266666693,
-3.8111779448621554,Cl_SU2,random_forest,-0.3191813266666693,
-3.7654135338345864,Cl_SU2,random_forest,-0.3191813266666693,
-3.7196491228070174,Cl_SU2,random_forest,-0.3191813266666693,
-3.673884711779449,Cl_SU2,random_forest,-0.3191813266666693,
-3.62812030075188,Cl_SU2,random_forest,-0.3191813266666693,
-3.582355889724311,Cl_SU2,random_forest,-0.3191813266666693,
-3.536591478696742,Cl_SU2,random_forest,-0.3191813266666693,
-3.490827067669173,Cl_SU2,random_forest,-0.3191813266666693,
-3.4450626566416043,Cl_SU2,random_forest,-0.3191813266666693,
-3.399298245614035,Cl_SU2,random_forest,-0.3191813266666693,
-3.3535338345864663,Cl_SU2,random_forest,-0.3191813266666693,
-3.3077694235588972,Cl_SU2,random_forest,-0.3191813266666693,
-3.2620050125313282,Cl_SU2,random_forest,-0.3191813266666693,
-3.2162406015037597,Cl_SU2,random_forest,-0.3191813266666693,
-3.1704761904761902,Cl_SU2,random_forest,-0.3191813266666693,
-3.1247117794486217,Cl_SU2,random_forest,-0.3191813266666693,
-3.0789473684210527,Cl_SU2,random_forest,-0.2353855933333344,
-3.0331829573934836,Cl_SU2,random_forest,-0.2353855933333344,
-2.987418546365915,Cl_SU2,random_forest,-0.2353855933333344,
-2.9416541353383456,Cl_SU2,random_forest,-0.2353855933333344,
-2.895889724310777,Cl_SU2,random_forest,-0.2353855933333344,
-2.850125313283208,Cl_SU2,random_forest,-0.2353855933333344,
-2.804360902255639,Cl_SU2,random_forest,-0.2353855933333344,
-2.75859649122807,Cl_SU2,random_forest,-0.2353855933333344,
-2.712832080200501,Cl_SU2,random_forest,-0.2353855933333344,
-2.6670676691729325,Cl_SU2,random_forest,-0.2353855933333344,
-2.6213032581453635,Cl_SU2,random_forest,-0.2353855933333344,
-2.5755388471177945,Cl_SU2,random_forest,-0.2353855933333344,
-2.5297744360902255,Cl_SU2,random_forest,-0.2353855933333344,
-2.4840100250626564,Cl_SU2,random_forest,-0.2353855933333344,
-2.438245614035088,Cl_SU2,random_forest,-0.2353855933333344,
-2.392481203007519,Cl_SU2,random_forest,-0.2353855933333344,
-2.34671679197995,Cl_SU2,random_forest,-0.2353855933333344,
-2.300952380952381,Cl_SU2,random_forest,-0.2353855933333344,
-2.255187969924812,Cl_SU2,random_forest,-0.2353855933333344,
-2.2094235588972433,Cl_SU2,random_forest,-0.2353855933333344,
-2.163659147869674,Cl_SU2,random_forest,-0.2353855933333344,
-2.1178947368421053,Cl_SU2,random_forest,-0.2353855933333344,
-2.0721303258145363,Cl_SU2,random_forest,-0.2353855933333344,
-2.0263659147869673,Cl_SU2,random_forest,-0.2353855933333344,
-1.9806015037593983,Cl_SU2,random_forest,-0.16398879333333402,
-1.9348370927318297,Cl_SU2,random_forest,-0.16398879333333402,
-1.8890726817042607,Cl_SU2,random_forest,-0.16398879333333402,
-1.8433082706766917,Cl_SU2,random_forest,-0.16398879333333402,
-1.7975438596491227,Cl_SU2,random_forest,-0.16398879333333402,
-1.7517794486215537,Cl_SU2,random_forest,-0.16398879333333402,
-1.706015037593985,Cl_SU2,random_forest,-0.16398879333333402,
-1.660250626566416,Cl_SU2,random_forest,-0.16398879333333402,
-1.614486215538847,Cl_SU2,random_forest,-0.16398879333333402,
-1.568721804511278,Cl_SU2,random_forest,-0.16398879333333402,
-1.522957393483709,Cl_SU2,random_forest,-0.16398879333333402,
-1.47719298245614,Cl_SU2,random_forest,-0.16398879333333402,
-1.4314285714285715,Cl_SU2,random_forest,-0.16398879333333402,
-1.3856641604010025,Cl_SU2,random_forest,-0.16398879333333402,
-1.3398997493734335,Cl_SU2,random_forest,-0.16398879333333402,
-1.2941353383458645,Cl_SU2,random_forest,-0.16398879333333402,
-1.2483709273182955,Cl_SU2,random_forest,-0.16398879333333402,
-1.202606516290727,Cl_SU2,random_forest,-0.16398879333333402,
-1.156842105263158,Cl_SU2,random_forest,-0.16398879333333402,
-1.1110776942355889,Cl_SU2,random_forest,-0.16398879333333402,
-1.0653132832080199,Cl_SU2,random_forest,-0.0722673933333331,
-1.0195488721804509,Cl_SU2,random_forest,-0.0722673933333331,
-0.9737844611528823,Cl_SU2,random_forest,-0.0354375783333331,
-0.9280200501253133,Cl_SU2,random_forest,-0.0354375783333331,
-0.8822556390977443,Cl_SU2,random_forest,-0.0354375783333331,
-0.8364912280701753,Cl_SU2,random_forest,-0.0354375783333331,
-0.7907268170426063,Cl_SU2,random_forest,-0.0354375783333331,
-0.7449624060150377,Cl_SU2,random_forest,-0.0354375783333331,
-0.6991979949874687,Cl_SU2,random_forest,-0.0354375783333331,
-0.6534335839598997,Cl_SU2,random_forest,-0.0354375783333331,
-0.6076691729323307,Cl_SU2,random_forest,-0.0354375783333331,
-0.5619047619047617,Cl_SU2,random_forest,-0.0354375783333331,
-0.5161403508771927,Cl_SU2,random_forest,-0.0354375783333331,
-0.4703759398496241,Cl_SU2,random_forest,-0.0354375783333331,
-0.4246115288220551,Cl_SU2,random_forest,-0.0354375783333331,
-0.3788471177944861,Cl_SU2,random_forest,-0.0354375783333331,
-0.3330827067669171,Cl_SU2,random_forest,-0.0354375783333331,
-0.2873182957393481,Cl_SU2,random_forest,-0.0354375783333331,
-0.24155388471177952,Cl_SU2,random_forest,-0.0354375783333331,
-0.1957894736842105,Cl_SU2,random_forest,-0.0354375783333331,
-0.1500250626566415,Cl_SU2,random_forest,-0.0354375783333331,
-0.1042606516290725,Cl_SU2,random_forest,-0.0354375783333331,
-0.05849624060150349,Cl_SU2,random_forest,-0.0354375783333331,
-0.012731829573934483,Cl_SU2,random_forest,0.03761730166666683,
0.03303258145363408,Cl_SU2,random_forest,0.04802899666666695,
0.07879699248120353,Cl_SU2,random_forest,0.04802899666666695,
0.1245614035087721,Cl_SU2,random_forest,0.04802899666666695,
0.17032581453634066,Cl_SU2,random_forest,0.04802899666666695,
0.2160902255639101,Cl_SU2,random_forest,0.04802899666666695,
0.2618546365914787,Cl_SU2,random_forest,0.04802899666666695,
0.3076190476190481,Cl_SU2,random_forest,0.04802899666666695,
0.3533834586466167,Cl_SU2,random_forest,0.04802899666666695,
0.39914786967418525,Cl_SU2,random_forest,0.04802899666666695,
0.4449122807017547,Cl_SU2,random_forest,0.04802899666666695,
0.49067669172932327,Cl_SU2,random_forest,0.04802899666666695,
0.5364411027568927,Cl_SU2,random_forest,0.04802899666666695,
0.5822055137844613,Cl_SU2,random_forest,0.04802899666666695,
0.6279699248120298,Cl_SU2,random_forest,0.04802899666666695,
0.6737343358395993,Cl_SU2,random_forest,0.04802899666666695,
0.7194987468671679,Cl_SU2,random_forest,0.04802899666666695,
0.7652631578947373,Cl_SU2,random_forest,0.04802899666666695,
0.8110275689223059,Cl_SU2,random_forest,0.04802899666666695,
0.8567919799498744,Cl_SU2,random_forest,0.04802899666666695,
0.9025563909774439,Cl_SU2,random_forest,0.04802899666666695,
0.9483208020050125,Cl_SU2,random_forest,0.04802899666666695,
0.9940852130325819,Cl_SU2,random_forest,0.08539550166666689,
1.0398496240601505,Cl_SU2,random_forest,0.17886303833333195,
1.08561403508772,Cl_SU2,random_forest,0.17886303833333195,
1.1313784461152885,Cl_SU2,random_forest,0.17886303833333195,
1.177142857142857,Cl_SU2,random_forest,0.17886303833333195,
1.2229072681704265,Cl_SU2,random_forest,0.17886303833333195,
1.268671679197995,Cl_SU2,random_forest,0.17886303833333195,
1.3144360902255645,Cl_SU2,random_forest,0.17886303833333195,
1.360200501253133,Cl_SU2,random_forest,0.17886303833333195,
1.4059649122807016,Cl_SU2,random_forest,0.17886303833333195,
1.451729323308271,Cl_SU2,random_forest,0.17886303833333195,
1.4974937343358397,Cl_SU2,random_forest,0.17886303833333195,
1.543258145363409,Cl_SU2,random_forest,0.17886303833333195,
1.5890225563909777,Cl_SU2,random_forest,0.17886303833333195,
1.6347869674185462,Cl_SU2,random_forest,0.17886303833333195,
1.6805513784461157,Cl_SU2,random_forest,0.17886303833333195,
1.7263157894736842,Cl_SU2,random_forest,0.17886303833333195,
1.7720802005012537,Cl_SU2,random_forest,0.17886303833333195,
1.8178446115288223,Cl_SU2,random_forest,0.17886303833333195,
1.8636090225563908,Cl_SU2,random_forest,0.17886303833333195,
1.9093734335839603,Cl_SU2,random_forest,0.17886303833333195,
1.9551378446115288,Cl_SU2,random_forest,0.17886303833333195,
2.0009022556390983,Cl_SU2,random_forest,0.19396467166666514,
2.046666666666667,Cl_SU2,random_forest,0.26312582666666545,
2.0924310776942354,Cl_SU2,random_forest,0.26312582666666545,
2.138195488721805,Cl_SU2,random_forest,0.26312582666666545,
2.1839598997493734,Cl_SU2,random_forest,0.26312582666666545,
2.229724310776943,Cl_SU2,random_forest,0.26312582666666545,
2.2754887218045114,Cl_SU2,random_forest,0.26312582666666545,
2.32125313283208,Cl_SU2,random_forest,0.26312582666666545,
2.3670175438596495,Cl_SU2,random_forest,0.26312582666666545,
2.412781954887218,Cl_SU2,random_forest,0.26312582666666545,
2.4585463659147875,Cl_SU2,random_forest,0.26312582666666545,
2.504310776942356,Cl_SU2,random_forest,0.26312582666666545,
2.5500751879699246,Cl_SU2,random_forest,0.26312582666666545,
2.595839598997494,Cl_SU2,random_forest,0.26312582666666545,
2.6416040100250626,Cl_SU2,random_forest,0.26312582666666545,
2.687368421052632,Cl_SU2,random_forest,0.26312582666666545,
2.7331328320802006,Cl_SU2,random_forest,0.26312582666666545,
2.77889724310777,Cl_SU2,random_forest,0.26312582666666545,
2.8246616541353387,Cl_SU2,random_forest,0.26312582666666545,
2.870426065162907,Cl_SU2,random_forest,0.26312582666666545,
2.9161904761904767,Cl_SU2,random_forest,0.26312582666666545,
2.9619548872180452,Cl_SU2,random_forest,0.26312582666666545,
3.0077192982456147,Cl_SU2,random_forest,0.26312582666666545,
3.0534837092731832,Cl_SU2,random_forest,0.39820450333333485,
3.099248120300752,Cl_SU2,random_forest,0.40390010333333487,
3.1450125313283213,Cl_SU2,random_forest,0.40390010333333487,
3.19077694235589,Cl_SU2,random_forest,0.40390010333333487,
3.2365413533834593,Cl_SU2,random_forest,0.40390010333333487,
3.282305764411028,Cl_SU2,random_forest,0.40390010333333487,
3.3280701754385964,Cl_SU2,random_forest,0.40390010333333487,
3.373834586466166,Cl_SU2,random_forest,0.40390010333333487,
3.4195989974937344,Cl_SU2,random_forest,0.40390010333333487,
3.465363408521304,Cl_SU2,random_forest,0.40390010333333487,
3.5111278195488724,Cl_SU2,random_forest,0.40390010333333487,
3.556892230576441,Cl_SU2,random_forest,0.40390010333333487,
3.6026566416040104,Cl_SU2,random_forest,0.40390010333333487,
3.648421052631579,Cl_SU2,random_forest,0.40390010333333487,
3.6941854636591485,Cl_SU2,random_forest,0.40390010333333487,
3.739949874686717,Cl_SU2,random_forest,0.40390010333333487,
3.7857142857142856,Cl_SU2,random_forest,0.40390010333333487,
3.831478696741855,Cl_SU2,random_forest,0.40390010333333487,
3.8772431077694236,Cl_SU2,random_forest,0.40390010333333487,
3.923007518796993,Cl_SU2,random_forest,0.40390010333333487,
3.9687719298245616,Cl_SU2,random_forest,0.40390010333333487,
4.014536340852131,Cl_SU2,random_forest,0.40611049166666824,
4.060300751879699,Cl_SU2,random_forest,0.40611049166666824,
4.106065162907268,Cl_SU2,random_forest,0.47353624166666675,
4.151829573934838,Cl_SU2,random_forest,0.4916548416666665,
4.197593984962407,Cl_SU2,random_forest,0.4916548416666665,
4.243358395989975,Cl_SU2,random_forest,0.4916548416666665,
4.289122807017544,Cl_SU2,random_forest,0.4916548416666665,
4.334887218045114,Cl_SU2,random_forest,0.4916548416666665,
4.380651629072681,Cl_SU2,random_forest,0.4916548416666665,
4.426416040100251,Cl_SU2,random_forest,0.4916548416666665,
4.47218045112782,Cl_SU2,random_forest,0.4916548416666665,
4.517944862155388,Cl_SU2,random_forest,0.4916548416666665,
4.563709273182957,Cl_SU2,random_forest,0.4916548416666665,
4.609473684210527,Cl_SU2,random_forest,0.4916548416666665,
4.655238095238096,Cl_SU2,random_forest,0.4916548416666665,
4.701002506265664,Cl_SU2,random_forest,0.4916548416666665,
4.746766917293233,Cl_SU2,random_forest,0.4916548416666665,
4.792531328320803,Cl_SU2,random_forest,0.4916548416666665,
4.8382957393483705,Cl_SU2,random_forest,0.4916548416666665,
4.88406015037594,Cl_SU2,random_forest,0.4916548416666665,
4.929824561403509,Cl_SU2,random_forest,0.4916548416666665,
4.975588972431079,Cl_SU2,random_forest,0.4916548416666665,
5.021353383458647,Cl_SU2,random_forest,0.4916548416666665,
5.067117794486216,Cl_SU2,random_forest,0.588626033333332,
5.1128822055137855,Cl_SU2,random_forest,0.588626033333332,
5.158646616541353,Cl_SU2,random_forest,0.588626033333332,
5.204411027568923,Cl_SU2,random_forest,0.6352653783333324,
5.250175438596492,Cl_SU2,random_forest,0.6352653783333324,
5.29593984962406,Cl_SU2,random_forest,0.6352653783333324,
5.341704260651629,Cl_SU2,random_forest,0.6352653783333324,
5.387468671679199,Cl_SU2,random_forest,0.6352653783333324,
5.433233082706768,Cl_SU2,random_forest,0.6352653783333324,
5.478997493734336,Cl_SU2,random_forest,0.6352653783333324,
5.524761904761905,Cl_SU2,random_forest,0.6352653783333324,
5.570526315789475,Cl_SU2,random_forest,0.6392510416666657,
5.616290726817042,Cl_SU2,random_forest,0.6392510416666657,
5.662055137844612,Cl_SU2,random_forest,0.6392510416666657,
5.707819548872181,Cl_SU2,random_forest,0.6392510416666657,
5.753583959899749,Cl_SU2,random_forest,0.6392510416666657,
5.799348370927318,Cl_SU2,random_forest,0.6392510416666657,
5.845112781954888,Cl_SU2,random_forest,0.6392510416666657,
5.890877192982457,Cl_SU2,random_forest,0.6392510416666657,
5.936641604010025,Cl_SU2,random_forest,0.6392510416666657,
5.982406015037594,Cl_SU2,random_forest,0.6392510416666657,
6.028170426065164,Cl_SU2,random_forest,0.6392510416666657,
6.0739348370927315,Cl_SU2,random_forest,0.6392510416666657,
6.119699248120301,Cl_SU2,random_forest,0.647947441666666,
6.16546365914787,Cl_SU2,random_forest,0.647947441666666,
6.21122807017544,Cl_SU2,random_forest,0.7176730066666686,
6.2569924812030076,Cl_SU2,random_forest,0.7176730066666686,
6.302756892230577,Cl_SU2,random_forest,0.7176730066666686,
6.3485213032581465,Cl_SU2,random_forest,0.7176730066666686,
6.394285714285714,Cl_SU2,random_forest,0.7176730066666686,
6.440050125313284,Cl_SU2,random_forest,0.7176730066666686,
6.485814536340853,Cl_SU2,random_forest,0.7176730066666686,
6.531578947368421,Cl_SU2,random_forest,0.7176730066666686,
6.57734335839599,Cl_SU2,random_forest,0.7176730066666686,
6.62310776942356,Cl_SU2,random_forest,0.719293500000002,
6.668872180451129,Cl_SU2,random_forest,0.719293500000002,
6.714636591478697,Cl_SU2,random_forest,0.719293500000002,
6.760401002506266,Cl_SU2,random_forest,0.719293500000002,
6.806165413533836,Cl_SU2,random_forest,0.719293500000002,
6.851929824561403,Cl_SU2,random_forest,0.719293500000002,
6.897694235588973,Cl_SU2,random_forest,0.719293500000002,
6.943458646616542,Cl_SU2,random_forest,0.719293500000002,
6.98922305764411,Cl_SU2,random_forest,0.719293500000002,
7.034987468671679,Cl_SU2,random_forest,0.719293500000002,
7.080751879699249,Cl_SU2,random_forest,0.7570259500000024,
7.126516290726818,Cl_SU2,random_forest,0.7623664400000024,
7.172280701754386,Cl_SU2,random_forest,0.7623664400000024,
7.218045112781955,Cl_SU2,random_forest,0.8617891600000055,
7.263809523809525,Cl_SU2,random_forest,0.8617891600000055,
7.3095739348370925,Cl_SU2,random_forest,0.8617891600000055,
7.355338345864662,Cl_SU2,random_forest,0.8617891600000055,
7.401102756892231,Cl_SU2,random_forest,0.8617891600000055,
7.446867167919799,Cl_SU2,random_forest,0.8617891600000055,
7.4926315789473685,Cl_SU2,random_forest,0.8617891600000055,
7.538395989974938,Cl_SU2,random_forest,0.8617891600000055,
7.584160401002507,Cl_SU2,random_forest,0.8617891600000055,
7.629924812030075,Cl_SU2,random_forest,0.8767791200000058,
7.675689223057645,Cl_SU2,random_forest,0.8767791200000058,
7.721453634085214,Cl_SU2,random_forest,0.8767791200000058,
7.767218045112782,Cl_SU2,random_forest,0.8767791200000058,
7.812982456140351,Cl_SU2,random_forest,0.8767791200000058,
7.858746867167921,Cl_SU2,random_forest,0.8767791200000058,
7.90451127819549,Cl_SU2,random_forest,0.8767791200000058,
7.950275689223058,Cl_SU2,random_forest,0.8767791200000058,
7.996040100250627,Cl_SU2,random_forest,0.8767791200000058,
8.041804511278198,Cl_SU2,random_forest,0.8767791200000058,
8.087568922305763,Cl_SU2,random_forest,0.8767791200000058,
8.133333333333333,Cl_SU2,random_forest,0.9426002700000036,
8.179097744360902,Cl_SU2,random_forest,0.9426002700000036,
8.224862155388472,Cl_SU2,random_forest,0.9426002700000036,
8.270626566416041,Cl_SU2,random_forest,0.9426002700000036,
8.31639097744361,Cl_SU2,random_forest,0.9426002700000036,
8.36215538847118,Cl_SU2,random_forest,0.9426002700000036,
8.407919799498746,Cl_SU2,random_forest,0.9426002700000036,
8.453684210526315,Cl_SU2,random_forest,0.9426002700000036,
8.499448621553885,Cl_SU2,random_forest,0.9426002700000036,
8.545213032581454,Cl_SU2,random_forest,0.9426002700000036,
8.590977443609024,Cl_SU2,random_forest,0.9426002700000036,
8.636741854636593,Cl_SU2,random_forest,0.9669971833333365,
8.68250626566416,Cl_SU2,random_forest,0.9669971833333365,
8.728270676691729,Cl_SU2,random_forest,0.9669971833333365,
8.774035087719298,Cl_SU2,random_forest,0.9669971833333365,
8.819799498746868,Cl_SU2,random_forest,0.9669971833333365,
8.865563909774437,Cl_SU2,random_forest,0.9669971833333365,
8.911328320802006,Cl_SU2,random_forest,0.9669971833333365,
8.957092731829576,Cl_SU2,random_forest,0.9669971833333365,
9.002857142857142,Cl_SU2,random_forest,0.9669971833333365,
9.048621553884711,Cl_SU2,random_forest,0.9669971833333365,
9.09438596491228,Cl_SU2,random_forest,0.9669971833333365,
9.14015037593985,Cl_SU2,random_forest,0.9762760783333363,
9.18591478696742,Cl_SU2,random_forest,0.9762760783333363,
9.231679197994989,Cl_SU2,random_forest,1.055799103333326,
9.277443609022558,Cl_SU2,random_forest,1.055799103333326,
9.323208020050124,Cl_SU2,random_forest,1.055799103333326,
9.368972431077694,Cl_SU2,random_forest,1.055799103333326,
9.414736842105263,Cl_SU2,random_forest,1.055799103333326,
9.460501253132833,Cl_SU2,random_forest,1.055799103333326,
9.506265664160402,Cl_SU2,random_forest,1.055799103333326,
9.552030075187972,Cl_SU2,random_forest,1.055799103333326,
9.597794486215541,Cl_SU2,random_forest,1.0593369883333261,
9.643558897243107,Cl_SU2,random_forest,1.0593369883333261,
9.689323308270676,Cl_SU2,random_forest,1.0593369883333261,
9.735087719298246,Cl_SU2,random_forest,1.105700028333324,
9.780852130325815,Cl_SU2,random_forest,1.105700028333324,
9.826616541353385,Cl_SU2,random_forest,1.105700028333324,
9.872380952380954,Cl_SU2,random_forest,1.105700028333324,
9.91814536340852,Cl_SU2,random_forest,1.105700028333324,
9.96390977443609,Cl_SU2,random_forest,1.105700028333324,
10.009674185463659,Cl_SU2,random_forest,1.105700028333324,
10.055438596491229,Cl_SU2,random_forest,1.105700028333324,
10.101203007518798,Cl_SU2,random_forest,1.105700028333324,
10.146967418546367,Cl_SU2,random_forest,1.105700028333324,
10.192731829573937,Cl_SU2,random_forest,1.105700028333324,
10.238496240601503,Cl_SU2,random_forest,1.1269064333333234,
10.284260651629072,Cl_SU2,random_forest,1.1269064333333234,
10.330025062656642,Cl_SU2,random_forest,1.1269064333333234,
10.375789473684211,Cl_SU2,random_forest,1.1269064333333234,
10.42155388471178,Cl_SU2,random_forest,1.1269064333333234,
10.46731829573935,Cl_SU2,random_forest,1.1269064333333234,
10.51308270676692,Cl_SU2,random_forest,1.1269064333333234,
10.558847117794485,Cl_SU2,random_forest,1.1269064333333234,
10.604611528822055,Cl_SU2,random_forest,1.1269064333333234,
10.650375939849624,Cl_SU2,random_forest,1.1717328866666625,
10.696140350877194,Cl_SU2,random_forest,1.1820149116666625,
10.741904761904763,Cl_SU2,random_forest,1.1820149116666625,
10.787669172932333,Cl_SU2,random_forest,1.1820149116666625,
10.833433583959902,Cl_SU2,random_forest,1.1820149116666625,
10.879197994987468,Cl_SU2,random_forest,1.1820149116666625,
10.924962406015037,Cl_SU2,random_forest,1.1820149116666625,
10.970726817042607,Cl_SU2,random_forest,1.1820149116666625,
11.016491228070176,Cl_SU2,random_forest,1.1820149116666625,
11.062255639097746,Cl_SU2,random_forest,1.1820149116666625,
11.108020050125315,Cl_SU2,random_forest,1.1820149116666625,
11.153784461152881,Cl_SU2,random_forest,1.2104605583333323,
11.19954887218045,Cl_SU2,random_forest,1.2104605583333323,
11.24531328320802,Cl_SU2,random_forest,1.2104605583333323,
11.29107769423559,Cl_SU2,random_forest,1.214289224999999,
11.336842105263159,Cl_SU2,random_forest,1.214289224999999,
11.382606516290728,Cl_SU2,random_forest,1.214289224999999,
11.428370927318298,Cl_SU2,random_forest,1.214289224999999,
11.474135338345864,Cl_SU2,random_forest,1.214289224999999,
11.519899749373433,Cl_SU2,random_forest,1.214289224999999,
11.565664160401003,Cl_SU2,random_forest,1.214289224999999,
11.611428571428572,Cl_SU2,random_forest,1.230577605,
11.657192982456142,Cl_SU2,random_forest,1.270016095000006,
11.702957393483711,Cl_SU2,random_forest,1.270016095000006,
11.74872180451128,Cl_SU2,random_forest,1.270016095000006,
11.794486215538846,Cl_SU2,random_forest,1.270016095000006,
11.840250626566416,Cl_SU2,random_forest,1.270016095000006,
11.886015037593985,Cl_SU2,random_forest,1.270016095000006,
11.931779448621555,Cl_SU2,random_forest,1.270016095000006,
11.977543859649124,Cl_SU2,random_forest,1.270016095000006,
12.023308270676694,Cl_SU2,random_forest,1.270016095000006,
12.069072681704263,Cl_SU2,random_forest,1.270016095000006,
12.114837092731833,Cl_SU2,random_forest,1.3011217383333404,
12.160601503759398,Cl_SU2,random_forest,1.3011217383333404,
12.206365914786968,Cl_SU2,random_forest,1.3062842316666743,
12.252130325814537,Cl_SU2,random_forest,1.3062842316666743,
12.297894736842107,Cl_SU2,random_forest,1.3062842316666743,
12.343659147869676,Cl_SU2,random_forest,1.3062842316666743,
12.389423558897246,Cl_SU2,random_forest,1.3062842316666743,
12.435187969924815,Cl_SU2,random_forest,1.3062842316666743,
12.480952380952381,Cl_SU2,random_forest,1.3062842316666743,
12.52671679197995,Cl_SU2,random_forest,1.3062842316666743,
12.57248120300752,Cl_SU2,random_forest,1.3062842316666743,
12.61824561403509,Cl_SU2,random_forest,1.3420261383333374,
12.664010025062659,Cl_SU2,random_forest,1.3420261383333374,
12.709774436090228,Cl_SU2,random_forest,1.3595722166666717,
12.755538847117798,Cl_SU2,random_forest,1.3595722166666717,
12.801303258145364,Cl_SU2,random_forest,1.3595722166666717,
12.847067669172933,Cl_SU2,random_forest,1.3595722166666717,
12.892832080200503,Cl_SU2,random_forest,1.3595722166666717,
12.938596491228072,Cl_SU2,random_forest,1.3595722166666717,
12.984360902255641,Cl_SU2,random_forest,1.3595722166666717,
13.03012531328321,Cl_SU2,random_forest,1.3595722166666717,
13.075889724310777,Cl_SU2,random_forest,1.3595722166666717,
13.121654135338346,Cl_SU2,random_forest,1.3595722166666717,
13.167418546365916,Cl_SU2,random_forest,1.3595722166666717,
13.213182957393485,Cl_SU2,random_forest,1.3891397600000053,
13.258947368421055,Cl_SU2,random_forest,1.3891397600000053,
13.304711779448624,Cl_SU2,random_forest,1.3891397600000053,
13.350476190476193,Cl_SU2,random_forest,1.3891397600000053,
13.39624060150376,Cl_SU2,random_forest,1.3891397600000053,
13.442005012531329,Cl_SU2,random_forest,1.3891397600000053,
13.487769423558898,Cl_SU2,random_forest,1.3891397600000053,
13.533533834586468,Cl_SU2,random_forest,1.3891397600000053,
13.579298245614037,Cl_SU2,random_forest,1.3891397600000053,
13.625062656641607,Cl_SU2,random_forest,1.3891397600000053,
13.670827067669176,Cl_SU2,random_forest,1.4292040016666754,
13.716591478696742,Cl_SU2,random_forest,1.4292040016666754,
13.762355889724311,Cl_SU2,random_forest,1.4292040016666754,
13.808120300751881,Cl_SU2,random_forest,1.4292040016666754,
13.85388471177945,Cl_SU2,random_forest,1.4292040016666754,
13.89964912280702,Cl_SU2,random_forest,1.4292040016666754,
13.94541353383459,Cl_SU2,random_forest,1.4292040016666754,
13.991177944862159,Cl_SU2,random_forest,1.4292040016666754,
14.036942355889725,Cl_SU2,random_forest,1.4292040016666754,
14.082706766917294,Cl_SU2,random_forest,1.4292040016666754,
14.128471177944864,Cl_SU2,random_forest,1.4292040016666754,
14.174235588972433,Cl_SU2,random_forest,1.4292040016666754,
14.22,Cl_SU2,random_forest,1.4292040016666754,
-4.04,Cl_SU2,bootstrap_poly3,-0.43990408675843573,0.008419144794623728
-3.994235588972431,Cl_SU2,bootstrap_poly3,-0.43505697425672263,0.008290065656707377
-3.948471177944862,Cl_SU2,bootstrap_poly3,-0.4302061760923299,0.008162385512398647
-3.9027067669172935,Cl_SU2,bootstrap_poly3,-0.4253517212111552,0.00803610089792198
-3.8569423558897244,Cl_SU2,bootstrap_poly3,-0.4204936385590972,0.007911208416229065
-3.8111779448621554,Cl_SU2,bootstrap_poly3,-0.4156319570820522,0.007787704738820559
-3.7654135338345864,Cl_SU2,bootstrap_poly3,-0.41076670572592,0.007665586607589754
-3.7196491228070174,Cl_SU2,bootstrap_poly3,-0.4058979134365966,0.007544850836684254
-3.673884711779449,Cl_SU2,bootstrap_poly3,-0.40102560915998176,0.0074254943143820425
-3.62812030075188,Cl_SU2,bootstrap_poly3,-0.39614982184197184,0.007307514004976588
-3.582355889724311,Cl_SU2,bootstrap_poly3,-0.3912705804284649,0.007190906950666401
-3.536591478696742,Cl_SU2,bootstrap_poly3,-0.38638791386535964,0.007075670273442282
-3.490827067669173,Cl_SU2,bootstrap_poly3,-0.38150185109855445,0.006961801176965738
-3.4450626566416043,Cl_SU2,bootstrap_poly3,-0.3766124210739449,0.006849296948430713
-3.399298245614035,Cl_SU2,bootstrap_poly3,-0.3717196527374298,0.006738154960399852
-3.3535338345864663,Cl_SU2,bootstrap_poly3,-0.3668235750349084,0.006628372672605455
-3.3077694235588972,Cl_SU2,bootstrap_poly3,-0.3619242169122768,0.006519947633704425
-3.2620050125313282,Cl_SU2,bootstrap_poly3,-0.3570216073154349,0.006412877482974436
-3.2162406015037597,Cl_SU2,bootstrap_poly3,-0.35211577519027837,0.006307159951938643
-3.1704761904761902,Cl_SU2,bootstrap_poly3,-0.34720674948270575,0.006202792865902842
-3.1247117794486217,Cl_SU2,bootstrap_poly3,-0.3422945591386158,0.006099774145389351
-3.0789473684210527,Cl_SU2,bootstrap_poly3,-0.33737923310390583,0.00599810180744858
-3.0331829573934836,Cl_SU2,bootstrap_poly3,-0.3324608003244738,0.005897773966828583
-2.987418546365915,Cl_SU2,bootstrap_poly3,-0.3275392897462177,0.005798788836979726
-2.9416541353383456,Cl_SU2,bootstrap_poly3,-0.3226147303150345,0.005701144730870817
-2.895889724310777,Cl_SU2,bootstrap_poly3,-0.3176871509768233,0.0056048400615893584
-2.850125313283208,Cl_SU2,bootstrap_poly3,-0.3127565806774815,0.005509873342697304
-2.804360902255639,Cl_SU2,bootstrap_poly3,-0.30782304836290664,0.005416243188310221
-2.75859649122807,Cl_SU2,bootstrap_poly3,-0.3028865829789972,0.005323948312865867
-2.712832080200501,Cl_SU2,bootstrap_poly3,-0.2979472134716501,0.00523298753054437
-2.6670676691729325,Cl_SU2,bootstrap_poly3,-0.2930049687867648,0.005143359754300122
-2.6213032581453635,Cl_SU2,bootstrap_poly3,-0.28805987787023757,0.005055063994461516
-2.5755388471177945,Cl_SU2,bootstrap_poly3,-0.2831119696679671,0.004968099356852343
-2.5297744360902255,Cl_SU2,bootstrap_poly3,-0.27816127312585137,0.004882465040384119
-2.4840100250626564,Cl_SU2,bootstrap_poly3,-0.27320781718978754,0.004798160334066476
-2.438245614035088,Cl_SU2,bootstrap_poly3,-0.2682516308056744,0.0047151846133783905
-2.392481203007519,Cl_SU2,bootstrap_poly3,-0.2632927429194093,0.004633537335940041
-2.34671679197995,Cl_SU2,bootstrap_poly3,-0.2583311824768901,0.004553218036421481
-2.300952380952381,Cl_SU2,bootstrap_poly3,-0.2533669784240147,0.00447422632062133
-2.255187969924812,Cl_SU2,bootstrap_poly3,-0.24840015970668136,0.004396561858645241
-2.2094235588972433,Cl_SU2,bootstrap_poly3,-0.2434307552707871,0.004320224377111336
-2.163659147869674,Cl_SU2,bootstrap_poly3,-0.2384587940622305,0.004245213650307197
-2.1178947368421053,Cl_SU2,bootstrap_poly3,-0.23348430502690962,0.004171529490220997
-2.0721303258145363,Cl_SU2,bootstrap_poly3,-0.22850731711072172,0.00409917173536779
-2.0263659147869673,Cl_SU2,bootstrap_poly3,-0.22352785925956536,0.004028140238331317
-1.9806015037593983,Cl_SU2,bootstrap_poly3,-0.2185459604193375,0.0039584348519416624
-1.9348370927318297,Cl_SU2,bootstrap_poly3,-0.21356164953593687,0.003890055414009923
-1.8890726817042607,Cl_SU2,bootstrap_poly3,-0.20857495555526084,0.0038230017305438415
-1.8433082706766917,Cl_SU2,bootstrap_poly3,-0.20358590742320748,0.0037572735573709044
-1.7975438596491227,Cl_SU2,bootstrap_poly3,-0.19859453408567468,0.0036928705801015306
-1.7517794486215537,Cl_SU2,bootstrap_poly3,-0.19360086448856023,0.003629792392370845
-1.706015037593985,Cl_SU2,bootstrap_poly3,-0.18860492757776176,0.0035680384723066373
-1.660250626566416,Cl_SU2,bootstrap_poly3,-0.1836067522991778,0.0035076081571817604
-1.614486215538847,Cl_SU2,bootstrap_poly3,-0.1786063675987058,0.0034485006162222934
-1.568721804511278,Cl_SU2,bootstrap_poly3,-0.17360380242224382,0.0033907148215580594
-1.522957393483709,Cl_SU2,bootstrap_poly3,-0.1685990857156894,0.003334249517320515
-1.47719298245614,Cl_SU2,bootstrap_poly3,-0.16359224642494052,0.003279103186913235
-1.4314285714285715,Cl_SU2,bootstrap_poly3,-0.15858331349589572,0.003225274018504176
-1.3856641604010025,Cl_SU2,bootstrap_poly3,-0.15357231587445178,0.003172759868814814
-1.3398997493734335,Cl_SU2,bootstrap_poly3,-0.1485592825065073,0.0031215582253100284
-1.2941353383458645,Cl_SU2,bootstrap_poly3,-0.1435442423379599,0.0030716661669242377
-1.2483709273182955,Cl_SU2,bootstrap_poly3,-0.13852722431470774,0.003023080323492565
-1.202606516290727,Cl_SU2,bootstrap_poly3,-0.13350825738264827,0.0029757968340917164
-1.156842105263158,Cl_SU2,bootstrap_poly3,-0.12848737048767958,0.002929811304531741
-1.1110776942355889,Cl_SU2,bootstrap_poly3,-0.12346459257569971,0.002885118764278213
-1.0653132832080199,Cl_SU2,bootstrap_poly3,-0.11843995259260617,0.002841713623121838
-1.0195488721804509,Cl_SU2,bootstrap_poly3,-0.1134134794842971,0.0027995896279503756
-0.9737844611528823,Cl_SU2,bootstrap_poly3,-0.10838520219667044,0.002758739820012891
-0.9280200501253133,Cl_SU2,bootstrap_poly3,-0.10335514967562401,0.0027191564931003053
-0.8822556390977443,Cl_SU2,bootstrap_poly3,-0.09832335086705543,0.0026808311530948877
-0.8364912280701753,Cl_SU2,bootstrap_poly3,-0.09328983471686292,0.0026437544793665923
-0.7907268170426063,Cl_SU2,bootstrap_poly3,-0.08825463017094397,0.0026079162885124206
-0.7449624060150377,Cl_SU2,bootstrap_poly3,-0.0832177661751969,0.002573305500946778
-0.6991979949874687,Cl_SU2,bootstrap_poly3,-0.0781792716755193,0.0025399101108538537
-0.6534335839598997,Cl_SU2,bootstrap_poly3,-0.07313917561780914,0.0025077171600079965
-0.6076691729323307,Cl_SU2,bootstrap_poly3,-0.06809750694796433,0.002476712715951765
-0.5619047619047617,Cl_SU2,bootstrap_poly3,-0.06305429461188265,0.0024468818549961144
-0.5161403508771927,Cl_SU2,bootstrap_poly3,-0.05800956755546204,0.0024182086504707426
-0.4703759398496241,Cl_SU2,bootstrap_poly3,-0.0529633547246004,0.0023906761666052157
-0.4246115288220551,Cl_SU2,bootstrap_poly3,-0.04791568506519552,0.0023642664583651543
-0.3788471177944861,Cl_SU2,bootstrap_poly3,-0.04286658752314529,0.002338960577500856
-0.3330827067669171,Cl_SU2,bootstrap_poly3,-0.037816091044347654,0.0023147385849912735
-0.2873182957393481,Cl_SU2,bootstrap_poly3,-0.03276422457470039,0.002291579569984663
-0.24155388471177952,Cl_SU2,bootstrap_poly3,-0.027711017060101553,0.002269461675250541
-0.1957894736842105,Cl_SU2,bootstrap_poly3,-0.022656497446448844,0.0022483621290678413
-0.1500250626566415,Cl_SU2,bootstrap_poly3,-0.017600694679640184,0.002228257283383043
-0.1042606516290725,Cl_SU2,bootstrap_poly3,-0.012543637705573468,0.002209122657982518
-0.05849624060150349,Cl_SU2,bootstrap_poly3,-0.00748535547014658,0.0021909329903372103
-0.012731829573934483,Cl_SU2,bootstrap_poly3,-0.0024258769192573833,0.002173662290696668
0.03303258145363408,Cl_SU2,bootstrap_poly3,0.0026347690011962028,0.002157283901937185
0.07879699248120353,Cl_SU2,bootstrap_poly3,0.007696553345316442,0.002141770563604887
0.1245614035087721,Cl_SU2,bootstrap_poly3,0.012759447167205253,0.0021270944795419543
0.17032581453634066,Cl_SU2,bootstrap_poly3,0.017823421520964864,0.0021132273884442282
0.2160902255639101,Cl_SU2,bootstrap_poly3,0.022888447460697497,0.0021001406366702707
0.2618546365914787,Cl_SU2,bootstrap_poly3,0.027954496040505098,0.0020878052526075606
0.3076190476190481,Cl_SU2,bootstrap_poly3,0.03302153831448994,0.002076192021900118
0.3533834586466167,Cl_SU2,bootstrap_poly3,0.038089545336753995,0.0020652715628525766
0.39914786967418525,Cl_SU2,bootstrap_poly3,0.043158488161399465,0.0020550144013488317
0.4449122807017547,Cl_SU2,bootstrap_poly3,0.0482283378425286,0.002045391044656345
0.49067669172932327,Cl_SU2,bootstrap_poly3,0.05329906543424329,0.0020363720535300778
0.5364411027568927,Cl_SU2,bootstrap_poly3,0.05837064199064582,0.0020279281120799695
0.5822055137844613,Cl_SU2,bootstrap_poly3,0.06344303856583822,0.0020200300949224704
0.6279699248120298,Cl_SU2,bootstrap_poly3,0.06851622621392264,0.002012649131196806
0.6737343358395993,Cl_SU2,bootstrap_poly3,0.07359017598900128,0.0020057566650904675
0.7194987468671679,Cl_SU2,bootstrap_poly3,0.07866485894517611,0.001999324512582128
0.7652631578947373,Cl_SU2,bootstrap_poly3,0.08374024613654961,0.0019933249141749656
0.8110275689223059,Cl_SU2,bootstrap_poly3,0.08881630861722331,0.0019877305834549125
0.8567919799498744,Cl_SU2,bootstrap_poly3,0.09389301744129973,0.001982514751368447
0.9025563909774439,Cl_SU2,bootstrap_poly3,0.098970343662881,0.001977651206169934
0.9483208020050125,Cl_SU2,bootstrap_poly3,0.10404825833606915,0.001973114329040013
0.9940852130325819,Cl_SU2,bootstrap_poly3,0.10912673251496656,0.0019688791254229357
1.0398496240601505,Cl_SU2,bootstrap_poly3,0.11420573725367493,0.001964921252171402
1.08561403508772,Cl_SU2,bootstrap_poly3,0.11928524360629661,0.0019612170406235097
1.1313784461152885,Cl_SU2,bootstrap_poly3,0.12436522262693346,0.0019577435157658945
1.177142857142857,Cl_SU2,bootstrap_poly3,0.129445645369688,0.0019544784116621136
1.2229072681704265,Cl_SU2,bootstrap_poly3,0.13452648288866223,0.0019514001833447216
1.268671679197995,Cl_SU2,bootstrap_poly3,0.1396077062379582,0.001948488015383918
1.3144360902255645,Cl_SU2,bootstrap_poly3,0.14468928647167817,0.0019457218273561127
1.360200501253133,Cl_SU2,bootstrap_poly3,0.14977119464392416,0.001943082276441447
1.4059649122807016,Cl_SU2,bootstrap_poly3,0.15485340180879814,0.0019405507573820907
1.451729323308271,Cl_SU2,bootstrap_poly3,0.15993587902040235,0.001938109400032175
1.4974937343358397,Cl_SU2,bootstrap_poly3,0.16501859733283886,0.0019357410647270294
1.543258145363409,Cl_SU2,bootstrap_poly3,0.17010152780021007,0.0019334293356934274
1.5890225563909777,Cl_SU2,bootstrap_poly3,0.17518464147661783,0.0019311585127150782
1.6347869674185462,Cl_SU2,bootstrap_poly3,0.18026790941616425,0.001928913601258605
1.6805513784461157,Cl_SU2,bootstrap_poly3,0.18535130267295197,0.0019266803012548278
1.7263157894736842,Cl_SU2,bootstrap_poly3,0.1904347923010824,0.0019244449947192167
1.7720802005012537,Cl_SU2,bootstrap_poly3,0.19551834935465803,0.001922194732383896
1.8178446115288223,Cl_SU2,bootstrap_poly3,0.20060194488778071,0.0019199172195014094
1.8636090225563908,Cl_SU2,bootstrap_poly3,0.2056855499545529,0.0019176008009686766
1.9093734335839603,Cl_SU2,bootstrap_poly3,0.21076913560907662,0.0019152344459076047
1.9551378446115288,Cl_SU2,bootstrap_poly3,0.21585267290545382,0.0019128077318269897
2.0009022556390983,Cl_SU2,bootstrap_poly3,0.22093613289778724,0.001910310828479228
2.046666666666667,Cl_SU2,bootstrap_poly3,0.22601948664017768,0.001907734481514123
2.0924310776942354,Cl_SU2,bootstrap_poly3,0.23110270518672868,0.0019050699960220033
2.138195488721805,Cl_SU2,bootstrap_poly3,0.23618575959154176,0.001902309220048183
2.1839598997493734,Cl_SU2,bootstrap_poly3,0.24126862090871914,0.00189944452815177
2.229724310776943,Cl_SU2,bootstrap_poly3,0.2463512601923629,0.0018964688050729947
2.2754887218045114,Cl_SU2,bootstrap_poly3,0.2514336484965748,0.001893375429565206
2.32125313283208,Cl_SU2,bootstrap_poly3,0.2565157568754576,0.001890158258440372
2.3670175438596495,Cl_SU2,bootstrap_poly3,0.26159755638311327,0.0018868116108697846
2.412781954887218,Cl_SU2,bootstrap_poly3,0.2666790180736434,0.0018833302529757544
2.4585463659147875,Cl_SU2,bootstrap_poly3,0.2717601130011507,0.0018797093827440973
2.504310776942356,Cl_SU2,bootstrap_poly3,0.2768408122197371,0.0018759446152820693
2.5500751879699246,Cl_SU2,bootstrap_poly3,0.2819210867835051,0.0018720319684419442
2.595839598997494,Cl_SU2,bootstrap_poly3,0.287000907746556,0.001867967848825958
2.6416040100250626,Cl_SU2,bootstrap_poly3,0.2920802461629927,0.0018637490381846874
2.687368421052632,Cl_SU2,bootstrap_poly3,0.2971590730869165,0.0018593726802176894
2.7331328320802006,Cl_SU2,bootstrap_poly3,0.3022373595724303,0.001854836267782049
2.77889724310777,Cl_SU2,bootstrap_poly3,0.307315076673636,0.0018501376305120648
2.8246616541353387,Cl_SU2,bootstrap_poly3,0.31239219544463537,0.0018452749228508054
2.870426065162907,Cl_SU2,bootstrap_poly3,0.317468686939531,0.001840246612492434
2.9161904761904767,Cl_SU2,bootstrap_poly3,0.32254452221242536,0.001835051469232384
2.9619548872180452,Cl_SU2,bootstrap_poly3,0.3276196723174193,0.0018296885542208718
3.0077192982456147,Cl_SU2,bootstrap_poly3,0.3326941083086164,0.0018241572096141074
3.0534837092731832,Cl_SU2,bootstrap_poly3,0.3377678012401171,0.0018184570486163218
3.099248120300752,Cl_SU2,bootstrap_poly3,0.3428407221660254,0.0018125879459049519
3.1450125313283213,Cl_SU2,bootstrap_poly3,0.3479128421404425,0.0018065500284302981
3.19077694235589,Cl_SU2,bootstrap_poly3,0.3529841322174707,0.0018003436665806967
3.2365413533834593,Cl_SU2,bootstrap_poly3,0.3580545634512121,0.0017939694657033737
3.282305764411028,Cl_SU2,bootstrap_poly3,0.3631241068957676,0.0017874282579709642
3.3280701754385964,Cl_SU2,bootstrap_poly3,0.3681927336052406,0.001780721094583254
3.373834586466166,Cl_SU2,bootstrap_poly3,0.37326041463373394,0.0017738492382935055
3.4195989974937344,Cl_SU2,bootstrap_poly3,0.3783271210353484,0.0017668141562485237
3.465363408521304,Cl_SU2,bootstrap_poly3,0.3833928238641866,0.001759617513131481
3.5111278195488724,Cl_SU2,bootstrap_poly3,0.3884574941743504,0.0017522611645965065
3.556892230576441,Cl_SU2,bootstrap_poly3,0.3935211030199428,0.0017447471509839494
3.6026566416040104,Cl_SU2,bootstrap_poly3,0.3985836214550648,0.0017370776913052078
3.648421052631579,Cl_SU2,bootstrap_poly3,0.40364502053381923,0.0017292551774861732
3.6941854636591485,Cl_SU2,bootstrap_poly3,0.4087052713103076,0.0017212821688581581
3.739949874686717,Cl_SU2,bootstrap_poly3,0.41376434483863256,0.0017131613868854188
3.7857142857142856,Cl_SU2,bootstrap_poly3,0.41882221217289534,0.0017048957101183327
3.831478696741855,Cl_SU2,bootstrap_poly3,0.42387884436720014,0.0016964881693613987
3.8772431077694236,Cl_SU2,bootstrap_poly3,0.42893421247564745,0.001687941943045293
3.923007518796993,Cl_SU2,bootstrap_poly3,0.4339882875523395,0.0016792603527921652
3.9687719298245616,Cl_SU2,bootstrap_poly3,0.4390410406513784,0.0016704468591636145
4.014536340852131,Cl_SU2,bootstrap_poly3,0.4440924428268667,0.0016615050575805705
4.060300751879699,Cl_SU2,bootstrap_poly3,0.449142465132906,0.001652438674404518
4.106065162907268,Cl_SU2,bootstrap_poly3,0.4541910786235995,0.0016432515631694229
4.151829573934838,Cl_SU2,bootstrap_poly3,0.45923825435304766,0.0016339477009536493
4.197593984962407,Cl_SU2,bootstrap_poly3,0.4642839633753545,0.001624531184881303
4.243358395989975,Cl_SU2,bootstrap_poly3,0.46932817674462024,0.0016150062287420977
4.289122807017544,Cl_SU2,bootstrap_poly3,0.4743708655149484,0.0016053771597190967
4.334887218045114,Cl_SU2,bootstrap_poly3,0.47941200074044066,0.0015956484152131955
4.380651629072681,Cl_SU2,bootstrap_poly3,0.48445155347519797,0.0015858245397534574
4.426416040100251,Cl_SU2,bootstrap_poly3,0.4894894947733251,0.0015759101819819298
4.47218045112782,Cl_SU2,bootstrap_poly3,0.4945257956889218,0.001565910091701594
4.517944862155388,Cl_SU2,bootstrap_poly3,0.49956042727609123,0.0015558291169757849
4.563709273182957,Cl_SU2,bootstrap_poly3,0.5045933605889349,0.0015456722012672092
4.609473684210527,Cl_SU2,bootstrap_poly3,0.5096245666815565,0.0015354443806043648
4.655238095238096,Cl_SU2,bootstrap_poly3,0.5146540166080565,0.0015251507807630038
4.701002506265664,Cl_SU2,bootstrap_poly3,0.5196816814225371,0.0015147966144497843
4.746766917293233,Cl_SU2,bootstrap_poly3,0.5247075321791007,0.0015043871784750308
4.792531328320803,Cl_SU2,bootstrap_poly3,0.5297315399318508,0.0014939278509011414
4.8382957393483705,Cl_SU2,bootstrap_poly3,0.5347536757348871,0.0014834240881527743
4.88406015037594,Cl_SU2,bootstrap_poly3,0.5397739106423133,0.0014728814220745668
4.929824561403509,Cl_SU2,bootstrap_poly3,0.5447922157082319,0.0014623054569217143
4.975588972431079,Cl_SU2,bootstrap_poly3,0.5498085619867434,0.0014517018662683846
5.021353383458647,Cl_SU2,bootstrap_poly3,0.5548229205319509,0.0014410763898184632
5.067117794486216,Cl_SU2,bootstrap_poly3,0.5598352623979567,0.0014304348301027378
5.1128822055137855,Cl_SU2,bootstrap_poly3,0.5648455586388621,0.0014197830490463369
5.158646616541353,Cl_SU2,bootstrap_poly3,0.5698537803087705,0.0014091269643897494
5.204411027568923,Cl_SU2,bootstrap_poly3,0.574859898461783,0.0013984725459464584
5.250175438596492,Cl_SU2,bootstrap_poly3,0.5798638841520023,0.0013878258116800273
5.29593984962406,Cl_SU2,bootstrap_poly3,0.5848657084335299,0.001377192823583168
5.341704260651629,Cl_SU2,bootstrap_poly3,0.5898653423604677,0.0013665796833411776
5.387468671679199,Cl_SU2,bootstrap_poly3,0.5948627569869193,0.0013559925277620637
5.433233082706768,Cl_SU2,bootstrap_poly3,0.5998579233669861,0.0013454375239558077
5.478997493734336,Cl_SU2,bootstrap_poly3,0.6048508125547697,0.0013349208642452108
5.524761904761905,Cl_SU2,bootstrap_poly3,0.6098413956043715,0.0013244487607911584
5.570526315789475,Cl_SU2,bootstrap_poly3,0.6148296435698959,0.001314027439915685
5.616290726817042,Cl_SU2,bootstrap_poly3,0.6198155275054433,0.0013036631361065727
5.662055137844612,Cl_SU2,bootstrap_poly3,0.6247990184651167,0.0012933620856883479
5.707819548872181,Cl_SU2,bootstrap_poly3,0.6297800875030183,0.001283130520145507
5.753583959899749,Cl_SU2,bootstrap_poly3,0.6347587056732489,0.001272974659084817
5.799348370927318,Cl_SU2,bootstrap_poly3,0.6397348440299118,0.001262900702825623
5.845112781954888,Cl_SU2,bootstrap_poly3,0.6447084736271095,0.0012529148246084505
5.890877192982457,Cl_SU2,bootstrap_poly3,0.6496795655189427,0.001243023162414543
5.936641604010025,Cl_SU2,bootstrap_poly3,0.654648090759514,0.001233231810391461
5.982406015037594,Cl_SU2,bootstrap_poly3,0.6596140204029266,0.0012235468098825866
6.028170426065164,Cl_SU2,bootstrap_poly3,0.6645773255032812,0.0012139741400615024
6.0739348370927315,Cl_SU2,bootstrap_poly3,0.6695379771146808,0.0012045197081758216
6.119699248120301,Cl_SU2,bootstrap_poly3,0.6744959462912268,0.001195189339408755
6.16546365914787,Cl_SU2,bootstrap_poly3,0.679451204087022,0.0011859887663709262
6.21122807017544,Cl_SU2,bootstrap_poly3,0.6844037215561684,0.0011769236182395696
6.2569924812030076,Cl_SU2,bootstrap_poly3,0.6893534697527689,0.0011679994095669078
6.302756892230577,Cl_SU2,bootstrap_poly3,0.6943004197309239,0.0011592215287848315
6.3485213032581465,Cl_SU2,bootstrap_poly3,0.699244542544737,0.0011505952264382472
6.394285714285714,Cl_SU2,bootstrap_poly3,0.7041858092483091,0.0011421256031851216
6.440050125313284,Cl_SU2,bootstrap_poly3,0.7091241908957427,0.0011338175976069711
6.485814536340853,Cl_SU2,bootstrap_poly3,0.7140596585411411,0.0011256759738793966
6.531578947368421,Cl_SU2,bootstrap_poly3,0.7189921832386053,0.0011177053093580837
6.57734335839599,Cl_SU2,bootstrap_poly3,0.7239217360422371,0.0011099099821413876
6.62310776942356,Cl_SU2,bootstrap_poly3,0.7288482880061388,0.0011022941586763375
6.668872180451129,Cl_SU2,bootstrap_poly3,0.7337718101844134,0.001094861781480056
6.714636591478697,Cl_SU2,bootstrap_poly3,0.7386922736311627,0.001087616557053605
6.760401002506266,Cl_SU2,bootstrap_poly3,0.7436096494004882,0.0010805619440696671
6.806165413533836,Cl_SU2,bootstrap_poly3,0.7485239085464928,0.0010737011419192479
6.851929824561403,Cl_SU2,bootstrap_poly3,0.7534350221232778,0.0010670370797057425
6.897694235588973,Cl_SU2,bootstrap_poly3,0.758342961184946,0.0010605724057769648
6.943458646616542,Cl_SU2,bootstrap_poly3,0.7632476967855983,0.001054309477886972
6.98922305764411,Cl_SU2,bootstrap_poly3,0.76814919997934,0.0010482503540800434
7.034987468671679,Cl_SU2,bootstrap_poly3,0.7730474418202695,0.0010423967843881036
7.080751879699249,Cl_SU2,bootstrap_poly3,0.7779423933624903,0.001036750203431276
7.126516290726818,Cl_SU2,bootstrap_poly3,0.7828340256601052,0.0010313117240078515
7.172280701754386,Cl_SU2,bootstrap_poly3,0.7877223097672165,0.001026082131755833
7.218045112781955,Cl_SU2,bootstrap_poly3,0.7926072167379248,0.001021061880962591
7.263809523809525,Cl_SU2,bootstrap_poly3,0.7974887176263333,0.0010162510915926106
7.3095739348370925,Cl_SU2,bootstrap_poly3,0.8023667834865449,0.0010116495475954149
7.355338345864662,Cl_SU2,bootstrap_poly3,0.8072413853726579,0.001007256696547211
7.401102756892231,Cl_SU2,bootstrap_poly3,0.8121124943387795,0.0010030716506699488
7.446867167919799,Cl_SU2,bootstrap_poly3,0.8169800814390089,0.000999093189261351
7.4926315789473685,Cl_SU2,bootstrap_poly3,0.8218441177274494,0.000995319762558384
7.538395989974938,Cl_SU2,bootstrap_poly3,0.8267045742582021,0.0009917494970453503
7.584160401002507,Cl_SU2,bootstrap_poly3,0.8315614220853701,0.0009883802022062817
7.629924812030075,Cl_SU2,bootstrap_poly3,0.8364146322630545,0.0009852093787098234
7.675689223057645,Cl_SU2,bootstrap_poly3,0.8412641758453576,0.0009822342280032344
7.721453634085214,Cl_SU2,bootstrap_poly3,0.8461100238863825,0.0009794516632814986
7.767218045112782,Cl_SU2,bootstrap_poly3,0.8509521474402315,0.0009768583217869015
7.812982456140351,Cl_SU2,bootstrap_poly3,0.8557905175610042,0.0009744505783850015
7.858746867167921,Cl_SU2,bootstrap_poly3,0.8606251053028064,0.0009722245603541381
7.90451127819549,Cl_SU2,bootstrap_poly3,0.8654558817197369,0.0009701761633179736
7.950275689223058,Cl_SU2,bootstrap_poly3,0.8702828178658994,0.000968301068244256
7.996040100250627,Cl_SU2,bootstrap_poly3,0.8751058847953962,0.0009665947594274828
8.041804511278198,Cl_SU2,bootstrap_poly3,0.8799250535623291,0.0009650525433695398
8.087568922305763,Cl_SU2,bootstrap_poly3,0.8847402952207997,0.0009636695684694716
8.133333333333333,Cl_SU2,bootstrap_poly3,0.8895515808249111,0.0009624408454325298
8.179097744360902,Cl_SU2,bootstrap_poly3,0.8943588814287644,0.0009613612683084492
8.224862155388472,Cl_SU2,bootstrap_poly3,0.899162168086462,0.0009604256360702217
8.270626566416041,Cl_SU2,bootstrap_poly3,0.903961411852108,0.0009596286746469212
8.31639097744361,Cl_SU2,bootstrap_poly3,0.9087565837798017,0.0009589650593276539
8.36215538847118,Cl_SU2,bootstrap_poly3,0.9135476549236464,0.0009584294374579268
8.407919799498746,Cl_SU2,bootstrap_poly3,0.918334596337744,0.0009580164513548165
8.453684210526315,Cl_SU2,bootstrap_poly3,0.9231173790761966,0.0009577207613732935
8.499448621553885,Cl_SU2,bootstrap_poly3,0.927895974193107,0.0009575370690620203
8.545213032581454,Cl_SU2,bootstrap_poly3,0.9326703527425757,0.0009574601403538695
8.590977443609024,Cl_SU2,bootstrap_poly3,0.9374404857787079,0.0009574848287429409
8.636741854636593,Cl_SU2,bootstrap_poly3,0.9422063443556029,0.0009576060984072381
8.68250626566416,Cl_SU2,bootstrap_poly3,0.9469678995273616,0.0009578190472423301
8.728270676691729,Cl_SU2,bootstrap_poly3,0.9517251223480907,0.0009581189297788058
8.774035087719298,Cl_SU2,bootstrap_poly3,0.9564779838718894,0.0009585011799617953
8.819799498746868,Cl_SU2,bootstrap_poly3,0.9612264551528602,0.0009589614337776665
8.865563909774437,Cl_SU2,bootstrap_poly3,0.9659705072451049,0.0009594955517175239
8.911328320802006,Cl_SU2,bootstrap_poly3,0.9707101112027277,0.0009600996410725978
8.957092731829576,Cl_SU2,bootstrap_poly3,0.9754452380798269,0.0009607700780604414
9.002857142857142,Cl_SU2,bootstrap_poly3,0.9801758589305068,0.0009615035297840515
9.048621553884711,Cl_SU2,bootstrap_poly3,0.9849019448088705,0.0009622969760288277
9.09438596491228,Cl_SU2,bootstrap_poly3,0.9896234667690192,0.0009631477309037806
9.14015037593985,Cl_SU2,bootstrap_poly3,0.9943403958650546,0.0009640534643339212
9.18591478696742,Cl_SU2,bootstrap_poly3,0.9990527031510793,0.0009650122234109086
9.231679197994989,Cl_SU2,bootstrap_poly3,1.0037603596811955,0.0009660224536071967
9.277443609022558,Cl_SU2,bootstrap_poly3,1.0084633365095057,0.0009670830198571151
9.323208020050124,Cl_SU2,bootstrap_poly3,1.0131616046901084,0.0009681932275044385
9.368972431077694,Cl_SU2,bootstrap_poly3,1.017855135277111,0.0009693528431118616
9.414736842105263,Cl_SU2,bootstrap_poly3,1.022543899324614,0.0009705621151217686
9.460501253132833,Cl_SU2,bootstrap_poly3,1.0272278678867175,0.0009718217943512099
9.506265664160402,Cl_SU2,bootstrap_poly3,1.0319070120175258,0.0009731331542958064
9.552030075187972,Cl_SU2,bootstrap_poly3,1.036581302771139,0.0009744980112081672
9.597794486215541,Cl_SU2,bootstrap_poly3,1.0412507112016618,0.0009759187439063501
9.643558897243107,Cl_SU2,bootstrap_poly3,1.0459152083631955,0.0009773983132560617
9.689323308270676,Cl_SU2,bootstrap_poly3,1.0505747653098398,0.000978940281258146
9.735087719298246,Cl_SU2,bootstrap_poly3,1.0552293530957013,0.0009805488296588617
9.780852130325815,Cl_SU2,bootstrap_poly3,1.0598789427748767,0.0009822287779863192
9.826616541353385,Cl_SU2,bootstrap_poly3,1.0645235054014732,0.0009839856009005493
9.872380952380954,Cl_SU2,bootstrap_poly3,1.0691630120295894,0.0009858254447287227
9.91814536340852,Cl_SU2,bootstrap_poly3,1.073797433713329,0.0009877551430403472
9.96390977443609,Cl_SU2,bootstrap_poly3,1.078426741506794,0.0009897822310997498
10.009674185463659,Cl_SU2,bootstrap_poly3,1.0830509064640863,0.0009919149590167308
10.055438596491229,Cl_SU2,bootstrap_poly3,1.0876698996393093,0.0009941623033986925
10.101203007518798,Cl_SU2,bootstrap_poly3,1.0922836920865622,0.0009965339772920476
10.146967418546367,Cl_SU2,bootstrap_poly3,1.09689225485995,0.000999040438185336
10.192731829573937,Cl_SU2,bootstrap_poly3,1.1014955590135738,0.0010016928938331468
10.238496240601503,Cl_SU2,bootstrap_poly3,1.1060935756015335,0.0010045033056491233
10.284260651629072,Cl_SU2,bootstrap_poly3,1.1106862756779374,0.0010074843894079938
10.330025062656642,Cl_SU2,bootstrap_poly3,1.1152736302968773,0.001010649612991642
10.375789473684211,Cl_SU2,bootstrap_poly3,1.1198556105124668,0.0010140131909147716
10.42155388471178,Cl_SU2,bootstrap_poly3,1.1244321873788021,0.001017590075369173
10.46731829573935,Cl_SU2,bootstrap_poly3,1.1290033319499848,0.0010213959435371733
10.51308270676692,Cl_SU2,bootstrap_poly3,1.1335690152801179,0.0010254471809410062
10.558847117794485,Cl_SU2,bootstrap_poly3,1.1381292084233043,0.0010297608606188741
10.604611528822055,Cl_SU2,bootstrap_poly3,1.1426838824336454,0.0010343547179498952
10.650375939849624,Cl_SU2,bootstrap_poly3,1.1472330083652456,0.0010392471209890815
10.696140350877194,Cl_SU2,bootstrap_poly3,1.1517765572722036,0.0010444570362209329
10.741904761904763,Cl_SU2,bootstrap_poly3,1.1563145002086235,0.001050003989694679
10.787669172932333,Cl_SU2,bootstrap_poly3,1.160846808228605,0.0010559080235671323
10.833433583959902,Cl_SU2,bootstrap_poly3,1.1653734523862531,0.0010621896481474013
10.879197994987468,Cl_SU2,bootstrap_poly3,1.1698944037356696,0.0010688697896130523
10.924962406015037,Cl_SU2,bootstrap_poly3,1.1744096333309548,0.0010759697336452908
10.970726817042607,Cl_SU2,bootstrap_poly3,1.1789191122262146,0.0010835110653127497
11.016491228070176,Cl_SU2,bootstrap_poly3,1.1834228114755465,0.0010915156056140209
11.062255639097746,Cl_SU2,bootstrap_poly3,1.187920702133055,0.0011000053451694384
11.108020050125315,Cl_SU2,bootstrap_poly3,1.192412755252841,0.0011090023756270494
11.153784461152881,Cl_SU2,bootstrap_poly3,1.1968989418890084,0.0011185288194156895
11.19954887218045,Cl_SU2,bootstrap_poly3,1.2013792330956587,0.0011286067585362528
11.24531328320802,Cl_SU2,bootstrap_poly3,1.2058535999268927,0.0011392581631284094
11.29107769423559,Cl_SU2,bootstrap_poly3,1.2103220134368153,0.0011505048205811945
11.336842105263159,Cl_SU2,bootstrap_poly3,1.2147844446795237,0.0011623682659723123
11.382606516290728,Cl_SU2,bootstrap_poly3,1.2192408647091264,0.0011748697146185853
11.428370927318298,Cl_SU2,bootstrap_poly3,1.2236912445797201,0.0011880299975007165
11.474135338345864,Cl_SU2,bootstrap_poly3,1.2281355553454085,0.0012018695002880763
11.519899749373433,Cl_SU2,bootstrap_poly3,1.2325737680602966,0.0012164081066340822
11.565664160401003,Cl_SU2,bootstrap_poly3,1.237005853778484,0.0012316651463425258
11.611428571428572,Cl_SU2,bootstrap_poly3,1.241431783554072,0.0012476593489205029
11.657192982456142,Cl_SU2,bootstrap_poly3,1.2458515284411655,0.0012644088029384307
11.702957393483711,Cl_SU2,bootstrap_poly3,1.2502650594938636,0.0012819309215131882
11.74872180451128,Cl_SU2,bootstrap_poly3,1.2546723477662718,0.0013002424141222043
11.794486215538846,Cl_SU2,bootstrap_poly3,1.259073364312486,0.001319359264845385
11.840250626566416,Cl_SU2,bootstrap_poly3,1.2634680801866154,0.0013392967170232954
11.886015037593985,Cl_SU2,bootstrap_poly3,1.2678564664427603,0.0013600692642161177
11.931779448621555,Cl_SU2,bootstrap_poly3,1.272238494135019,0.0013816906472513084
11.977543859649124,Cl_SU2,bootstrap_poly3,1.2766141343174977,0.0014041738570620013
12.023308270676694,Cl_SU2,bootstrap_poly3,1.280983358044299,0.0014275311429435148
12.069072681704263,Cl_SU2,bootstrap_poly3,1.2853461363695227,0.0014517740257938172
12.114837092731833,Cl_SU2,bootstrap_poly3,1.289702440347268,0.001476913315856711
12.160601503759398,Cl_SU2,bootstrap_poly3,1.2940522410316426,0.001502959134452172
12.206365914786968,Cl_SU2,bootstrap_poly3,1.2983955094767472,0.0015299209391591976
12.252130325814537,Cl_SU2,bootstrap_poly3,1.3027322167366815,0.0015578075519085898
12.297894736842107,Cl_SU2,bootstrap_poly3,1.307062333865552,0.0015866271894482416
12.343659147869676,Cl_SU2,bootstrap_poly3,1.311385831917457,0.0016163874956582583
12.389423558897246,Cl_SU2,bootstrap_poly3,1.3157026819464985,0.0016470955752169445
12.435187969924815,Cl_SU2,bootstrap_poly3,1.3200128550067811,0.0016787580281496268
12.480952380952381,Cl_SU2,bootstrap_poly3,1.3243163221524064,0.0017113809848287845
12.52671679197995,Cl_SU2,bootstrap_poly3,1.3286130544374748,0.0017449701410337398
12.57248120300752,Cl_SU2,bootstrap_poly3,1.3329030229160899,0.001779530792721416
12.61824561403509,Cl_SU2,bootstrap_poly3,1.337186198642354,0.0018150678702028118
12.664010025062659,Cl_SU2,bootstrap_poly3,1.3414625526703676,0.0018515859714637942
12.709774436090228,Cl_SU2,bootstrap_poly3,1.3457320560542347,0.0018890893944110184
12.755538847117798,Cl_SU2,bootstrap_poly3,1.3499946798480564,0.0019275821678645397
12.801303258145364,Cl_SU2,bootstrap_poly3,1.3542503951059333,0.001967068081156452
12.847067669172933,Cl_SU2,bootstrap_poly3,1.3584991728819718,0.0020075507122303223
12.892832080200503,Cl_SU2,bootstrap_poly3,1.3627409842302702,0.0020490334541677984
12.938596491228072,Cl_SU2,bootstrap_poly3,1.3669758002049328,0.0020915195400970127
12.984360902255641,Cl_SU2,bootstrap_poly3,1.3712035918600614,0.002135012066462994
13.03012531328321,Cl_SU2,bootstrap_poly3,1.3754243302497542,0.002179514014661197
13.075889724310777,Cl_SU2,bootstrap_poly3,1.3796379864281187,0.0022250282710540147
13.121654135338346,Cl_SU2,bootstrap_poly3,1.3838445314492558,0.0022715576454055714
13.167418546365916,Cl_SU2,bootstrap_poly3,1.3880439363672668,0.002319104887782012
13.213182957393485,Cl_SU2,bootstrap_poly3,1.392236172236253,0.0023676727039748037
13.258947368421055,Cl_SU2,bootstrap_poly3,1.3964212101103173,0.002417263769512102
13.304711779448624,Cl_SU2,bootstrap_poly3,1.4005990210435626,0.0024678807423283156
13.350476190476193,Cl_SU2,bootstrap_poly3,1.4047695760900887,0.002519526274166085
13.39624060150376,Cl_SU2,bootstrap_poly3,1.4089328463040005,0.002572203020786722
13.442005012531329,Cl_SU2,bootstrap_poly3,1.4130888027393982,0.0026259136510661373
13.487769423558898,Cl_SU2,bootstrap_poly3,1.4172374164503838,0.0026806608550528585
13.533533834586468,Cl_SU2,bootstrap_poly3,1.421378658491064,0.0027364473510635492
13.579298245614037,Cl_SU2,bootstrap_poly3,1.4255124999155344,0.002793275891889618
13.625062656641607,Cl_SU2,bootstrap_poly3,1.4296389117778998,0.0028511492701857547
13.670827067669176,Cl_SU2,bootstrap_poly3,1.4337578651322633,0.0029100703231087276
13.716591478696742,Cl_SU2,bootstrap_poly3,1.4378693310327273,0.0029700419362709896
13.762355889724311,Cl_SU2,bootstrap_poly3,1.44197328053339,0.0030310670470706626
13.808120300751881,Cl_SU2,bootstrap_poly3,1.4460696846883585,0.0030931486474557253
13.85388471177945,Cl_SU2,bootstrap_poly3,1.450158514551733,0.003156289786176389
13.89964912280702,Cl_SU2,bootstrap_poly3,1.4542397411776153,0.0032204935705765327
13.94541353383459,Cl_SU2,bootstrap_poly3,1.4583133356201041,0.0032857631679709667
13.991177944862159,Cl_SU2,bootstrap_poly3,1.4623792689333117,0.0033521018066520543
14.036942355889725,Cl_SU2,bootstrap_poly3,1.4664375121713284,0.003419512776566109
14.082706766917294,Cl_SU2,bootstrap_poly3,1.4704880363882633,0.0034879994296961887
14.128471177944864,Cl_SU2,bootstrap_poly3,1.474530812638216,0.0035575651801853366
14.174235588972433,Cl_SU2,bootstrap_poly3,1.4785658119752896,0.0036282135042313385
14.22,Cl_SU2,bootstrap_poly3,1.4825930054535856,0.003699947939781079
-4.04,Cd_SU2,poly3,0.008747896500667764,
-3.994235588972431,Cd_SU2,poly3,0.008744858143060148,
-3.948471177944862,Cd_SU2,poly3,0.008741780496570185,
-3.9027067669172935,Cd_SU2,poly3,0.008738664948465905,
-3.8569423558897244,Cd_SU2,poly3,0.008735512886015342,
-3.8111779448621554,Cd_SU2,poly3,0.008732325696486527,
-3.7654135338345864,Cd_SU2,poly3,0.008729104767147491,
-3.7196491228070174,Cd_SU2,poly3,0.008725851485266266,
-3.673884711779449,Cd_SU2,poly3,0.008722567238110884,
-3.62812030075188,Cd_SU2,poly3,0.008719253412949378,
-3.582355889724311,Cd_SU2,poly3,0.008715911397049778,
-3.536591478696742,Cd_SU2,poly3,0.008712542577680116,
-3.490827067669173,Cd_SU2,poly3,0.008709148342108427,
-3.4450626566416043,Cd_SU2,poly3,0.008705730077602739,
-3.399298245614035,Cd_SU2,poly3,0.008702289171431085,
-3.3535338345864663,Cd_SU2,poly3,0.008698827010861497,
-3.3077694235588972,Cd_SU2,poly3,0.008695344983162006,
-3.2620050125313282,Cd_SU2,poly3,0.008691844475600646,
-3.2162406015037597,Cd_SU2,poly3,0.008688326875445447,
-3.1704761904761902,Cd_SU2,poly3,0.008684793569964442,
-3.1247117794486217,Cd_SU2,poly3,0.008681245946425662,
-3.0789473684210527,Cd_SU2,poly3,0.00867768539209714,
-3.0331829573934836,Cd_SU2,poly3,0.008674113294246907,
-2.987418546365915,Cd_SU2,poly3,0.008670531040142994,
-2.9416541353383456,Cd_SU2,poly3,0.008666940017053433,
-2.895889724310777,Cd_SU2,poly3,0.008663341612246259,
-2.850125313283208,Cd_SU2,poly3,0.008659737212989498,
-2.804360902255639,Cd_SU2,poly3,0.008656128206551188,
-2.75859649122807,Cd_SU2,poly3,0.008652515980199357,
-2.712832080200501,Cd_SU2,poly3,0.008648901921202037,
-2.6670676691729325,Cd_SU2,poly3,0.008645287416827262,
-2.6213032581453635,Cd_SU2,poly3,0.008641673854343062,
-2.5755388471177945,Cd_SU2,poly3,0.00863806262101747,
-2.5297744360902255,Cd_SU2,poly3,0.008634455104118517,
-2.4840100250626564,Cd_SU2,poly3,0.008630852690914235,
-2.438245614035088,Cd_SU2,poly3,0.008627256768672657,
-2.392481203007519,Cd_SU2,poly3,0.00862366872466181,
-2.34671679197995,Cd_SU2,poly3,0.008620089946149734,
-2.300952380952381,Cd_SU2,poly3,0.008616521820404455,
-2.255187969924812,Cd_SU2,poly3,0.008612965734694005,
-2.2094235588972433,Cd_SU2,poly3,0.00860942307628642,
-2.163659147869674,Cd_SU2,poly3,0.008605895232449727,
-2.1178947368421053,Cd_SU2,poly3,0.008602383590451962,
-2.0721303258145363,Cd_SU2,poly3,0.00859888953756115,
-2.0263659147869673,Cd_SU2,poly3,0.008595414461045333,
-1.9806015037593983,Cd_SU2,poly3,0.008591959748172534,
-1.9348370927318297,Cd_SU2,poly3,0.00858852678621079,
-1.8890726817042607,Cd_SU2,poly3,0.008585116962428129,
-1.8433082706766917,Cd_SU2,poly3,0.008581731664092587,
-1.7975438596491227,Cd_SU2,poly3,0.008578372278472192,
-1.7517794486215537,Cd_SU2,poly3,0.008575040192834978,
-1.706015037593985,Cd_SU2,poly3,0.008571736794448979,
-1.660250626566416,Cd_SU2,poly3,0.008568463470582221,
-1.614486215538847,Cd_SU2,poly3,0.00856522160850274,
-1.568721804511278,Cd_SU2,poly3,0.008562012595478568,
-1.522957393483709,Cd_SU2,poly3,0.008558837818777736,
-1.47719298245614,Cd_SU2,poly3,0.008555698665668274,
-1.4314285714285715,Cd_SU2,poly3,0.008552596523418218,
-1.3856641604010025,Cd_SU2,poly3,0.008549532779295595,
-1.3398997493734335,Cd_SU2,poly3,0.008546508820568439,
-1.2941353383458645,Cd_SU2,poly3,0.008543526034504784,
-1.2483709273182955,Cd_SU2,poly3,0.008540585808372659,
-1.202606516290727,Cd_SU2,poly3,0.008537689529440097,
-1.156842105263158,Cd_SU2,poly3,0.008534838584975129,
-1.1110776942355889,Cd_SU2,poly3,0.008532034362245788,
-1.0653132832080199,Cd_SU2,poly3,0.008529278248520105,
-1.0195488721804509,Cd_SU2,poly3,0.008526571631066113,
-0.9737844611528823,Cd_SU2,poly3,0.00852391589715184,
-0.9280200501253133,Cd_SU2,poly3,0.008521312434045324,
-0.8822556390977443,Cd_SU2,poly3,0.008518762629014593,
-0.8364912280701753,Cd_SU2,poly3,0.008516267869327679,
-0.7907268170426063,Cd_SU2,poly3,0.008513829542252613,
-0.7449624060150377,Cd_SU2,poly3,0.00851144903505743,
-0.6991979949874687,Cd_SU2,poly3,0.00850912773501016,
-0.6534335839598997,Cd_SU2,poly3,0.008506867029378834,
-0.6076691729323307,Cd_SU2,poly3,0.008504668305431486,
-0.5619047619047617,Cd_SU2,poly3,0.008502532950436145,
-0.5161403508771927,Cd_SU2,poly3,0.008500462351660845,
-0.4703759398496241,Cd_SU2,poly3,0.008498457896373617,
-0.4246115288220551,Cd_SU2,poly3,0.008496520971842494,
-0.3788471177944861,Cd_SU2,poly3,0.008494652965335506,
-0.3330827067669171,Cd_SU2,poly3,0.008492855264120686,
-0.2873182957393481,Cd_SU2,poly3,0.008491129255466065,
-0.24155388471177952,Cd_SU2,poly3,0.008489476326639676,
-0.1957894736842105,Cd_SU2,poly3,0.008487897864909551,
-0.1500250626566415,Cd_SU2,poly3,0.00848639525754372,
-0.1042606516290725,Cd_SU2,poly3,0.008484969891810218,
-0.05849624060150349,Cd_SU2,poly3,0.008483623154977072,
-0.012731829573934483,Cd_SU2,poly3,0.008482356434312319,
0.03303258145363408,Cd_SU2,poly3,0.008481171117083987,
0.07879699248120353,Cd_SU2,poly3,0.00848006859056011,
0.1245614035087721,Cd_SU2,poly3,0.008479050242008719,
0.17032581453634066,Cd_SU2,poly3,0.008478117458697846,
0.2160902255639101,Cd_SU2,poly3,0.008477271627895524,
0.2618546365914787,Cd_SU2,poly3,0.008476514136869782,
0.3076190476190481,Cd_SU2,poly3,0.008475846372888654,
0.3533834586466167,Cd_SU2,poly3,0.008475269723220174,
0.39914786967418525,Cd_SU2,poly3,0.008474785575132367,
0.4449122807017547,Cd_SU2,poly3,0.008474395315893272,
0.49067669172932327,Cd_SU2,poly3,0.008474100332770917,
0.5364411027568927,Cd_SU2,poly3,0.008473902013033335,
0.5822055137844613,Cd_SU2,poly3,0.008473801743948559,
0.6279699248120298,Cd_SU2,poly3,0.008473800912784617,
0.6737343358395993,Cd_SU2,poly3,0.008473900906809544,
0.7194987468671679,Cd_SU2,poly3,0.008474103113291371,
0.7652631578947373,Cd_SU2,poly3,0.008474408919498131,
0.8110275689223059,Cd_SU2,poly3,0.008474819712697855,
0.8567919799498744,Cd_SU2,poly3,0.008475336880158574,
0.9025563909774439,Cd_SU2,poly3,0.008475961809148322,
0.9483208020050125,Cd_SU2,poly3,0.008476695886935127,
0.9940852130325819,Cd_SU2,poly3,0.008477540500787025,
1.0398496240601505,Cd_SU2,poly3,0.008478497037972045,
1.08561403508772,Cd_SU2,poly3,0.008479566885758221,
1.1313784461152885,Cd_SU2,poly3,0.008480751431413582,
1.177142857142857,Cd_SU2,poly3,0.008482052062206164,
1.2229072681704265,Cd_SU2,poly3,0.008483470165403994,
1.268671679197995,Cd_SU2,poly3,0.008485007128275109,
1.3144360902255645,Cd_SU2,poly3,0.008486664338087535,
1.360200501253133,Cd_SU2,poly3,0.008488443182109309,
1.4059649122807016,Cd_SU2,poly3,0.00849034504760846,
1.451729323308271,Cd_SU2,poly3,0.008492371321853022,
1.4974937343358397,Cd_SU2,poly3,0.008494523392111025,
1.543258145363409,Cd_SU2,poly3,0.0084968026456505,
1.5890225563909777,Cd_SU2,poly3,0.008499210469739482,
1.6347869674185462,Cd_SU2,poly3,0.008501748251645999,
1.6805513784461157,Cd_SU2,poly3,0.008504417378638086,
1.7263157894736842,Cd_SU2,poly3,0.008507219237983775,
1.7720802005012537,Cd_SU2,poly3,0.008510155216951096,
1.8178446115288223,Cd_SU2,poly3,0.008513226702808081,
1.8636090225563908,Cd_SU2,poly3,0.008516435082822762,
1.9093734335839603,Cd_SU2,poly3,0.00851978174426317,
1.9551378446115288,Cd_SU2,poly3,0.00852326807439734,
2.0009022556390983,Cd_SU2,poly3,0.008526895460493301,
2.046666666666667,Cd_SU2,poly3,0.008530665289819085,
2.0924310776942354,Cd_SU2,poly3,0.008534578949642727,
2.138195488721805,Cd_SU2,poly3,0.008538637827232253,
2.1839598997493734,Cd_SU2,poly3,0.008542843309855701,
2.229724310776943,Cd_SU2,poly3,0.008547196784781098,
2.2754887218045114,Cd_SU2,poly3,0.008551699639276478,
2.32125313283208,Cd_SU2,poly3,0.008556353260609873,
2.3670175438596495,Cd_SU2,poly3,0.008561159036049315,
2.412781954887218,Cd_SU2,poly3,0.008566118352862835,
2.4585463659147875,Cd_SU2,poly3,0.008571232598318466,
2.504310776942356,Cd_SU2,poly3,0.008576503159684239,
2.5500751879699246,Cd_SU2,poly3,0.008581931424228185,
2.595839598997494,Cd_SU2,poly3,0.008587518779218338,
2.6416040100250626,Cd_SU2,poly3,0.008593266611922728,
2.687368421052632,Cd_SU2,poly3,0.008599176309609387,
2.7331328320802006,Cd_SU2,poly3,0.008605249259546349,
2.77889724310777,Cd_SU2,poly3,0.008611486849001641,
2.8246616541353387,Cd_SU2,poly3,0.0086178904652433,
2.870426065162907,Cd_SU2,poly3,0.008624461495539356,
2.9161904761904767,Cd_SU2,poly3,0.00863120132715784,
2.9619548872180452,Cd_SU2,poly3,0.008638111347366785,
3.0077192982456147,Cd_SU2,poly3,0.008645192943434223,
3.0534837092731832,Cd_SU2,poly3,0.008652447502628183,
3.099248120300752,Cd_SU2,poly3,0.0086598764122167,
3.1450125313283213,Cd_SU2,poly3,0.008667481059467807,
3.19077694235589,Cd_SU2,poly3,0.00867526283164953,
3.2365413533834593,Cd_SU2,poly3,0.008683223116029908,
3.282305764411028,Cd_SU2,poly3,0.008691363299876968,
3.3280701754385964,Cd_SU2,poly3,0.008699684770458743,
3.373834586466166,Cd_SU2,poly3,0.008708188915043266,
3.4195989974937344,Cd_SU2,poly3,0.008716877120898567,
3.465363408521304,Cd_SU2,poly3,0.008725750775292678,
3.5111278195488724,Cd_SU2,poly3,0.008734811265493633,
3.556892230576441,Cd_SU2,poly3,0.008744059978769463,
3.6026566416040104,Cd_SU2,poly3,0.008753498302388198,
3.648421052631579,Cd_SU2,poly3,0.008763127623617872,
3.6941854636591485,Cd_SU2,poly3,0.008772949329726516,
3.739949874686717,Cd_SU2,poly3,0.008782964807982161,
3.7857142857142856,Cd_SU2,poly3,0.008793175445652841,
3.831478696741855,Cd_SU2,poly3,0.008803582630006586,
3.8772431077694236,Cd_SU2,poly3,0.008814187748311428,
3.923007518796993,Cd_SU2,poly3,0.0088249921878354,
3.9687719298245616,Cd_SU2,poly3,0.008835997335846533,
4.014536340852131,Cd_SU2,poly3,0.008847204579612859,
4.060300751879699,Cd_SU2,poly3,0.008858615306402409,
4.106065162907268,Cd_SU2,poly3,0.008870230903483215,
4.151829573934838,Cd_SU2,poly3,0.00888205275812331,
4.197593984962407,Cd_SU2,poly3,0.008894082257590726,
4.243358395989975,Cd_SU2,poly3,0.008906320789153495,
4.289122807017544,Cd_SU2,poly3,0.008918769740079647,
4.334887218045114,Cd_SU2,poly3,0.008931430497637213,
4.380651629072681,Cd_SU2,poly3,0.008944304449094229,
4.426416040100251,Cd_SU2,poly3,0.008957392981718723,
4.47218045112782,Cd_SU2,poly3,0.00897069748277873,
4.517944862155388,Cd_SU2,poly3,0.00898421933954228,
4.563709273182957,Cd_SU2,poly3,0.008997959939277404,
4.609473684210527,Cd_SU2,poly3,0.009011920669252136,
4.655238095238096,Cd_SU2,poly3,0.009026102916734505,
4.701002506265664,Cd_SU2,poly3,0.009040508068992545,
4.746766917293233,Cd_SU2,poly3,0.009055137513294289,
4.792531328320803,Cd_SU2,poly3,0.009069992636907767,
4.8382957393483705,Cd_SU2,poly3,0.00908507482710101,
4.88406015037594,Cd_SU2,poly3,0.009100385471142051,
4.929824561403509,Cd_SU2,poly3,0.009115925956298922,
4.975588972431079,Cd_SU2,poly3,0.009131697669839655,
5.021353383458647,Cd_SU2,poly3,0.009147701999032282,
5.067117794486216,Cd_SU2,poly3,0.009163940331144834,
5.1128822055137855,Cd_SU2,poly3,0.009180414053445343,
5.158646616541353,Cd_SU2,poly3,0.00919712455320184,
5.204411027568923,Cd_SU2,poly3,0.00921407321768236,
5.250175438596492,Cd_SU2,poly3,0.009231261434154932,
5.29593984962406,Cd_SU2,poly3,0.009248690589887587,
5.341704260651629,Cd_SU2,poly3,0.009266362072148359,
5.387468671679199,Cd_SU2,poly3,0.00928427726820528,
5.433233082706768,Cd_SU2,poly3,0.009302437565326381,
5.478997493734336,Cd_SU2,poly3,0.009320844350779693,
5.524761904761905,Cd_SU2,poly3,0.009339499011833249,
5.570526315789475,Cd_SU2,poly3,0.009358402935755081,
5.616290726817042,Cd_SU2,poly3,0.009377557509813221,
5.662055137844612,Cd_SU2,poly3,0.0093969641212757,
5.707819548872181,Cd_SU2,poly3,0.00941662415741055,
5.753583959899749,Cd_SU2,poly3,0.009436539005485802,
5.799348370927318,Cd_SU2,poly3,0.00945671005276949,
5.845112781954888,Cd_SU2,poly3,0.009477138686529645,
5.890877192982457,Cd_SU2,poly3,0.009497826294034298,
5.936641604010025,Cd_SU2,poly3,0.009518774262551481,
5.982406015037594,Cd_SU2,poly3,0.009539983979349227,
6.028170426065164,Cd_SU2,poly3,0.009561456831695566,
6.0739348370927315,Cd_SU2,poly3,0.009583194206858532,
6.119699248120301,Cd_SU2,poly3,0.009605197492106156,
6.16546365914787,Cd_SU2,poly3,0.009627468074706469,
6.21122807017544,Cd_SU2,poly3,0.009650007341927502,
6.2569924812030076,Cd_SU2,poly3,0.00967281668103729,
6.302756892230577,Cd_SU2,poly3,0.009695897479303862,
6.3485213032581465,Cd_SU2,poly3,0.009719251123995251,
6.394285714285714,Cd_SU2,poly3,0.00974287900237949,
6.440050125313284,Cd_SU2,poly3,0.009766782501724608,
6.485814536340853,Cd_SU2,poly3,0.00979096300929864,
6.531578947368421,Cd_SU2,poly3,0.009815421912369615,
6.57734335839599,Cd_SU2,poly3,0.009840160598205567,
6.62310776942356,Cd_SU2,poly3,0.009865180454074527,
6.668872180451129,Cd_SU2,poly3,0.009890482867244529,
6.714636591478697,Cd_SU2,poly3,0.009916069224983599,
6.760401002506266,Cd_SU2,poly3,0.009941940914559775,
6.806165413533836,Cd_SU2,poly3,0.009968099323241086,
6.851929824561403,Cd_SU2,poly3,0.009994545838295562,
6.897694235588973,Cd_SU2,poly3,0.01002128184699124,
6.943458646616542,Cd_SU2,poly3,0.010048308736596148,
6.98922305764411,Cd_SU2,poly3,0.010075627894378316,
7.034987468671679,Cd_SU2,poly3,0.010103240707605782,
7.080751879699249,Cd_SU2,poly3,0.010131148563546575,
7.126516290726818,Cd_SU2,poly3,0.010159352849468724,
7.172280701754386,Cd_SU2,poly3,0.010187854952640263,
7.218045112781955,Cd_SU2,poly3,0.010216656260329226,
7.263809523809525,Cd_SU2,poly3,0.010245758159803643,
7.3095739348370925,Cd_SU2,poly3,0.010275162038331544,
7.355338345864662,Cd_SU2,poly3,0.010304869283180963,
7.401102756892231,Cd_SU2,poly3,0.010334881281619931,
7.446867167919799,Cd_SU2,poly3,0.01036519942091648,
7.4926315789473685,Cd_SU2,poly3,0.010395825088338643,
7.538395989974938,Cd_SU2,poly3,0.01042675967115445,
7.584160401002507,Cd_SU2,poly3,0.010458004556631935,
7.629924812030075,Cd_SU2,poly3,0.010489561132039128,
7.675689223057645,Cd_SU2,poly3,0.010521430784644062,
7.721453634085214,Cd_SU2,poly3,0.010553614901714766,
7.767218045112782,Cd_SU2,poly3,0.010586114870519275,
7.812982456140351,Cd_SU2,poly3,0.010618932078325621,
7.858746867167921,Cd_SU2,poly3,0.010652067912401836,
7.90451127819549,Cd_SU2,poly3,0.010685523760015948,
7.950275689223058,Cd_SU2,poly3,0.010719301008435992,
7.996040100250627,Cd_SU2,poly3,0.01075340104493,
8.041804511278198,Cd_SU2,poly3,0.010787825256766005,
8.087568922305763,Cd_SU2,poly3,0.010822575031212032,
8.133333333333333,Cd_SU2,poly3,0.010857651755536123,
8.179097744360902,Cd_SU2,poly3,0.010893056817006303,
8.224862155388472,Cd_SU2,poly3,0.010928791602890604,
8.270626566416041,Cd_SU2,poly3,0.010964857500457061,
8.31639097744361,Cd_SU2,poly3,0.011001255896973705,
8.36215538847118,Cd_SU2,poly3,0.011037988179708566,
8.407919799498746,Cd_SU2,poly3,0.011075055735929675,
8.453684210526315,Cd_SU2,poly3,0.011112459952905067,
8.499448621553885,Cd_SU2,poly3,0.011150202217902774,
8.545213032581454,Cd_SU2,poly3,0.011188283918190826,
8.590977443609024,Cd_SU2,poly3,0.011226706441037257,
8.636741854636593,Cd_SU2,poly3,0.011265471173710094,
8.68250626566416,Cd_SU2,poly3,0.011304579503477371,
8.728270676691729,Cd_SU2,poly3,0.011344032817607123,
8.774035087719298,Cd_SU2,poly3,0.01138383250336738,
8.819799498746868,Cd_SU2,poly3,0.011423979948026174,
8.865563909774437,Cd_SU2,poly3,0.011464476538851536,
8.911328320802006,Cd_SU2,poly3,0.011505323663111498,
8.957092731829576,Cd_SU2,poly3,0.011546522708074092,
9.002857142857142,Cd_SU2,poly3,0.011588075061007347,
9.048621553884711,Cd_SU2,poly3,0.011629982109179302,
9.09438596491228,Cd_SU2,poly3,0.011672245239857982,
9.14015037593985,Cd_SU2,poly3,0.011714865840311423,
9.18591478696742,Cd_SU2,poly3,0.011757845297807655,
9.231679197994989,Cd_SU2,poly3,0.01180118499961471,
9.277443609022558,Cd_SU2,poly3,0.01184488633300062,
9.323208020050124,Cd_SU2,poly3,0.011888950685233414,
9.368972431077694,Cd_SU2,poly3,0.011933379443581131,
9.414736842105263,Cd_SU2,poly3,0.011978173995311796,
9.460501253132833,Cd_SU2,poly3,0.012023335727693445,
9.506265664160402,Cd_SU2,poly3,0.012068866027994108,
9.552030075187972,Cd_SU2,poly3,0.012114766283481817,
9.597794486215541,Cd_SU2,poly3,0.012161037881424603,
9.643558897243107,Cd_SU2,poly3,0.012207682209090496,
9.689323308270676,Cd_SU2,poly3,0.012254700653747532,
9.735087719298246,Cd_SU2,poly3,0.012302094602663745,
9.780852130325815,Cd_SU2,poly3,0.01234986544310716,
9.826616541353385,Cd_SU2,poly3,0.012398014562345815,
9.872380952380954,Cd_SU2,poly3,0.012446543347647738,
9.91814536340852,Cd_SU2,poly3,0.012495453186280956,
9.96390977443609,Cd_SU2,poly3,0.012544745465513513,
10.009674185463659,Cd_SU2,poly3,0.012594421572613432,
10.055438596491229,Cd_SU2,poly3,0.01264448289484875,
10.101203007518798,Cd_SU2,poly3,0.012694930819487494,
10.146967418546367,Cd_SU2,poly3,0.012745766733797698,
10.192731829573937,Cd_SU2,poly3,0.012796992025047395,
10.238496240601503,Cd_SU2,poly3,0.012848608080504611,
10.284260651629072,Cd_SU2,poly3,0.012900616287437387,
10.330025062656642,Cd_SU2,poly3,0.01295301803311375,
10.375789473684211,Cd_SU2,poly3,0.013005814704801732,
10.42155388471178,Cd_SU2,poly3,0.013059007689769366,
10.46731829573935,Cd_SU2,poly3,0.013112598375284681,
10.51308270676692,Cd_SU2,poly3,0.013166588148615713,
10.558847117794485,Cd_SU2,poly3,0.013220978397030486,
10.604611528822055,Cd_SU2,poly3,0.013275770507797043,
10.650375939849624,Cd_SU2,poly3,0.013330965868183409,
10.696140350877194,Cd_SU2,poly3,0.013386565865457618,
10.741904761904763,Cd_SU2,poly3,0.013442571886887699,
10.787669172932333,Cd_SU2,poly3,0.013498985319741688,
10.833433583959902,Cd_SU2,poly3,0.013555807551287614,
10.879197994987468,Cd_SU2,poly3,0.013613039968793504,
10.924962406015037,Cd_SU2,poly3,0.013670683959527401,
10.970726817042607,Cd_SU2,poly3,0.01372874091075733,
11.016491228070176,Cd_SU2,poly3,0.013787212209751326,
11.062255639097746,Cd_SU2,poly3,0.013846099243777417,
11.108020050125315,Cd_SU2,poly3,0.013905403400103638,
11.153784461152881,Cd_SU2,poly3,0.013965126065998014,
11.19954887218045,Cd_SU2,poly3,0.014025268628728587,
11.24531328320802,Cd_SU2,poly3,0.014085832475563387,
11.29107769423559,Cd_SU2,poly3,0.01414681899377044,
11.336842105263159,Cd_SU2,poly3,0.014208229570617781,
11.382606516290728,Cd_SU2,poly3,0.014270065593373443,
11.428370927318298,Cd_SU2,poly3,0.014332328449305456,
11.474135338345864,Cd_SU2,poly3,0.014395019525681847,
11.519899749373433,Cd_SU2,poly3,0.01445814020977066,
11.565664160401003,Cd_SU2,poly3,0.014521691888839918,
11.611428571428572,Cd_SU2,poly3,0.014585675950157657,
11.657192982456142,Cd_SU2,poly3,0.014650093780991906,
11.702957393483711,Cd_SU2,poly3,0.014714946768610697,
11.74872180451128,Cd_SU2,poly3,0.014780236300282062,
11.794486215538846,Cd_SU2,poly3,0.014845963763274031,
11.840250626566416,Cd_SU2,poly3,0.01491213054485464,
11.886015037593985,Cd_SU2,poly3,0.014978738032291921,
11.931779448621555,Cd_SU2,poly3,0.015045787612853904,
11.977543859649124,Cd_SU2,poly3,0.01511328067380862,
12.023308270676694,Cd_SU2,poly3,0.0151812186024241,
12.069072681704263,Cd_SU2,poly3,0.015249602785968382,
12.114837092731833,Cd_SU2,poly3,0.01531843461170949,
12.160601503759398,Cd_SU2,poly3,0.015387715466915454,
12.206365914786968,Cd_SU2,poly3,0.015457446738854318,
12.252130325814537,Cd_SU2,poly3,0.015527629814794105,
12.297894736842107,Cd_SU2,poly3,0.015598266082002848,
12.343659147869676,Cd_SU2,poly3,0.01566935692774858,
12.389423558897246,Cd_SU2,poly3,0.015740903739299334,
12.435187969924815,Cd_SU2,poly3,0.01581290790392314,
12.480952380952381,Cd_SU2,poly3,0.015885370808888022,
12.52671679197995,Cd_SU2,poly3,0.015958293841462027,
12.57248120300752,Cd_SU2,poly3,0.01603167838891318,
12.61824561403509,Cd_SU2,poly3,0.016105525838509514,
12.664010025062659,Cd_SU2,poly3,0.016179837577519056,
12.709774436090228,Cd_SU2,poly3,0.01625461499320984,
12.755538847117798,Cd_SU2,poly3,0.016329859472849904,
12.801303258145364,Cd_SU2,poly3,0.01640557240370727,
12.847067669172933,Cd_SU2,poly3,0.016481755173049978,
12.892832080200503,Cd_SU2,poly3,0.016558409168146052,
12.938596491228072,Cd_SU2,poly3,0.016635535776263536,
12.984360902255641,Cd_SU2,poly3,0.01671313638467045,
13.03012531328321,Cd_SU2,poly3,0.016791212380634832,
13.075889724310777,Cd_SU2,poly3,0.016869765151424704,
13.121654135338346,Cd_SU2,poly3,0.01694879608430811,
13.167418546365916,Cd_SU2,poly3,0.017028306566553082,
13.213182957393485,Cd_SU2,poly3,0.017108297985427647,
13.258947368421055,Cd_SU2,poly3,0.01718877172819984,
13.304711779448624,Cd_SU2,poly3,0.017269729182137684,
13.350476190476193,Cd_SU2,poly3,0.01735117173450922,
13.39624060150376,Cd_SU2,poly3,0.01743310077258247,
13.442005012531329,Cd_SU2,poly3,0.01751551768362548,
13.487769423558898,Cd_SU2,poly3,0.017598423854906273,
13.533533834586468,Cd_SU2,poly3,0.017681820673692887,
13.579298245614037,Cd_SU2,poly3,0.017765709527253343,
13.625062656641607,Cd_SU2,poly3,0.017850091802855683,
13.670827067669176,Cd_SU2,poly3,0.01793496888776793,
13.716591478696742,Cd_SU2,poly3,0.018020342169258123,
13.762355889724311,Cd_SU2,poly3,0.018106213034594296,
13.808120300751881,Cd_SU2,poly3,0.01819258287104447,
13.85388471177945,Cd_SU2,poly3,0.018279453065876687,
13.89964912280702,Cd_SU2,poly3,0.018366825006358976,
13.94541353383459,Cd_SU2,poly3,0.01845470007975937,
13.991177944862159,Cd_SU2,poly3,0.018543079673345893,
14.036942355889725,Cd_SU2,poly3,0.018631965174386582,
14.082706766917294,Cd_SU2,poly3,0.01872135797014947,
14.128471177944864,Cd_SU2,poly3,0.018811259447902594,
14.174235588972433,Cd_SU2,poly3,0.018901670994913976,
14.22,Cd_SU2,poly3,0.018992593998451653,
-4.04,Cd_SU2,gpr_matern,0.008797000064446477,5.026743787477651e-07
-3.994235588972431,Cd_SU2,gpr_matern,0.008790322324362405,3.4334870060164925e-06
-3.948471177944862,Cd_SU2,gpr_matern,0.008783671787597789,6.59532413156084e-06
-3.9027067669172935,Cd_SU2,gpr_matern,0.008777048986575924,9.55227664864335e-06
-3.8569423558897244,Cd_SU2,gpr_matern,0.008770454462526757,1.2297184296207206e-05
-3.8111779448621554,Cd_SU2,gpr_matern,0.008763888767321735,1.48302451392768e-05
-3.7654135338345864,Cd_SU2,gpr_matern,0.008757352465408619,1.7153123433181336e-05
-3.7196491228070174,Cd_SU2,gpr_matern,0.008750846135710845,1.9268094873912755e-05
-3.673884711779449,Cd_SU2,gpr_matern,0.00874437037349138,2.117782926344351e-05
-3.62812030075188,Cd_SU2,gpr_matern,0.008737925792303678,2.2885315298134646e-05
-3.582355889724311,Cd_SU2,gpr_matern,0.008731513025832978,2.439382804508555e-05
-3.536591478696742,Cd_SU2,gpr_matern,0.008725132729853691,2.57069119074205e-05
-3.490827067669173,Cd_SU2,gpr_matern,0.008718785584096507,2.6828369961643475e-05
-3.4450626566416043,Cd_SU2,gpr_matern,0.008712472294167082,2.7762256239886364e-05
-3.399298245614035,Cd_SU2,gpr_matern,0.008706193593458292,2.8512869379607232e-05
-3.3535338345864663,Cd_SU2,gpr_matern,0.008699950245046347,2.9084746969031515e-05
-3.3077694235588972,Cd_SU2,gpr_matern,0.008693743043609491,2.9482660209794098e-05
-3.2620050125313282,Cd_SU2,gpr_matern,0.008687572817333792,2.971160871499263e-05
-3.2162406015037597,Cd_SU2,gpr_matern,0.008681440429844745,2.9776815323125895e-05
-3.1704761904761902,Cd_SU2,gpr_matern,0.008675346782109834,2.9683720867499492e-05
-3.1247117794486217,Cd_SU2,gpr_matern,0.00866929281436046,2.9437978826476974e-05
-3.0789473684210527,Cd_SU2,gpr_matern,0.0086632795080332,2.9045449886134484e-05
-3.0331829573934836,Cd_SU2,gpr_matern,0.008657307887665935,2.85121963245251e-05
-2.987418546365915,Cd_SU2,gpr_matern,0.008651379022852013,2.7844476268199798e-05
-2.9416541353383456,Cd_SU2,gpr_matern,0.00864549403014605,2.704873776450988e-05
-2.895889724310777,Cd_SU2,gpr_matern,0.008639654075053562,2.613161271364312e-05
-2.850125313283208,Cd_SU2,gpr_matern,0.008633860373904517,2.509991064171281e-05
-2.804360902255639,Cd_SU2,gpr_matern,0.008628114195842973,2.3960612334026286e-05
-2.75859649122807,Cd_SU2,gpr_matern,0.00862241686475545,2.272086343725418e-05
-2.712832080200501,Cd_SU2,gpr_matern,0.008616769761179944,2.1387967977558504e-05
-2.6670676691729325,Cd_SU2,gpr_matern,0.008611174324385858,1.9969382105014985e-05
-2.6213032581453635,Cd_SU2,gpr_matern,0.008605632054183066,1.847270816392953e-05
-2.5755388471177945,Cd_SU2,gpr_matern,0.008600144512969586,1.6905689707263837e-05
-2.5297744360902255,Cd_SU2,gpr_matern,0.008594713327685747,1.5276208221213933e-05
-2.4840100250626564,Cd_SU2,gpr_matern,0.00858934019179416,1.35922836679181e-05
-2.438245614035088,Cd_SU2,gpr_matern,0.008584026867191953,1.1862082890381854e-05
-2.392481203007519,Cd_SU2,gpr_matern,0.008578775186322963,1.0093946526201604e-05
-2.34671679197995,Cd_SU2,gpr_matern,0.008573587054031915,8.296462977063449e-06
-2.300952380952381,Cd_SU2,gpr_matern,0.00856846444960568,6.478683160880244e-06
-2.255187969924812,Cd_SU2,gpr_matern,0.008563409428795141,4.650863537342902e-06
-2.2094235588972433,Cd_SU2,gpr_matern,0.008558424125795164,2.828111430000085e-06
-2.163659147869674,Cd_SU2,gpr_matern,0.008553510755243915,1.0713015084539743e-06
-2.1178947368421053,Cd_SU2,gpr_matern,0.008548671614251182,1.012516395770716e-06
-2.0721303258145363,Cd_SU2,gpr_matern,0.008543909083749537,2.7300088928994768e-06
-2.0263659147869673,Cd_SU2,gpr_matern,0.008539225625101949,4.487200619967867e-06
-1.9806015037593983,Cd_SU2,gpr_matern,0.008534623771717563,6.2183112782065726e-06
-1.9348370927318297,Cd_SU2,gpr_matern,0.008530106120022566,7.908880294508299e-06
-1.8890726817042607,Cd_SU2,gpr_matern,0.008525675320376198,9.549913140050776e-06
-1.8433082706766917,Cd_SU2,gpr_matern,0.008521334067986787,1.113398947306203e-05
-1.7975438596491227,Cd_SU2,gpr_matern,0.008517085093882602,1.265447866941073e-05
-1.7517794486215537,Cd_SU2,gpr_matern,0.00851293115584722,1.4105310765172587e-05
-1.706015037593985,Cd_SU2,gpr_matern,0.008508875029351683,1.5480894081706787e-05
-1.660250626566416,Cd_SU2,gpr_matern,0.008504919498528569,1.67760816439944e-05
-1.614486215538847,Cd_SU2,gpr_matern,0.008501067347046101,1.7986156368683633e-05
-1.568721804511278,Cd_SU2,gpr_matern,0.008497321349159611,1.9106824506650345e-05
-1.522957393483709,Cd_SU2,gpr_matern,0.008493684260563072,2.0134212683335523e-05
-1.47719298245614,Cd_SU2,gpr_matern,0.00849015880938575,2.1064866738550567e-05
-1.4314285714285715,Cd_SU2,gpr_matern,0.008486747687117895,2.1895751282330095e-05
-1.3856641604010025,Cd_SU2,gpr_matern,0.008483453539513883,2.2624249511651597e-05
-1.3398997493734335,Cd_SU2,gpr_matern,0.008480278957604979,2.3248163018493322e-05
-1.2941353383458645,Cd_SU2,gpr_matern,0.008477226468557319,2.3765711380156547e-05
-1.2483709273182955,Cd_SU2,gpr_matern,0.008474298526626636,2.4175531487234118e-05
-1.202606516290727,Cd_SU2,gpr_matern,0.008471497504071066,2.4476676488947587e-05
-1.156842105263158,Cd_SU2,gpr_matern,0.008468825682070396,2.4668614393483394e-05
-1.1110776942355889,Cd_SU2,gpr_matern,0.008466285241606626,2.4751226184500072e-05
-1.0653132832080199,Cd_SU2,gpr_matern,0.008463878254421912,2.4724803547426334e-05
-1.0195488721804509,Cd_SU2,gpr_matern,0.008461606673834636,2.4590046096404827e-05
-0.9737844611528823,Cd_SU2,gpr_matern,0.008459472325677998,2.4348058147374544e-05
-0.9280200501253133,Cd_SU2,gpr_matern,0.008457476899138658,2.4000345015645577e-05
-0.8822556390977443,Cd_SU2,gpr_matern,0.008455621937634066,2.3548808826183983e-05
-0.8364912280701753,Cd_SU2,gpr_matern,0.008453908829660774,2.2995743801573287e-05
-0.7907268170426063,Cd_SU2,gpr_matern,0.008452338799613716,2.2343831117380687e-05
-0.7449624060150377,Cd_SU2,gpr_matern,0.00845091289865065,2.1596133270643244e-05
-0.6991979949874687,Cd_SU2,gpr_matern,0.00844963199547274,2.0756087942413347e-05
-0.6534335839598997,Cd_SU2,gpr_matern,0.008448496767143848,1.9827501513418452e-05
-0.6076691729323307,Cd_SU2,gpr_matern,0.008447507689864681,1.8814542161444025e-05
-0.5619047619047617,Cd_SU2,gpr_matern,0.008446665029724347,1.7721732736893864e-05
-0.5161403508771927,Cd_SU2,gpr_matern,0.008445968833516426,1.655394356444469e-05
-0.4703759398496241,Cd_SU2,gpr_matern,0.008445418919413146,1.5316385535850532e-05
-0.4246115288220551,Cd_SU2,gpr_matern,0.008445014867716944,1.4014604089718166e-05
-0.3788471177944861,Cd_SU2,gpr_matern,0.008444756011570128,1.2654475433005735e-05
-0.3330827067669171,Cd_SU2,gpr_matern,0.008444641427616136,1.1242207531006262e-05
-0.2873182957393481,Cd_SU2,gpr_matern,0.008444669926676952,9.784352007536485e-06
-0.24155388471177952,Cd_SU2,gpr_matern,0.008444840044411147,8.287841880877696e-06
-0.1957894736842105,Cd_SU2,gpr_matern,0.00844515003193647,6.760098327707327e-06
-0.1500250626566415,Cd_SU2,gpr_matern,0.00844559784642017,5.209353133865231e-06
-0.1042606516290725,Cd_SU2,gpr_matern,0.008446181141659667,3.645838907546635e-06
-0.05849624060150349,Cd_SU2,gpr_matern,0.008446897258682553,2.088389044217047e-06
-0.012731829573934483,Cd_SU2,gpr_matern,0.00844774321624341,6.686002774985519e-07
0.03303258145363408,Cd_SU2,gpr_matern,0.008448715701398024,1.2452853163990078e-06
0.07879699248120353,Cd_SU2,gpr_matern,0.008449811064124586,2.751703942601394e-06
0.1245614035087721,Cd_SU2,gpr_matern,0.008451025329783923,4.279134116103104e-06
0.17032581453634066,Cd_SU2,gpr_matern,0.008452354223453064,5.785938918483193e-06
0.2160902255639101,Cd_SU2,gpr_matern,0.008453793195222988,7.259226967795702e-06
0.2618546365914787,Cd_SU2,gpr_matern,0.008455337445489925,8.690339492630751e-06
0.3076190476190481,Cd_SU2,gpr_matern,0.008456981950214406,1.0071974583312573e-05
0.3533834586466167,Cd_SU2,gpr_matern,0.008458721486199665,1.1397540646267662e-05
0.39914786967418525,Cd_SU2,gpr_matern,0.008460550656270079,1.2660959720484665e-05
0.4449122807017547,Cd_SU2,gpr_matern,0.008462463914536663,1.3856597617419062e-05
0.49067669172932327,Cd_SU2,gpr_matern,0.008464455591601309,1.4979237964067271e-05
0.5364411027568927,Cd_SU2,gpr_matern,0.008466519919741667,1.6024073519854143e-05
0.5822055137844613,Cd_SU2,gpr_matern,0.008468651058121826,1.6986704969061073e-05
0.6279699248120298,Cd_SU2,gpr_matern,0.00847084311798043,1.7863142973263062e-05
0.6737343358395993,Cd_SU2,gpr_matern,0.008473090187783309,1.8649811634326087e-05
0.7194987468671679,Cd_SU2,gpr_matern,0.008475386358456736,1.93435523804034e-05
0.7652631578947373,Cd_SU2,gpr_matern,0.008477725748530396,1.994162783404883e-05
0.8110275689223059,Cd_SU2,gpr_matern,0.008480102529312588,2.0441725351309527e-05
0.8567919799498744,Cd_SU2,gpr_matern,0.00848251095016541,2.0841960083527127e-05
0.9025563909774439,Cd_SU2,gpr_matern,0.008484945363560644,2.1140877505866057e-05
0.9483208020050125,Cd_SU2,gpr_matern,0.008487400250412993,2.1337455259081738e-05
0.9940852130325819,Cd_SU2,gpr_matern,0.00848987024518756,2.1431104426313847e-05
1.0398496240601505,Cd_SU2,gpr_matern,0.008492350161194375,2.1421670057954292e-05
1.08561403508772,Cd_SU2,gpr_matern,0.008494835015792632,2.1309431017684484e-05
1.1313784461152885,Cd_SU2,gpr_matern,0.008497320055636843,2.109509913952468e-05
1.177142857142857,Cd_SU2,gpr_matern,0.008499800781942334,2.0779817685700107e-05
1.2229072681704265,Cd_SU2,gpr_matern,0.008502272975792674,2.036515905025562e-05
1.268671679197995,Cd_SU2,gpr_matern,0.008504732723418073,1.9853121834242437e-05
1.3144360902255645,Cd_SU2,gpr_matern,0.008507176441528607,1.924612718295506e-05
1.360200501253133,Cd_SU2,gpr_matern,0.008509600902682907,1.854701448726226e-05
1.4059649122807016,Cd_SU2,gpr_matern,0.008512003260663295,1.775903646930458e-05
1.451729323308271,Cd_SU2,gpr_matern,0.008514381075847718,1.688585374629071e-05
1.4974937343358397,Cd_SU2,gpr_matern,0.008516732340678387,1.593152895584316e-05
1.543258145363409,Cd_SU2,gpr_matern,0.008519055505127224,1.4900520750812204e-05
1.5890225563909777,Cd_SU2,gpr_matern,0.008521349502183861,1.3797677998844168e-05
1.6347869674185462,Cd_SU2,gpr_matern,0.008523613773401698,1.2628235031854288e-05
1.6805513784461157,Cd_SU2,gpr_matern,0.008525848294447165,1.1397809495547308e-05
1.7263157894736842,Cd_SU2,gpr_matern,0.00852805360076188,1.0112406062541782e-05
1.7720802005012537,Cd_SU2,gpr_matern,0.008530230813131258,8.778433847882653e-06
1.8178446115288223,Cd_SU2,gpr_matern,0.008532381663507893,7.402756944234841e-06
1.8636090225563908,Cd_SU2,gpr_matern,0.008534508520599528,5.99283650881591e-06
1.9093734335839603,Cd_SU2,gpr_matern,0.008536614415785949,4.5571706948603025e-06
1.9551378446115288,Cd_SU2,gpr_matern,0.008538703068868182,3.1070175470953745e-06
2.0009022556390983,Cd_SU2,gpr_matern,0.008540778914011197,1.6672212164326718e-06
2.046666666666667,Cd_SU2,gpr_matern,0.008542847125622088,5.141492216573464e-07
2.0924310776942354,Cd_SU2,gpr_matern,0.008544913644044472,1.4597797541856849e-06
2.138195488721805,Cd_SU2,gpr_matern,0.008546985188289578,2.8818941406618e-06
2.1839598997493734,Cd_SU2,gpr_matern,0.008549069231609188,4.315002381498206e-06
2.229724310776943,Cd_SU2,gpr_matern,0.008551173959967965,5.728626012656508e-06
2.2754887218045114,Cd_SU2,gpr_matern,0.008553308229951494,7.110839536711596e-06
2.32125313283208,Cd_SU2,gpr_matern,0.0085554815265163,8.453083162474603e-06
2.3670175438596495,Cd_SU2,gpr_matern,0.008557703920994607,9.747994789664996e-06
2.412781954887218,Cd_SU2,gpr_matern,0.00855998602898948,1.098888215934342e-05
2.4585463659147875,Cd_SU2,gpr_matern,0.00856233896835056,1.2169556103775394e-05
2.504310776942356,Cd_SU2,gpr_matern,0.008564774317233665,1.3284271040491361e-05
2.5500751879699246,Cd_SU2,gpr_matern,0.008567304072144242,1.432770350212639e-05
2.595839598997494,Cd_SU2,gpr_matern,0.008569940606000193,1.52949462410665e-05
2.6416040100250626,Cd_SU2,gpr_matern,0.008572696626281743,1.6181508786658593e-05
2.687368421052632,Cd_SU2,gpr_matern,0.008575585133145864,1.698332103511055e-05
2.7331328320802006,Cd_SU2,gpr_matern,0.008578619377611611,1.7696737897086148e-05
2.77889724310777,Cd_SU2,gpr_matern,0.008581812819703565,1.8318544246257206e-05
2.8246616541353387,Cd_SU2,gpr_matern,0.00858517908669522,1.88459597274713e-05
2.870426065162907,Cd_SU2,gpr_matern,0.008588731931229852,1.92766430934849e-05
2.9161904761904767,Cd_SU2,gpr_matern,0.008592485189621947,1.9608695947312447e-05
2.9619548872180452,Cd_SU2,gpr_matern,0.008596452740042566,1.9840665888853334e-05
3.0077192982456147,Cd_SU2,gpr_matern,0.008600648460720815,1.997154888281792e-05
3.0534837092731832,Cd_SU2,gpr_matern,0.008605086188206582,2.0000790896209267e-05
3.099248120300752,Cd_SU2,gpr_matern,0.008609779675523656,1.9928288790211735e-05
3.1450125313283213,Cd_SU2,gpr_matern,0.008614742550480833,1.975439042578173e-05
3.19077694235589,Cd_SU2,gpr_matern,0.008619988273783102,1.947989397158197e-05
3.2365413533834593,Cd_SU2,gpr_matern,0.0086255300972557,1.9106046486292727e-05
3.282305764411028,Cd_SU2,gpr_matern,0.008631381022013322,1.863454168364157e-05
3.3280701754385964,Cd_SU2,gpr_matern,0.008637553756639051,1.806751701147714e-05
3.373834586466166,Cd_SU2,gpr_matern,0.008644060675260043,1.7407550000732984e-05
3.4195989974937344,Cd_SU2,gpr_matern,0.008650913775716772,1.6657653948667685e-05
3.465363408521304,Cd_SU2,gpr_matern,0.008658124637600047,1.582127313461032e-05
3.5111278195488724,Cd_SU2,gpr_matern,0.008665704380342835,1.4902277603631396e-05
3.556892230576441,Cd_SU2,gpr_matern,0.008673663621163771,1.3904957945288971e-05
3.6026566416040104,Cd_SU2,gpr_matern,0.008682012433088053,1.2834020611442364e-05
3.648421052631579,Cd_SU2,gpr_matern,0.008690760302923173,1.1694584862817343e-05
3.6941854636591485,Cd_SU2,gpr_matern,0.008699916089060553,1.0492183739676196e-05
3.739949874686717,Cd_SU2,gpr_matern,0.008709487979393221,9.232774010624092e-06
3.7857142857142856,Cd_SU2,gpr_matern,0.008719483449072305,7.922767695429782e-06
3.831478696741855,Cd_SU2,gpr_matern,0.00872990921826993,6.569118827533391e-06
3.8772431077694236,Cd_SU2,gpr_matern,0.008740771209851849,5.179575192206628e-06
3.923007518796993,Cd_SU2,gpr_matern,0.008752074507024275,3.7635399980195195e-06
3.9687719298245616,Cd_SU2,gpr_matern,0.008763823310858166,2.336184444722528e-06
4.014536340852131,Cd_SU2,gpr_matern,0.00877602089785866,9.600038728484494e-07
4.060300751879699,Cd_SU2,gpr_matern,0.008788669577341025,8.239322490548398e-07
4.106065162907268,Cd_SU2,gpr_matern,0.008801770653192207,2.1810951575970658e-06
4.151829573934838,Cd_SU2,gpr_matern,0.008815324420633234,3.617713361376955e-06
4.197593984962407,Cd_SU2,gpr_matern,0.008829330201884356,5.050731824769404e-06
4.243358395989975,Cd_SU2,gpr_matern,0.00884378638798293,6.463440455925619e-06
4.289122807017544,Cd_SU2,gpr_matern,0.008858690480549691,7.846034150434016e-06
4.334887218045114,Cd_SU2,gpr_matern,0.008874039133509884,9.190539057133537e-06
4.380651629072681,Cd_SU2,gpr_matern,0.008889828194704758,1.048980607158574e-05
4.426416040100251,Cd_SU2,gpr_matern,0.008906052747528858,1.1737225079935253e-05
4.47218045112782,Cd_SU2,gpr_matern,0.008922707152451217,1.2926627737982132e-05
4.517944862155388,Cd_SU2,gpr_matern,0.008939785088446273,1.4052252497704533e-05
4.563709273182957,Cd_SU2,gpr_matern,0.008957279594482823,1.5108733319844332e-05
4.609473684210527,Cd_SU2,gpr_matern,0.00897518311087108,1.6091098379812464e-05
4.655238095238096,Cd_SU2,gpr_matern,0.008993487520609755,1.699477315251607e-05
4.701002506265664,Cd_SU2,gpr_matern,0.009012184190662166,1.78155853712987e-05
4.746766917293233,Cd_SU2,gpr_matern,0.00903126401322592,1.8549770555310048e-05
4.792531328320803,Cd_SU2,gpr_matern,0.009050717446957441,1.9193977672619468e-05
4.8382957393483705,Cd_SU2,gpr_matern,0.009070534558125556,1.974527438095954e-05
4.88406015037594,Cd_SU2,gpr_matern,0.009090705061823117,2.0201151837300835e-05
4.929824561403509,Cd_SU2,gpr_matern,0.009111218363062553,2.0559528839104633e-05
4.975588972431079,Cd_SU2,gpr_matern,0.009132063597877852,2.0818755355574146e-05
5.021353383458647,Cd_SU2,gpr_matern,0.009153229674426552,2.097761526206992e-05
5.067117794486216,Cd_SU2,gpr_matern,0.009174705314072383,2.1035328410021357e-05
5.1128822055137855,Cd_SU2,gpr_matern,0.009196479092409867,2.0991551863798646e-05
5.158646616541353,Cd_SU2,gpr_matern,0.009218539480346956,2.0846380443203077e-05
5.204411027568923,Cd_SU2,gpr_matern,0.009240874885097387,2.0600346475042978e-05
5.250175438596492,Cd_SU2,gpr_matern,0.009263473691237518,2.025441876326941e-05
5.29593984962406,Cd_SU2,gpr_matern,0.009286324301750283,1.9810000848380934e-05
5.341704260651629,Cd_SU2,gpr_matern,0.009309415179049782,1.9268928514171792e-05
5.387468671679199,Cd_SU2,gpr_matern,0.009332734885934935,1.8633466524129182e-05
5.433233082706768,Cd_SU2,gpr_matern,0.009356272126801122,1.7906304801836126e-05
5.478997493734336,Cd_SU2,gpr_matern,0.009380015788497079,1.709055388484321e-05
5.524761904761905,Cd_SU2,gpr_matern,0.009403954981536542,1.6189739953035267e-05
5.570526315789475,Cd_SU2,gpr_matern,0.009428079081109937,1.5207799548256769e-05
5.616290726817042,Cd_SU2,gpr_matern,0.009452377768167028,1.4149074344703826e-05
5.662055137844612,Cd_SU2,gpr_matern,0.009476841070602742,1.3018306540418427e-05
5.707819548872181,Cd_SU2,gpr_matern,0.009501459404346267,1.1820636317839993e-05
5.753583959899749,Cd_SU2,gpr_matern,0.009526223614553325,1.056160374696968e-05
5.799348370927318,Cd_SU2,gpr_matern,0.009551125016811365,9.247161194506783e-06
5.845112781954888,Cd_SU2,gpr_matern,0.009576155438370529,7.883710811415965e-06
5.890877192982457,Cd_SU2,gpr_matern,0.009601307259439126,6.478208420697588e-06
5.936641604010025,Cd_SU2,gpr_matern,0.009626573454479112,5.0384724703953615e-06
5.982406015037594,Cd_SU2,gpr_matern,0.00965194763358539,3.574299241346759e-06
6.028170426065164,Cd_SU2,gpr_matern,0.00967742408385224,2.1033769180697256e-06
6.0739348370927315,Cd_SU2,gpr_matern,0.009702997810900955,7.319189621125553e-07
6.119699248120301,Cd_SU2,gpr_matern,0.009728664580207574,1.1054329041185395e-06
6.16546365914787,Cd_SU2,gpr_matern,0.00975442095176836,2.5491373951630323e-06
6.21122807017544,Cd_SU2,gpr_matern,0.00978026427897762,4.035178094757704e-06
6.2569924812030076,Cd_SU2,gpr_matern,0.009806192680501891,5.513829066321583e-06
6.302756892230577,Cd_SU2,gpr_matern,0.009832205009593718,6.97122213855626e-06
6.3485213032581465,Cd_SU2,gpr_matern,0.009858300823276453,8.398339881084902e-06
6.394285714285714,Cd_SU2,gpr_matern,0.009884480351780573,9.787624432989063e-06
6.440050125313284,Cd_SU2,gpr_matern,0.009910744467870365,1.1132238090829949e-05
6.485814536340853,Cd_SU2,gpr_matern,0.009937094656312484,1.2425843192576803e-05
6.531578947368421,Cd_SU2,gpr_matern,0.009963532983325186,1.3662525436429483e-05
6.57734335839599,Cd_SU2,gpr_matern,0.00999006206613072,1.483676632264087e-05
6.62310776942356,Cd_SU2,gpr_matern,0.010016685042520655,1.5943434774706058e-05
6.668872180451129,Cd_SU2,gpr_matern,0.010043405540401824,1.6977786881370118e-05
6.714636591478697,Cd_SU2,gpr_matern,0.010070227647522877,1.7935469187525962e-05
6.760401002506266,Cd_SU2,gpr_matern,0.010097155881052486,1.881252351629435e-05
6.806165413533836,Cd_SU2,gpr_matern,0.010124195157357482,1.9605392178470616e-05
6.851929824561403,Cd_SU2,gpr_matern,0.010151350761671351,2.0310923116080907e-05
6.897694235588973,Cd_SU2,gpr_matern,0.010178628317885277,2.092637472549447e-05
6.943458646616542,Cd_SU2,gpr_matern,0.010206033758319827,2.1449420055451435e-05
6.98922305764411,Cd_SU2,gpr_matern,0.010233573293535338,2.1878150445273172e-05
7.034987468671679,Cd_SU2,gpr_matern,0.0102612533821423,2.221107841662672e-05
7.080751879699249,Cd_SU2,gpr_matern,0.010289080700669787,2.2447139866095394e-05
7.126516290726818,Cd_SU2,gpr_matern,0.010317062113356496,2.2585695461306245e-05
7.172280701754386,Cd_SU2,gpr_matern,0.010345204642128816,2.2626531290546378e-05
7.218045112781955,Cd_SU2,gpr_matern,0.01037351543636606,2.2569858720285977e-05
7.263809523809525,Cd_SU2,gpr_matern,0.010402001742884996,2.2416313429626996e-05
7.3095739348370925,Cd_SU2,gpr_matern,0.010430670875788924,2.2166953667814976e-05
7.355338345864662,Cd_SU2,gpr_matern,0.010459530186361895,2.1823257697249987e-05
7.401102756892231,Cd_SU2,gpr_matern,0.010488587033014547,2.1387120397204834e-05
7.446867167919799,Cd_SU2,gpr_matern,0.010517848751152527,2.0860849081873994e-05
7.4926315789473685,Cd_SU2,gpr_matern,0.010547322623102966,2.024715850307375e-05
7.538395989974938,Cd_SU2,gpr_matern,0.010577015847995811,1.9549164977981267e-05
7.584160401002507,Cd_SU2,gpr_matern,0.010606935511645144,1.8770379845064427e-05
7.629924812030075,Cd_SU2,gpr_matern,0.010637088556488572,1.7914702039495973e-05
7.675689223057645,Cd_SU2,gpr_matern,0.010667481751391145,1.698641001290122e-05
7.721453634085214,Cd_SU2,gpr_matern,0.010698121661533147,1.599015306230618e-05
7.767218045112782,Cd_SU2,gpr_matern,0.01072901461825917,1.4930942151696684e-05
7.812982456140351,Cd_SU2,gpr_matern,0.010760166688914299,1.3814140695710738e-05
7.858746867167921,Cd_SU2,gpr_matern,0.010791583646615805,1.2645455804874276e-05
7.90451127819549,Cd_SU2,gpr_matern,0.010823270940063523,1.1430931129954318e-05
7.950275689223058,Cd_SU2,gpr_matern,0.010855233663305097,1.0176943792610052e-05
7.996040100250627,Cd_SU2,gpr_matern,0.010887476525443172,8.890210713568355e-06
8.041804511278198,Cd_SU2,gpr_matern,0.010920003820361937,7.577816840870453e-06
8.087568922305763,Cd_SU2,gpr_matern,0.010952819396395629,6.247300140872045e-06
8.133333333333333,Cd_SU2,gpr_matern,0.010985926625990574,4.9069024670149045e-06
8.179097744360902,Cd_SU2,gpr_matern,0.011019328375257601,3.5664192258982645e-06
8.224862155388472,Cd_SU2,gpr_matern,0.011053026973588946,2.2410924341300745e-06
8.270626566416041,Cd_SU2,gpr_matern,0.011087024183171965,9.86257309956949e-07
8.31639097744361,Cd_SU2,gpr_matern,0.011121321168496392,6.864207147562604e-07
8.36215538847118,Cd_SU2,gpr_matern,0.01115591846889283,1.826347696303616e-06
8.407919799498746,Cd_SU2,gpr_matern,0.011190816002221788,3.050425382493855e-06
8.453684210526315,Cd_SU2,gpr_matern,0.011226013108716683,4.248622463099962e-06
8.499448621553885,Cd_SU2,gpr_matern,0.011261508602553177,5.4024974499078295e-06
8.545213032581454,Cd_SU2,gpr_matern,0.011297300823502394,6.502589253079763e-06
8.590977443609024,Cd_SU2,gpr_matern,0.011333387688455118,7.5418307898836325e-06
8.636741854636593,Cd_SU2,gpr_matern,0.011369766743004052,8.514285845916163e-06
8.68250626566416,Cd_SU2,gpr_matern,0.011406435212955136,9.414794506400296e-06
8.728270676691729,Cd_SU2,gpr_matern,0.011443390055793704,1.0238851158300985e-05
8.774035087719298,Cd_SU2,gpr_matern,0.01148062801219581,1.0982557884042039e-05
8.819799498746868,Cd_SU2,gpr_matern,0.011518145657475031,1.1642605864490067e-05
8.865563909774437,Cd_SU2,gpr_matern,0.011555939453009945,1.2216268471213833e-05
8.911328320802006,Cd_SU2,gpr_matern,0.01159400579767805,1.270139894635727e-05
8.957092731829576,Cd_SU2,gpr_matern,0.011632341079328383,1.3096429905942369e-05
9.002857142857142,Cd_SU2,gpr_matern,0.011670941726170286,1.3400373010672279e-05
9.048621553884711,Cd_SU2,gpr_matern,0.011709804258207335,1.3612818158183232e-05
9.09438596491228,Cd_SU2,gpr_matern,0.011748925338690597,1.3733931780623315e-05
9.14015037593985,Cd_SU2,gpr_matern,0.011788301825546112,1.3764453905580747e-05
9.18591478696742,Cd_SU2,gpr_matern,0.011827930822873296,1.3705693915078225e-05
9.231679197994989,Cd_SU2,gpr_matern,0.011867809732398217,1.355952490292853e-05
9.277443609022558,Cd_SU2,gpr_matern,0.011907936304952654,1.3328376477440282e-05
9.323208020050124,Cd_SU2,gpr_matern,0.011948308692062808,1.3015226007647045e-05
9.368972431077694,Cd_SU2,gpr_matern,0.01198892549743481,1.2623588367932577e-05
9.414736842105263,Cd_SU2,gpr_matern,0.012029785828582128,1.2157503974542424e-05
9.460501253132833,Cd_SU2,gpr_matern,0.012070889348446516,1.1621525340963767e-05
9.506265664160402,Cd_SU2,gpr_matern,0.012112236327031869,1.1020702023214935e-05
9.552030075187972,Cd_SU2,gpr_matern,0.012153827693186403,1.0360564334124757e-05
9.597794486215541,Cd_SU2,gpr_matern,0.01219566508624296,9.647105764047835e-06
9.643558897243107,Cd_SU2,gpr_matern,0.012237750907930183,8.886765055499478e-06
9.689323308270676,Cd_SU2,gpr_matern,0.012280088374174047,8.086408817493298e-06
9.735087719298246,Cd_SU2,gpr_matern,0.012322681567060637,7.253316872606557e-06
9.780852130325815,Cd_SU2,gpr_matern,0.012365535486786006,6.395175129812399e-06
9.826616541353385,Cd_SU2,gpr_matern,0.012408656103696352,5.520086519615578e-06
9.872380952380954,Cd_SU2,gpr_matern,0.012452050410502307,4.636626083634653e-06
9.91814536340852,Cd_SU2,gpr_matern,0.012495726474351345,3.754012105069953e-06
9.96390977443609,Cd_SU2,gpr_matern,0.012539693489132373,2.8826280830134548e-06
10.009674185463659,Cd_SU2,gpr_matern,0.012583961827941553,2.0358504567980517e-06
10.055438596491229,Cd_SU2,gpr_matern,0.012628543095335296,1.238716093133933e-06
10.101203007518798,Cd_SU2,gpr_matern,0.012673450180054058,5.987621168463319e-07
10.146967418546367,Cd_SU2,gpr_matern,0.012718697307378525,6.669862980700113e-07
10.192731829573937,Cd_SU2,gpr_matern,0.012764300074768961,1.2557259878238647e-06
10.238496240601503,Cd_SU2,gpr_matern,0.012810275388358031,1.8723319165056134e-06
10.284260651629072,Cd_SU2,gpr_matern,0.012856641315311262,2.442494607023547e-06
10.330025062656642,Cd_SU2,gpr_matern,0.012903416926597253,2.9479859393912055e-06
10.375789473684211,Cd_SU2,gpr_matern,0.012950622139790152,3.3802963412670113e-06
10.42155388471178,Cd_SU2,gpr_matern,0.012998277562046238,3.7342817190311063e-06
10.46731829573935,Cd_SU2,gpr_matern,0.013046404332957992,4.006702147868438e-06
10.51308270676692,Cd_SU2,gpr_matern,0.013095023967569383,4.1957666233140445e-06
10.558847117794485,Cd_SU2,gpr_matern,0.013144158199410507,4.30095934811122e-06
10.604611528822055,Cd_SU2,gpr_matern,0.013193828823493542,4.322961384149406e-06
10.650375939849624,Cd_SU2,gpr_matern,0.013244057539295782,4.263608901546167e-06
10.696140350877194,Cd_SU2,gpr_matern,0.013294865793871683,4.125867196290956e-06
10.741904761904763,Cd_SU2,gpr_matern,0.013346274624771405,3.913814287632041e-06
10.787669172932333,Cd_SU2,gpr_matern,0.013398304503036765,3.6326356129701866e-06
10.833433583959902,Cd_SU2,gpr_matern,0.01345097517615203,3.288640977877946e-06
10.879197994987468,Cd_SU2,gpr_matern,0.013504305510865733,2.8893346620295485e-06
10.924962406015037,Cd_SU2,gpr_matern,0.01355831333603828,2.4436244739313927e-06
10.970726817042607,Cd_SU2,gpr_matern,0.013613015285328321,1.962438900051408e-06
11.016491228070176,Cd_SU2,gpr_matern,0.01366842663991138,1.4607802806925158e-06
11.062255639097746,Cd_SU2,gpr_matern,0.013724561170888895,9.663898299426732e-07
11.108020050125315,Cd_SU2,gpr_matern,0.013781430981864958,5.702007881327951e-07
11.153784461152881,Cd_SU2,gpr_matern,0.013839046351219925,5.779590998070338e-07
11.19954887218045,Cd_SU2,gpr_matern,0.013897415591732907,9.67610643630807e-07
11.24531328320802,Cd_SU2,gpr_matern,0.013956545027583216,1.4350695615371852e-06
11.29107769423559,Cd_SU2,gpr_matern,0.014016439084609651,1.8951753098187621e-06
11.336842105263159,Cd_SU2,gpr_matern,0.014077100395661348,2.322247948464441e-06
11.382606516290728,Cd_SU2,gpr_matern,0.014138529906026032,2.7030240038565364e-06
11.428370927318298,Cd_SU2,gpr_matern,0.014200726978568038,3.028505097194938e-06
11.474135338345864,Cd_SU2,gpr_matern,0.014263689498821196,3.2919926773694415e-06
11.519899749373433,Cd_SU2,gpr_matern,0.01432741397997207,3.48848170322455e-06
11.565664160401003,Cd_SU2,gpr_matern,0.014391895667765803,3.6144433644264326e-06
11.611428571428572,Cd_SU2,gpr_matern,0.014457128645237838,3.6677403469912057e-06
11.657192982456142,Cd_SU2,gpr_matern,0.014523105937464975,3.6475927209158475e-06
11.702957393483711,Cd_SU2,gpr_matern,0.014589819616135848,3.554565763767892e-06
11.74872180451128,Cd_SU2,gpr_matern,0.01465726090412141,3.390570132520167e-06
11.794486215538846,Cd_SU2,gpr_matern,0.014725420279942218,3.1588775029100266e-06
11.840250626566416,Cd_SU2,gpr_matern,0.014794287582229278,2.8641668984224785e-06
11.886015037593985,Cd_SU2,gpr_matern,0.014863852114075237,2.512647406033179e-06
11.931779448621555,Cd_SU2,gpr_matern,0.01493410274736624,2.112388244863629e-06
11.977543859649124,Cd_SU2,gpr_matern,0.015005028027126678,1.674294452722764e-06
12.023308270676694,Cd_SU2,gpr_matern,0.015076616275760752,1.2155398290742731e-06
12.069072681704263,Cd_SU2,gpr_matern,0.015148855697319826,7.755408563394574e-07
12.114837092731833,Cd_SU2,gpr_matern,0.015221734481802036,5.061134086248113e-07
12.160601503759398,Cd_SU2,gpr_matern,0.015295240908806948,6.916001590607473e-07
12.206365914786968,Cd_SU2,gpr_matern,0.01536936343102298,1.120277292452837e-06
12.252130325814537,Cd_SU2,gpr_matern,0.015444090693588469,1.5891927796947353e-06
12.297894736842107,Cd_SU2,gpr_matern,0.015519411522269943,2.046461957559445e-06
12.343659147869676,Cd_SU2,gpr_matern,0.015595314909847441,2.4715948311284434e-06
12.389423558897246,Cd_SU2,gpr_matern,0.01567179000264174,2.851913701301248e-06
12.435187969924815,Cd_SU2,gpr_matern,0.01574882608693836,3.1778513292844625e-06
12.480952380952381,Cd_SU2,gpr_matern,0.01582641257552125,3.4416947533674936e-06
12.52671679197995,Cd_SU2,gpr_matern,0.0159045389941355,3.637184235564404e-06
12.57248120300752,Cd_SU2,gpr_matern,0.015983194967995204,3.759378132933712e-06
12.61824561403509,Cd_SU2,gpr_matern,0.01606237020832358,3.8046142380713563e-06
12.664010025062659,Cd_SU2,gpr_matern,0.016142054498809247,3.7705110571376343e-06
12.709774436090228,Cd_SU2,gpr_matern,0.016222237682165668,3.6559897218744803e-06
12.755538847117798,Cd_SU2,gpr_matern,0.016302909646645488,3.4613137561702754e-06
12.801303258145364,Cd_SU2,gpr_matern,0.01638406031256774,3.1881581439886134e-06
12.847067669172933,Cd_SU2,gpr_matern,0.016465679618812817,2.839745013495816e-06
12.892832080200503,Cd_SU2,gpr_matern,0.016547757509414163,2.42115960597439e-06
12.938596491228072,Cd_SU2,gpr_matern,0.01663028391999523,1.9402368714672535e-06
12.984360902255641,Cd_SU2,gpr_matern,0.016713248764380507,1.410734385487278e-06
13.03012531328321,Cd_SU2,gpr_matern,0.016796641921064705,8.687811819664486e-07
13.075889724310777,Cd_SU2,gpr_matern,0.016880453219746412,5.055489880270451e-07
13.121654135338346,Cd_SU2,gpr_matern,0.016964672427958512,8.0921802222751e-07
13.167418546365916,Cd_SU2,gpr_matern,0.017049289241561766,1.4370504821459242e-06
13.213182957393485,Cd_SU2,gpr_matern,0.017134293287002108,2.1307694036697016e-06
13.258947368421055,Cd_SU2,gpr_matern,0.017219674129056353,2.84083787688475e-06
13.304711779448624,Cd_SU2,gpr_matern,0.01730542127873273,3.5469656237682623e-06
13.350476190476193,Cd_SU2,gpr_matern,0.017391524201384196,4.234810688773661e-06
13.39624060150376,Cd_SU2,gpr_matern,0.01747797232463475,4.891884780781413e-06
13.442005012531329,Cd_SU2,gpr_matern,0.017564755046337997,5.50650231460224e-06
13.487769423558898,Cd_SU2,gpr_matern,0.017651861742619526,6.067449773435982e-06
13.533533834586468,Cd_SU2,gpr_matern,0.017739281775809666,6.563875110988853e-06
13.579298245614037,Cd_SU2,gpr_matern,0.017827004502427853,6.9852568202643085e-06
13.625062656641607,Cd_SU2,gpr_matern,0.01791501928117986,7.321405383327664e-06
13.670827067669176,Cd_SU2,gpr_matern,0.018003315480909915,7.5624786496194555e-06
13.716591478696742,Cd_SU2,gpr_matern,0.018091882488610832,7.699003915549705e-06
13.762355889724311,Cd_SU2,gpr_matern,0.018180709717337432,7.721903266718657e-06
13.808120300751881,Cd_SU2,gpr_matern,0.018269786614229587,7.622521340777358e-06
13.85388471177945,Cd_SU2,gpr_matern,0.018359102668535264,7.3926563403860395e-06
13.89964912280702,Cd_SU2,gpr_matern,0.01844864741949813,7.024596880506698e-06
13.94541353383459,Cd_SU2,gpr_matern,0.018538410464412854,6.511172162222507e-06
13.991177944862159,Cd_SU2,gpr_matern,0.018628381466609455,5.8458351576634686e-06
14.036942355889725,Cd_SU2,gpr_matern,0.01871855016339895,5.022836978864578e-06
14.082706766917294,Cd_SU2,gpr_matern,0.01880890637414155,4.037704947994881e-06
14.128471177944864,Cd_SU2,gpr_matern,0.01889944000822457,2.88906527122976e-06
14.174235588972433,Cd_SU2,gpr_matern,0.01899014107304031,1.5906307637690718e-06
14.22,Cd_SU2,gpr_matern,0.019080999682080057,5.026726461955202e-07
-4.04,Cd_SU2,random_forest,0.008704955000000038,
-3.994235588972431,Cd_SU2,random_forest,0.008704955000000038,
-3.948471177944862,Cd_SU2,random_forest,0.008704955000000038,
-3.9027067669172935,Cd_SU2,random_forest,0.008704955000000038,
-3.8569423558897244,Cd_SU2,random_forest,0.008704955000000038,
-3.8111779448621554,Cd_SU2,random_forest,0.008704955000000038,
-3.7654135338345864,Cd_SU2,random_forest,0.008704955000000038,
-3.7196491228070174,Cd_SU2,random_forest,0.008704955000000038,
-3.673884711779449,Cd_SU2,random_forest,0.008704955000000038,
-3.62812030075188,Cd_SU2,random_forest,0.008704955000000038,
-3.582355889724311,Cd_SU2,random_forest,0.008704955000000038,
-3.536591478696742,Cd_SU2,random_forest,0.008704955000000038,
-3.490827067669173,Cd_SU2,random_forest,0.008704955000000038,
-3.4450626566416043,Cd_SU2,random_forest,0.008704955000000038,
-3.399298245614035,Cd_SU2,random_forest,0.008704955000000038,
-3.3535338345864663,Cd_SU2,random_forest,0.008704955000000038,
-3.3077694235588972,Cd_SU2,random_forest,0.008704955000000038,
-3.2620050125313282,Cd_SU2,random_forest,0.008704955000000038,
-3.2162406015037597,Cd_SU2,random_forest,0.008704955000000038,
-3.1704761904761902,Cd_SU2,random_forest,0.008704955000000038,
-3.1247117794486217,Cd_SU2,random_forest,0.008704955000000038,
-3.0789473684210527,Cd_SU2,random_forest,0.00860819500000002,
-3.0331829573934836,Cd_SU2,random_forest,0.00860819500000002,
-2.987418546365915,Cd_SU2,random_forest,0.00860819500000002,
-2.9416541353383456,Cd_SU2,random_forest,0.00860819500000002,
-2.895889724310777,Cd_SU2,random_forest,0.00860819500000002,
-2.850125313283208,Cd_SU2,random_forest,0.00860819500000002,
-2.804360902255639,Cd_SU2,random_forest,0.00860819500000002,
-2.75859649122807,Cd_SU2,random_forest,0.00860819500000002,
-2.712832080200501,Cd_SU2,random_forest,0.00860819500000002,
-2.6670676691729325,Cd_SU2,random_forest,0.00860819500000002,
-2.6213032581453635,Cd_SU2,random_forest,0.00860819500000002,
-2.5755388471177945,Cd_SU2,random_forest,0.00860819500000002,
-2.5297744360902255,Cd_SU2,random_forest,0.00860819500000002,
-2.4840100250626564,Cd_SU2,random_forest,0.00860819500000002,
-2.438245614035088,Cd_SU2,random_forest,0.00860819500000002,
-2.392481203007519,Cd_SU2,random_forest,0.00860819500000002,
-2.34671679197995,Cd_SU2,random_forest,0.00860819500000002,
-2.300952380952381,Cd_SU2,random_forest,0.00860819500000002,
-2.255187969924812,Cd_SU2,random_forest,0.00860819500000002,
-2.2094235588972433,Cd_SU2,random_forest,0.00860819500000002,
-2.163659147869674,Cd_SU2,random_forest,0.00860819500000002,
-2.1178947368421053,Cd_SU2,random_forest,0.00860819500000002,
-2.0721303258145363,Cd_SU2,random_forest,0.00860819500000002,
-2.0263659147869673,Cd_SU2,random_forest,0.00860819500000002,
-1.9806015037593983,Cd_SU2,random_forest,0.008552355000000008,
-1.9348370927318297,Cd_SU2,random_forest,0.008552355000000008,
-1.8890726817042607,Cd_SU2,random_forest,0.008552355000000008,
-1.8433082706766917,Cd_SU2,random_forest,0.008552355000000008,
-1.7975438596491227,Cd_SU2,random_forest,0.008552355000000008,
-1.7517794486215537,Cd_SU2,random_forest,0.008552355000000008,
-1.706015037593985,Cd_SU2,random_forest,0.008552355000000008,
-1.660250626566416,Cd_SU2,random_forest,0.008552355000000008,
-1.614486215538847,Cd_SU2,random_forest,0.008552355000000008,
-1.568721804511278,Cd_SU2,random_forest,0.008552355000000008,
-1.522957393483709,Cd_SU2,random_forest,0.008552355000000008,
-1.47719298245614,Cd_SU2,random_forest,0.008552355000000008,
-1.4314285714285715,Cd_SU2,random_forest,0.008552355000000008,
-1.3856641604010025,Cd_SU2,random_forest,0.008552355000000008,
-1.3398997493734335,Cd_SU2,random_forest,0.008552355000000008,
-1.2941353383458645,Cd_SU2,random_forest,0.008552355000000008,
-1.2483709273182955,Cd_SU2,random_forest,0.008552355000000008,
-1.202606516290727,Cd_SU2,random_forest,0.008552355000000008,
-1.156842105263158,Cd_SU2,random_forest,0.008552355000000008,
-1.1110776942355889,Cd_SU2,random_forest,0.008552355000000008,
-1.0653132832080199,Cd_SU2,random_forest,0.00851184166666663,
-1.0195488721804509,Cd_SU2,random_forest,0.00851184166666663,
-0.9737844611528823,Cd_SU2,random_forest,0.008497871666666634,
-0.9280200501253133,Cd_SU2,random_forest,0.008497871666666634,
-0.8822556390977443,Cd_SU2,random_forest,0.008497871666666634,
-0.8364912280701753,Cd_SU2,random_forest,0.008497871666666634,
-0.7907268170426063,Cd_SU2,random_forest,0.008497871666666634,
-0.7449624060150377,Cd_SU2,random_forest,0.008497871666666634,
-0.6991979949874687,Cd_SU2,random_forest,0.008497871666666634,
-0.6534335839598997,Cd_SU2,random_forest,0.008497871666666634,
-0.6076691729323307,Cd_SU2,random_forest,0.008497871666666634,
-0.5619047619047617,Cd_SU2,random_forest,0.008497871666666634,
-0.5161403508771927,Cd_SU2,random_forest,0.008497871666666634,
-0.4703759398496241,Cd_SU2,random_forest,0.008497871666666634,
-0.4246115288220551,Cd_SU2,random_forest,0.008497871666666634,
-0.3788471177944861,Cd_SU2,random_forest,0.008497871666666634,
-0.3330827067669171,Cd_SU2,random_forest,0.008497871666666634,
-0.2873182957393481,Cd_SU2,random_forest,0.008497871666666634,
-0.24155388471177952,Cd_SU2,random_forest,0.008497871666666634,
-0.1957894736842105,Cd_SU2,random_forest,0.008497871666666634,
-0.1500250626566415,Cd_SU2,random_forest,0.008497871666666634,
-0.1042606516290725,Cd_SU2,random_forest,0.008497871666666634,
-0.05849624060150349,Cd_SU2,random_forest,0.008497871666666634,
-0.012731829573934483,Cd_SU2,random_forest,0.00849659166666665,
0.03303258145363408,Cd_SU2,random_forest,0.008496428333333316,
0.07879699248120353,Cd_SU2,random_forest,0.008496428333333316,
0.1245614035087721,Cd_SU2,random_forest,0.008496428333333316,
0.17032581453634066,Cd_SU2,random_forest,0.008496428333333316,
0.2160902255639101,Cd_SU2,random_forest,0.008496428333333316,
0.2618546365914787,Cd_SU2,random_forest,0.008496428333333316,
0.3076190476190481,Cd_SU2,random_forest,0.008496428333333316,
0.3533834586466167,Cd_SU2,random_forest,0.008496428333333316,
0.39914786967418525,Cd_SU2,random_forest,0.008496428333333316,
0.4449122807017547,Cd_SU2,random_forest,0.008496428333333316,
0.49067669172932327,Cd_SU2,random_forest,0.008496428333333316,
0.5364411027568927,Cd_SU2,random_forest,0.008496428333333316,
0.5822055137844613,Cd_SU2,random_forest,0.008496428333333316,
0.6279699248120298,Cd_SU2,random_forest,0.008496428333333316,
0.6737343358395993,Cd_SU2,random_forest,0.008496428333333316,
0.7194987468671679,Cd_SU2,random_forest,0.008496428333333316,
0.7652631578947373,Cd_SU2,random_forest,0.008496428333333316,
0.8110275689223059,Cd_SU2,random_forest,0.008496428333333316,
0.8567919799498744,Cd_SU2,random_forest,0.008496428333333316,
0.9025563909774439,Cd_SU2,random_forest,0.008496428333333316,
0.9483208020050125,Cd_SU2,random_forest,0.008496428333333316,
0.9940852130325819,Cd_SU2,random_forest,0.00850918833333332,
1.0398496240601505,Cd_SU2,random_forest,0.008551130000000039,
1.08561403508772,Cd_SU2,random_forest,0.008551130000000039,
1.1313784461152885,Cd_SU2,random_forest,0.008551130000000039,
1.177142857142857,Cd_SU2,random_forest,0.008551130000000039,
1.2229072681704265,Cd_SU2,random_forest,0.008551130000000039,
1.268671679197995,Cd_SU2,random_forest,0.008551130000000039,
1.3144360902255645,Cd_SU2,random_forest,0.008551130000000039,
1.360200501253133,Cd_SU2,random_forest,0.008551130000000039,
1.4059649122807016,Cd_SU2,random_forest,0.008551130000000039,
1.451729323308271,Cd_SU2,random_forest,0.008551130000000039,
1.4974937343358397,Cd_SU2,random_forest,0.008551130000000039,
1.543258145363409,Cd_SU2,random_forest,0.008551130000000039,
1.5890225563909777,Cd_SU2,random_forest,0.008551130000000039,
1.6347869674185462,Cd_SU2,random_forest,0.008551130000000039,
1.6805513784461157,Cd_SU2,random_forest,0.008551130000000039,
1.7263157894736842,Cd_SU2,random_forest,0.008551130000000039,
1.7720802005012537,Cd_SU2,random_forest,0.008551130000000039,
1.8178446115288223,Cd_SU2,random_forest,0.008551130000000039,
1.8636090225563908,Cd_SU2,random_forest,0.008551130000000039,
1.9093734335839603,Cd_SU2,random_forest,0.008551130000000039,
1.9551378446115288,Cd_SU2,random_forest,0.008551130000000039,
2.0009022556390983,Cd_SU2,random_forest,0.008570480000000042,
2.046666666666667,Cd_SU2,random_forest,0.008622405000000073,
2.0924310776942354,Cd_SU2,random_forest,0.008622405000000073,
2.138195488721805,Cd_SU2,random_forest,0.008622405000000073,
2.1839598997493734,Cd_SU2,random_forest,0.008622405000000073,
2.229724310776943,Cd_SU2,random_forest,0.008622405000000073,
2.2754887218045114,Cd_SU2,random_forest,0.008622405000000073,
2.32125313283208,Cd_SU2,random_forest,0.008622405000000073,
2.3670175438596495,Cd_SU2,random_forest,0.008622405000000073,
2.412781954887218,Cd_SU2,random_forest,0.008622405000000073,
2.4585463659147875,Cd_SU2,random_forest,0.008622405000000073,
2.504310776942356,Cd_SU2,random_forest,0.008622405000000073,
2.5500751879699246,Cd_SU2,random_forest,0.008622405000000073,
2.595839598997494,Cd_SU2,random_forest,0.008622405000000073,
2.6416040100250626,Cd_SU2,random_forest,0.008622405000000073,
2.687368421052632,Cd_SU2,random_forest,0.008622405000000073,
2.7331328320802006,Cd_SU2,random_forest,0.008622405000000073,
2.77889724310777,Cd_SU2,random_forest,0.008622405000000073,
2.8246616541353387,Cd_SU2,random_forest,0.008622405000000073,
2.870426065162907,Cd_SU2,random_forest,0.008622405000000073,
2.9161904761904767,Cd_SU2,random_forest,0.008622405000000073,
2.9619548872180452,Cd_SU2,random_forest,0.008622405000000073,
3.0077192982456147,Cd_SU2,random_forest,0.008622405000000073,
3.0534837092731832,Cd_SU2,random_forest,0.008802058333333439,
3.099248120300752,Cd_SU2,random_forest,0.008814848333333437,
3.1450125313283213,Cd_SU2,random_forest,0.008814848333333437,
3.19077694235589,Cd_SU2,random_forest,0.008814848333333437,
3.2365413533834593,Cd_SU2,random_forest,0.008814848333333437,
3.282305764411028,Cd_SU2,random_forest,0.008814848333333437,
3.3280701754385964,Cd_SU2,random_forest,0.008814848333333437,
3.373834586466166,Cd_SU2,random_forest,0.008814848333333437,
3.4195989974937344,Cd_SU2,random_forest,0.008814848333333437,
3.465363408521304,Cd_SU2,random_forest,0.008814848333333437,
3.5111278195488724,Cd_SU2,random_forest,0.008814848333333437,
3.556892230576441,Cd_SU2,random_forest,0.008814848333333437,
3.6026566416040104,Cd_SU2,random_forest,0.008814848333333437,
3.648421052631579,Cd_SU2,random_forest,0.008814848333333437,
3.6941854636591485,Cd_SU2,random_forest,0.008814848333333437,
3.739949874686717,Cd_SU2,random_forest,0.008814848333333437,
3.7857142857142856,Cd_SU2,random_forest,0.008814848333333437,
3.831478696741855,Cd_SU2,random_forest,0.008814848333333437,
3.8772431077694236,Cd_SU2,random_forest,0.008814848333333437,
3.923007518796993,Cd_SU2,random_forest,0.008814848333333437,
3.9687719298245616,Cd_SU2,random_forest,0.008814848333333437,
4.014536340852131,Cd_SU2,random_forest,0.008821750000000106,
4.060300751879699,Cd_SU2,random_forest,0.008821750000000106,
4.106065162907268,Cd_SU2,random_forest,0.008997100000000107,
4.151829573934838,Cd_SU2,random_forest,0.009050320000000106,
4.197593984962407,Cd_SU2,random_forest,0.009050320000000106,
4.243358395989975,Cd_SU2,random_forest,0.009050320000000106,
4.289122807017544,Cd_SU2,random_forest,0.009050320000000106,
4.334887218045114,Cd_SU2,random_forest,0.009050320000000106,
4.380651629072681,Cd_SU2,random_forest,0.009050320000000106,
4.426416040100251,Cd_SU2,random_forest,0.009050320000000106,
4.47218045112782,Cd_SU2,random_forest,0.009050320000000106,
4.517944862155388,Cd_SU2,random_forest,0.009050320000000106,
4.563709273182957,Cd_SU2,random_forest,0.009050320000000106,
4.609473684210527,Cd_SU2,random_forest,0.009050320000000106,
4.655238095238096,Cd_SU2,random_forest,0.009050320000000106,
4.701002506265664,Cd_SU2,random_forest,0.009050320000000106,
4.746766917293233,Cd_SU2,random_forest,0.009050320000000106,
4.792531328320803,Cd_SU2,random_forest,0.009050320000000106,
4.8382957393483705,Cd_SU2,random_forest,0.009050320000000106,
4.88406015037594,Cd_SU2,random_forest,0.009050320000000106,
4.929824561403509,Cd_SU2,random_forest,0.009050320000000106,
4.975588972431079,Cd_SU2,random_forest,0.009050320000000106,
5.021353383458647,Cd_SU2,random_forest,0.009050320000000106,
5.067117794486216,Cd_SU2,random_forest,0.009446905000000092,
5.1128822055137855,Cd_SU2,random_forest,0.009446905000000092,
5.158646616541353,Cd_SU2,random_forest,0.009446905000000092,
5.204411027568923,Cd_SU2,random_forest,0.009622248333333423,
5.250175438596492,Cd_SU2,random_forest,0.009622248333333423,
5.29593984962406,Cd_SU2,random_forest,0.009622248333333423,
5.341704260651629,Cd_SU2,random_forest,0.009622248333333423,
5.387468671679199,Cd_SU2,random_forest,0.009622248333333423,
5.433233082706768,Cd_SU2,random_forest,0.009622248333333423,
5.478997493734336,Cd_SU2,random_forest,0.009622248333333423,
5.524761904761905,Cd_SU2,random_forest,0.009622248333333423,
5.570526315789475,Cd_SU2,random_forest,0.009640118333333425,
5.616290726817042,Cd_SU2,random_forest,0.009640118333333425,
5.662055137844612,Cd_SU2,random_forest,0.009640118333333425,
5.707819548872181,Cd_SU2,random_forest,0.009640118333333425,
5.753583959899749,Cd_SU2,random_forest,0.009640118333333425,
5.799348370927318,Cd_SU2,random_forest,0.009640118333333425,
5.845112781954888,Cd_SU2,random_forest,0.009640118333333425,
5.890877192982457,Cd_SU2,random_forest,0.009640118333333425,
5.936641604010025,Cd_SU2,random_forest,0.009640118333333425,
5.982406015037594,Cd_SU2,random_forest,0.009640118333333425,
6.028170426065164,Cd_SU2,random_forest,0.009640118333333425,
6.0739348370927315,Cd_SU2,random_forest,0.009640118333333425,
6.119699248120301,Cd_SU2,random_forest,0.009681608333333426,
6.16546365914787,Cd_SU2,random_forest,0.009681608333333426,
6.21122807017544,Cd_SU2,random_forest,0.01003438500000009,
6.2569924812030076,Cd_SU2,random_forest,0.01003438500000009,
6.302756892230577,Cd_SU2,random_forest,0.01003438500000009,
6.3485213032581465,Cd_SU2,random_forest,0.01003438500000009,
6.394285714285714,Cd_SU2,random_forest,0.01003438500000009,
6.440050125313284,Cd_SU2,random_forest,0.01003438500000009,
6.485814536340853,Cd_SU2,random_forest,0.01003438500000009,
6.531578947368421,Cd_SU2,random_forest,0.01003438500000009,
6.57734335839599,Cd_SU2,random_forest,0.01003438500000009,
6.62310776942356,Cd_SU2,random_forest,0.010043161666666758,
6.668872180451129,Cd_SU2,random_forest,0.010043161666666758,
6.714636591478697,Cd_SU2,random_forest,0.010043161666666758,
6.760401002506266,Cd_SU2,random_forest,0.010043161666666758,
6.806165413533836,Cd_SU2,random_forest,0.010043161666666758,
6.851929824561403,Cd_SU2,random_forest,0.010043161666666758,
6.897694235588973,Cd_SU2,random_forest,0.010043161666666758,
6.943458646616542,Cd_SU2,random_forest,0.010043161666666758,
6.98922305764411,Cd_SU2,random_forest,0.010043161666666758,
7.034987468671679,Cd_SU2,random_forest,0.010043161666666758,
7.080751879699249,Cd_SU2,random_forest,0.010271186666666762,
7.126516290726818,Cd_SU2,random_forest,0.010304621666666762,
7.172280701754386,Cd_SU2,random_forest,0.010304621666666762,
7.218045112781955,Cd_SU2,random_forest,0.010900675000000077,
7.263809523809525,Cd_SU2,random_forest,0.010900675000000077,
7.3095739348370925,Cd_SU2,random_forest,0.010900675000000077,
7.355338345864662,Cd_SU2,random_forest,0.010900675000000077,
7.401102756892231,Cd_SU2,random_forest,0.010900675000000077,
7.446867167919799,Cd_SU2,random_forest,0.010900675000000077,
7.4926315789473685,Cd_SU2,random_forest,0.010900675000000077,
7.538395989974938,Cd_SU2,random_forest,0.010900675000000077,
7.584160401002507,Cd_SU2,random_forest,0.010900675000000077,
7.629924812030075,Cd_SU2,random_forest,0.01100119500000008,
7.675689223057645,Cd_SU2,random_forest,0.01100119500000008,
7.721453634085214,Cd_SU2,random_forest,0.01100119500000008,
7.767218045112782,Cd_SU2,random_forest,0.01100119500000008,
7.812982456140351,Cd_SU2,random_forest,0.01100119500000008,
7.858746867167921,Cd_SU2,random_forest,0.01100119500000008,
7.90451127819549,Cd_SU2,random_forest,0.01100119500000008,
7.950275689223058,Cd_SU2,random_forest,0.01100119500000008,
7.996040100250627,Cd_SU2,random_forest,0.01100119500000008,
8.041804511278198,Cd_SU2,random_forest,0.01100119500000008,
8.087568922305763,Cd_SU2,random_forest,0.01100119500000008,
8.133333333333333,Cd_SU2,random_forest,0.011468061666666751,
8.179097744360902,Cd_SU2,random_forest,0.011468061666666751,
8.224862155388472,Cd_SU2,random_forest,0.011468061666666751,
8.270626566416041,Cd_SU2,random_forest,0.011468061666666751,
8.31639097744361,Cd_SU2,random_forest,0.011468061666666751,
8.36215538847118,Cd_SU2,random_forest,0.011468061666666751,
8.407919799498746,Cd_SU2,random_forest,0.011468061666666751,
8.453684210526315,Cd_SU2,random_forest,0.011468061666666751,
8.499448621553885,Cd_SU2,random_forest,0.011468061666666751,
8.545213032581454,Cd_SU2,random_forest,0.011468061666666751,
8.590977443609024,Cd_SU2,random_forest,0.011468061666666751,
8.636741854636593,Cd_SU2,random_forest,0.011659255000000085,
8.68250626566416,Cd_SU2,random_forest,0.011659255000000085,
8.728270676691729,Cd_SU2,random_forest,0.011659255000000085,
8.774035087719298,Cd_SU2,random_forest,0.011659255000000085,
8.819799498746868,Cd_SU2,random_forest,0.011659255000000085,
8.865563909774437,Cd_SU2,random_forest,0.011659255000000085,
8.911328320802006,Cd_SU2,random_forest,0.011659255000000085,
8.957092731829576,Cd_SU2,random_forest,0.011659255000000085,
9.002857142857142,Cd_SU2,random_forest,0.011659255000000085,
9.048621553884711,Cd_SU2,random_forest,0.011659255000000085,
9.09438596491228,Cd_SU2,random_forest,0.011659255000000085,
9.14015037593985,Cd_SU2,random_forest,0.011742025000000081,
9.18591478696742,Cd_SU2,random_forest,0.011742025000000081,
9.231679197994989,Cd_SU2,random_forest,0.012414800000000118,
9.277443609022558,Cd_SU2,random_forest,0.012414800000000118,
9.323208020050124,Cd_SU2,random_forest,0.012414800000000118,
9.368972431077694,Cd_SU2,random_forest,0.012414800000000118,
9.414736842105263,Cd_SU2,random_forest,0.012414800000000118,
9.460501253132833,Cd_SU2,random_forest,0.012414800000000118,
9.506265664160402,Cd_SU2,random_forest,0.012414800000000118,
9.552030075187972,Cd_SU2,random_forest,0.012414800000000118,
9.597794486215541,Cd_SU2,random_forest,0.012450680000000118,
9.643558897243107,Cd_SU2,random_forest,0.012450680000000118,
9.689323308270676,Cd_SU2,random_forest,0.012450680000000118,
9.735087719298246,Cd_SU2,random_forest,0.01288268000000013,
9.780852130325815,Cd_SU2,random_forest,0.01288268000000013,
9.826616541353385,Cd_SU2,random_forest,0.01288268000000013,
9.872380952380954,Cd_SU2,random_forest,0.01288268000000013,
9.91814536340852,Cd_SU2,random_forest,0.01288268000000013,
9.96390977443609,Cd_SU2,random_forest,0.01288268000000013,
10.009674185463659,Cd_SU2,random_forest,0.01288268000000013,
10.055438596491229,Cd_SU2,random_forest,0.01288268000000013,
10.101203007518798,Cd_SU2,random_forest,0.01288268000000013,
10.146967418546367,Cd_SU2,random_forest,0.01288268000000013,
10.192731829573937,Cd_SU2,random_forest,0.01288268000000013,
10.238496240601503,Cd_SU2,random_forest,0.013109335000000125,
10.284260651629072,Cd_SU2,random_forest,0.013109335000000125,
10.330025062656642,Cd_SU2,random_forest,0.013109335000000125,
10.375789473684211,Cd_SU2,random_forest,0.013109335000000125,
10.42155388471178,Cd_SU2,random_forest,0.013109335000000125,
10.46731829573935,Cd_SU2,random_forest,0.013109335000000125,
10.51308270676692,Cd_SU2,random_forest,0.013109335000000125,
10.558847117794485,Cd_SU2,random_forest,0.013109335000000125,
10.604611528822055,Cd_SU2,random_forest,0.013109335000000125,
10.650375939849624,Cd_SU2,random_forest,0.013597091666666778,
10.696140350877194,Cd_SU2,random_forest,0.013722303333333435,
10.741904761904763,Cd_SU2,random_forest,0.013722303333333435,
10.787669172932333,Cd_SU2,random_forest,0.013722303333333435,
10.833433583959902,Cd_SU2,random_forest,0.013722303333333435,
10.879197994987468,Cd_SU2,random_forest,0.013722303333333435,
10.924962406015037,Cd_SU2,random_forest,0.013722303333333435,
10.970726817042607,Cd_SU2,random_forest,0.013722303333333435,
11.016491228070176,Cd_SU2,random_forest,0.013722303333333435,
11.062255639097746,Cd_SU2,random_forest,0.013722303333333435,
11.108020050125315,Cd_SU2,random_forest,0.013722303333333435,
11.153784461152881,Cd_SU2,random_forest,0.014086083333333409,
11.19954887218045,Cd_SU2,random_forest,0.014086083333333409,
11.24531328320802,Cd_SU2,random_forest,0.014086083333333409,
11.29107769423559,Cd_SU2,random_forest,0.014139230000000075,
11.336842105263159,Cd_SU2,random_forest,0.014139230000000075,
11.382606516290728,Cd_SU2,random_forest,0.014139230000000075,
11.428370927318298,Cd_SU2,random_forest,0.014139230000000075,
11.474135338345864,Cd_SU2,random_forest,0.014139230000000075,
11.519899749373433,Cd_SU2,random_forest,0.014139230000000075,
11.565664160401003,Cd_SU2,random_forest,0.014139230000000075,
11.611428571428572,Cd_SU2,random_forest,0.0143770033333334,
11.657192982456142,Cd_SU2,random_forest,0.01496198166666668,
11.702957393483711,Cd_SU2,random_forest,0.01496198166666668,
11.74872180451128,Cd_SU2,random_forest,0.01496198166666668,
11.794486215538846,Cd_SU2,random_forest,0.01496198166666668,
11.840250626566416,Cd_SU2,random_forest,0.01496198166666668,
11.886015037593985,Cd_SU2,random_forest,0.01496198166666668,
11.931779448621555,Cd_SU2,random_forest,0.01496198166666668,
11.977543859649124,Cd_SU2,random_forest,0.01496198166666668,
12.023308270676694,Cd_SU2,random_forest,0.01496198166666668,
12.069072681704263,Cd_SU2,random_forest,0.01496198166666668,
12.114837092731833,Cd_SU2,random_forest,0.015480279999999971,
12.160601503759398,Cd_SU2,random_forest,0.015480279999999971,
12.206365914786968,Cd_SU2,random_forest,0.01556546666666664,
12.252130325814537,Cd_SU2,random_forest,0.01556546666666664,
12.297894736842107,Cd_SU2,random_forest,0.01556546666666664,
12.343659147869676,Cd_SU2,random_forest,0.01556546666666664,
12.389423558897246,Cd_SU2,random_forest,0.01556546666666664,
12.435187969924815,Cd_SU2,random_forest,0.01556546666666664,
12.480952380952381,Cd_SU2,random_forest,0.01556546666666664,
12.52671679197995,Cd_SU2,random_forest,0.01556546666666664,
12.57248120300752,Cd_SU2,random_forest,0.01556546666666664,
12.61824561403509,Cd_SU2,random_forest,0.016231429999999904,
12.664010025062659,Cd_SU2,random_forest,0.016231429999999904,
12.709774436090228,Cd_SU2,random_forest,0.016556536666666566,
12.755538847117798,Cd_SU2,random_forest,0.016556536666666566,
12.801303258145364,Cd_SU2,random_forest,0.016556536666666566,
12.847067669172933,Cd_SU2,random_forest,0.016556536666666566,
12.892832080200503,Cd_SU2,random_forest,0.016556536666666566,
12.938596491228072,Cd_SU2,random_forest,0.016556536666666566,
12.984360902255641,Cd_SU2,random_forest,0.016556536666666566,
13.03012531328321,Cd_SU2,random_forest,0.016556536666666566,
13.075889724310777,Cd_SU2,random_forest,0.016556536666666566,
13.121654135338346,Cd_SU2,random_forest,0.016556536666666566,
13.167418546365916,Cd_SU2,random_forest,0.016556536666666566,
13.213182957393485,Cd_SU2,random_forest,0.01715985999999988,
13.258947368421055,Cd_SU2,random_forest,0.01715985999999988,
13.304711779448624,Cd_SU2,random_forest,0.01715985999999988,
13.350476190476193,Cd_SU2,random_forest,0.01715985999999988,
13.39624060150376,Cd_SU2,random_forest,0.01715985999999988,
13.442005012531329,Cd_SU2,random_forest,0.01715985999999988,
13.487769423558898,Cd_SU2,random_forest,0.01715985999999988,
13.533533834586468,Cd_SU2,random_forest,0.01715985999999988,
13.579298245614037,Cd_SU2,random_forest,0.01715985999999988,
13.625062656641607,Cd_SU2,random_forest,0.01715985999999988,
13.670827067669176,Cd_SU2,random_forest,0.018040714999999916,
13.716591478696742,Cd_SU2,random_forest,0.018040714999999916,
13.762355889724311,Cd_SU2,random_forest,0.018040714999999916,
13.808120300751881,Cd_SU2,random_forest,0.018040714999999916,
13.85388471177945,Cd_SU2,random_forest,0.018040714999999916,
13.89964912280702,Cd_SU2,random_forest,0.018040714999999916,
13.94541353383459,Cd_SU2,random_forest,0.018040714999999916,
13.991177944862159,Cd_SU2,random_forest,0.018040714999999916,
14.036942355889725,Cd_SU2,random_forest,0.018040714999999916,
14.082706766917294,Cd_SU2,random_forest,0.018040714999999916,
14.128471177944864,Cd_SU2,random_forest,0.018040714999999916,
14.174235588972433,Cd_SU2,random_forest,0.018040714999999916,
14.22,Cd_SU2,random_forest,0.018040714999999916,
-4.04,Cd_SU2,bootstrap_poly3,0.008571585914366853,0.0008417358685985281
-3.994235588972431,Cd_SU2,bootstrap_poly3,0.00857066330854544,0.0008315635705631161
-3.948471177944862,Cd_SU2,bootstrap_poly3,0.008569687588289921,0.0008214738508112889
-3.9027067669172935,Cd_SU2,bootstrap_poly3,0.008568660177472513,0.0008114663858873274
-3.8569423558897244,Cd_SU2,bootstrap_poly3,0.00856758249996538,0.0008015408525752716
-3.8111779448621554,Cd_SU2,bootstrap_poly3,0.00856645597964069,0.000791696927906029
-3.7654135338345864,Cd_SU2,bootstrap_poly3,0.00856528204037064,0.0007819342891647353
-3.7196491228070174,Cd_SU2,bootstrap_poly3,0.008564062106027392,0.0007722526138983473
-3.673884711779449,Cd_SU2,bootstrap_poly3,0.008562797600483127,0.000762651579923493
-3.62812030075188,Cd_SU2,bootstrap_poly3,0.008561489947610017,0.0007531308653345814
-3.582355889724311,Cd_SU2,bootstrap_poly3,0.008560140571280257,0.0007436901485121902
-3.536591478696742,Cd_SU2,bootstrap_poly3,0.00855875089536602,0.000734329108131726
-3.490827067669173,Cd_SU2,bootstrap_poly3,0.00855732234373947,0.0007250474231723829
-3.4450626566416043,Cd_SU2,bootstrap_poly3,0.008555856340272793,0.0007158447729264029
-3.399298245614035,Cd_SU2,bootstrap_poly3,0.008554354308838179,0.0007067208370086454
-3.3535338345864663,Cd_SU2,bootstrap_poly3,0.008552817673307773,0.0006976752953664894
-3.3077694235588972,Cd_SU2,bootstrap_poly3,0.008551247857553786,0.0006887078282900614
-3.2620050125313282,Cd_SU2,bootstrap_poly3,0.008549646285448381,0.0006798181164228265
-3.2162406015037597,Cd_SU2,bootstrap_poly3,0.008548014380863745,0.0006710058407725302
-3.1704761904761902,Cd_SU2,bootstrap_poly3,0.008546353567672036,0.0006622706827225218
-3.1247117794486217,Cd_SU2,bootstrap_poly3,0.008544665269745455,0.0006536123240434645
-3.0789473684210527,Cd_SU2,bootstrap_poly3,0.008542950910956157,0.0006450304469054519
-3.0331829573934836,Cd_SU2,bootstrap_poly3,0.008541211915176351,0.0006365247338905402
-2.987418546365915,Cd_SU2,bootstrap_poly3,0.008539449706278185,0.0006280948680057177
-2.9416541353383456,Cd_SU2,bootstrap_poly3,0.008537665708133848,0.0006197405326963193
-2.895889724310777,Cd_SU2,bootstrap_poly3,0.008535861344615524,0.0006114614118599171
-2.850125313283208,Cd_SU2,bootstrap_poly3,0.008534038039595378,0.0006032571898606837
-2.804360902255639,Cd_SU2,bootstrap_poly3,0.008532197216945602,0.0005951275515442678
-2.75859649122807,Cd_SU2,bootstrap_poly3,0.008530340300538357,0.000587072182253183
-2.712832080200501,Cd_SU2,bootstrap_poly3,0.008528468714245832,0.0005790907678427408
-2.6670676691729325,Cd_SU2,bootstrap_poly3,0.008526583881940211,0.000571182994697542
-2.6213032581453635,Cd_SU2,bootstrap_poly3,0.008524687227493647,0.000563348549748548
-2.5755388471177945,Cd_SU2,bootstrap_poly3,0.008522780174778342,0.0005555871204907528
-2.5297744360902255,Cd_SU2,bootstrap_poly3,0.008520864147666462,0.0005478983950014842
-2.4840100250626564,Cd_SU2,bootstrap_poly3,0.008518940570030189,0.0005402820619593447
-2.438245614035088,Cd_SU2,bootstrap_poly3,0.008517010865741702,0.0005327378106638277
-2.392481203007519,Cd_SU2,bootstrap_poly3,0.00851507645867318,0.0005252653310556268
-2.34671679197995,Cd_SU2,bootstrap_poly3,0.008513138772696808,0.0005178643137376653
-2.300952380952381,Cd_SU2,bootstrap_poly3,0.00851119923168473,0.0005105344499968741
-2.255187969924812,Cd_SU2,bootstrap_poly3,0.008509259259509162,0.0005032754318267401
-2.2094235588972433,Cd_SU2,bootstrap_poly3,0.008507320280042254,0.0004960869519506585
-2.163659147869674,Cd_SU2,bootstrap_poly3,0.008505383717156208,0.0004889687038461131
-2.1178947368421053,Cd_SU2,bootstrap_poly3,0.008503450994723183,0.00048192038176971815
-2.0721303258145363,Cd_SU2,bootstrap_poly3,0.008501523536615381,0.0004749416807831468
-2.0263659147869673,Cd_SU2,bootstrap_poly3,0.00849960276670495,0.00046803229677998715
-1.9806015037593983,Cd_SU2,bootstrap_poly3,0.008497690108864087,0.0004611919265135448
-1.9348370927318297,Cd_SU2,bootstrap_poly3,0.008495786986964954,0.0004544202676256371
-1.8890726817042607,Cd_SU2,bootstrap_poly3,0.008493894824879729,0.0004477170186764055
-1.8433082706766917,Cd_SU2,bootstrap_poly3,0.008492015046480625,0.00044108187917518547
-1.7975438596491227,Cd_SU2,bootstrap_poly3,0.008490149075639778,0.0004345145496124627
-1.7517794486215537,Cd_SU2,bootstrap_poly3,0.008488298336229378,0.0004280147314929638
-1.706015037593985,Cd_SU2,bootstrap_poly3,0.008486464252121628,0.00042158212736990357
-1.660250626566416,Cd_SU2,bootstrap_poly3,0.008484648247188656,0.00041521644088043816
-1.614486215538847,Cd_SU2,bootstrap_poly3,0.00848285174530269,0.00040891737678235766
-1.568721804511278,Cd_SU2,bootstrap_poly3,0.008481076170335873,0.0004026846409920578
-1.522957393483709,Cd_SU2,bootstrap_poly3,0.008479322946160392,0.00039651794062382735
-1.47719298245614,Cd_SU2,bootstrap_poly3,0.008477593496648443,0.0003904169840304948
-1.4314285714285715,Cd_SU2,bootstrap_poly3,0.008475889245672177,0.0003843814808454722
-1.3856641604010025,Cd_SU2,bootstrap_poly3,0.008474211617103789,0.0003784111420262333
-1.3398997493734335,Cd_SU2,bootstrap_poly3,0.008472562034815443,0.00037250567989926945
-1.2941353383458645,Cd_SU2,bootstrap_poly3,0.00847094192267933,0.00036666480820655994
-1.2483709273182955,Cd_SU2,bootstrap_poly3,0.00846935270456763,0.0003608882421535962
-1.202606516290727,Cd_SU2,bootstrap_poly3,0.008467795804352505,0.00035517569845899566
-1.156842105263158,Cd_SU2,bootstrap_poly3,0.00846627264590614,0.00034952689540574387
-1.1110776942355889,Cd_SU2,bootstrap_poly3,0.00846478465310073,0.00034394155289410166
-1.0653132832080199,Cd_SU2,bootstrap_poly3,0.008463333249808422,0.000338419392496202
-1.0195488721804509,Cd_SU2,bootstrap_poly3,0.008461919859901409,0.00033296013751237956
-0.9737844611528823,Cd_SU2,bootstrap_poly3,0.008460545907251867,0.0003275635130292497
-0.9280200501253133,Cd_SU2,bootstrap_poly3,0.008459212815731976,0.0003222292459795701
-0.8822556390977443,Cd_SU2,bootstrap_poly3,0.008457922009213921,0.00031695706520389847
-0.8364912280701753,Cd_SU2,bootstrap_poly3,0.008456674911569869,0.00031174670151406977
-0.7907268170426063,Cd_SU2,bootstrap_poly3,0.008455472946671996,0.0003065978877584964
-0.7449624060150377,Cd_SU2,bootstrap_poly3,0.008454317538392488,0.0003015103588893009
-0.6991979949874687,Cd_SU2,bootstrap_poly3,0.008453210110603513,0.0002964838520312768
-0.6534335839598997,Cd_SU2,bootstrap_poly3,0.00845215208717725,0.0002915181065526661
-0.6076691729323307,Cd_SU2,bootstrap_poly3,0.008451144891985904,0.0002866128641377318
-0.5619047619047617,Cd_SU2,bootstrap_poly3,0.008450189948901603,0.00028176786886109786
-0.5161403508771927,Cd_SU2,bootstrap_poly3,0.008449288681796572,0.00027698286726381095
-0.4703759398496241,Cd_SU2,bootstrap_poly3,0.008448442514542952,0.00027225760843106414
-0.4246115288220551,Cd_SU2,bootstrap_poly3,0.008447652871012953,0.00026759184407151485
-0.3788471177944861,Cd_SU2,bootstrap_poly3,0.008446921175078724,0.0002629853285981059
-0.3330827067669171,Cd_SU2,bootstrap_poly3,0.008446248850612466,0.00025843781921027484
-0.2873182957393481,Cd_SU2,bootstrap_poly3,0.008445637321486347,0.00025394907597742835
-0.24155388471177952,Cd_SU2,bootstrap_poly3,0.008445088011572541,0.00024951886192351645
-0.1957894736842105,Cd_SU2,bootstrap_poly3,0.00844460234474323,0.00024514694311253144
-0.1500250626566415,Cd_SU2,bootstrap_poly3,0.008444181744870598,0.0002408330887347108
-0.1042606516290725,Cd_SU2,bootstrap_poly3,0.008443827635826805,0.00023657707119320126
-0.05849624060150349,Cd_SU2,bootstrap_poly3,0.008443541441484036,0.0002323786661908968
-0.012731829573934483,Cd_SU2,bootstrap_poly3,0.008443324585714469,0.00022823765281712393
0.03303258145363408,Cd_SU2,bootstrap_poly3,0.008443178492390293,0.00022415381363380358
0.07879699248120353,Cd_SU2,bootstrap_poly3,0.00844310458538369,0.00022012693476066675
0.1245614035087721,Cd_SU2,bootstrap_poly3,0.008443104288566811,0.00021615680595904672
0.17032581453634066,Cd_SU2,bootstrap_poly3,0.008443179025811862,0.00021224322071370923
0.2160902255639101,Cd_SU2,bootstrap_poly3,0.008443330220990993,0.00020838597631211745
0.2618546365914787,Cd_SU2,bootstrap_poly3,0.008443559297976399,0.00020458487392045462
0.3076190476190481,Cd_SU2,bootstrap_poly3,0.008443867680640255,0.00020083971865564765
0.3533834586466167,Cd_SU2,bootstrap_poly3,0.008444256792854744,0.00019715031965255545
0.39914786967418525,Cd_SU2,bootstrap_poly3,0.008444728058492027,0.0001935164901253808
0.4449122807017547,Cd_SU2,bootstrap_poly3,0.008445282901424295,0.00018993804742227993
0.49067669172932327,Cd_SU2,bootstrap_poly3,0.00844592274552372,0.0001864148130720236
0.5364411027568927,Cd_SU2,bootstrap_poly3,0.0084466490146625,0.00018294661282145436
0.5822055137844613,Cd_SU2,bootstrap_poly3,0.00844746313271279,0.00017953327666235858
0.6279699248120298,Cd_SU2,bootstrap_poly3,0.008448366523546769,0.00017617463884624188
0.6737343358395993,Cd_SU2,bootstrap_poly3,0.008449360611036617,0.00017287053788535793
0.7194987468671679,Cd_SU2,bootstrap_poly3,0.008450446819054522,0.00016962081653819022
0.7652631578947373,Cd_SU2,bootstrap_poly3,0.008451626571472661,0.00016642532177743542
0.8110275689223059,Cd_SU2,bootstrap_poly3,0.00845290129216318,0.0001632839047383789
0.8567919799498744,Cd_SU2,bootstrap_poly3,0.00845427240499829,0.00016019642064538225
0.9025563909774439,Cd_SU2,bootstrap_poly3,0.008455741333850164,0.00015716272871403646
0.9483208020050125,Cd_SU2,bootstrap_poly3,0.008457309502590988,0.00015418269202636551
0.9940852130325819,Cd_SU2,bootstrap_poly3,0.008458978335092918,0.00015125617737628546
1.0398496240601505,Cd_SU2,bootstrap_poly3,0.008460749255228137,0.00014838305508236432
1.08561403508772,Cd_SU2,bootstrap_poly3,0.008462623686868835,0.0001455631987647564
1.1313784461152885,Cd_SU2,bootstrap_poly3,0.008464603053887177,0.00014279648508303471
1.177142857142857,Cd_SU2,bootstrap_poly3,0.008466688780155357,0.0001400827934315037
1.2229072681704265,Cd_SU2,bootstrap_poly3,0.00846888228954553,0.00013742200558845103
1.268671679197995,Cd_SU2,bootstrap_poly3,0.008471185005929888,0.0001348140053157033
1.3144360902255645,Cd_SU2,bootstrap_poly3,0.008473598353180598,0.00013225867790478112
1.360200501253133,Cd_SU2,bootstrap_poly3,0.008476123755169863,0.00012975590966592682
1.4059649122807016,Cd_SU2,bootstrap_poly3,0.00847876263576983,0.00012730558735629433
1.451729323308271,Cd_SU2,bootstrap_poly3,0.008481516418852699,0.0001249075975436727
1.4974937343358397,Cd_SU2,bootstrap_poly3,0.008484386528290635,0.0001225618259022525
1.543258145363409,Cd_SU2,bootstrap_poly3,0.00848737438795582,0.00012026815643716823
1.5890225563909777,Cd_SU2,bootstrap_poly3,0.008490481421720434,0.0001180264706348559
1.6347869674185462,Cd_SU2,bootstrap_poly3,0.008493709053456642,0.00011583664653666604
1.6805513784461157,Cd_SU2,bootstrap_poly3,0.008497058707036643,0.00011369855773369338
1.7263157894736842,Cd_SU2,bootstrap_poly3,0.008500531806332609,0.00011161207228140927
1.7720802005012537,Cd_SU2,bootstrap_poly3,0.008504129775216699,0.00010957705153345041
1.8178446115288223,Cd_SU2,bootstrap_poly3,0.008507854037561113,0.00010759334889481428
1.8636090225563908,Cd_SU2,bootstrap_poly3,0.008511706017238019,0.00010566080849574713
1.9093734335839603,Cd_SU2,bootstrap_poly3,0.008515687138119604,0.00010377926378880332
1.9551378446115288,Cd_SU2,bootstrap_poly3,0.008519798824078021,0.0001019485360728757
2.0009022556390983,Cd_SU2,bootstrap_poly3,0.008524042498985467,0.00010016843294947202
2.046666666666667,Cd_SU2,bootstrap_poly3,0.008528419586714133,9.84387467181069e-05
2.0924310776942354,Cd_SU2,bootstrap_poly3,0.008532931511136163,9.675925271939166e-05
2.138195488721805,Cd_SU2,bootstrap_poly3,0.008537579696123766,9.512970763620823e-05
2.1839598997493734,Cd_SU2,bootstrap_poly3,0.008542365565549109,9.354984776521843e-05
2.229724310776943,Cd_SU2,bootstrap_poly3,0.00854729054328435,9.201938727285154e-05
2.2754887218045114,Cd_SU2,bootstrap_poly3,0.008552356053201694,9.053801645178746e-05
2.32125313283208,Cd_SU2,bootstrap_poly3,0.00855756351917332,8.910539999575786e-05
2.3670175438596495,Cd_SU2,bootstrap_poly3,0.008562914365071388,8.77211753121738e-05
2.412781954887218,Cd_SU2,bootstrap_poly3,0.00856841001476807,8.638495089358056e-05
2.4585463659147875,Cd_SU2,bootstrap_poly3,0.008574051892135564,8.509630477019294e-05
2.504310776942356,Cd_SU2,bootstrap_poly3,0.008579841421046026,8.385478306669572e-05
2.5500751879699246,Cd_SU2,bootstrap_poly3,0.00858578002537167,8.26598986870498e-05
2.595839598997494,Cd_SU2,bootstrap_poly3,0.008591869128984632,8.151113015116339e-05
2.6416040100250626,Cd_SU2,bootstrap_poly3,0.008598110155757135,8.040792060691948e-05
2.687368421052632,Cd_SU2,bootstrap_poly3,0.008604504529561317,7.934967704014869e-05
2.7331328320802006,Cd_SU2,bootstrap_poly3,0.008611053674269366,7.83357697036874e-05
2.77889724310777,Cd_SU2,bootstrap_poly3,0.008617759013753471,7.736553178464292e-05
2.8246616541353387,Cd_SU2,bootstrap_poly3,0.00862462197188578,7.643825932641332e-05
2.870426065162907,Cd_SU2,bootstrap_poly3,0.008631643972538516,7.555321141891669e-05
2.9161904761904767,Cd_SU2,bootstrap_poly3,0.008638826439583823,7.47096106669161e-05
2.9619548872180452,Cd_SU2,bootstrap_poly3,0.008646170796893898,7.390664394235677e-05
3.0077192982456147,Cd_SU2,bootstrap_poly3,0.008653678468340899,7.314346342235584e-05
3.0534837092731832,Cd_SU2,bootstrap_poly3,0.008661350877797031,7.241918791000566e-05
3.099248120300752,Cd_SU2,bootstrap_poly3,0.008669189449134439,7.173290443058627e-05
3.1450125313283213,Cd_SU2,bootstrap_poly3,0.008677195606225341,7.108367009126839e-05
3.19077694235589,Cd_SU2,bootstrap_poly3,0.008685370772941866,7.04705141880363e-05
3.2365413533834593,Cd_SU2,bootstrap_poly3,0.008693716373156224,6.989244053951292e-05
3.282305764411028,Cd_SU2,bootstrap_poly3,0.008702233830740595,6.934843002373434e-05
3.3280701754385964,Cd_SU2,bootstrap_poly3,0.008710924569567135,6.88374432907945e-05
3.373834586466166,Cd_SU2,bootstrap_poly3,0.008719790013508037,6.835842362175852e-05
3.4195989974937344,Cd_SU2,bootstrap_poly3,0.008728831586435485,6.791029990237808e-05
3.465363408521304,Cd_SU2,bootstrap_poly3,0.008738050712221635,6.749198967896416e-05
3.5111278195488724,Cd_SU2,bootstrap_poly3,0.008747448814738691,6.71024022633118e-05
3.556892230576441,Cd_SU2,bootstrap_poly3,0.008757027317858806,6.674044185379322e-05
3.6026566416040104,Cd_SU2,bootstrap_poly3,0.008766787645454166,6.64050106406216e-05
3.648421052631579,Cd_SU2,bootstrap_poly3,0.008776731221396957,6.60950118647663e-05
3.6941854636591485,Cd_SU2,bootstrap_poly3,0.008786859469559356,6.580935280201851e-05
3.739949874686717,Cd_SU2,bootstrap_poly3,0.008797173813813541,6.55469476461513e-05
3.7857142857142856,Cd_SU2,bootstrap_poly3,0.008807675678031682,6.530672026792946e-05
3.831478696741855,Cd_SU2,bootstrap_poly3,0.008818366486085947,6.508760682977542e-05
3.8772431077694236,Cd_SU2,bootstrap_poly3,0.008829247661848536,6.488855823911401e-05
3.923007518796993,Cd_SU2,bootstrap_poly3,0.008840320629191616,6.470854242669729e-05
3.9687719298245616,Cd_SU2,bootstrap_poly3,0.008851586811987373,6.454654643946911e-05
4.014536340852131,Cd_SU2,bootstrap_poly3,0.008863047634107972,6.440157834069137e-05
4.060300751879699,Cd_SU2,bootstrap_poly3,0.008874704519425586,6.427266891306442e-05
4.106065162907268,Cd_SU2,bootstrap_poly3,0.008886558891812413,6.415887316336238e-05
4.151829573934838,Cd_SU2,bootstrap_poly3,0.00889861217514063,6.405927162965244e-05
4.197593984962407,Cd_SU2,bootstrap_poly3,0.008910865793282386,6.397297149443239e-05
4.243358395989975,Cd_SU2,bootstrap_poly3,0.008923321170109912,6.389910750899191e-05
4.289122807017544,Cd_SU2,bootstrap_poly3,0.008935979729495306,6.383684273597789e-05
4.334887218045114,Cd_SU2,bootstrap_poly3,0.00894884289531082,6.378536911851574e-05
4.380651629072681,Cd_SU2,bootstrap_poly3,0.008961912091428603,6.374390788533035e-05
4.426416040100251,Cd_SU2,bootstrap_poly3,0.008975188741720826,6.371170980212359e-05
4.47218045112782,Cd_SU2,bootstrap_poly3,0.008988674270059682,6.368805528003701e-05
4.517944862155388,Cd_SU2,bootstrap_poly3,0.009002370100317346,6.367225435236248e-05
4.563709273182957,Cd_SU2,bootstrap_poly3,0.009016277656365972,6.366364653080772e-05
4.609473684210527,Cd_SU2,bootstrap_poly3,0.009030398362077773,6.366160055258401e-05
4.655238095238096,Cd_SU2,bootstrap_poly3,0.0090447336413249,6.366551402939958e-05
4.701002506265664,Cd_SU2,bootstrap_poly3,0.009059284917979563,6.367481300913284e-05
4.746766917293233,Cd_SU2,bootstrap_poly3,0.00907405361591389,6.368895146055031e-05
4.792531328320803,Cd_SU2,bootstrap_poly3,0.009089041159000099,6.370741069094802e-05
4.8382957393483705,Cd_SU2,bootstrap_poly3,0.009104248971110344,6.372969870605087e-05
4.88406015037594,Cd_SU2,bootstrap_poly3,0.009119678476116817,6.375534952091905e-05
4.929824561403509,Cd_SU2,bootstrap_poly3,0.009135331097891716,6.378392243000277e-05
4.975588972431079,Cd_SU2,bootstrap_poly3,0.009151208260307176,6.381500124386788e-05
5.021353383458647,Cd_SU2,bootstrap_poly3,0.009167311387235403,6.384819349949406e-05
5.067117794486216,Cd_SU2,bootstrap_poly3,0.00918364190254856,6.388312965043909e-05
5.1128822055137855,Cd_SU2,bootstrap_poly3,0.00920020123011883,6.391946224257077e-05
5.158646616541353,Cd_SU2,bootstrap_poly3,0.009216990793818389,6.395686508049909e-05
5.204411027568923,Cd_SU2,bootstrap_poly3,0.009234012017519442,6.399503238929972e-05
5.250175438596492,Cd_SU2,bootstrap_poly3,0.009251266325094102,6.40336779756085e-05
5.29593984962406,Cd_SU2,bootstrap_poly3,0.009268755140414624,6.407253439169242e-05
5.341704260651629,Cd_SU2,bootstrap_poly3,0.009286479887353134,6.411135210565253e-05
5.387468671679199,Cd_SU2,bootstrap_poly3,0.00930444198978181,6.414989868051209e-05
5.433233082706768,Cd_SU2,bootstrap_poly3,0.009322642871572867,6.418795796456011e-05
5.478997493734336,Cd_SU2,bootstrap_poly3,0.009341083956598453,6.422532929498659e-05
5.524761904761905,Cd_SU2,bootstrap_poly3,0.009359766668730741,6.426182671652697e-05
5.570526315789475,Cd_SU2,bootstrap_poly3,0.009378692431841938,6.429727821656194e-05
5.616290726817042,Cd_SU2,bootstrap_poly3,0.009397862669804188,6.433152497786395e-05
5.662055137844612,Cd_SU2,bootstrap_poly3,0.009417278806489694,6.436442064996058e-05
5.707819548872181,Cd_SU2,bootstrap_poly3,0.009436942265770633,6.439583063988898e-05
5.753583959899749,Cd_SU2,bootstrap_poly3,0.009456854471519166,6.442563142293908e-05
5.799348370927318,Cd_SU2,bootstrap_poly3,0.009477016847607472,6.445370987383653e-05
5.845112781954888,Cd_SU2,bootstrap_poly3,0.009497430817907741,6.447996261867915e-05
5.890877192982457,Cd_SU2,bootstrap_poly3,0.009518097806292154,6.450429540783284e-05
5.936641604010025,Cd_SU2,bootstrap_poly3,0.009539019236632864,6.452662250989053e-05
5.982406015037594,Cd_SU2,bootstrap_poly3,0.009560196532802098,6.454686612672092e-05
6.028170426065164,Cd_SU2,bootstrap_poly3,0.009581631118671965,6.456495582956104e-05
6.0739348370927315,Cd_SU2,bootstrap_poly3,0.009603324418114687,6.458082801605249e-05
6.119699248120301,Cd_SU2,bootstrap_poly3,0.009625277855002447,6.459442538807414e-05
6.16546365914787,Cd_SU2,bootstrap_poly3,0.009647492853207406,6.460569645018726e-05
6.21122807017544,Cd_SU2,bootstrap_poly3,0.00966997083660173,6.461459502848088e-05
6.2569924812030076,Cd_SU2,bootstrap_poly3,0.00969271322905762,6.462107980958475e-05
6.302756892230577,Cd_SU2,bootstrap_poly3,0.00971572145444727,6.462511389960149e-05
6.3485213032581465,Cd_SU2,bootstrap_poly3,0.009738996936642806,6.462666440270032e-05
6.394285714285714,Cd_SU2,bootstrap_poly3,0.009762541099516435,6.462570201911081e-05
6.440050125313284,Cd_SU2,bootstrap_poly3,0.009786355366940338,6.462220066225506e-05
6.485814536340853,Cd_SU2,bootstrap_poly3,0.009810441162786688,6.4616137094757e-05
6.531578947368421,Cd_SU2,bootstrap_poly3,0.009834799910927661,6.46074905830777e-05
6.57734335839599,Cd_SU2,bootstrap_poly3,0.009859433035235435,6.459624257052992e-05
6.62310776942356,Cd_SU2,bootstrap_poly3,0.009884341959582203,6.458237636843766e-05
6.668872180451129,Cd_SU2,bootstrap_poly3,0.009909528107840113,6.45658768652187e-05
6.714636591478697,Cd_SU2,bootstrap_poly3,0.009934992903881352,6.454673025317924e-05
6.760401002506266,Cd_SU2,bootstrap_poly3,0.009960737771578106,6.452492377282735e-05
6.806165413533836,Cd_SU2,bootstrap_poly3,0.009986764134802576,6.450044547452581e-05
6.851929824561403,Cd_SU2,bootstrap_poly3,0.010013073417426884,6.447328399731899e-05
6.897694235588973,Cd_SU2,bootstrap_poly3,0.010039667043323253,6.444342836479037e-05
6.943458646616542,Cd_SU2,bootstrap_poly3,0.010066546436363843,6.44108677978169e-05
6.98922305764411,Cd_SU2,bootstrap_poly3,0.010093713020420848,6.437559154411119e-05
7.034987468671679,Cd_SU2,bootstrap_poly3,0.010121168219366422,6.433758872445477e-05
7.080751879699249,Cd_SU2,bootstrap_poly3,0.010148913457072757,6.42968481955445e-05
7.126516290726818,Cd_SU2,bootstrap_poly3,0.01017695015741202,6.425335842939574e-05
7.172280701754386,Cd_SU2,bootstrap_poly3,0.0102052797442564,6.420710740925738e-05
7.218045112781955,Cd_SU2,bootstrap_poly3,0.01023390364147807,6.415808254201979e-05
7.263809523809525,Cd_SU2,bootstrap_poly3,0.01026282327294921,6.410627058710768e-05
7.3095739348370925,Cd_SU2,bootstrap_poly3,0.01029204006254198,6.405165760187575e-05
7.355338345864662,Cd_SU2,bootstrap_poly3,0.010321555434128599,6.399422890353927e-05
7.401102756892231,Cd_SU2,bootstrap_poly3,0.010351370811581216,6.393396904769284e-05
7.446867167919799,Cd_SU2,bootstrap_poly3,0.010381487618771999,6.387086182349173e-05
7.4926315789473685,Cd_SU2,bootstrap_poly3,0.010411907279573154,6.380489026558918e-05
7.538395989974938,Cd_SU2,bootstrap_poly3,0.010442631217856841,6.373603668294545e-05
7.584160401002507,Cd_SU2,bootstrap_poly3,0.010473660857495227,6.366428270464536e-05
7.629924812030075,Cd_SU2,bootstrap_poly3,0.010504997622360523,6.358960934288555e-05
7.675689223057645,Cd_SU2,bootstrap_poly3,0.010536642936324869,6.351199707331429e-05
7.721453634085214,Cd_SU2,bootstrap_poly3,0.010568598223260478,6.343142593293406e-05
7.767218045112782,Cd_SU2,bootstrap_poly3,0.010600864907039497,6.33478756358002e-05
7.812982456140351,Cd_SU2,bootstrap_poly3,0.010633444411534125,6.326132570677868e-05
7.858746867167921,Cd_SU2,bootstrap_poly3,0.010666338160616535,6.317175563365388e-05
7.90451127819549,Cd_SU2,bootstrap_poly3,0.010699547578158905,6.307914503790471e-05
7.950275689223058,Cd_SU2,bootstrap_poly3,0.010733074088033397,6.29834738645027e-05
7.996040100250627,Cd_SU2,bootstrap_poly3,0.010766919114112193,6.288472259111589e-05
8.041804511278198,Cd_SU2,bootstrap_poly3,0.0108010840802675,6.278287245713645e-05
8.087568922305763,Cd_SU2,bootstrap_poly3,0.01083557041037148,6.267790571298723e-05
8.133333333333333,Cd_SU2,bootstrap_poly3,0.010870379528296292,6.256980589019918e-05
8.179097744360902,Cd_SU2,bootstrap_poly3,0.010905512857914149,6.245855809278966e-05
8.224862155388472,Cd_SU2,bootstrap_poly3,0.010940971823097173,6.234414931051266e-05
8.270626566416041,Cd_SU2,bootstrap_poly3,0.010976757847717592,6.222656875459442e-05
8.31639097744361,Cd_SU2,bootstrap_poly3,0.01101287235564756,6.210580821660648e-05
8.36215538847118,Cd_SU2,bootstrap_poly3,0.01104931677075929,6.198186245117801e-05
8.407919799498746,Cd_SU2,bootstrap_poly3,0.011086092516924889,6.18547295832864e-05
8.453684210526315,Cd_SU2,bootstrap_poly3,0.011123201018016596,6.172441154091522e-05
8.499448621553885,Cd_SU2,bootstrap_poly3,0.011160643697906585,6.159091451390815e-05
8.545213032581454,Cd_SU2,bootstrap_poly3,0.01119842198046702,6.145424943989352e-05
8.590977443609024,Cd_SU2,bootstrap_poly3,0.011236537289570057,6.131443251819479e-05
8.636741854636593,Cd_SU2,bootstrap_poly3,0.011274991049087928,6.117148575268131e-05
8.68250626566416,Cd_SU2,bootstrap_poly3,0.011313784682892769,6.102543752455066e-05
8.728270676691729,Cd_SU2,bootstrap_poly3,0.011352919614856741,6.0876323196066235e-05
8.774035087719298,Cd_SU2,bootstrap_poly3,0.011392397268852057,6.0724185746298195e-05
8.819799498746868,Cd_SU2,bootstrap_poly3,0.011432219068750896,6.056907643993677e-05
8.865563909774437,Cd_SU2,bootstrap_poly3,0.011472386438425412,6.041105553025675e-05
8.911328320802006,Cd_SU2,bootstrap_poly3,0.01151290080174782,6.025019299730977e-05
8.957092731829576,Cd_SU2,bootstrap_poly3,0.011553763582590262,6.008656932240871e-05
9.002857142857142,Cd_SU2,bootstrap_poly3,0.01159497620482492,5.9920276299937223e-05
9.048621553884711,Cd_SU2,bootstrap_poly3,0.011636540092323963,5.9751417887467114e-05
9.09438596491228,Cd_SU2,bootstrap_poly3,0.011678456668959619,5.958011109509639e-05
9.14015037593985,Cd_SU2,bootstrap_poly3,0.011720727358604023,5.94064869148198e-05
9.18591478696742,Cd_SU2,bootstrap_poly3,0.011763353585129347,5.9230691290615836e-05
9.231679197994989,Cd_SU2,bootstrap_poly3,0.01180633677240779,5.905288612976738e-05
9.277443609022558,Cd_SU2,bootstrap_poly3,0.011849678344311524,5.8873250355727635e-05
9.323208020050124,Cd_SU2,bootstrap_poly3,0.011893379724712735,5.8691981002586894e-05
9.368972431077694,Cd_SU2,bootstrap_poly3,0.01193744233748359,5.8509294350888897e-05
9.414736842105263,Cd_SU2,bootstrap_poly3,0.011981867606496242,5.8325427104177215e-05
9.460501253132833,Cd_SU2,bootstrap_poly3,0.012026656955622925,5.814063760521059e-05
9.506265664160402,Cd_SU2,bootstrap_poly3,0.012071811808735762,5.795520709027583e-05
9.552030075187972,Cd_SU2,bootstrap_poly3,0.012117333589706996,5.776944097942533e-05
9.597794486215541,Cd_SU2,bootstrap_poly3,0.012163223722408724,5.7583670199771535e-05
9.643558897243107,Cd_SU2,bootstrap_poly3,0.012209483630713176,5.739825253817914e-05
9.689323308270676,Cd_SU2,bootstrap_poly3,0.012256114738492507,5.721357401878486e-05
9.735087719298246,Cd_SU2,bootstrap_poly3,0.012303118469618915,5.703005029975411e-05
9.780852130325815,Cd_SU2,bootstrap_poly3,0.012350496247964568,5.684812808253323e-05
9.826616541353385,Cd_SU2,bootstrap_poly3,0.012398249497401651,5.666828652557593e-05
9.872380952380954,Cd_SU2,bootstrap_poly3,0.01244637964180234,5.649103865311194e-05
9.91814536340852,Cd_SU2,bootstrap_poly3,0.012494888105038779,5.631693274798152e-05
9.96390977443609,Cd_SU2,bootstrap_poly3,0.01254377631098319,5.6146553715884275e-05
10.009674185463659,Cd_SU2,bootstrap_poly3,0.012593045683507751,5.598052440660207e-05
10.055438596491229,Cd_SU2,bootstrap_poly3,0.01264269764648459,5.581950687585613e-05
10.101203007518798,Cd_SU2,bootstrap_poly3,0.01269273362378595,5.5664203569482215e-05
10.146967418546367,Cd_SU2,bootstrap_poly3,0.012743155039283971,5.5515358409577786e-05
10.192731829573937,Cd_SU2,bootstrap_poly3,0.012793963316850827,5.53737577602394e-05
10.238496240601503,Cd_SU2,bootstrap_poly3,0.012845159880358713,5.5240231248509e-05
10.284260651629072,Cd_SU2,bootstrap_poly3,0.01289674615367978,5.51156524142615e-05
10.330025062656642,Cd_SU2,bootstrap_poly3,0.012948723560686255,5.500093916106263e-05
10.375789473684211,Cd_SU2,bootstrap_poly3,0.013001093525250274,5.489705397858924e-05
10.42155388471178,Cd_SU2,bootstrap_poly3,0.013053857471244013,5.480500390615521e-05
10.46731829573935,Cd_SU2,bootstrap_poly3,0.013107016822539671,5.472584020631965e-05
10.51308270676692,Cd_SU2,bootstrap_poly3,0.013160573003009437,5.4660657717599285e-05
10.558847117794485,Cd_SU2,bootstrap_poly3,0.013214527436525453,5.4610593856102376e-05
10.604611528822055,Cd_SU2,bootstrap_poly3,0.013268881546959916,5.457682723755425e-05
10.650375939849624,Cd_SU2,bootstrap_poly3,0.01332363675818501,5.456057589383214e-05
10.696140350877194,Cd_SU2,bootstrap_poly3,0.013378794494072874,5.456309506187518e-05
10.741904761904763,Cd_SU2,bootstrap_poly3,0.013434356178495744,5.458567452775325e-05
10.787669172932333,Cd_SU2,bootstrap_poly3,0.01349032323532577,5.462963551483155e-05
10.833433583959902,Cd_SU2,bootstrap_poly3,0.013546697088435124,5.469632711234808e-05
10.879197994987468,Cd_SU2,bootstrap_poly3,0.013603479161695981,5.4787122249275064e-05
10.924962406015037,Cd_SU2,bootstrap_poly3,0.01366067087898054,5.490341322795627e-05
10.970726817042607,Cd_SU2,bootstrap_poly3,0.013718273664160964,5.504660684249249e-05
11.016491228070176,Cd_SU2,bootstrap_poly3,0.01377628894110943,5.5218119117943684e-05
11.062255639097746,Cd_SU2,bootstrap_poly3,0.013834718133698107,5.54193697177703e-05
11.108020050125315,Cd_SU2,bootstrap_poly3,0.0138935626657992,5.5651776078164006e-05
11.153784461152881,Cd_SU2,bootstrap_poly3,0.013952823961284862,5.591674733855041e-05
11.19954887218045,Cd_SU2,bootstrap_poly3,0.014012503444027302,5.62156781471039e-05
11.24531328320802,Cd_SU2,bootstrap_poly3,0.014072602537898658,5.6549942428106546e-05
11.29107769423559,Cd_SU2,bootstrap_poly3,0.014133122666771124,5.6920887203936426e-05
11.336842105263159,Cd_SU2,bootstrap_poly3,0.014194065254516863,5.7329826567981736e-05
11.382606516290728,Cd_SU2,bootstrap_poly3,0.014255431725008075,5.7778035905518476e-05
11.428370927318298,Cd_SU2,bootstrap_poly3,0.014317223502116946,5.8266746457366067e-05
11.474135338345864,Cd_SU2,bootstrap_poly3,0.01437944200971564,5.8797140315884406e-05
11.519899749373433,Cd_SU2,bootstrap_poly3,0.014442088671676316,5.937034593468139e-05
11.565664160401003,Cd_SU2,bootstrap_poly3,0.0145051649118712,5.998743422252816e-05
11.611428571428572,Cd_SU2,bootstrap_poly3,0.014568672154172423,6.0649415278806075e-05
11.657192982456142,Cd_SU2,bootstrap_poly3,0.014632611822452167,6.135723581287413e-05
11.702957393483711,Cd_SU2,bootstrap_poly3,0.014696985340582645,6.211177727363675e-05
11.74872180451128,Cd_SU2,bootstrap_poly3,0.014761794132435986,6.291385469900355e-05
11.794486215538846,Cd_SU2,bootstrap_poly3,0.01482703962188441,6.376421627851969e-05
11.840250626566416,Cd_SU2,bootstrap_poly3,0.014892723232800076,6.466354360686182e-05
11.886015037593985,Cd_SU2,bootstrap_poly3,0.014958846389055154,6.561245259172188e-05
11.931779448621555,Cd_SU2,bootstrap_poly3,0.015025410514521846,6.661149496730243e-05
11.977543859649124,Cd_SU2,bootstrap_poly3,0.015092417033072313,6.766116035457933e-05
12.023308270676694,Cd_SU2,bootstrap_poly3,0.01515986736857874,6.876187880187115e-05
12.069072681704263,Cd_SU2,bootstrap_poly3,0.015227762944913292,6.991402373415045e-05
12.114837092731833,Cd_SU2,bootstrap_poly3,0.015296105185948143,7.111791523692745e-05
12.160601503759398,Cd_SU2,bootstrap_poly3,0.015364895515555511,7.237382360023324e-05
12.206365914786968,Cd_SU2,bootstrap_poly3,0.015434135357607525,7.368197305002414e-05
12.252130325814537,Cd_SU2,bootstrap_poly3,0.01550382613597638,7.50425455978818e-05
12.297894736842107,Cd_SU2,bootstrap_poly3,0.015573969274534251,7.64556849448768e-05
12.343659147869676,Cd_SU2,bootstrap_poly3,0.015644566197153344,7.792150038151572e-05
12.389423558897246,Cd_SU2,bootstrap_poly3,0.015715618327705804,7.944007063247552e-05
12.435187969924815,Cd_SU2,bootstrap_poly3,0.015787127090063822,8.101144760199899e-05
12.480952380952381,Cd_SU2,bootstrap_poly3,0.015859093908099565,8.263565998310712e-05
12.52671679197995,Cd_SU2,bootstrap_poly3,0.01593152020568522,8.431271670092014e-05
12.57248120300752,Cd_SU2,bootstrap_poly3,0.016004407406692962,8.6042610167178e-05
12.61824561403509,Cd_SU2,bootstrap_poly3,0.016077756934994972,8.782531932936862e-05
12.664010025062659,Cd_SU2,bootstrap_poly3,0.016151570214463444,8.966081250358779e-05
12.709774436090228,Cd_SU2,bootstrap_poly3,0.016225848668970526,9.154904998532381e-05
12.755538847117798,Cd_SU2,bootstrap_poly3,0.016300593722388408,9.348998643673674e-05
12.801303258145364,Cd_SU2,bootstrap_poly3,0.01637580679858924,9.548357305271385e-05
12.847067669172933,Cd_SU2,bootstrap_poly3,0.016451489321445256,9.752975951101789e-05
12.892832080200503,Cd_SU2,bootstrap_poly3,0.016527642714828615,9.962849571427654e-05
12.938596491228072,Cd_SU2,bootstrap_poly3,0.016604268402611446,0.00010177973333342726
12.984360902255641,Cd_SU2,bootstrap_poly3,0.016681367808665994,0.00010398342716359532
13.03012531328321,Cd_SU2,bootstrap_poly3,0.0167589423568644,0.00010623953630429923
13.075889724310777,Cd_SU2,bootstrap_poly3,0.01683699347107884,0.0001085480251764258
13.121654135338346,Cd_SU2,bootstrap_poly3,0.01691552257518153,0.00011090886438864003
13.167418546365916,Cd_SU2,bootstrap_poly3,0.01699453109304459,0.00011332203146586092
13.213182957393485,Cd_SU2,bootstrap_poly3,0.01707402044854024,0.00011578751145219348
13.258947368421055,Cd_SU2,bootstrap_poly3,0.01715399206554065,0.00011830529740029798
13.304711779448624,Cd_SU2,bootstrap_poly3,0.01723444736791799,0.00012087539075864897
13.350476190476193,Cd_SU2,bootstrap_poly3,0.017315387779544424,0.00012349780166752788
13.39624060150376,Cd_SU2,bootstrap_poly3,0.017396814724292137,0.00012617254917391432
13.442005012531329,Cd_SU2,bootstrap_poly3,0.017478729626033366,0.00012889966137474149
13.487769423558898,Cd_SU2,bootstrap_poly3,0.017561133908640197,0.0001316791754972581
13.533533834586468,Cd_SU2,bootstrap_poly3,0.017644028995984856,0.00013451113792453188
13.579298245614037,Cd_SU2,bootstrap_poly3,0.01772741631193953,0.00013739560417342245
13.625062656641607,Cd_SU2,bootstrap_poly3,0.017811297280376344,0.00014033263883168383
13.670827067669176,Cd_SU2,bootstrap_poly3,0.017895673325167557,0.00014332231546020793
13.716591478696742,Cd_SU2,bootstrap_poly3,0.017980545870185268,0.0001463647164658158
13.762355889724311,Cd_SU2,bootstrap_poly3,0.0180659163393017,0.00014945993294943782
13.808120300751881,Cd_SU2,bootstrap_poly3,0.018151786156389033,0.00015260806453398933
13.85388471177945,Cd_SU2,bootstrap_poly3,0.01823815674531943,0.00015580921917576854
13.89964912280702,Cd_SU2,bootstrap_poly3,0.01832502952996507,0.0001590635129627517
13.94541353383459,Cd_SU2,bootstrap_poly3,0.01841240593419812,0.00016237106990275467
13.991177944862159,Cd_SU2,bootstrap_poly3,0.018500287381890773,0.00016573202170406065
14.036942355889725,Cd_SU2,bootstrap_poly3,0.018588675296915207,0.00016914650755077534
14.082706766917294,Cd_SU2,bootstrap_poly3,0.018677571103143584,0.00017261467387487476
14.128471177944864,Cd_SU2,bootstrap_poly3,0.01876697622444809,0.00017613667412663347
14.174235588972433,Cd_SU2,bootstrap_poly3,0.01885689208470092,0.0001797126685448878
14.22,Cd_SU2,bootstrap_poly3,0.018947320107774217,0.00018334282392836552
