"Time_Iter","Outer_Iter","Inner_Iter",     "rms[P]"     ,     "rms[U]"     ,     "rms[V]"     ,     "rms[nu]"    
          0,           0,           0,      -4.164141138,      -14.97024983,      -16.01237544,      -9.128937636
          0,           0,           1,      -4.528957642,      -3.982138671,      -4.093911317,      -9.543063689
          0,           0,           2,      -4.640957857,      -4.135481023,      -3.889496497,      -10.21308763
          0,           0,           3,      -4.996009725,      -4.211078774,      -3.951908197,      -10.44250351
          0,           0,           4,      -5.025044783,      -4.345376446,      -4.138972736,      -10.59083707
          0,           0,           5,      -5.089744893,      -4.300890352,      -4.099999784,      -10.70231173
          0,           0,           6,      -5.098010379,      -4.245385855,      -4.065456972,      -10.77271046
          0,           0,           7,      -5.072034353,      -4.183983386,       -4.04093571,      -10.82589834
          0,           0,           8,      -5.039398085,      -4.126411697,       -4.02433261,      -10.87685424
          0,           0,           9,       -5.00640325,      -4.078067529,      -4.014089845,      -10.91186065
          0,           0,          10,       -4.97292613,      -4.040081276,      -4.008488977,      -10.93579498
          0,           0,          11,      -4.937435615,      -4.012123446,      -4.006493207,      -10.95086567
          0,           0,          12,      -4.899352592,      -3.993453435,      -4.007607481,      -10.95753994
          0,           0,          13,      -4.859244289,      -3.983396555,      -4.011773396,      -10.95203013
          0,           0,          14,      -4.818556876,      -3.981257718,      -4.018992464,      -10.94017659
          0,           0,          15,      -4.779242421,      -3.986094675,      -4.028789428,       -10.9249759
          0,           0,          16,      -4.743232279,      -3.996349786,      -4.039697491,      -10.91034204
          0,           0,          17,      -4.711929163,      -4.009427315,      -4.049019477,      -10.89686225
          0,           0,          18,      -4.685935699,      -4.021438915,      -4.053243989,      -10.88467483
          0,           0,          19,      -4.665019302,      -4.027672658,      -4.049374353,      -10.87396051
          0,           0,          20,      -4.648248358,      -4.024264128,      -4.036582495,      -10.86435012
          0,           0,          21,       -4.63424452,      -4.010300669,      -4.016769113,      -10.85420148
          0,           0,          22,      -4.621502394,      -3.988356182,      -3.993460269,      -10.84214777
          0,           0,          23,      -4.608721367,      -3.962817511,      -3.970138333,      -10.82741437
          0,           0,          24,      -4.595051558,      -3.937745458,      -3.949232657,      -10.81093147
          0,           0,          25,      -4.580167337,      -3.915812576,      -3.931951626,      -10.79277544
          0,           0,          26,      -4.564185398,      -3.898257763,       -3.91852451,      -10.77383703
          0,           0,          27,      -4.547497791,       -3.88524373,       -3.90852055,      -10.75536243
          0,           0,          28,      -4.530598912,       -3.87623974,      -3.901118888,      -10.73756973
          0,           0,          29,      -4.513951368,      -3.870321094,      -3.895321359,      -10.72064303
          0,           0,          30,      -4.497900514,       -3.86639597,      -3.890129911,      -10.70423324
          0,           0,          31,      -4.482624955,      -3.863389459,      -3.884702214,      -10.68823367
          0,           0,          32,      -4.468122468,      -3.860392407,      -3.878471996,       -10.6725193
          0,           0,          33,       -4.45423025,       -3.85676418,      -3.871209601,       -10.6568923
          0,           0,          34,      -4.440675832,      -3.852172973,      -3.863006073,      -10.64108722
          0,           0,          35,      -4.427150567,      -3.846569121,      -3.854189847,      -10.62479712
          0,           0,          36,      -4.413390418,      -3.840107204,      -3.845208061,      -10.60783168
          0,           0,          37,      -4.399244524,      -3.833047365,      -3.836509067,      -10.59015518
          0,           0,          38,      -4.384713297,      -3.825664947,      -3.828452632,      -10.57178292
          0,           0,          39,      -4.369946247,      -3.818184696,      -3.821257365,      -10.55303814
          0,           0,          40,      -4.355204164,       -3.81074203,      -3.814981779,      -10.53425722
          0,           0,          41,      -4.340800171,      -3.803367384,      -3.809530764,      -10.51592281
          0,           0,          42,      -4.327037238,      -3.795988399,      -3.804680348,      -10.49844671
          0,           0,          43,      -4.314155991,      -3.788448036,      -3.800116242,        -10.482262
          0,           0,          44,      -4.302299843,      -3.780538275,      -3.795484418,      -10.46760727
          0,           0,          45,       -4.29149944,      -3.772047985,      -3.790449053,      -10.45462946
          0,           0,          46,      -4.281675259,      -3.762818357,      -3.784751918,       -10.4431694
          0,           0,          47,      -4.272655823,      -3.752793081,      -3.778264298,       -10.4332289
          0,           0,          48,      -4.264208741,      -3.742048384,      -3.771020368,      -10.42432831
          0,           0,          49,      -4.256080561,      -3.730792096,      -3.763222851,      -10.41606952
          0,           0,          50,      -4.248038874,      -3.719331924,      -3.755218904,       -10.4076135
          0,           0,          51,      -4.239934968,      -3.708056461,      -3.747489432,      -10.39894832
          0,           0,          52,      -4.232052688,      -3.697002549,      -3.740183209,      -10.38917406
          0,           0,          53,      -4.224629908,      -3.686362781,      -3.733552632,      -10.37851372
          0,           0,          54,      -4.217737892,      -3.676394621,      -3.727944166,      -10.36639195
          0,           0,          55,      -4.211403564,      -3.667294092,      -3.723644995,       -10.3533583
          0,           0,          56,      -4.205640889,      -3.659170279,      -3.720814786,      -10.33974172
          0,           0,          57,      -4.200465814,      -3.652042684,      -3.719435248,      -10.32569911
          0,           0,          58,      -4.195888066,      -3.645864849,      -3.719303038,      -10.31207659
          0,           0,          59,      -4.191902872,      -3.640555457,      -3.720050358,      -10.29843162
          0,           0,          60,      -4.188480501,      -3.636025444,       -3.72119935,      -10.28519514
          0,           0,          61,      -4.185556039,      -3.632189932,      -3.722244217,      -10.27183911
          0,           0,          62,      -4.183023658,      -3.628960418,      -3.722744758,      -10.25777559
          0,           0,          63,      -4.180736889,       -3.62622044,      -3.722406475,      -10.24350713
          0,           0,          64,      -4.178514559,       -3.62379463,      -3.721121956,      -10.22829896
          0,           0,          65,      -4.176152218,      -3.621424922,      -3.718959733,      -10.21303399
          0,           0,          66,      -4.173437358,      -3.618767561,        -3.7161072,       -10.1970784
          0,           0,          67,      -4.170167161,      -3.615420343,      -3.712790266,      -10.18120662
          0,           0,          68,      -4.166167031,      -3.610980646,      -3.709197118,      -10.16522395
          0,           0,          69,      -4.161307491,      -3.605123802,       -3.70542631,      -10.14916882
          0,           0,          70,      -4.155516887,       -3.59767911,       -3.70146812,       -10.1338341
          0,           0,          71,      -4.148788062,      -3.588678255,      -3.697217697,      -10.11780133
          0,           0,          72,      -4.141178554,      -3.578358648,      -3.692512465,      -10.10263224
          0,           0,          73,       -4.13280555,      -3.567122383,      -3.687183234,       -10.0873498
          0,           0,          74,      -4.123838112,      -3.555467768,      -3.681107182,      -10.07220139
          0,           0,          75,      -4.114488758,      -3.543916731,      -3.674252371,      -10.05728271
          0,           0,          76,       -4.10500573,      -3.532956402,       -3.66670532,      -10.04231366
          0,           0,          77,      -4.095665659,      -3.523002283,      -3.658677498,      -10.02788327
          0,           0,          78,      -4.086765022,      -3.514381264,      -3.650491034,      -10.01288184
          0,           0,          79,      -4.078608056,      -3.507327286,      -3.642548636,      -9.998472061
          0,           0,          80,      -4.071489469,      -3.501982649,      -3.635295349,      -9.983983986
          0,           0,          81,      -4.065671706,      -3.498399976,      -3.629177213,      -9.968762632
          0,           0,          82,      -4.061357681,      -3.496541423,      -3.624600217,        -9.9541559
          0,           0,          83,      -4.058661028,      -3.496274652,      -3.621892165,      -9.939043351
          0,           0,          84,      -4.057577116,        -3.4973676,      -3.621268085,      -9.924119012
          0,           0,          85,      -4.057959436,      -3.499486066,      -3.622799042,      -9.910520876
          0,           0,          86,      -4.059507951,      -3.502199742,      -3.626385005,      -9.896955764
          0,           0,          87,      -4.061778074,      -3.505002856,      -3.631734936,      -9.884578783
          0,           0,          88,      -4.064219443,      -3.507353997,      -3.638361194,      -9.873258872
          0,           0,          89,      -4.066249656,      -3.508735161,      -3.645599516,      -9.862334961
          0,           0,          90,      -4.067357241,      -3.508721927,      -3.652667368,      -9.851700302
          0,           0,          91,      -4.067212065,      -3.507049332,      -3.658767088,      -9.841731946
          0,           0,          92,      -4.065749049,      -3.503654797,      -3.663222856,      -9.831721482
          0,           0,          93,      -4.063194046,      -3.498684894,      -3.665616596,      -9.820900014
          0,           0,          94,      -4.060022011,      -3.492465157,      -3.665873934,      -9.810270886
          0,           0,          95,      -4.056865012,      -3.485444853,      -3.664264451,      -9.799734202
          0,           0,          96,      -4.054403331,      -3.478134061,      -3.661318225,      -9.788334609
          0,           0,          97,      -4.053269381,      -3.471048044,      -3.657697341,      -9.777279335
          0,           0,          98,      -4.053979037,      -3.464666024,      -3.654072013,      -9.766429898
          0,           0,          99,      -4.056890296,      -3.459408085,      -3.651033488,      -9.755813697
          0,           0,         100,      -4.062179981,      -3.455622465,      -3.649052087,      -9.745977809
          0,           0,         101,      -4.069827455,      -3.453576782,      -3.648476621,      -9.736051171
          0,           0,         102,      -4.079599847,      -3.453453072,      -3.649557122,      -9.726784951
          0,           0,         103,      -4.091038305,       -3.45534156,      -3.652473516,      -9.718846942
          0,           0,         104,      -4.103453196,      -3.459231403,      -3.657360097,      -9.710436884
          0,           0,         105,      -4.115946281,        -3.4650005,      -3.664319043,      -9.701660439
          0,           0,         106,      -4.127484143,      -3.472403723,      -3.673418745,      -9.693829574
          0,           0,         107,      -4.137040926,      -3.481066917,      -3.684674197,      -9.685644795
          0,           0,         108,      -4.143800447,      -3.490491596,      -3.698008519,      -9.677681973
          0,           0,         109,        -4.1473626,      -3.500079335,      -3.713197447,      -9.669965627
          0,           0,         110,      -4.147868593,      -3.509183723,      -3.729801108,      -9.662322644
          0,           0,         111,      -4.145982775,      -3.517191602,       -3.74709678,      -9.654236004
          0,           0,         112,      -4.142740692,      -3.523621657,      -3.764041097,      -9.646702784
          0,           0,         113,      -4.139336874,      -3.528216109,      -3.779309773,      -9.639924879
          0,           0,         114,      -4.136933821,      -3.530994047,      -3.791469173,      -9.633712579
          0,           0,         115,      -4.136535386,      -3.532245959,       -3.79929464,      -9.627195218
          0,           0,         116,      -4.138924023,      -3.532470901,      -3.802150468,      -9.621025375
          0,           0,         117,      -4.144637842,      -3.532279943,      -3.800247376,      -9.615538852
          0,           0,         118,       -4.15395988,      -3.532295988,      -3.794621115,      -9.610703369
          0,           0,         119,      -4.166897743,      -3.533072916,      -3.786846068,      -9.606170241
          0,           0,         120,      -4.183141193,      -3.535044075,       -3.77865512,      -9.601408793
          0,           0,         121,      -4.201995498,      -3.538498463,      -3.771632574,      -9.597266374
          0,           0,         122,       -4.22230632,      -3.543569142,      -3.767054687,       -9.59324885
          0,           0,         123,      -4.242428942,      -3.550237213,      -3.765851306,      -9.589271432
          0,           0,         124,      -4.260334484,      -3.558340185,      -3.768624048,      -9.585794397
          0,           0,         125,      -4.273951637,      -3.567588569,       -3.77567448,      -9.582374521
          0,           0,         126,       -4.28173378,      -3.577577921,      -3.787030913,      -9.579051668
          0,           0,         127,      -4.283337011,      -3.587854732,      -3.802369672,      -9.576404923
          0,           0,         128,      -4.279663337,      -3.597924254,      -3.821020768,      -9.573781676
          0,           0,         129,      -4.272528029,      -3.607320518,      -3.841886398,      -9.570803245
          0,           0,         130,      -4.264083558,      -3.615685623,      -3.863410974,      -9.567980356
          0,           0,         131,        -4.2563104,      -3.622821163,      -3.883644662,      -9.565818988
          0,           0,         132,      -4.250757543,      -3.628714894,      -3.900504831,      -9.563987161
          0,           0,         133,       -4.24849207,      -3.633539052,      -3.912275429,      -9.562095346
          0,           0,         134,      -4.250146295,      -3.637614059,      -3.918177377,      -9.560190516
          0,           0,         135,      -4.255981061,      -3.641350267,      -3.918670177,       -9.55846689
          0,           0,         136,      -4.265927133,      -3.645183415,      -3.915267018,      -9.556873847
          0,           0,         137,      -4.279593363,      -3.649513398,      -3.909997214,       -9.55507114
          0,           0,         138,      -4.296246591,      -3.654659783,      -3.904853404,      -9.553318663
          0,           0,         139,      -4.314784498,      -3.660831534,      -3.901448819,      -9.551860475
          0,           0,         140,      -4.333743336,      -3.668112614,      -3.900897139,      -9.550883396
          0,           0,         141,      -4.351403184,       -3.67645685,       -3.90382321,      -9.549368385
          0,           0,         142,       -4.36604613,      -3.685699711,      -3.910414079,      -9.547671111
          0,           0,         143,       -4.37635012,      -3.695569621,      -3.920463799,      -9.546137646
          0,           0,         144,      -4.381774041,      -3.705720056,      -3.933402999,      -9.544756624
          0,           0,         145,        -4.3827188,      -3.715771493,      -3.948324436,       -9.54379674
          0,           0,         146,      -4.380357503,      -3.725362657,       -3.96403741,      -9.542928512
          0,           0,         147,      -4.376245241,      -3.734212545,      -3.979195252,       -9.54190062
          0,           0,         148,      -4.371922794,      -3.742170224,      -3.992521502,      -9.540709501
          0,           0,         149,      -4.368659088,         -3.749244,      -4.003104506,      -9.540053225
          0,           0,         150,      -4.367349372,      -3.755602493,      -4.010654735,      -9.539326361
          0,           0,         151,      -4.368516469,      -3.761547667,      -4.015596216,      -9.539064473
          0,           0,         152,      -4.372357501,      -3.767461754,      -4.018940227,      -9.539054266
          0,           0,         153,      -4.378800397,      -3.773752135,      -4.022011058,      -9.538874886
          0,           0,         154,      -4.387557051,      -3.780794686,      -4.026158045,      -9.538588232
          0,           0,         155,      -4.398172926,      -3.788894799,      -4.032545008,      -9.538660767
          0,           0,         156,      -4.410079435,      -3.798251192,       -4.04203584,      -9.538688899
          0,           0,         157,      -4.422655122,      -3.808937202,      -4.055143048,      -9.539085421
          0,           0,         158,      -4.435297674,      -3.820893197,       -4.07199609,      -9.539921711
          0,           0,         159,      -4.447499736,       -3.83392709,      -4.092297393,      -9.540937537
          0,           0,         160,      -4.458912868,      -3.847724941,      -4.115254353,      -9.541826661
          0,           0,         161,      -4.469382342,      -3.861878082,      -4.139511626,      -9.542485622
          0,           0,         162,      -4.478940961,      -3.875932021,      -4.163155177,      -9.544073589
          0,           0,         163,      -4.487762901,      -3.889434861,      -4.183910669,      -9.545362308
          0,           0,         164,      -4.496093742,      -3.902019118,      -4.199636586,      -9.546897767
          0,           0,         165,      -4.504177765,      -3.913460796,      -4.209028033,      -9.548201541
          0,           0,         166,       -4.51220072,       -3.92372251,      -4.212158221,      -9.549795569
          0,           0,         167,      -4.520258884,      -3.932964964,       -4.21046996,       -9.55117222
          0,           0,         168,      -4.528357731,      -3.941514689,      -4.206230566,      -9.552429128
          0,           0,         169,      -4.536436389,      -3.949804258,      -4.201843721,      -9.554184748
          0,           0,         170,      -4.544410554,      -3.958304487,      -4.199377552,      -9.555788987
          0,           0,         171,      -4.552223924,      -3.967454873,      -4.200389804,      -9.557164162
          0,           0,         172,      -4.559895049,      -3.977611507,      -4.205942931,      -9.558847378
          0,           0,         173,      -4.567547722,      -3.989013662,      -4.216685494,      -9.560255098
          0,           0,         174,      -4.575417363,      -4.001762931,      -4.232923027,      -9.561641799
          0,           0,         175,      -4.583831566,      -4.015813362,      -4.254640031,      -9.562618871
          0,           0,         176,      -4.593170832,      -4.030970922,      -4.281455609,      -9.563207085
          0,           0,         177,       -4.60381873,      -4.046907145,      -4.312505053,      -9.563775653
          0,           0,         178,       -4.61610944,      -4.063186201,      -4.346259068,       -9.56475628
          0,           0,         179,       -4.63027752,      -4.079311296,       -4.38035176,       -9.56568421
          0,           0,         180,      -4.646410816,       -4.09478306,      -4.411608157,      -9.566631054
          0,           0,         181,      -4.664407408,      -4.109178172,       -4.43657161,      -9.567204996
          0,           0,         182,      -4.683937349,      -4.122222679,      -4.452644804,      -9.568085914
          0,           0,         183,      -4.704417298,      -4.133841379,      -4.459301028,      -9.568875794
          0,           0,         184,      -4.725015238,      -4.144168876,      -4.458374666,      -9.569246809
          0,           0,         185,      -4.744711171,      -4.153521678,      -4.453153856,      -9.569601609
          0,           0,         186,      -4.762437366,      -4.162336441,      -4.447097923,      -9.569880167
          0,           0,         187,      -4.777294709,      -4.171094181,      -4.443021648,      -9.570293169
          0,           0,         188,      -4.788790848,       -4.18024857,      -4.442883059,      -9.570826526
          0,           0,         189,      -4.797002362,       -4.19017403,      -4.447899322,      -9.571381127
          0,           0,         190,      -4.802579313,      -4.201132179,       -4.45873654,      -9.572170042
          0,           0,         191,      -4.806592184,      -4.213244606,      -4.475655043,      -9.572942792
          0,           0,         192,      -4.810299817,      -4.226490949,      -4.498569326,       -9.57361993
          0,           0,         193,      -4.814935925,       -4.24071971,      -4.527018508,      -9.574123166
          0,           0,         194,       -4.82156866,      -4.255655026,       -4.56004625,       -9.57468362
          0,           0,         195,      -4.831035068,      -4.270923188,      -4.596004273,      -9.575536588
          0,           0,         196,      -4.843924735,      -4.286091147,      -4.632359075,      -9.575847357
          0,           0,         197,      -4.860580899,      -4.300712443,      -4.665712403,      -9.576519713
          0,           0,         198,      -4.881095484,      -4.314382811,       -4.69237301,      -9.577446477
          0,           0,         199,      -4.905281586,      -4.326795842,      -4.709605735,      -9.578316986
          0,           0,         200,       -4.93261648,      -4.337785598,      -4.716933809,      -9.579286218
          0,           0,         201,      -4.962160493,      -4.347343294,       -4.71638655,       -9.58012868
          0,           0,         202,      -4.992481609,      -4.355603487,      -4.711446533,      -9.580840675
          0,           0,         203,      -5.021657194,      -4.362810176,      -4.705662938,      -9.581505687
          0,           0,         204,      -5.047465313,      -4.369264113,      -4.701828916,      -9.582546097
          0,           0,         205,      -5.067849268,      -4.375268378,      -4.701805233,      -9.583504868
          0,           0,         206,      -5.081562833,      -4.381095556,      -4.706666938,      -9.584127611
          0,           0,         207,      -5.088658147,      -4.386951103,      -4.716905283,      -9.584903593
          0,           0,         208,      -5.090470084,      -4.392962829,      -4.732569549,      -9.585625843
          0,           0,         209,      -5.089111448,      -4.399179917,      -4.753325481,      -9.586583921
          0,           0,         210,      -5.086835367,       -4.40558234,      -4.778433676,      -9.587371196
          0,           0,         211,      -5.085591659,      -4.412094864,      -4.806666612,      -9.587939102
          0,           0,         212,      -5.086897547,      -4.418592713,      -4.836186392,      -9.588786517
          0,           0,         213,      -5.091786579,      -4.424944775,      -4.864613076,      -9.589629045
          0,           0,         214,      -5.100867952,      -4.431045569,      -4.889251819,      -9.590411748
          0,           0,         215,      -5.114474413,      -4.436787736,      -4.907633501,       -9.59114669
          0,           0,         216,      -5.132718353,       -4.44208133,      -4.918409376,      -9.592082554
          0,           0,         217,      -5.155520807,      -4.446878413,      -4.921899318,       -9.59309436
          0,           0,         218,      -5.182590605,      -4.451170345,      -4.919898451,      -9.594087384
          0,           0,         219,      -5.213363033,      -4.454981246,      -4.914921335,      -9.595024105
          0,           0,         220,      -5.246902512,      -4.458360932,      -4.909426792,      -9.595865752
          0,           0,         221,      -5.281785383,      -4.461378327,      -4.905373187,      -9.596820978
          0,           0,         222,       -5.31601944,      -4.464112273,      -4.904108169,      -9.597906197
          0,           0,         223,       -5.34711961,       -4.46664278,       -4.90644003,      -9.599006968
          0,           0,         224,      -5.372488906,      -4.469044652,      -4.912755501,      -9.600090393
          0,           0,         225,      -5.390129056,      -4.471382836,       -4.92311649,      -9.601209811
          0,           0,         226,      -5.399382915,      -4.473711502,      -4.937315255,      -9.602425652
          0,           0,         227,       -5.40119727,      -4.476072416,      -4.954889046,       -9.60367659
          0,           0,         228,      -5.397693939,      -4.478494798,      -4.975104448,      -9.604948533
          0,           0,         229,      -5.391390737,      -4.480996276,      -4.996929284,      -9.606190201
          0,           0,         230,      -5.384567796,      -4.483584986,      -5.019024228,      -9.607420647
          0,           0,         231,      -5.378985799,      -4.486264618,      -5.039799206,      -9.608534671
          0,           0,         232,       -5.37586664,      -4.489033089,      -5.057587148,      -9.609547821
          0,           0,         233,      -5.376000208,      -4.491884995,      -5.070953083,      -9.610523509
          0,           0,         234,      -5.379869936,      -4.494814627,      -5.079054319,      -9.611469402
          0,           0,         235,      -5.387751453,      -4.497817261,      -5.081882819,        -9.6123844
          0,           0,         236,      -5.399776266,      -4.500890327,      -5.080245165,      -9.613269912
          0,           0,         237,      -5.415961179,      -4.504034503,      -5.075493955,      -9.614094447
          0,           0,         238,      -5.436205029,      -4.507255215,      -5.069167463,      -9.614912668
          0,           0,         239,       -5.46025213,      -4.510560314,      -5.062699826,      -9.615668853
          0,           0,         240,      -5.487619162,      -4.513960047,      -5.057267499,      -9.616371246
          0,           0,         241,      -5.517484142,      -4.517466868,       -5.05375121,      -9.617005047
          0,           0,         242,      -5.548550297,      -4.521092832,      -5.052761949,      -9.617638825
          0,           0,         243,      -5.578936064,      -4.524848066,      -5.054687401,      -9.618111751
          0,           0,         244,      -5.606210232,      -4.528738344,      -5.059734845,      -9.618552534
          0,           0,         245,      -5.627739585,      -4.532764148,      -5.067959578,      -9.618916926
          0,           0,         246,      -5.641413794,      -4.536920205,      -5.079275965,      -9.619180763
          0,           0,         247,      -5.646470962,       -4.54119542,       -5.09345185,      -9.619421234
          0,           0,         248,      -5.643858716,      -4.545574072,      -5.110089349,      -9.619514914
          0,           0,         249,      -5.635830589,        -4.5500365,      -5.128597687,       -9.61955513
          0,           0,         250,      -5.625107874,      -4.554561954,       -5.14816987,       -9.61960627
          0,           0,         251,      -5.614166991,      -4.559131175,       -5.16778432,      -9.619642473
          0,           0,         252,      -5.604906316,      -4.563727633,       -5.18626141,      -9.619518175
          0,           0,         253,      -5.598620641,      -4.568343592,      -5.202395952,      -9.619307873
          0,           0,         254,      -5.596097556,      -4.572980623,      -5.215168289,       -9.61905085
          0,           0,         255,      -5.597741783,      -4.577647584,      -5.223982623,      -9.618620119
          0,           0,         256,        -5.6036704,       -4.58236275,      -5.228827684,      -9.618158536
          0,           0,         257,      -5.613759879,      -4.587149364,      -5.230281625,      -9.617612113
          0,           0,         258,      -5.627665719,      -4.592032047,      -5.229346122,      -9.616989537
          0,           0,         259,      -5.644810908,      -4.597050707,       -5.22716906,       -9.61630477
          0,           0,         260,      -5.664297264,       -4.60223932,      -5.224878363,      -9.615491504
          0,           0,         261,      -5.684888338,      -4.607614213,      -5.223436326,      -9.614544286
          0,           0,         262,      -5.705063219,      -4.613186622,      -5.223575135,      -9.613447372
          0,           0,         263,      -5.723138847,      -4.618959327,      -5.225778273,      -9.612340102
          0,           0,         264,      -5.737534729,      -4.624920257,      -5.230292878,      -9.611110042
          0,           0,         265,      -5.747150248,      -4.631042866,      -5.237155916,      -9.609755111
          0,           0,         266,      -5.751687706,      -4.637287663,       -5.24621713,      -9.608481485
          0,           0,         267,      -5.751729544,      -4.643604816,      -5.257156216,      -9.607123132
          0,           0,         268,      -5.748520814,       -4.64993799,      -5.269501963,      -9.605675996
          0,           0,         269,      -5.743592702,      -4.656228395,      -5.282661576,      -9.604185936
          0,           0,         270,      -5.738417056,      -4.662420345,      -5.295966948,      -9.602600239
          0,           0,         271,      -5.734198297,      -4.668466749,      -5.308743076,      -9.600951089
          0,           0,         272,      -5.731802417,      -4.674334062,      -5.320394024,      -9.599262264
          0,           0,         273,      -5.731764049,      -4.680004192,       -5.33049722,      -9.597489984
          0,           0,         274,      -5.734337605,      -4.685478758,      -5.338873924,      -9.595774693
          0,           0,         275,      -5.739548617,      -4.690780349,      -5.345608979,      -9.593999293
          0,           0,         276,      -5.747228881,      -4.695946232,      -5.351020519,      -9.592274077
          0,           0,         277,      -5.757054013,      -4.701027654,      -5.355588056,      -9.590557777
          0,           0,         278,      -5.768570587,      -4.706085487,      -5.359858968,      -9.588815301
          0,           0,         279,      -5.781222787,      -4.711183607,      -5.364358379,      -9.587083006
          0,           0,         280,      -5.794387776,      -4.716384889,      -5.369523272,      -9.585325015
          0,           0,         281,      -5.807423427,      -4.721746751,      -5.375664019,      -9.583504139
          0,           0,         282,      -5.819727368,      -4.727314877,      -5.382948127,      -9.581732574
          0,           0,         283,       -5.83079968,       -4.73312137,      -5.391400064,      -9.579923888
          0,           0,         284,      -5.840296107,      -4.739183306,      -5.400912766,      -9.578101587
          0,           0,         285,      -5.848057548,      -4.745499168,      -5.411268841,      -9.576324426
          0,           0,         286,      -5.854106984,      -4.752051673,      -5.422170132,      -9.574568548
          0,           0,         287,      -5.858616445,      -4.758807802,      -5.433275768,      -9.572783374
          0,           0,         288,      -5.861855653,      -4.765721296,      -5.444246435,      -9.571008422
          0,           0,         289,      -5.864138364,      -4.772735957,      -5.454790227,      -9.569195026
          0,           0,         290,      -5.865780213,      -4.779789085,      -5.464702985,      -9.567345663
          0,           0,         291,      -5.867075163,      -4.786816197,       -5.47389396,      -9.565464785
          0,           0,         292,       -5.86828882,      -4.793755347,      -5.482388527,      -9.563564299
          0,           0,         293,      -5.869662058,      -4.800551975,      -5.490306909,      -9.561640446
          0,           0,         294,      -5.871418342,      -4.807162899,      -5.497825644,      -9.559783142
          0,           0,         295,      -5.873769688,      -4.813559009,      -5.505132453,      -9.557936035
          0,           0,         296,      -5.876919945,      -4.819726908,       -5.51238405,      -9.556099722
          0,           0,         297,      -5.881067704,      -4.825671335,      -5.519667578,      -9.554237508
          0,           0,         298,      -5.886394097,      -4.831412394,      -5.526980834,      -9.552372843
          0,           0,         299,       -5.89304844,      -4.836982852,      -5.534231293,      -9.550440218
          0,           0,         300,      -5.901134213,       -4.84242577,      -5.541248359,      -9.548483941
          0,           0,         301,      -5.910688095,      -4.847789796,      -5.547810834,      -9.546481818
          0,           0,         302,      -5.921656288,      -4.853125134,      -5.553687399,      -9.544485122
          0,           0,         303,      -5.933871382,      -4.858479652,       -5.55868449,      -9.542532593
          0,           0,         304,      -5.947032817,      -4.863895239,      -5.562691605,      -9.540578089
          0,           0,         305,      -5.960696453,      -4.869404305,       -5.56571322,      -9.538603875
          0,           0,         306,      -5.974282552,      -4.875027082,      -5.567879978,      -9.536602996
          0,           0,         307,      -5.987112892,      -4.880771497,       -5.56943679,      -9.534654716
          0,           0,         308,      -5.998485174,      -4.886631226,      -5.570712495,      -9.532721697
          0,           0,         309,      -6.007781201,      -4.892588705,      -5.572079314,      -9.530823923
          0,           0,         310,      -6.014587517,      -4.898615777,      -5.573911843,      -9.528898929
          0,           0,         311,      -6.018791008,       -4.90467662,      -5.576552302,      -9.526944721
          0,           0,         312,      -6.020612934,      -4.910729909,      -5.580285451,      -9.525008576
          0,           0,         313,      -6.020566841,      -4.916733508,      -5.585322765,      -9.523093311
          0,           0,         314,       -6.01935717,      -4.922647936,      -5.591793568,      -9.521169825
          0,           0,         315,      -6.017756004,      -4.928439479,      -5.599740879,       -9.51927935
          0,           0,         316,      -6.016493963,      -4.934082738,      -5.609120231,      -9.517426277
          0,           0,         317,        -6.0161847,      -4.939562391,      -5.619800609,      -9.515614152
          0,           0,         318,       -6.01728433,      -4.944873808,      -5.631566885,      -9.513895077
          0,           0,         319,      -6.020077214,      -4.950022209,      -5.644123625,      -9.512247814
          0,           0,         320,      -6.024677346,      -4.955022599,      -5.657100752,      -9.510615568
          0,           0,         321,      -6.031036605,      -4.959895987,      -5.670064564,      -9.508956515
          0,           0,         322,      -6.038957034,      -4.964668163,      -5.682536991,      -9.507249961
          0,           0,         323,       -6.04810795,      -4.969366065,      -5.694022781,       -9.50551791
          0,           0,         324,       -6.05805074,       -4.97401447,      -5.704045218,      -9.503810425
          0,           0,         325,      -6.068276588,       -4.97863206,      -5.712188547,      -9.502155039
          0,           0,         326,      -6.078259999,      -4.983233907,      -5.718141947,      -9.500555735
          0,           0,         327,      -6.087525514,      -4.987827189,       -5.72173737,       -9.49898981
          0,           0,         328,      -6.095717268,      -4.992413074,      -5.722972637,      -9.497439417
          0,           0,         329,      -6.102655024,      -4.996985921,      -5.722014813,      -9.495977759
          0,           0,         330,      -6.108359289,      -5.001536381,      -5.719179989,      -9.494557142
          0,           0,         331,      -6.113036315,       -5.00605162,      -5.714902264,      -9.493140832
          0,           0,         332,      -6.117026601,      -5.010517448,      -5.709691918,      -9.491758322
          0,           0,         333,      -6.120736675,      -5.014921288,      -5.704094461,      -9.490393899
          0,           0,         334,      -6.124566971,      -5.019253419,      -5.698655743,        -9.4889911
          0,           0,         335,      -6.128850561,      -5.023507857,      -5.693895707,      -9.487631889
          0,           0,         336,       -6.13381037,      -5.027683847,      -5.690291425,      -9.486311292
          0,           0,         337,      -6.139535744,      -5.031785237,      -5.688267857,      -9.484986721
          0,           0,         338,      -6.145976597,      -5.035820442,      -5.688193708,      -9.483677509
          0,           0,         339,      -6.152953644,      -5.039801105,      -5.690379761,      -9.482390054
          0,           0,         340,      -6.160184285,      -5.043741033,      -5.695077089,      -9.481135215
          0,           0,         341,      -6.167324157,      -5.047654631,      -5.702473104,      -9.479923336
          0,           0,         342,      -6.174023547,      -5.051554343,       -5.71268316,      -9.478767166
          0,           0,         343,      -6.179991394,      -5.055451021,      -5.725734616,      -9.477645888
          0,           0,         344,      -6.185053808,      -5.059351534,      -5.741540407,      -9.476549937
          0,           0,         345,      -6.189194486,      -5.063258258,       -5.75985964,      -9.475476959
          0,           0,         346,      -6.192566411,      -5.067169173,      -5.780244099,      -9.474374226
          0,           0,         347,      -6.195471074,      -5.071077606,      -5.801974238,      -9.473265892
          0,           0,         348,      -6.198311539,      -5.074973297,      -5.824000534,      -9.472119748
          0,           0,         349,      -6.201532139,      -5.078842335,      -5.844927072,      -9.470947834
          0,           0,         350,      -6.205557705,       -5.08266788,      -5.863096375,      -9.469771652
          0,           0,         351,      -6.210740721,      -5.086432209,      -5.876832312,      -9.468626706
          0,           0,         352,      -6.217319115,      -5.090116883,      -5.884831008,      -9.467495643
          0,           0,         353,      -6.225383045,      -5.093703852,      -5.886560201,      -9.466388925
          0,           0,         354,       -6.23484805,       -5.09717594,      -5.882446723,      -9.465281768
          0,           0,         355,      -6.245434665,      -5.100517335,      -5.873728647,      -9.464192988
          0,           0,         356,      -6.256659627,      -5.103716253,      -5.862068477,      -9.463117978
          0,           0,         357,      -6.267843696,      -5.106761865,        -5.8491534,      -9.462063063
          0,           0,         358,      -6.278151061,      -5.109646414,      -5.836428339,      -9.461022685
          0,           0,         359,       -6.28668349,      -5.112364643,      -5.824993133,      -9.459981355
          0,           0,         360,      -6.292622754,      -5.114914203,      -5.815608488,      -9.458880423
          0,           0,         361,      -6.295396742,      -5.117295939,        -5.8087487,      -9.457723805
          0,           0,         362,      -6.294816503,      -5.119514278,      -5.804662992,      -9.456595642
          0,           0,         363,      -6.291126379,      -5.121576485,      -5.803427568,      -9.455508114
          0,           0,         364,      -6.284943225,      -5.123493519,      -5.804981378,      -9.454413115
          0,           0,         365,      -6.277114575,      -5.125279992,      -5.809146475,      -9.453322021
          0,           0,         366,      -6.268555755,      -5.126953937,      -5.815637186,      -9.452266293
          0,           0,         367,      -6.260117011,      -5.128536198,      -5.824062564,      -9.451231082
          0,           0,         368,      -6.252502265,       -5.13004977,      -5.833927023,      -9.450209853
          0,           0,         369,      -6.246235876,      -5.131519986,      -5.844635828,      -9.449232687
          0,           0,         370,         -6.241659,      -5.132973819,      -5.855512579,      -9.448284892
          0,           0,         371,      -6.238941027,       -5.13443739,      -5.865837802,      -9.447394314
          0,           0,         372,      -6.238098473,      -5.135934208,      -5.874911971,      -9.446556458
          0,           0,         373,      -6.239012694,      -5.137486018,      -5.882137565,      -9.445751377
          0,           0,         374,      -6.241444519,      -5.139110722,      -5.887104074,      -9.444904403
          0,           0,         375,      -6.245049406,      -5.140820705,      -5.889651792,      -9.444055803
          0,           0,         376,      -6.249397137,      -5.142622275,      -5.889892144,      -9.443239429
          0,           0,         377,      -6.254000025,      -5.144515732,      -5.888176689,      -9.442447015
          0,           0,         378,      -6.258352667,      -5.146493499,      -5.885026586,      -9.441678836
          0,           0,         379,       -6.26198299,      -5.148540497,      -5.881046334,      -9.440937332
          0,           0,         380,      -6.264509379,      -5.150635543,       -5.87684539,      -9.440226713
          0,           0,         381,      -6.265692951,      -5.152751082,      -5.872981028,      -9.439577674
          0,           0,         382,      -6.265471685,      -5.154855217,      -5.869924852,      -9.438972938
          0,           0,         383,      -6.263966315,       -5.15691275,      -5.868048673,      -9.438395815
          0,           0,         384,      -6.261456563,      -5.158887877,      -5.867623155,      -9.437861512
          0,           0,         385,      -6.258335525,      -5.160746848,      -5.868822698,      -9.437377465
          0,           0,         386,      -6.255055235,      -5.162459466,      -5.871731485,      -9.436935703
          0,           0,         387,      -6.252075292,      -5.164001627,      -5.876348023,      -9.436532049
          0,           0,         388,      -6.249822528,        -5.1653579,      -5.882587399,      -9.436173414
          0,           0,         389,      -6.248664339,      -5.166522154,      -5.890281633,      -9.435783971
          0,           0,         390,      -6.248893334,      -5.167499307,      -5.899179371,      -9.435343785
          0,           0,         391,      -6.250719704,      -5.168305129,      -5.908947618,      -9.434863713
          0,           0,         392,      -6.254267457,      -5.168965164,      -5.919179444,      -9.434399245
          0,           0,         393,      -6.259571324,      -5.169513766,      -5.929412489,      -9.433943673
          0,           0,         394,      -6.266572196,      -5.169992941,      -5.939162188,      -9.433463483
          0,           0,         395,      -6.275110333,      -5.170448447,      -5.947970371,       -9.43297652
          0,           0,         396,      -6.284917253,      -5.170927555,      -5.955464298,      -9.432502188
          0,           0,         397,      -6.295609283,      -5.171477117,      -5.961414789,      -9.432050167
          0,           0,         398,      -6.306688134,      -5.172139929,      -5.965778096,      -9.431616588
          0,           0,         399,      -6.317556224,      -5.172952844,      -5.968708227,       -9.43119904
          0,           0,         400,      -6.327555215,      -5.173942605,      -5.970535227,      -9.430783275
          0,           0,         401,       -6.33603304,      -5.175127396,      -5.971716062,        -9.4303927
          0,           0,         402,      -6.342435438,      -5.176514911,      -5.972772167,      -9.430016232
          0,           0,         403,      -6.346404365,      -5.178100537,      -5.974228349,      -9.429655925
          0,           0,         404,      -6.347854491,      -5.179868076,      -5.976562735,      -9.429301108
          0,           0,         405,      -6.347000311,      -5.181790934,      -5.980171191,      -9.428912266
          0,           0,         406,      -6.344323494,      -5.183834137,      -5.985344695,      -9.428470649
          0,           0,         407,      -6.340494156,      -5.185954946,      -5.992254714,      -9.428058501
          0,           0,         408,       -6.33627319,      -5.188108452,      -6.000942482,      -9.427617431
          0,           0,         409,       -6.33242618,      -5.190249981,        -6.0113079,      -9.427193511
          0,           0,         410,      -6.329660483,      -5.192333446,      -6.023099248,      -9.426786252
          0,           0,         411,      -6.328594353,      -5.194320412,      -6.035908021,      -9.426392927
          0,           0,         412,      -6.329746324,      -5.196180444,       -6.04917742,      -9.426012226
          0,           0,         413,      -6.333537257,      -5.197893685,      -6.062234146,      -9.425626494
          0,           0,         414,      -6.340297877,      -5.199451344,       -6.07435314,      -9.425239283
          0,           0,         415,      -6.350275488,      -5.200856281,      -6.084857487,      -9.424834107
          0,           0,         416,      -6.363635008,      -5.202122489,      -6.093241941,       -9.42441518
          0,           0,         417,      -6.380449861,      -5.203273784,      -6.099286762,      -9.424026081
          0,           0,         418,      -6.400677841,      -5.204341362,      -6.103120348,      -9.423668078
          0,           0,         419,      -6.424116477,      -5.205361012,      -6.105205484,      -9.423350966
          0,           0,         420,      -6.450332698,      -5.206369709,      -6.106256182,      -9.423074529
          0,           0,         421,      -6.478565677,      -5.207403883,      -6.107119044,      -9.422833314
          0,           0,         422,      -6.507615982,      -5.208496401,      -6.108658132,      -9.422576206
          0,           0,         423,      -6.535767808,      -5.209673647,       -6.11166881,        -9.4222945
          0,           0,         424,      -6.560842615,      -5.210954835,       -6.11682638,      -9.421985331
          0,           0,         425,      -6.580512193,      -5.212351725,      -6.124661493,      -9.421680836
          0,           0,         426,      -6.592908577,      -5.213867236,      -6.135549057,      -9.421392377
          0,           0,         427,      -6.597306989,       -5.21549657,       -6.14969693,      -9.421135416
          0,           0,         428,      -6.594445372,      -5.217228511,      -6.167122988,       -9.42087787
          0,           0,         429,      -6.586233584,      -5.219045835,       -6.18761198,       -9.42065257
          0,           0,         430,      -6.575079159,      -5.220927834,      -6.210647091,      -9.420449098
          0,           0,         431,      -6.563268023,       -5.22285217,      -6.235321587,      -9.420270579
          0,           0,         432,      -6.552638038,      -5.224796458,       -6.26025776,      -9.420111917
          0,           0,         433,      -6.544517532,      -5.226739967,       -6.28359856,      -9.419985643
          0,           0,         434,      -6.539801563,      -5.228664952,      -6.303177516,      -9.419894744
          0,           0,         435,      -6.539063823,      -5.230557966,      -6.316953929,      -9.419825324
          0,           0,         436,      -6.542654028,      -5.232410245,       -6.32364023,      -9.419752008
          0,           0,         437,      -6.550766013,      -5.234218251,      -6.323205184,      -9.419698449
          0,           0,         438,       -6.56347497,      -5.235982841,      -6.316903093,      -9.419659189
          0,           0,         439,      -6.580745504,       -5.23770838,      -6.306805166,      -9.419620289
          0,           0,         440,      -6.602412514,      -5.239402161,      -6.295166894,      -9.419576378
          0,           0,         441,      -6.628128898,       -5.24107357,      -6.283970428,      -9.419453705
          0,           0,         442,      -6.657275361,      -5.242732601,      -6.274738023,      -9.419327843
          0,           0,         443,      -6.688832239,      -5.244388806,      -6.268536095,      -9.419171299
          0,           0,         444,      -6.721234841,      -5.246050458,      -6.266060026,      -9.419013282
          0,           0,         445,      -6.752286533,      -5.247724381,      -6.267729083,      -9.418862629
          0,           0,         446,      -6.779281028,      -5.249414937,      -6.273760637,      -9.418725435
          0,           0,         447,      -6.799506739,      -5.251123809,      -6.284215047,      -9.418605989
          0,           0,         448,      -6.811107062,      -5.252850592,      -6.299010569,      -9.418487077
          0,           0,         449,      -6.813855778,      -5.254593054,      -6.317909215,      -9.418378167
          0,           0,         450,      -6.809253912,      -5.256347176,      -6.340473594,      -9.418267919
          0,           0,         451,       -6.79986347,       -5.25810836,      -6.365996107,      -9.418148234
          0,           0,         452,      -6.788409623,       -5.25987152,       -6.39341003,      -9.418033787
          0,           0,         453,      -6.777175015,      -5.261631389,      -6.421213477,      -9.417937682
          0,           0,         454,      -6.767797775,      -5.263383243,        -6.4474738,      -9.417859022
          0,           0,         455,      -6.761320622,      -5.265123231,      -6.470012838,      -9.417794946
          0,           0,         456,      -6.758324204,      -5.266848418,      -6.486841039,      -9.417746077
          0,           0,         457,      -6.759053217,      -5.268556797,      -6.496744659,       -9.41771298
          0,           0,         458,      -6.763504813,      -5.270247254,      -6.499718131,      -9.417680589
          0,           0,         459,      -6.771477562,      -5.271919656,      -6.496940121,      -9.417651288
          0,           0,         460,      -6.782588264,      -5.273574286,      -6.490309077,      -9.417594709
          0,           0,         461,      -6.796267118,      -5.275211857,       -6.48185393,      -9.417496105
          0,           0,         462,      -6.811744316,      -5.276833315,      -6.473313953,      -9.417390325
          0,           0,         463,      -6.828046031,      -5.278439786,      -6.465965373,      -9.417289412
          0,           0,         464,      -6.844024468,      -5.280032216,      -6.460620521,      -9.417197358
          0,           0,         465,      -6.858448614,      -5.281611173,      -6.457701441,      -9.417104612
          0,           0,         466,      -6.870168116,      -5.283177112,      -6.457325585,      -9.416998169
          0,           0,         467,       -6.87832563,      -5.284730513,      -6.459378521,      -9.416911672
          0,           0,         468,      -6.882546187,      -5.286271762,      -6.463569982,      -9.416842361
          0,           0,         469,      -6.883016373,      -5.287800893,      -6.469479193,      -9.416777659
          0,           0,         470,      -6.880411025,      -5.289318143,      -6.476597707,      -9.416724563
          0,           0,         471,      -6.875705296,       -5.29082372,      -6.484377577,      -9.416685363
          0,           0,         472,      -6.869958539,      -5.292318211,        -6.4922883,       -9.41664984
          0,           0,         473,      -6.864144338,       -5.29380198,      -6.499880031,       -9.41661588
          0,           0,         474,      -6.859054671,      -5.295275575,      -6.506843017,       -9.41658486
          0,           0,         475,      -6.855268488,      -5.296739602,      -6.513049596,      -9.416566415
          0,           0,         476,      -6.853160017,       -5.29819457,      -6.518566395,      -9.416558172
          0,           0,         477,      -6.852924683,      -5.299641087,      -6.523632344,      -9.416553465
          0,           0,         478,      -6.854608724,      -5.301079365,        -6.5286087,      -9.416551804
          0,           0,         479,      -6.858136109,      -5.302509595,      -6.533914287,       -9.41655401
          0,           0,         480,      -6.863331198,      -5.303931703,      -6.539959886,      -9.416561708
          0,           0,         481,      -6.869938328,      -5.305345277,      -6.547090919,      -9.416519136
          0,           0,         482,      -6.877640597,      -5.306749814,      -6.555541296,      -9.416485073
          0,           0,         483,      -6.886080324,      -5.308144796,      -6.565396959,      -9.416449082
          0,           0,         484,      -6.894882774,      -5.309529464,      -6.576565906,      -9.416417006
          0,           0,         485,      -6.903683401,      -5.310902858,      -6.588753686,      -9.416388195
          0,           0,         486,      -6.912156756,      -5.312264198,      -6.601448308,      -9.416370506
          0,           0,         487,      -6.920043271,      -5.313612817,      -6.613925739,      -9.416365836
          0,           0,         488,      -6.927168944,      -5.314948335,      -6.625293478,      -9.416376381
          0,           0,         489,      -6.933453601,       -5.31627049,      -6.634590094,      -9.416387246
          0,           0,         490,      -6.938905612,      -5.317579426,      -6.640943574,      -9.416407524
          0,           0,         491,      -6.943604245,      -5.318875616,      -6.643759081,      -9.416444278
          0,           0,         492,      -6.947673905,       -5.32015979,      -6.642872992,      -9.416475263
          0,           0,         493,      -6.951255895,      -5.321432826,      -6.638605967,      -9.416501821
          0,           0,         494,      -6.954483129,      -5.322695631,      -6.631690344,      -9.416534726
          0,           0,         495,      -6.957461709,       -5.32394936,      -6.623108941,      -9.416585521
          0,           0,         496,      -6.960261381,      -5.325195294,      -6.613915718,      -9.416648791
          0,           0,         497,      -6.962915101,        -5.3264344,      -6.605095911,      -9.416709067
          0,           0,         498,      -6.965426531,      -5.327667552,      -6.597486808,      -9.416778956
          0,           0,         499,      -6.967783567,      -5.328895354,      -6.591751432,       -9.41686514
          0,           0,         500,      -6.969975149,      -5.330118203,      -6.588385203,      -9.416963834
          0,           0,         501,      -6.972008304,      -5.331336305,      -6.587736932,       -9.41707504
          0,           0,         502,      -6.973922454,      -5.332549508,      -6.590031771,      -9.417172934
          0,           0,         503,      -6.975798327,      -5.333757362,      -6.595388828,      -9.417236915
          0,           0,         504,      -6.977759859,      -5.334959172,      -6.603829861,      -9.417268005
          0,           0,         505,      -6.979969058,       -5.33615405,      -6.615277597,      -9.417302516
          0,           0,         506,      -6.982614713,      -5.337341006,      -6.629542567,      -9.417323029
          0,           0,         507,      -6.985896745,      -5.338519026,      -6.646298192,      -9.417331411
          0,           0,         508,      -6.990008334,      -5.339687182,      -6.665045915,      -9.417326488
          0,           0,         509,      -6.995117316,      -5.340844534,      -6.685076021,      -9.417325054
          0,           0,         510,      -7.001347884,      -5.341990371,      -6.705438029,      -9.417330467
          0,           0,         511,      -7.008763173,      -5.343124355,      -6.724946641,      -9.417340244
          0,           0,         512,      -7.017348761,      -5.344246353,      -6.742258256,      -9.417356363
          0,           0,         513,       -7.02699736,      -5.345356483,       -6.75604531,      -9.417381214
          0,           0,         514,      -7.037496126,      -5.346455304,      -6.765255168,      -9.417414935
          0,           0,         515,      -7.048519356,      -5.347543623,      -6.769371806,      -9.417460499
          0,           0,         516,      -7.059631226,      -5.348622544,      -6.768555801,      -9.417515456
          0,           0,         517,      -7.070305196,      -5.349693378,      -6.763584432,      -9.417577571
          0,           0,         518,      -7.079965969,       -5.35075743,      -6.755625826,      -9.417644247
          0,           0,         519,      -7.088056219,      -5.351816212,      -6.745964526,      -9.417704668
          0,           0,         520,      -7.094121032,      -5.352871179,      -6.735785795,      -9.417766103
          0,           0,         521,      -7.097891764,      -5.353923761,        -6.7260597,      -9.417831871
          0,           0,         522,      -7.099344442,      -5.354975354,      -6.717510544,      -9.417906521
          0,           0,         523,      -7.098712272,      -5.356026753,      -6.710636903,      -9.417981923
          0,           0,         524,      -7.096447529,       -5.35707866,      -6.705751612,      -9.418067267
          0,           0,         525,        -7.0931476,      -5.358131537,      -6.703024218,      -9.418157521
          0,           0,         526,      -7.089469256,      -5.359185545,      -6.702517234,      -9.418206013
          0,           0,         527,      -7.086053418,      -5.360240556,      -6.704213942,      -9.418252625
          0,           0,         528,      -7.083472255,      -5.361296267,      -6.708038435,       -9.41830419
          0,           0,         529,      -7.082199754,      -5.362352008,      -6.713869321,      -9.418351961
          0,           0,         530,      -7.082600426,      -5.363406883,      -6.721548443,      -9.418404409
          0,           0,         531,      -7.084928961,      -5.364460047,      -6.730885918,      -9.418455615
          0,           0,         532,      -7.089334553,      -5.365510602,      -6.741662522,      -9.418513009
          0,           0,         533,      -7.095865269,      -5.366557692,      -6.753629762,      -9.418581565
          0,           0,         534,      -7.104470115,      -5.367600535,      -6.766508513,       -9.41866048
          0,           0,         535,      -7.114997939,      -5.368638488,      -6.779987149,      -9.418736926
          0,           0,         536,       -7.12719391,      -5.369671016,      -6.793720432,      -9.418826038
          0,           0,         537,      -7.140695995,      -5.370697918,       -6.80733097,      -9.418921833
          0,           0,         538,      -7.155035667,      -5.371719223,      -6.820415545,      -9.419022076
          0,           0,         539,      -7.169648924,      -5.372735102,      -6.832558688,      -9.419109908
          0,           0,         540,      -7.183904446,      -5.373745941,       -6.84335518,      -9.419199299
          0,           0,         541,      -7.197154044,      -5.374752232,       -6.85244165,       -9.41929502
          0,           0,         542,      -7.208804509,       -5.37575464,      -6.859534172,      -9.419397372
          0,           0,         543,       -7.21840008,      -5.376754005,      -6.864465268,      -9.419492845
          0,           0,         544,      -7.225694944,      -5.377751198,       -6.86721153,       -9.41959436
          0,           0,         545,      -7.230692504,      -5.378747008,      -6.867904024,      -9.419693163
          0,           0,         546,      -7.233636851,      -5.379742162,      -6.866817485,      -9.419793412
          0,           0,         547,      -7.234959633,       -5.38073733,      -6.864341003,      -9.419903954
          0,           0,         548,      -7.235200978,      -5.381732995,      -6.860937636,      -9.420023787
          0,           0,         549,      -7.234928102,       -5.38272961,      -6.857101774,      -9.420149436
          0,           0,         550,      -7.234669631,      -5.383727377,      -6.853321804,       -9.42027726
          0,           0,         551,      -7.234872809,      -5.384726212,      -6.850052263,      -9.420374864
          0,           0,         552,      -7.235883686,      -5.385726059,      -6.847696684,      -9.420444453
          0,           0,         553,      -7.237945712,      -5.386726858,      -6.846596417,       -9.42051535
          0,           0,         554,      -7.241199182,      -5.387728207,      -6.847030023,      -9.420578318
          0,           0,         555,      -7.245695734,      -5.388729592,      -6.849212738,      -9.420638061
          0,           0,         556,       -7.25141261,      -5.389730493,      -6.853297385,      -9.420690609
          0,           0,         557,      -7.258265177,      -5.390730434,      -6.859374533,      -9.420749305
          0,           0,         558,        -7.2661201,        -5.3917289,      -6.867470408,      -9.420816888
          0,           0,         559,      -7.274809344,      -5.392725395,      -6.877541742,        -9.4208897
          0,           0,         560,      -7.284144384,      -5.393719467,      -6.889466973,      -9.420966578
          0,           0,         561,      -7.293930316,      -5.394710845,      -6.903033964,      -9.421037255
          0,           0,         562,      -7.303979571,      -5.395699255,      -6.917925919,      -9.421115064
          0,           0,         563,      -7.314124021,      -5.396684547,      -6.933708308,      -9.421200987
          0,           0,         564,      -7.324224361,      -5.397666751,      -6.949822952,      -9.421292625
          0,           0,         565,      -7.334175359,      -5.398645967,      -6.965597959,      -9.421390015
          0,           0,         566,      -7.343905951,      -5.399622385,      -6.980283487,      -9.421490392
          0,           0,         567,      -7.353374304,       -5.40059621,       -6.99312114,      -9.421591443
          0,           0,         568,      -7.362558607,      -5.401567752,      -7.003444321,      -9.421698903
          0,           0,         569,      -7.371445307,      -5.402537333,      -7.010790664,      -9.421813217
          0,           0,         570,      -7.380016792,      -5.403505335,      -7.014992363,      -9.421925597
          0,           0,         571,       -7.38824094,      -5.404472152,      -7.016210423,      -9.422042292
          0,           0,         572,       -7.39606458,      -5.405438084,      -7.014898478,      -9.422166817
          0,           0,         573,      -7.403412331,      -5.406403458,      -7.011710944,      -9.422284624
          0,           0,         574,      -7.410191965,      -5.407368507,      -7.007390427,      -9.422412101
          0,           0,         575,      -7.416305674,      -5.408333383,      -7.002667288,      -9.422548245
          0,           0,         576,      -7.421666205,      -5.409298212,      -6.998190286,      -9.422683111
          0,           0,         577,       -7.42621536,      -5.410263055,      -6.994490579,      -9.422812402
          0,           0,         578,      -7.429941392,      -5.411227902,      -6.991971297,      -9.422908387
          0,           0,         579,      -7.432891791,      -5.412192713,      -6.990912467,        -9.4230095
          0,           0,         580,      -7.435178687,      -5.413157371,      -6.991482785,      -9.423117365
          0,           0,         581,      -7.436975568,      -5.414121675,      -6.993752536,      -9.423221106
          0,           0,         582,      -7.438505932,      -5.415085417,      -6.997704692,      -9.423320002
          0,           0,         583,      -7.440026393,      -5.416048384,       -7.00324357,      -9.423411414
          0,           0,         584,      -7.441806847,      -5.417010407,      -7.010201073,      -9.423512696
          0,           0,         585,      -7.444110672,      -5.417971297,      -7.018341843,      -9.423619741
          0,           0,         586,      -7.447176928,      -5.418930891,        -7.0273692,      -9.423713857
          0,           0,         587,      -7.451205383,      -5.419889051,      -7.036934245,       -9.42379065
          0,           0,         588,      -7.456344383,      -5.420845687,      -7.046650458,      -9.423872483
          0,           0,         589,      -7.462680926,      -5.421800749,       -7.05611545,       -9.42395935
          0,           0,         590,      -7.470232255,      -5.422754222,      -7.064940051,       -9.42403884
          0,           0,         591,      -7.478938533,      -5.423706145,      -7.072782438,      -9.424124913
          0,           0,         592,       -7.48865681,      -5.424656625,      -7.079382312,      -9.424216453
          0,           0,         593,      -7.499157457,      -5.425605782,      -7.084588246,      -9.424311662
          0,           0,         594,      -7.510125421,      -5.426553762,      -7.088371688,      -9.424412234
          0,           0,         595,      -7.521169546,      -5.427500701,      -7.090823743,      -9.424516065
          0,           0,         596,      -7.531843825,      -5.428446762,      -7.092135809,      -9.424626837
          0,           0,         597,      -7.541683182,      -5.429392109,      -7.092568998,      -9.424742448
          0,           0,         598,      -7.550253233,      -5.430336888,      -7.092419633,      -9.424864788
          0,           0,         599,      -7.557207622,      -5.431281211,      -7.091987069,      -9.424998478
          0,           0,         600,      -7.562341233,      -5.432225128,      -7.091548311,      -9.425132322
          0,           0,         601,      -7.565625103,      -5.433168723,       -7.09134112,      -9.425270295
          0,           0,         602,      -7.567212233,      -5.434111996,       -7.09155507,       -9.42541411
          0,           0,         603,      -7.567412497,      -5.435054906,      -7.092328974,      -9.425551016
          0,           0,         604,      -7.566644207,      -5.435997377,      -7.093752304,      -9.425689138
          0,           0,         605,      -7.565376543,      -5.436939311,      -7.095869502,      -9.425831235
          0,           0,         606,      -7.564075738,      -5.437880586,      -7.098685496,      -9.425966545
          0,           0,         607,      -7.563163341,      -5.438821073,       -7.10217149,      -9.426062503
          0,           0,         608,      -7.562989122,      -5.439760613,       -7.10627059,      -9.426160116
          0,           0,         609,      -7.563816846,      -5.440699027,       -7.11090289,       -9.42625785
          0,           0,         610,      -7.565819332,      -5.441636188,      -7.115969938,      -9.426344475
          0,           0,         611,      -7.569079219,      -5.442571951,      -7.121358869,      -9.426435781
          0,           0,         612,      -7.573592292,      -5.443506247,      -7.126945617,      -9.426529499
          0,           0,         613,      -7.579272645,      -5.444439011,      -7.132598311,      -9.426630706
          0,           0,         614,      -7.585958823,      -5.445370197,      -7.138180609,      -9.426737553
          0,           0,         615,      -7.593422129,      -5.446299836,      -7.143555717,      -9.426844874
          0,           0,         616,      -7.601378267,       -5.44722799,      -7.148591207,      -9.426949828
          0,           0,         617,      -7.609503783,      -5.448154736,       -7.15316466,      -9.427055149
          0,           0,         618,       -7.61745848,      -5.449080197,      -7.157170218,      -9.427162375
          0,           0,         619,      -7.624913417,      -5.450004455,      -7.160525686,      -9.427271731
          0,           0,         620,      -7.631581952,      -5.450927621,      -7.163179147,      -9.427384306
          0,           0,         621,      -7.637249721,      -5.451849863,      -7.165114579,      -9.427499986
          0,           0,         622,      -7.641797573,      -5.452771254,      -7.166355274,      -9.427615499
          0,           0,         623,      -7.645212218,      -5.453691902,      -7.166963941,      -9.427738953
          0,           0,         624,      -7.647582629,      -5.454611899,      -7.167039918,      -9.427862801
          0,           0,         625,      -7.649082708,      -5.455531306,      -7.166713196,       -9.42798381
          0,           0,         626,      -7.649944566,      -5.456450153,       -7.16613581,      -9.428106849
          0,           0,         627,      -7.650428404,      -5.457368442,      -7.165471759,      -9.428227712
          0,           0,         628,      -7.650794346,      -5.458286146,      -7.164886515,      -9.428344061
          0,           0,         629,      -7.651279822,      -5.459203211,      -7.164536984,      -9.428464101
          0,           0,         630,      -7.652083971,      -5.460119564,      -7.164562587,      -9.428586638
          0,           0,         631,      -7.653358898,      -5.461035122,      -7.165077838,      -9.428711547
          0,           0,         632,      -7.655206638,      -5.461949803,      -7.166166549,      -9.428837171
          0,           0,         633,      -7.657680267,      -5.462863509,      -7.167877514,      -9.428960129
          0,           0,         634,      -7.660787962,      -5.463776114,      -7.170221679,      -9.429080041
          0,           0,         635,      -7.664498836,      -5.464687559,      -7.173170695,      -9.429205388
          0,           0,         636,      -7.668750034,      -5.465597789,      -7.176657194,       -9.42932204
          0,           0,         637,      -7.673454336,      -5.466506765,       -7.18057675,      -9.429419914
          0,           0,         638,      -7.678508032,      -5.467414464,      -7.184791982,      -9.429523403
          0,           0,         639,      -7.683798837,      -5.468320912,      -7.189139351,      -9.429627399
          0,           0,         640,      -7.689213463,      -5.469226152,       -7.19343888,      -9.429731167
          0,           0,         641,      -7.694644489,      -5.470130238,      -7.197506686,      -9.429835842
          0,           0,         642,      -7.699996048,      -5.471033266,      -7.201169565,       -9.42993445
          0,           0,         643,      -7.705188071,      -5.471935314,      -7.204280454,      -9.430033784
          0,           0,         644,      -7.710158939,      -5.472836476,      -7.206732841,      -9.430140909
          0,           0,         645,      -7.714866345,      -5.473736876,      -7.208471874,      -9.430250256
          0,           0,         646,      -7.719286674,      -5.474636604,      -7.209500363,      -9.430362199
          0,           0,         647,      -7.723413182,      -5.475535755,      -7.209878504,      -9.430466232
          0,           0,         648,       -7.72725337,      -5.476434409,      -7.209717418,      -9.430574671
          0,           0,         649,      -7.730826208,      -5.477332589,      -7.209167918,      -9.430688373
          0,           0,         650,       -7.73415932,       -5.47823034,      -7.208406134,      -9.430808065
          0,           0,         651,      -7.737286997,       -5.47912767,      -7.207618664,      -9.430928702
          0,           0,         652,      -7.740248679,      -5.480024566,      -7.206988732,      -9.431049415
          0,           0,         653,       -7.74308782,      -5.480920996,      -7.206684368,      -9.431174101
          0,           0,         654,      -7.745851347,      -5.481816909,      -7.206849482,      -9.431301639
          0,           0,         655,      -7.748589293,       -5.48271224,       -7.20759769,      -9.431432708
          0,           0,         656,       -7.75135434,      -5.483606915,      -7.209008481,      -9.431570917
          0,           0,         657,      -7.754201033,      -5.484500851,      -7.211125226,      -9.431713256
          0,           0,         658,      -7.757184486,      -5.485393968,      -7.213954596,      -9.431855067
          0,           0,         659,      -7.760358446,      -5.486286201,      -7.217467002,      -9.431996855
          0,           0,         660,      -7.763773017,      -5.487177484,      -7.221598205,      -9.432142129
          0,           0,         661,      -7.767471575,      -5.488067775,      -7.226251602,      -9.432288102
          0,           0,         662,        -7.7714874,      -5.488957055,      -7.231301723,       -9.43243365
          0,           0,         663,      -7.775840251,      -5.489845309,       -7.23659921,      -9.432577667
          0,           0,         664,      -7.780532938,      -5.490732486,      -7.241977415,      -9.432725003
          0,           0,         665,      -7.785548187,      -5.491618577,      -7.247260588,      -9.432865595
          0,           0,         666,       -7.79084658,      -5.492503613,      -7.252274149,      -9.432998845
          0,           0,         667,      -7.796365278,      -5.493387635,      -7.256855904,      -9.433135841
          0,           0,         668,      -7.802018205,      -5.494270713,      -7.260867319,      -9.433274529
          0,           0,         669,      -7.807698159,      -5.495152874,      -7.264203771,      -9.433389622
          0,           0,         670,      -7.813281217,      -5.496034163,      -7.266802334,      -9.433494101
          0,           0,         671,      -7.818633708,      -5.496914657,      -7.268646166,      -9.433594512
          0,           0,         672,        -7.8236213,      -5.497794413,      -7.269764505,      -9.433698448
          0,           0,         673,      -7.828119781,      -5.498673491,      -7.270228337,       -9.43380591
          0,           0,         674,      -7.832026732,      -5.499551902,      -7.270142751,      -9.433917502
          0,           0,         675,      -7.835272436,      -5.500429683,       -7.26963705,      -9.434033679
          0,           0,         676,      -7.837828545,       -5.50130689,       -7.26885413,        -9.4341498
          0,           0,         677,      -7.839712986,      -5.502183502,      -7.267940292,      -9.434266657
          0,           0,         678,      -7.840990049,      -5.503059509,      -7.267036226,      -9.434381432
          0,           0,         679,      -7.841766201,      -5.503934899,       -7.26627011,      -9.434499306
          0,           0,         680,      -7.842181684,      -5.504809662,      -7.265752595,      -9.434617322
          0,           0,         681,      -7.842399632,       -5.50568377,      -7.265573652,      -9.434738726
          0,           0,         682,      -7.842593971,      -5.506557187,      -7.265800828,      -9.434851517
          0,           0,         683,       -7.84293773,      -5.507429854,        -7.2664787,      -9.434968919
          0,           0,         684,       -7.84359273,      -5.508301751,       -7.26762917,      -9.435087636
          0,           0,         685,      -7.844701144,      -5.509172847,      -7.269252335,      -9.435200855
          0,           0,         686,      -7.846379182,      -5.510043115,       -7.27132779,      -9.435314309
          0,           0,         687,       -7.84871254,      -5.510912516,      -7.273816138,       -9.43543027
          0,           0,         688,      -7.851753381,      -5.511781045,      -7.276660786,      -9.435552535
          0,           0,         689,      -7.855518856,      -5.512648671,       -7.27979027,      -9.435678003
          0,           0,         690,      -7.859990319,      -5.513515369,      -7.283120833,      -9.435793616
          0,           0,         691,       -7.86511376,      -5.514381141,      -7.286559601,       -9.43590794
          0,           0,         692,      -7.870801184,       -5.51524601,      -7.290008361,      -9.436024815
          0,           0,         693,      -7.876933275,      -5.516109992,      -7.293367931,      -9.436143637
          0,           0,         694,      -7.883363652,      -5.516973101,      -7.296542958,      -9.436265484
          0,           0,         695,      -7.889925084,       -5.51783537,      -7.299446994,      -9.436390827
          0,           0,         696,      -7.896437862,      -5.518696817,      -7.302007536,      -9.436519654
          0,           0,         697,      -7.902720398,      -5.519557477,      -7.304170613,        -9.4366455
          0,           0,         698,       -7.90860136,      -5.520417404,       -7.30590438,       -9.43677522
          0,           0,         699,      -7.913932546,      -5.521276631,      -7.307201415,      -9.436908809
          0,           0,         700,      -7.918601007,      -5.522135191,      -7.308079371,      -9.437044429
          0,           0,         701,      -7.922538565,      -5.522993108,      -7.308579786,      -9.437178643
          0,           0,         702,       -7.92572748,      -5.523850405,      -7.308765357,      -9.437317483
          0,           0,         703,      -7.928201251,        -5.5247071,      -7.308715888,      -9.437443167
          0,           0,         704,      -7.930040442,      -5.525563196,      -7.308523303,      -9.437561599
          0,           0,         705,      -7.931364255,      -5.526418691,      -7.308286198,      -9.437666465
          0,           0,         706,        -7.9323194,      -5.527273578,      -7.308104431,      -9.437772336
          0,           0,         707,       -7.93306789,      -5.528127846,      -7.308074094,      -9.437883943
          0,           0,         708,      -7.933774987,      -5.528981469,      -7.308282955,       -9.43800023
          0,           0,         709,      -7.934599135,      -5.529834432,        -7.3088068,      -9.438117984
          0,           0,         710,       -7.93568375,      -5.530686699,      -7.309706468,      -9.438223709
          0,           0,         711,      -7.937151205,       -5.53153824,      -7.311025597,      -9.438327709
          0,           0,         712,      -7.939098864,      -5.532389022,      -7.312789018,      -9.438431515
          0,           0,         713,       -7.94159677,      -5.533239013,      -7.315001832,       -9.43853698
          0,           0,         714,      -7.944686577,      -5.534088183,      -7.317649066,      -9.438645844
          0,           0,         715,        -7.9483813,      -5.534936504,      -7.320695941,      -9.438758111
          0,           0,         716,       -7.95266568,      -5.535783952,      -7.324088793,      -9.438871771
          0,           0,         717,      -7.957497028,      -5.536630509,      -7.327756745,      -9.438980243
          0,           0,         718,      -7.962806525,      -5.537476165,      -7.331614228,      -9.439090071
          0,           0,         719,      -7.968501151,      -5.538320911,      -7.335564445,      -9.439202092
          0,           0,         720,      -7.974466246,      -5.539164744,       -7.33950367,      -9.439316904
          0,           0,         721,      -7.980569466,      -5.540007674,      -7.343326605,      -9.439434445
          0,           0,         722,      -7.986665751,      -5.540849733,      -7.346932232,      -9.439554652
          0,           0,         723,      -7.992603796,       -5.54169092,      -7.350229925,      -9.439675664
          0,           0,         724,      -7.998233718,      -5.542531247,      -7.353145235,      -9.439800198
          0,           0,         725,      -8.003416077,       -5.54337073,      -7.355624949,       -9.43992838
          0,           0,         726,      -8.008031093,      -5.544209409,      -7.357640691,      -9.440055423
          0,           0,         727,       -8.01198722,      -5.545047326,      -7.359190595,      -9.440181099
          0,           0,         728,      -8.015228128,      -5.545884506,      -7.360298871,      -9.440308857
          0,           0,         729,      -8.017737085,      -5.546720966,      -7.361013335,      -9.440440573
          0,           0,         730,       -8.01953815,      -5.547556726,      -7.361401289,      -9.440573126
          0,           0,         731,      -8.020693895,      -5.548391829,      -7.361544248,      -9.440700345
          0,           0,         732,      -8.021299947,      -5.549226284,      -7.361532058,      -9.440823824
          0,           0,         733,      -8.021477263,       -5.55006011,       -7.36145694,      -9.440950018
          0,           0,         734,      -8.021363292,      -5.550893317,      -7.361408087,      -9.441079371
          0,           0,         735,      -8.021102853,      -5.551725912,      -7.361467052,      -9.441211442
          0,           0,         736,      -8.020839739,      -5.552557909,      -7.361704085,      -9.441344612
          0,           0,         737,      -8.020709624,      -5.553389301,      -7.362175489,      -9.441479621
          0,           0,         738,      -8.020834405,      -5.554220075,      -7.362921881,      -9.441613283
          0,           0,         739,      -8.021318233,      -5.555050219,      -7.363967369,      -9.441736318
          0,           0,         740,      -8.022244894,       -5.55587972,      -7.365319496,      -9.441844351
          0,           0,         741,      -8.023676313,      -5.556708569,      -7.366969798,      -9.441953256
          0,           0,         742,      -8.025651997,      -5.557536734,      -7.368894918,      -9.442063283
          0,           0,         743,      -8.028189123,      -5.558364212,       -7.37105825,      -9.442171683
          0,           0,         744,      -8.031283243,       -5.55919098,      -7.373412111,      -9.442280488
          0,           0,         745,      -8.034909453,      -5.560017028,       -7.37590033,      -9.442380485
          0,           0,         746,      -8.039023904,       -5.56084232,      -7.378461181,      -9.442481469
          0,           0,         747,      -8.043565723,      -5.561666852,       -7.38103061,       -9.44258484
          0,           0,         748,      -8.048459546,      -5.562490616,      -7.383545686,      -9.442690082
          0,           0,         749,      -8.053618628,      -5.563313607,      -7.385948108,      -9.442792825
          0,           0,         750,      -8.058948484,      -5.564135822,       -7.38818743,      -9.442896297
          0,           0,         751,      -8.064351054,      -5.564957271,      -7.390223859,      -9.442999516
          0,           0,         752,      -8.069729371,      -5.565777944,      -7.392030478,      -9.443104356
          0,           0,         753,      -8.074992348,       -5.56659784,      -7.393594548,      -9.443197507
          0,           0,         754,      -8.080059752,      -5.567416962,       -7.39491797,      -9.443285942
          0,           0,         755,      -8.084866535,      -5.568235316,      -7.396016752,      -9.443378672
          0,           0,         756,      -8.089366214,      -5.569052906,      -7.396919551,      -9.443474774
          0,           0,         757,      -8.093533108,      -5.569869741,      -7.397665464,      -9.443574115
          0,           0,         758,      -8.097363106,      -5.570685826,      -7.398301329,      -9.443675888
          0,           0,         759,      -8.100872855,      -5.571501164,      -7.398878694,      -9.443774157
          0,           0,         760,      -8.104097529,      -5.572315753,      -7.399450748,      -9.443873154
          0,           0,         761,      -8.107087364,      -5.573129595,      -7.400069391,      -9.443971826
          0,           0,         762,      -8.109903409,      -5.573942687,      -7.400782601,      -9.444072265
          0,           0,         763,      -8.112612928,      -5.574755041,      -7.401632244,      -9.444173984
          0,           0,         764,      -8.115284686,      -5.575566658,      -7.402652298,      -9.444276808
          0,           0,         765,       -8.11798478,      -5.576377534,      -7.403867628,      -9.444381999
          0,           0,         766,      -8.120772887,      -5.577187663,      -7.405293161,      -9.444489724
          0,           0,         767,      -8.123699216,       -5.57799704,      -7.406933579,      -9.444594522
          0,           0,         768,      -8.126802169,      -5.578805661,      -7.408783451,      -9.444697347
          0,           0,         769,      -8.130106789,      -5.579613517,      -7.410827762,      -9.444802285
          0,           0,         770,      -8.133623853,      -5.580420607,      -7.413042796,      -9.444910273
          0,           0,         771,      -8.137349577,      -5.581226946,      -7.415397387,      -9.445019286
          0,           0,         772,      -8.141265987,      -5.582032527,      -7.417854489,      -9.445129508
          0,           0,         773,      -8.145341543,      -5.582837326,      -7.420372925,      -9.445243621
          0,           0,         774,      -8.149532491,      -5.583641343,      -7.422909353,      -9.445357192
          0,           0,         775,       -8.15378503,      -5.584444579,      -7.425420485,      -9.445463878
          0,           0,         776,      -8.158037522,      -5.585247035,      -7.427865199,      -9.445572904
          0,           0,         777,      -8.162223269,      -5.586048719,      -7.430206525,      -9.445684621
          0,           0,         778,      -8.166273781,      -5.586849637,      -7.432413439,      -9.445785451
          0,           0,         779,      -8.170122257,      -5.587649786,      -7.434462317,      -9.445875239
          0,           0,         780,      -8.173707136,      -5.588449174,      -7.436337923,       -9.44596631
          0,           0,         781,      -8.176975516,      -5.589247837,      -7.438033889,      -9.446055617
          0,           0,         782,      -8.179886287,      -5.590045774,      -7.439552698,      -9.446133323
          0,           0,         783,      -8.182412203,         -5.590843,      -7.440905018,      -9.446212142
          0,           0,         784,      -8.184541755,      -5.591639529,      -7.442108715,      -9.446292209
          0,           0,         785,      -8.186279562,      -5.592435372,      -7.443187437,      -9.446371598
          0,           0,         786,      -8.187645827,      -5.593230542,      -7.444168953,      -9.446452646
          0,           0,         787,      -8.188674933,      -5.594025051,      -7.445083396,       -9.44653585
          0,           0,         788,      -8.189413209,      -5.594818909,      -7.445961512,       -9.44662005
          0,           0,         789,      -8.189916173,      -5.595612123,      -7.446833024,      -9.446699539
          0,           0,         790,      -8.190245458,        -5.5964047,      -7.447725187,      -9.446778785
          0,           0,         791,       -8.19046569,      -5.597196639,      -7.448661602,      -9.446860941
          0,           0,         792,      -8.190641595,      -5.597987947,      -7.449661318,      -9.446945003
          0,           0,         793,      -8.190835418,      -5.598778627,       -7.45073825,      -9.447028032
          0,           0,         794,      -8.191104838,      -5.599568678,      -7.451900897,       -9.44711046
          0,           0,         795,      -8.191501285,      -5.600358099,      -7.453152325,      -9.447193571
          0,           0,         796,      -8.192068696,      -5.601146888,      -7.454490382,      -9.447277837
          0,           0,         797,      -8.192842988,      -5.601935052,      -7.455908244,      -9.447362423
          0,           0,         798,      -8.193851694,      -5.602722562,      -7.457395086,      -9.447445773
          0,           0,         799,      -8.195113725,      -5.603509406,      -7.458936803,      -9.447525716
          0,           0,         800,      -8.196639887,      -5.604295592,         -7.460517,      -9.447604578
          0,           0,         801,      -8.198433431,      -5.605081122,      -7.462118078,      -9.447685664
          0,           0,         802,      -8.200490656,      -5.605865977,      -7.463722218,      -9.447770466
          0,           0,         803,        -8.2028014,      -5.606650156,      -7.465312278,      -9.447853538
          0,           0,         804,      -8.205350162,      -5.607433639,      -7.466872774,      -9.447923653
          0,           0,         805,      -8.208116821,       -5.60821642,       -7.46839063,      -9.447990458
          0,           0,         806,      -8.211077794,      -5.608998492,      -7.469855878,      -9.448058441
          0,           0,         807,      -8.214206713,       -5.60977985,      -7.471262044,      -9.448128108
          0,           0,         808,      -8.217475351,      -5.610560492,      -7.472606337,        -9.4481978
          0,           0,         809,      -8.220854545,       -5.61134043,      -7.473889668,      -9.448267705
          0,           0,         810,      -8.224315064,      -5.612119654,      -7.475116478,      -9.448340828
          0,           0,         811,      -8.227828149,      -5.612898154,      -7.476294252,       -9.44841498
          0,           0,         812,      -8.231366372,       -5.61367593,       -7.47743303,      -9.448486957
          0,           0,         813,      -8.234904204,      -5.614452985,      -7.478544762,      -9.448557302
          0,           0,         814,      -8.238418368,      -5.615229339,       -7.47964255,      -9.448628174
          0,           0,         815,      -8.241888253,      -5.616004972,      -7.480739897,      -9.448699365
          0,           0,         816,      -8.245295962,      -5.616779898,      -7.481849915,      -9.448771196
          0,           0,         817,      -8.248626688,      -5.617554108,      -7.482984738,      -9.448843321
          0,           0,         818,      -8.251868485,        -5.6183276,      -7.484154894,         -9.448909
          0,           0,         819,      -8.255012094,      -5.619100383,      -7.485368816,      -9.448962902
          0,           0,         820,      -8.258050903,       -5.61987247,      -7.486632547,      -9.449017278
          0,           0,         821,      -8.260980603,      -5.620643855,      -7.487949536,      -9.449068849
          0,           0,         822,      -8.263798627,      -5.621414535,      -7.489320511,      -9.449119519
          0,           0,         823,      -8.266503776,      -5.622184517,      -7.490743552,       -9.44917153
          0,           0,         824,      -8.269096098,      -5.622953804,      -7.492214369,      -9.449218414
          0,           0,         825,      -8.271576344,      -5.623722406,      -7.493726575,      -9.449268053
          0,           0,         826,      -8.273945575,      -5.624490326,      -7.495272059,      -9.449317563
          0,           0,         827,      -8.276204815,      -5.625257559,      -7.496841428,      -9.449363527
          0,           0,         828,      -8.278354917,      -5.626024109,      -7.498424519,      -9.449403932
          0,           0,         829,      -8.280396523,      -5.626789977,      -7.500010952,      -9.449445698
          0,           0,         830,      -8.282329955,      -5.627555169,      -7.501590613,      -9.449489163
          0,           0,         831,      -8.284155305,      -5.628319689,      -7.503154142,      -9.449534179
          0,           0,         832,      -8.285872576,      -5.629083537,      -7.504693323,      -9.449581347
          0,           0,         833,      -8.287481814,      -5.629846716,      -7.506201401,      -9.449630518
          0,           0,         834,      -8.288983562,       -5.63060922,      -7.507673353,      -9.449680168
          0,           0,         835,      -8.290379064,      -5.631371055,      -7.509106021,      -9.449729916
          0,           0,         836,       -8.29167053,      -5.632132233,      -7.510498106,      -9.449776484
          0,           0,         837,       -8.29286146,      -5.632892759,      -7.511850147,      -9.449819945
          0,           0,         838,       -8.29395688,      -5.633652636,      -7.513164362,      -9.449863795
          0,           0,         839,      -8.294963426,      -5.634411863,      -7.514444362,      -9.449908137
          0,           0,         840,      -8.295889388,       -5.63517045,      -7.515694866,       -9.44995206
          0,           0,         841,       -8.29674469,      -5.635928396,      -7.516921394,      -9.449996734
          0,           0,         842,      -8.297540846,      -5.636685695,      -7.518129923,       -9.45004279
          0,           0,         843,      -8.298290657,      -5.637442364,       -7.51932652,      -9.450090322
          0,           0,         844,       -8.29900794,      -5.638198407,      -7.520517031,      -9.450131626
          0,           0,         845,       -8.29970727,      -5.638953825,       -7.52170684,      -9.450173645
          0,           0,         846,      -8.300403511,       -5.63970862,      -7.522900579,      -9.450216794
          0,           0,         847,      -8.301111448,      -5.640462797,      -7.524101949,      -9.450260651
          0,           0,         848,      -8.301845476,      -5.641216363,      -7.525313636,      -9.450305313
          0,           0,         849,      -8.302619277,      -5.641969307,      -7.526537256,      -9.450350601
          0,           0,         850,        -8.3034454,      -5.642721629,      -7.527773311,      -9.450394457
          0,           0,         851,      -8.304335251,      -5.643473341,      -7.529021296,      -9.450437971
          0,           0,         852,      -8.305298851,      -5.644224433,      -7.530279828,      -9.450479348
          0,           0,         853,      -8.306344527,      -5.644974895,      -7.531546712,      -9.450515355
          0,           0,         854,      -8.307479033,      -5.645724725,      -7.532819153,      -9.450547904
          0,           0,         855,      -8.308707587,       -5.64647392,      -7.534093988,      -9.450575632
          0,           0,         856,      -8.310033817,      -5.647222465,      -7.535367877,      -9.450605424
          0,           0,         857,       -8.31145975,       -5.64797036,      -7.536637481,      -9.450633298
          0,           0,         858,      -8.312985843,        -5.6487176,      -7.537899663,      -9.450660571
          0,           0,         859,      -8.314611113,      -5.649464191,      -7.539151672,      -9.450688275
          0,           0,         860,      -8.316333157,      -5.650210136,      -7.540391277,       -9.45071579
          0,           0,         861,      -8.318148302,      -5.650955427,      -7.541616921,      -9.450730107
          0,           0,         862,      -8.320051311,      -5.651700058,      -7.542827708,      -9.450736032
          0,           0,         863,      -8.322035512,      -5.652444026,      -7.544023458,      -9.450741907
          0,           0,         864,      -8.324092869,      -5.653187329,      -7.545204742,      -9.450747718
          0,           0,         865,      -8.326213952,      -5.653929967,      -7.546372821,      -9.450750746
          0,           0,         866,      -8.328387908,      -5.654671938,      -7.547529557,      -9.450753604
          0,           0,         867,      -8.330602496,      -5.655413243,      -7.548677308,      -9.450757419
          0,           0,         868,      -8.332844204,      -5.656153882,      -7.549818799,      -9.450759989
          0,           0,         869,      -8.335098358,      -5.656893857,      -7.550956985,      -9.450759713
          0,           0,         870,      -8.337349369,      -5.657633168,      -7.552094902,      -9.450752751
          0,           0,         871,       -8.33958104,      -5.658371818,      -7.553235518,       -9.45074352
          0,           0,         872,      -8.341776974,       -5.65910981,      -7.554381599,      -9.450734304
          0,           0,         873,      -8.343920898,      -5.659847143,      -7.555535558,      -9.450724113
          0,           0,         874,      -8.345997264,      -5.660583823,      -7.556699377,        -9.4507136
          0,           0,         875,      -8.347991809,      -5.661319871,      -7.557874535,      -9.450703527
          0,           0,         876,      -8.349892086,      -5.662055273,      -7.559061972,      -9.450693623
          0,           0,         877,      -8.351687637,      -5.662790033,      -7.560261984,      -9.450684067
          0,           0,         878,       -8.35337082,      -5.663524162,      -7.561474311,      -9.450673646
          0,           0,         879,      -8.354937118,      -5.664257656,      -7.562698206,       -9.45065705
          0,           0,         880,      -8.356385074,      -5.664990507,      -7.563932435,      -9.450640595
          0,           0,         881,      -8.357716592,      -5.665722724,      -7.565175386,      -9.450625487
          0,           0,         882,      -8.358936859,      -5.666454324,       -7.56642519,      -9.450611895
          0,           0,         883,      -8.360054133,      -5.667185312,      -7.567679858,      -9.450599804
          0,           0,         884,       -8.36107928,      -5.667915681,      -7.568937367,      -9.450587792
          0,           0,         885,      -8.362025184,      -5.668645432,      -7.570195698,       -9.45057546
          0,           0,         886,       -8.36290656,      -5.669374567,      -7.571453057,      -9.450556183
          0,           0,         887,      -8.363739091,       -5.67010309,      -7.572707935,      -9.450530701
          0,           0,         888,      -8.364538796,      -5.670831001,      -7.573959145,      -9.450504644
          0,           0,         889,      -8.365321488,      -5.671558299,      -7.575205873,      -9.450477661
          0,           0,         890,       -8.36610225,      -5.672284981,      -7.576447704,      -9.450449776
          0,           0,         891,      -8.366894909,      -5.673011062,      -7.577684609,      -9.450423483
          0,           0,         892,      -8.367711675,       -5.67373655,      -7.578916919,      -9.450397469
          0,           0,         893,      -8.368562981,      -5.674461433,      -7.580145269,      -9.450371088
          0,           0,         894,      -8.369457072,      -5.675185712,       -7.58137046,      -9.450345253
          0,           0,         895,      -8.370400155,      -5.675909386,      -7.582593439,      -9.450316642
          0,           0,         896,      -8.371396355,      -5.676632456,        -7.5838152,      -9.450284578
          0,           0,         897,      -8.372447806,      -5.677354927,      -7.585036675,      -9.450251019
          0,           0,         898,       -8.37355485,      -5.678076803,      -7.586258661,      -9.450215611
          0,           0,         899,      -8.374716248,      -5.678798075,      -7.587481743,      -9.450180238
          0,           0,         900,       -8.37592945,      -5.679518742,      -7.588706211,      -9.450144507
          0,           0,         901,      -8.377190917,      -5.680238808,      -7.589932046,      -9.450108997
          0,           0,         902,      -8.378496358,       -5.68095827,        -7.5911589,      -9.450073538
          0,           0,         903,       -8.37984098,      -5.681677111,      -7.592386089,       -9.45003824
          0,           0,         904,      -8.381219717,      -5.682395345,        -7.5936126,      -9.450003085
          0,           0,         905,      -8.382627437,      -5.683112977,       -7.59483718,      -9.449968113
          0,           0,         906,      -8.384059114,      -5.683829996,      -7.596058417,      -9.449932216
          0,           0,         907,      -8.385509777,      -5.684546397,      -7.597274738,       -9.44987806
          0,           0,         908,      -8.386974733,      -5.685262188,      -7.598484526,      -9.449820839
          0,           0,         909,      -8.388449589,       -5.68597737,      -7.599686228,       -9.44976281
          0,           0,         910,      -8.389930159,       -5.68669193,      -7.600878406,      -9.449704892
          0,           0,         911,      -8.391412289,      -5.687405867,      -7.602059775,      -9.449642378
          0,           0,         912,       -8.39289209,      -5.688119179,      -7.603229319,      -9.449575379
          0,           0,         913,      -8.394365792,      -5.688831866,       -7.60438634,       -9.44950666
          0,           0,         914,       -8.39582964,      -5.689543926,      -7.605530477,      -9.449436396
          0,           0,         915,      -8.397279898,      -5.690255361,      -7.606661728,      -9.449366015
          0,           0,         916,      -8.398712865,       -5.69096617,      -7.607780444,       -9.44929613
          0,           0,         917,      -8.400124851,      -5.691676352,      -7.608887303,      -9.449225596
          0,           0,         918,      -8.401512214,      -5.692385907,      -7.609983261,      -9.449155345
          0,           0,         919,      -8.402871437,      -5.693094836,      -7.611069526,       -9.44908483
          0,           0,         920,      -8.404199183,      -5.693803127,      -7.612147499,      -9.449012477
          0,           0,         921,      -8.405492333,      -5.694510793,      -7.613218699,      -9.448938411
          0,           0,         922,      -8.406748065,      -5.695217837,      -7.614284718,      -9.448858964
          0,           0,         923,      -8.407964044,      -5.695924261,       -7.61534718,      -9.448776639
          0,           0,         924,      -8.409138413,      -5.696630067,      -7.616407662,      -9.448692578
          0,           0,         925,      -8.410269874,      -5.697335258,      -7.617467642,      -9.448608515
          0,           0,         926,      -8.411357786,      -5.698039833,       -7.61852847,      -9.448524004
          0,           0,         927,      -8.412402229,      -5.698743785,      -7.619591351,      -9.448437852
          0,           0,         928,      -8.413404035,      -5.699447131,      -7.620657293,      -9.448350001
          0,           0,         929,      -8.414364769,      -5.700149874,       -7.62172712,      -9.448262154
          0,           0,         930,      -8.415286866,      -5.700852018,      -7.622801511,      -9.448174031
          0,           0,         931,       -8.41617347,      -5.701553565,      -7.623880962,      -9.448086006
          0,           0,         932,      -8.417028398,      -5.702254524,      -7.624965804,      -9.447998997
          0,           0,         933,      -8.417856179,      -5.702954902,      -7.626056255,      -9.447911984
          0,           0,         934,      -8.418661901,      -5.703654691,      -7.627152437,      -9.447824971
          0,           0,         935,      -8.419451053,      -5.704353896,      -7.628254367,       -9.44773823
          0,           0,         936,      -8.420229652,       -5.70505252,      -7.629362029,      -9.447652082
          0,           0,         937,      -8.421004057,      -5.705750574,      -7.630475408,      -9.447561275
          0,           0,         938,      -8.421780828,       -5.70644805,      -7.631594498,       -9.44746827
          0,           0,         939,      -8.422566469,      -5.707144949,      -7.632719273,      -9.447367324
          0,           0,         940,      -8.423367507,      -5.707841271,      -7.633849726,      -9.447265674
          0,           0,         941,      -8.424190315,      -5.708537018,      -7.634985883,      -9.447163671
          0,           0,         942,      -8.425040911,      -5.709232184,      -7.636127773,      -9.447063032
          0,           0,         943,      -8.425924787,      -5.709926768,       -7.63727542,      -9.446962722
          0,           0,         944,       -8.42684679,      -5.710620778,      -7.638428827,      -9.446861775
          0,           0,         945,      -8.427811034,      -5.711314213,      -7.639587988,      -9.446759557
          0,           0,         946,      -8.428820809,      -5.712007066,      -7.640752869,      -9.446655141
          0,           0,         947,      -8.429878399,      -5.712699343,      -7.641923354,       -9.44654977
          0,           0,         948,      -8.430985002,      -5.713391045,      -7.643099231,      -9.446443014
          0,           0,         949,      -8.432140882,      -5.714082171,      -7.644280184,      -9.446333641
          0,           0,         950,      -8.433345113,       -5.71477272,      -7.645465765,      -9.446220394
          0,           0,         951,      -8.434595605,      -5.715462692,      -7.646655372,      -9.446106489
          0,           0,         952,      -8.435889171,      -5.716152085,      -7.647848257,      -9.445991828
          0,           0,         953,      -8.437221585,      -5.716840899,      -7.649043527,      -9.445873704
          0,           0,         954,       -8.43858765,      -5.717529131,      -7.650240162,      -9.445752031
          0,           0,         955,       -8.43998131,      -5.718216781,      -7.651437017,      -9.445626046
          0,           0,         956,      -8.441395802,      -5.718903847,      -7.652632846,      -9.445497149
          0,           0,         957,      -8.442823828,      -5.719590328,      -7.653826317,      -9.445365649
          0,           0,         958,      -8.444257734,      -5.720276223,      -7.655016047,      -9.445225656
          0,           0,         959,      -8.445689708,      -5.720961531,      -7.656200632,      -9.445085372
          0,           0,         960,      -8.447111937,       -5.72164625,      -7.657378682,      -9.444944682
          0,           0,         961,      -8.448516825,      -5.722330378,      -7.658548875,      -9.444803296
          0,           0,         962,      -8.449897118,      -5.723013918,      -7.659709972,      -9.444660154
          0,           0,         963,      -8.451246106,      -5.723696867,      -7.660860862,      -9.444513663
          0,           0,         964,      -8.452557932,      -5.724379225,      -7.662000647,      -9.444366749
          0,           0,         965,      -8.453827558,      -5.725061006,      -7.663128622,      -9.444219437
          0,           0,         966,      -8.455050953,      -5.725742202,      -7.664244321,      -9.444071627
          0,           0,         967,      -8.456224989,       -5.72642281,      -7.665347476,      -9.443923458
          0,           0,         968,        -8.4573477,      -5.727102832,      -7.666438063,      -9.443767364
          0,           0,         969,      -8.458418274,      -5.727782254,      -7.667516313,      -9.443610025
          0,           0,         970,      -8.459436906,      -5.728461084,      -7.668582671,      -9.443445091
          0,           0,         971,      -8.460404786,      -5.729139327,      -7.669637791,      -9.443279378
          0,           0,         972,      -8.461324153,      -5.729816989,      -7.670682548,      -9.443114403
          0,           0,         973,      -8.462198083,      -5.730494069,      -7.671717995,      -9.442949302
          0,           0,         974,      -8.463030244,      -5.731170565,      -7.672745272,      -9.442783585
          0,           0,         975,      -8.463824941,       -5.73184648,       -7.67376562,      -9.442617918
          0,           0,         976,      -8.464587027,      -5.732521823,      -7.674780369,      -9.442451726
          0,           0,         977,      -8.465321718,      -5.733196589,      -7.675790888,      -9.442282592
          0,           0,         978,      -8.466034295,      -5.733870778,      -7.676798496,       -9.44210972
          0,           0,         979,      -8.466730191,      -5.734544392,      -7.677804458,      -9.441935824
          0,           0,         980,      -8.467414854,      -5.735217435,      -7.678809985,       -9.44176158
          0,           0,         981,      -8.468093598,      -5.735889915,      -7.679816198,      -9.441586785
          0,           0,         982,      -8.468771545,      -5.736561835,      -7.680824112,      -9.441411882
          0,           0,         983,       -8.46945347,      -5.737233189,      -7.681834598,      -9.441237624
          0,           0,         984,      -8.470143816,      -5.737903981,      -7.682848392,      -9.441062355
          0,           0,         985,      -8.470846718,      -5.738574211,      -7.683866123,      -9.440885786
          0,           0,         986,      -8.471565905,      -5.739243882,      -7.684888302,      -9.440709117
          0,           0,         987,      -8.472304659,      -5.739912999,      -7.685915316,      -9.440532639
          0,           0,         988,       -8.47306587,       -5.74058157,      -7.686947452,      -9.440348737
          0,           0,         989,      -8.473852032,       -5.74124959,      -7.687984923,       -9.44016381
          0,           0,         990,      -8.474665182,      -5.741917059,      -7.689027855,       -9.43997665
          0,           0,         991,         -8.475507,      -5.742583981,      -7.690076324,      -9.439788936
          0,           0,         992,      -8.476378822,       -5.74325036,      -7.691130371,      -9.439600733
          0,           0,         993,      -8.477281616,      -5.743916193,      -7.692189995,      -9.439412211
          0,           0,         994,       -8.47821595,       -5.74458148,       -7.69325515,      -9.439223359
          0,           0,         995,      -8.479182035,      -5.745246222,      -7.694325758,       -9.43903409
          0,           0,         996,      -8.480179749,      -5.745910415,      -7.695401725,      -9.438844324
          0,           0,         997,      -8.481208571,      -5.746574061,      -7.696482931,      -9.438653776
          0,           0,         998,      -8.482267491,       -5.74723716,      -7.697569217,      -9.438462861
          0,           0,         999,      -8.483355243,      -5.747899716,      -7.698660418,      -9.438268156
          0,           0,        1000,      -8.484470193,      -5.748561738,      -7.699756348,      -9.438071954
          0,           0,        1001,       -8.48561033,      -5.749223214,      -7.700856787,      -9.437875977
          0,           0,        1002,      -8.486773055,      -5.749884142,       -7.70196141,      -9.437678984
          0,           0,        1003,      -8.487955499,      -5.750544521,      -7.703069829,      -9.437476843
          0,           0,        1004,      -8.489154448,      -5.751204341,      -7.704181603,      -9.437276548
          0,           0,        1005,      -8.490366285,      -5.751863612,      -7.705296207,        -9.4370698
          0,           0,        1006,      -8.491586918,      -5.752522332,      -7.706413025,      -9.436852796
          0,           0,        1007,      -8.492812068,      -5.753180503,      -7.707531385,      -9.436634373
          0,           0,        1008,      -8.494037216,      -5.753838123,      -7.708650555,      -9.436412407
          0,           0,        1009,       -8.49525757,      -5.754495191,      -7.709769732,      -9.436189191
          0,           0,        1010,      -8.496468225,      -5.755151705,      -7.710888059,      -9.435964865
          0,           0,        1011,      -8.497664311,      -5.755807664,      -7.712004654,      -9.435739803
          0,           0,        1012,      -8.498841044,      -5.756463069,      -7.713118614,      -9.435514602
          0,           0,        1013,      -8.499993817,      -5.757117919,      -7.714229033,      -9.435288713
          0,           0,        1014,      -8.501118326,      -5.757772214,      -7.715335025,      -9.435061971
          0,           0,        1015,      -8.502210678,      -5.758425954,      -7.716435749,      -9.434832892
          0,           0,        1016,      -8.503267478,      -5.759079138,      -7.717530432,      -9.434603106
          0,           0,        1017,      -8.504285935,      -5.759731766,      -7.718618387,      -9.434369673
          0,           0,        1018,      -8.505263944,      -5.760383838,       -7.71969904,      -9.434132737
          0,           0,        1019,       -8.50620014,      -5.761035355,      -7.720771943,       -9.43389456
          0,           0,        1020,      -8.507093976,      -5.761686319,      -7.721836792,      -9.433655339
          0,           0,        1021,       -8.50794573,      -5.762336721,      -7.722893435,      -9.433415415
          0,           0,        1022,      -8.508756491,      -5.762986566,      -7.723941866,      -9.433174773
          0,           0,        1023,       -8.50952812,       -5.76363586,       -7.72498222,      -9.432933557
          0,           0,        1024,      -8.510263301,      -5.764284605,        -7.7260148,      -9.432690914
          0,           0,        1025,      -8.510965443,      -5.764932801,       -7.72704005,      -9.432447336
          0,           0,        1026,      -8.511638519,       -5.76558045,      -7.728058526,      -9.432203369
          0,           0,        1027,      -8.512287003,      -5.766227554,      -7.729070887,      -9.431959816
          0,           0,        1028,      -8.512915772,       -5.76687412,      -7.730077886,      -9.431715951
          0,           0,        1029,      -8.513530038,       -5.76752015,      -7.731080357,      -9.431471894
          0,           0,        1030,      -8.514135131,      -5.768165639,      -7.732079171,      -9.431227577
          0,           0,        1031,      -8.514736361,      -5.768810588,      -7.733075199,      -9.430981606
          0,           0,        1032,      -8.515339043,       -5.76945501,      -7.734069328,      -9.430735622
          0,           0,        1033,      -8.515948369,      -5.770098899,      -7.735062447,      -9.430486704
          0,           0,        1034,      -8.516569096,      -5.770742253,      -7.736055377,      -9.430231349
          0,           0,        1035,      -8.517205621,      -5.771385072,      -7.737048872,      -9.429971079
          0,           0,        1036,      -8.517861951,      -5.772027359,      -7.738043626,      -9.429709504
          0,           0,        1037,      -8.518541568,      -5.772669116,       -7.73904025,      -9.429446618
          0,           0,        1038,       -8.51924738,      -5.773310343,      -7.740039257,      -9.429182853
          0,           0,        1039,      -8.519981701,      -5.773951031,      -7.741041059,      -9.428919897
          0,           0,        1040,      -8.520746233,      -5.774591189,      -7.742045958,      -9.428655526
          0,           0,        1041,      -8.521542055,      -5.775230822,       -7.74305416,      -9.428389912
          0,           0,        1042,      -8.522369694,       -5.77586993,      -7.744065797,      -9.428122541
          0,           0,        1043,      -8.523229093,      -5.776508507,      -7.745080912,      -9.427854427
          0,           0,        1044,      -8.524119638,      -5.777146559,      -7.746099459,      -9.427585441
          0,           0,        1045,      -8.525040133,      -5.777784089,      -7.747121302,      -9.427315828
          0,           0,        1046,      -8.525989043,      -5.778421097,      -7.748146281,      -9.427045732
          0,           0,        1047,      -8.526964421,      -5.779057585,      -7.749174191,      -9.426774346
          0,           0,        1048,      -8.527963922,      -5.779693553,      -7.750204776,      -9.426497951
          0,           0,        1049,      -8.528984902,      -5.780329001,      -7.751237755,      -9.426221049
          0,           0,        1050,      -8.530024485,      -5.780963928,      -7.752272833,      -9.425943878
          0,           0,        1051,      -8.531079616,      -5.781598336,      -7.753309701,       -9.42566613
          0,           0,        1052,      -8.532147094,      -5.782232224,      -7.754348041,      -9.425386432
          0,           0,        1053,      -8.533223636,      -5.782865593,      -7.755387534,      -9.425104771
          0,           0,        1054,        -8.5343059,      -5.783498442,      -7.756427858,      -9.424821406
          0,           0,        1055,      -8.535390538,       -5.78413077,      -7.757468698,      -9.424537453
          0,           0,        1056,      -8.536474235,      -5.784762578,      -7.758509747,      -9.424251595
          0,           0,        1057,      -8.537553768,      -5.785393865,      -7.759550713,      -9.423960411
          0,           0,        1058,      -8.538625989,       -5.78602463,      -7.760591311,       -9.42366701
          0,           0,        1059,       -8.53968788,      -5.786654875,      -7.761631266,      -9.423370956
          0,           0,        1060,      -8.540736604,      -5.787284597,      -7.762670315,      -9.423072816
          0,           0,        1061,      -8.541769513,      -5.787913797,      -7.763708198,      -9.422774312
          0,           0,        1062,      -8.542784106,      -5.788542476,      -7.764744635,      -9.422474708
          0,           0,        1063,      -8.543778234,      -5.789170633,       -7.76577939,       -9.42217381
          0,           0,        1064,      -8.544749984,      -5.789798275,      -7.766812225,      -9.421872692
          0,           0,        1065,      -8.545697727,      -5.790425404,      -7.767842913,      -9.421571469
          0,           0,        1066,      -8.546620094,      -5.791052016,      -7.768871237,      -9.421269872
          0,           0,        1067,      -8.547516005,       -5.79167811,      -7.769896985,      -9.420962455
          0,           0,        1068,      -8.548384766,      -5.792303673,      -7.770919974,      -9.420655822
          0,           0,        1069,       -8.54922599,      -5.792928711,      -7.771940038,      -9.420348019
          0,           0,        1070,      -8.550039659,      -5.793553228,       -7.77295704,      -9.420038848
          0,           0,        1071,      -8.550826157,      -5.794177226,      -7.773970899,      -9.419728936
          0,           0,        1072,      -8.551586232,      -5.794800708,       -7.77498157,      -9.419420266
          0,           0,        1073,      -8.552320969,      -5.795423677,      -7.775989042,      -9.419111262
          0,           0,        1074,      -8.553031774,      -5.796046127,      -7.776993344,      -9.418801087
          0,           0,        1075,      -8.553720344,      -5.796668061,      -7.777994542,      -9.418490491
          0,           0,        1076,      -8.554388795,      -5.797289479,      -7.778992759,      -9.418179526
          0,           0,        1077,      -8.555039477,      -5.797910383,      -7.779988161,      -9.417868153
          0,           0,        1078,      -8.555674964,      -5.798530773,      -7.780980958,      -9.417555218
          0,           0,        1079,      -8.556298052,       -5.79915065,      -7.781971406,      -9.417238465
          0,           0,        1080,      -8.556911709,      -5.799770017,      -7.782959798,       -9.41692131
          0,           0,        1081,      -8.557519006,      -5.800388875,      -7.783946459,      -9.416603308
          0,           0,        1082,      -8.558123082,      -5.801007231,      -7.784931739,      -9.416284876
          0,           0,        1083,       -8.55872711,      -5.801625087,      -7.785916015,      -9.415966333
          0,           0,        1084,      -8.559334172,      -5.802242438,      -7.786899658,      -9.415647455
          0,           0,        1085,      -8.559947242,      -5.802859284,      -7.787883034,      -9.415327889
          0,           0,        1086,      -8.560569212,      -5.803475627,      -7.788866516,      -9.415007775
          0,           0,        1087,      -8.561202766,      -5.804091469,      -7.789850467,      -9.414687107
          0,           0,        1088,      -8.561850312,      -5.804706809,      -7.790835221,      -9.414363682
          0,           0,        1089,      -8.562513973,      -5.805321657,      -7.791821083,      -9.414036988
          0,           0,        1090,      -8.563195585,      -5.805936012,      -7.792808329,      -9.413709954
          0,           0,        1091,      -8.563896637,      -5.806549871,      -7.793797185,      -9.413382522
          0,           0,        1092,      -8.564618223,      -5.807163234,      -7.794787823,      -9.413054106
          0,           0,        1093,      -8.565361071,      -5.807776107,      -7.795780373,      -9.412724717
          0,           0,        1094,      -8.566125552,      -5.808388487,      -7.796774928,      -9.412395138
          0,           0,        1095,      -8.566911636,      -5.809000378,      -7.797771511,      -9.412065323
          0,           0,        1096,      -8.567718934,      -5.809611776,      -7.798770091,      -9.411735284
          0,           0,        1097,      -8.568546697,      -5.810222681,      -7.799770581,      -9.411405026
          0,           0,        1098,       -8.56939385,        -5.8108331,      -7.800772848,      -9.411074576
          0,           0,        1099,      -8.570259074,      -5.811443021,      -7.801776733,      -9.410744002
          0,           0,        1100,      -8.571140634,      -5.812052451,      -7.802781996,       -9.41041342
          0,           0,        1101,      -8.572036589,      -5.812661388,      -7.803788378,      -9.410080498
          0,           0,        1102,       -8.57294488,      -5.813269835,      -7.804795614,      -9.409738886
          0,           0,        1103,      -8.573863244,      -5.813877791,      -7.805803409,      -9.409397535
          0,           0,        1104,      -8.574789292,      -5.814485256,      -7.806811441,       -9.40905656
          0,           0,        1105,      -8.575720563,      -5.815092231,       -7.80781938,      -9.408714929
          0,           0,        1106,      -8.576654572,      -5.815698715,      -7.808826894,      -9.408373618
          0,           0,        1107,      -8.577588835,      -5.816304708,      -7.809833653,      -9.408033438
          0,           0,        1108,      -8.578520907,      -5.816910213,      -7.810839332,      -9.407694681
          0,           0,        1109,      -8.579448433,      -5.817515235,      -7.811843627,      -9.407354783
          0,           0,        1110,      -8.580369216,      -5.818119767,      -7.812846266,      -9.407008689
          0,           0,        1111,      -8.581281128,       -5.81872381,      -7.813846978,      -9.406660914
          0,           0,        1112,      -8.582182227,      -5.819327361,      -7.814845507,      -9.406312958
          0,           0,        1113,      -8.583070802,       -5.81993042,      -7.815841638,      -9.405963801
          0,           0,        1114,      -8.583945371,      -5.820532989,      -7.816835193,      -9.405610917
          0,           0,        1115,      -8.584804688,      -5.821135066,      -7.817826023,      -9.405256765
          0,           0,        1116,      -8.585647754,      -5.821736652,       -7.81881401,      -9.404902722
          0,           0,        1117,      -8.586473829,      -5.822337748,      -7.819799075,      -9.404548765
          0,           0,        1118,      -8.587282444,      -5.822938353,      -7.820781175,      -9.404194725
          0,           0,        1119,      -8.588073392,      -5.823538468,      -7.821760308,       -9.40383915
          0,           0,        1120,      -8.588846726,      -5.824138092,      -7.822736508,      -9.403482879
          0,           0,        1121,      -8.589602754,      -5.824737226,      -7.823709851,      -9.403123827
          0,           0,        1122,      -8.590342027,       -5.82533587,      -7.824680441,      -9.402763253
          0,           0,        1123,      -8.591065315,      -5.825934025,      -7.825648413,      -9.402400155
          0,           0,        1124,      -8.591773596,      -5.826531692,      -7.826613927,      -9.402033502
          0,           0,        1125,      -8.592468037,      -5.827128872,      -7.827577164,      -9.401666344
          0,           0,        1126,      -8.593149988,      -5.827725566,      -7.828538331,      -9.401299069
          0,           0,        1127,      -8.593820934,      -5.828321765,      -7.829497661,      -9.400931716
          0,           0,        1128,      -8.594482451,      -5.828917476,      -7.830455396,      -9.400564322
          0,           0,        1129,      -8.595136183,      -5.829512702,      -7.831411781,      -9.400196987
          0,           0,        1130,      -8.595783905,      -5.830107446,      -7.832367087,      -9.399829702
          0,           0,        1131,      -8.596427432,      -5.830701707,        -7.8333216,      -9.399462503
          0,           0,        1132,      -8.597068558,      -5.831295488,      -7.834275595,      -9.399095534
          0,           0,        1133,      -8.597709052,      -5.831888788,      -7.835229348,      -9.398729198
          0,           0,        1134,      -8.598350645,      -5.832481614,      -7.836183129,      -9.398362094
          0,           0,        1135,      -8.598994996,      -5.833073965,      -7.837137208,      -9.397994791
          0,           0,        1136,      -8.599643665,       -5.83366584,      -7.838091834,      -9.397627054
          0,           0,        1137,      -8.600298074,      -5.834257243,      -7.839047224,      -9.397260341
          0,           0,        1138,      -8.600959422,      -5.834848171,      -7.840003564,      -9.396893507
          0,           0,        1139,      -8.601628824,      -5.835438623,      -7.840961027,      -9.396526662
          0,           0,        1140,      -8.602307257,      -5.836028602,      -7.841919767,      -9.396156498
          0,           0,        1141,      -8.602995477,      -5.836618107,      -7.842879907,      -9.395784598
          0,           0,        1142,      -8.603694044,       -5.83720714,      -7.843841547,       -9.39541066
          0,           0,        1143,      -8.604403317,      -5.837795701,      -7.844804759,      -9.395031793
          0,           0,        1144,      -8.605123449,      -5.838383791,      -7.845769583,       -9.39465207
          0,           0,        1145,      -8.605854384,      -5.838971411,      -7.846736036,      -9.394272047
          0,           0,        1146,       -8.60659588,      -5.839558561,      -7.847704101,      -9.393892883
          0,           0,        1147,      -8.607347487,      -5.840145242,      -7.848673736,      -9.393514186
          0,           0,        1148,       -8.60810859,      -5.840731455,      -7.849644869,      -9.393134901
          0,           0,        1149,      -8.608878415,        -5.8413172,      -7.850617401,      -9.392755399
          0,           0,        1150,      -8.609656044,      -5.841902478,      -7.851591199,       -9.39237576
          0,           0,        1151,      -8.610440431,      -5.842487282,      -7.852566106,      -9.391995286
          0,           0,        1152,      -8.611230429,      -5.843071617,      -7.853541937,      -9.391613881
          0,           0,        1153,      -8.612024762,      -5.843655486,      -7.854518477,      -9.391232368
          0,           0,        1154,      -8.612822153,      -5.844238889,       -7.85549552,        -9.3908507
          0,           0,        1155,      -8.613621294,      -5.844821827,       -7.85647285,      -9.390468918
          0,           0,        1156,      -8.614420827,        -5.8454043,      -7.857450233,      -9.390087379
          0,           0,        1157,      -8.615219384,      -5.845986308,      -7.858427428,      -9.389702017
          0,           0,        1158,      -8.616015631,      -5.846567852,      -7.859404197,      -9.389315966
          0,           0,        1159,      -8.616808275,      -5.847148932,      -7.860380302,      -9.388929212
          0,           0,        1160,       -8.61759609,      -5.847729549,      -7.861355513,       -9.38854208
          0,           0,        1161,      -8.618377942,      -5.848309703,      -7.862329606,      -9.388155278
          0,           0,        1162,      -8.619152787,      -5.848889393,      -7.863302371,      -9.387768876
          0,           0,        1163,      -8.619919704,       -5.84946862,      -7.864273613,      -9.387380128
          0,           0,        1164,      -8.620677895,      -5.850047385,       -7.86524316,      -9.386991031
          0,           0,        1165,      -8.621426663,      -5.850625688,      -7.866210864,      -9.386601813
          0,           0,        1166,      -8.622165493,      -5.851203528,      -7.867176604,      -9.386212604
          0,           0,        1167,      -8.622894038,      -5.851780906,      -7.868140268,      -9.385823424
          0,           0,        1168,      -8.623612091,      -5.852357823,      -7.869101762,      -9.385434117
          0,           0,        1169,      -8.624319611,      -5.852934278,      -7.870061024,       -9.38504294
          0,           0,        1170,      -8.625016729,      -5.853510272,      -7.871018018,      -9.384651737
          0,           0,        1171,      -8.625703728,      -5.854085804,      -7.871972735,      -9.384259024
          0,           0,        1172,      -8.626380991,      -5.854660877,      -7.872925174,      -9.383864495
          0,           0,        1173,       -8.62704912,       -5.85523549,      -7.873875392,      -9.383468884
          0,           0,        1174,      -8.627708835,      -5.855809654,      -7.874823472,       -9.38307228
          0,           0,        1175,      -8.628361013,      -5.856383363,      -7.875769534,      -9.382674227
          0,           0,        1176,      -8.629006508,      -5.856956619,      -7.876713692,      -9.382274407
          0,           0,        1177,      -8.629646293,      -5.857529418,      -7.877656085,      -9.381871243
          0,           0,        1178,      -8.630281382,      -5.858101758,      -7.878596863,      -9.381467415
          0,           0,        1179,      -8.630912848,       -5.85867363,      -7.879536189,      -9.381063486
          0,           0,        1180,      -8.631541798,      -5.859245045,      -7.880474242,      -9.380659767
          0,           0,        1181,      -8.632169343,      -5.859816004,      -7.881411215,      -9.380256167
          0,           0,        1182,      -8.632796624,      -5.860386508,      -7.882347326,      -9.379852558
          0,           0,        1183,      -8.633424732,      -5.860956558,      -7.883282776,      -9.379450082
          0,           0,        1184,      -8.634054725,      -5.861526158,      -7.884217751,      -9.379048242
          0,           0,        1185,       -8.63468758,      -5.862095307,      -7.885152453,      -9.378646421
          0,           0,        1186,      -8.635324136,      -5.862664002,      -7.886087048,      -9.378244578
          0,           0,        1187,       -8.63596522,      -5.863232245,      -7.887021699,      -9.377842699
          0,           0,        1188,      -8.636611586,      -5.863800036,      -7.887956576,      -9.377439788
          0,           0,        1189,      -8.637263859,      -5.864367376,      -7.888891825,       -9.37703622
          0,           0,        1190,      -8.637922537,      -5.864934266,      -7.889827569,      -9.376632753
          0,           0,        1191,         -8.638588,      -5.865500706,      -7.890763917,       -9.37622771
          0,           0,        1192,      -8.639260506,      -5.866066698,      -7.891700965,      -9.375821242
          0,           0,        1193,      -8.639940182,      -5.866632241,      -7.892638795,      -9.375414887
          0,           0,        1194,      -8.640627016,      -5.867197339,      -7.893577469,      -9.375008652
          0,           0,        1195,      -8.641320879,      -5.867761998,      -7.894517032,      -9.374602474
          0,           0,        1196,      -8.642021519,      -5.868326212,      -7.895457505,       -9.37419577
          0,           0,        1197,       -8.64272852,       -5.86888998,      -7.896398852,      -9.373788335
          0,           0,        1198,      -8.643441405,      -5.869453303,      -7.897341028,      -9.373379767
          0,           0,        1199,       -8.64415961,      -5.870016181,      -7.898283983,      -9.372971075
          0,           0,        1200,      -8.644882473,      -5.870578615,      -7.899227645,      -9.372560902
          0,           0,        1201,      -8.645609255,      -5.871140605,      -7.900171928,       -9.37215068
          0,           0,        1202,      -8.646339163,      -5.871702157,      -7.901116733,      -9.371740735
          0,           0,        1203,      -8.647071368,      -5.872263272,      -7.902061958,      -9.371331077
          0,           0,        1204,      -8.647805001,      -5.872823945,       -7.90300748,      -9.370921809
          0,           0,        1205,      -8.648539141,      -5.873384175,      -7.903953162,      -9.370513222
          0,           0,        1206,      -8.649272862,      -5.873943967,      -7.904898874,       -9.37010424
          0,           0,        1207,      -8.650005236,       -5.87450332,      -7.905844491,       -9.36969547
          0,           0,        1208,      -8.650735355,      -5.875062236,      -7.906789884,      -9.369287013
          0,           0,        1209,       -8.65146235,      -5.875620712,      -7.907734921,      -9.368878916
          0,           0,        1210,      -8.652185398,      -5.876178748,      -7.908679458,      -9.368470881
          0,           0,        1211,      -8.652903751,      -5.876736345,      -7.909623358,      -9.368062878
          0,           0,        1212,      -8.653616689,      -5.877293512,       -7.91056649,      -9.367655596
          0,           0,        1213,      -8.654323639,      -5.877850231,      -7.911508748,      -9.367248815
          0,           0,        1214,       -8.65502401,      -5.878406508,      -7.912449995,      -9.366842516
          0,           0,        1215,      -8.655717359,      -5.878962346,      -7.913390109,      -9.366436475
          0,           0,        1216,      -8.656403414,      -5.879517747,       -7.91432902,      -9.366027383
          0,           0,        1217,      -8.657081971,      -5.880072709,      -7.915266664,      -9.365618084
          0,           0,        1218,      -8.657752902,      -5.880627233,      -7.916202978,      -9.365208776
          0,           0,        1219,      -8.658416183,       -5.88118132,       -7.91713792,        -9.3647999
          0,           0,        1220,      -8.659071898,       -5.88173497,      -7.918071464,      -9.364391285
          0,           0,        1221,       -8.65972023,      -5.882288183,      -7.919003606,      -9.363982749
          0,           0,        1222,      -8.660361461,      -5.882840959,      -7.919934368,      -9.363574604
          0,           0,        1223,      -8.660995952,        -5.8833933,      -7.920863768,      -9.363167354
          0,           0,        1224,      -8.661624105,      -5.883945206,      -7.921791845,      -9.362760743
          0,           0,        1225,      -8.662246418,      -5.884496678,      -7.922718661,      -9.362354368
          0,           0,        1226,      -8.662863475,      -5.885047716,      -7.923644295,       -9.36194578
          0,           0,        1227,      -8.663475879,      -5.885598321,      -7.924568823,      -9.361537669
          0,           0,        1228,      -8.664084268,      -5.886148492,      -7.925492326,      -9.361130389
          0,           0,        1229,      -8.664689343,       -5.88669823,      -7.926414895,      -9.360723494
          0,           0,        1230,      -8.665291829,      -5.887247535,      -7.927336633,      -9.360315064
          0,           0,        1231,      -8.665892464,      -5.887796409,      -7.928257645,      -9.359906234
          0,           0,        1232,      -8.666491986,      -5.888344851,       -7.92917804,      -9.359497723
          0,           0,        1233,      -8.667091126,      -5.888892863,      -7.930097929,      -9.359089893
          0,           0,        1234,      -8.667690591,      -5.889440444,      -7.931017427,      -9.358682512
          0,           0,        1235,      -8.668291053,      -5.889987595,      -7.931936642,      -9.358273102
          0,           0,        1236,      -8.668893141,      -5.890534315,      -7.932855685,      -9.357860273
          0,           0,        1237,      -8.669497428,      -5.891080608,      -7.933774656,      -9.357447423
          0,           0,        1238,      -8.670104427,       -5.89162647,       -7.93469365,      -9.357034268
          0,           0,        1239,       -8.67071459,      -5.892171905,      -7.935612756,       -9.35661868
          0,           0,        1240,      -8.671328297,      -5.892716913,      -7.936532052,      -9.356203508
          0,           0,        1241,      -8.671945857,      -5.893261495,      -7.937451603,      -9.355786913
          0,           0,        1242,      -8.672567527,      -5.893805651,       -7.93837147,      -9.355370183
          0,           0,        1243,      -8.673193426,      -5.894349382,      -7.939291699,      -9.354953124
          0,           0,        1244,      -8.673823601,      -5.894892687,      -7.940212329,      -9.354535576
          0,           0,        1245,       -8.67445805,      -5.895435558,      -7.941133384,      -9.354118094
          0,           0,        1246,      -8.675096694,      -5.895978004,      -7.942054867,      -9.353701023
          0,           0,        1247,      -8.675739297,      -5.896520027,      -7.942976762,      -9.353284486
          0,           0,        1248,      -8.676385619,      -5.897061628,      -7.943899063,      -9.352868343
          0,           0,        1249,      -8.677035362,      -5.897602806,      -7.944821743,      -9.352452143
          0,           0,        1250,      -8.677688163,      -5.898143562,      -7.945744751,      -9.352036215
          0,           0,        1251,      -8.678343622,      -5.898683897,      -7.946668031,      -9.351621046
          0,           0,        1252,        -8.6790013,      -5.899223816,      -7.947591521,      -9.351203112
          0,           0,        1253,       -8.67966074,      -5.899763319,      -7.948515163,      -9.350782964
          0,           0,        1254,      -8.680321419,      -5.900302402,      -7.949438885,      -9.350364165
          0,           0,        1255,      -8.680982771,      -5.900841065,      -7.950362591,      -9.349945913
          0,           0,        1256,      -8.681644256,      -5.901379307,      -7.951286191,      -9.349528097
          0,           0,        1257,      -8.682305334,      -5.901917131,      -7.952209591,      -9.349110595
          0,           0,        1258,      -8.682965465,      -5.902454535,        -7.9531327,      -9.348692798
          0,           0,        1259,      -8.683624114,       -5.90299152,      -7.954055436,       -9.34827439
          0,           0,        1260,      -8.684280787,      -5.903528087,      -7.954977712,      -9.347855875
          0,           0,        1261,      -8.684935029,      -5.904064236,      -7.955899447,      -9.347436814
          0,           0,        1262,       -8.68558639,      -5.904599975,      -7.956820563,      -9.347018055
          0,           0,        1263,      -8.686234493,      -5.905135297,      -7.957740999,      -9.346599294
          0,           0,        1264,      -8.686878934,        -5.9056702,      -7.958660668,      -9.346180974
          0,           0,        1265,      -8.687519417,      -5.906204686,      -7.959579487,       -9.34576322
          0,           0,        1266,      -8.688155748,      -5.906738755,      -7.960497395,      -9.345347243
          0,           0,        1267,      -8.688787762,      -5.907272406,      -7.961414347,      -9.344929525
          0,           0,        1268,      -8.689415342,      -5.907805641,      -7.962330305,      -9.344511832
          0,           0,        1269,      -8.690038448,       -5.90833846,      -7.963245243,      -9.344094533
          0,           0,        1270,      -8.690657107,      -5.908870862,      -7.964159146,      -9.343677608
          0,           0,        1271,      -8.691271394,      -5.909402848,      -7.965072014,      -9.343260114
          0,           0,        1272,      -8.691881436,      -5.909934412,       -7.96598385,      -9.342842751
          0,           0,        1273,      -8.692487401,       -5.91046556,      -7.966894666,      -9.342425745
          0,           0,        1274,      -8.693089477,      -5.910996294,      -7.967804484,      -9.342009246
          0,           0,        1275,      -8.693687947,      -5.911526614,      -7.968713358,      -9.341593189
          0,           0,        1276,      -8.694283123,       -5.91205652,      -7.969621343,      -9.341177591
          0,           0,        1277,      -8.694875323,      -5.912586013,      -7.970528485,      -9.340762436
          0,           0,        1278,      -8.695464898,      -5.913115093,      -7.971434834,      -9.340347046
          0,           0,        1279,      -8.696052226,       -5.91364376,      -7.972340446,      -9.339929508
          0,           0,        1280,      -8.696637706,      -5.914172016,      -7.973245384,      -9.339512155
          0,           0,        1281,      -8.697221748,       -5.91469986,      -7.974149712,      -9.339095279
          0,           0,        1282,       -8.69780477,      -5.915227292,      -7.975053498,      -9.338679043
          0,           0,        1283,      -8.698387185,      -5.915754315,      -7.975956814,       -9.33826334
          0,           0,        1284,      -8.698969393,      -5.916280927,      -7.976859733,       -9.33784819
          0,           0,        1285,      -8.699551769,      -5.916807129,      -7.977762326,      -9.337432827
          0,           0,        1286,      -8.700134667,      -5.917332922,      -7.978664669,      -9.337016563
          0,           0,        1287,      -8.700718397,      -5.917858305,      -7.979566828,      -9.336600776
          0,           0,        1288,      -8.701303242,      -5.918383279,      -7.980468869,      -9.336185499
          0,           0,        1289,      -8.701889446,      -5.918907843,      -7.981370856,      -9.335770831
          0,           0,        1290,      -8.702477201,      -5.919431992,      -7.982272847,      -9.335355557
          0,           0,        1291,      -8.703066666,      -5.919955734,      -7.983174895,      -9.334940307
          0,           0,        1292,      -8.703657908,      -5.920479069,      -7.984077037,      -9.334525571
          0,           0,        1293,       -8.70425101,         -5.921002,      -7.984979321,       -9.33411029
          0,           0,        1294,      -8.704845992,      -5.921524533,      -7.985881778,       -9.33369498
          0,           0,        1295,      -8.705442799,      -5.922046661,      -7.986784419,      -9.333279754
          0,           0,        1296,      -8.706041326,      -5.922568382,      -7.987687245,      -9.332864233
          0,           0,        1297,      -8.706641519,      -5.923089699,      -7.988590252,      -9.332449241
          0,           0,        1298,      -8.707243232,      -5.923610615,      -7.989493433,      -9.332034894
          0,           0,        1299,      -8.707846295,      -5.924131129,      -7.990396778,      -9.331619943
          0,           0,        1300,      -8.708450495,      -5.924651238,      -7.991300261,      -9.331205305
          0,           0,        1301,      -8.709055586,      -5.925170944,      -7.992203842,      -9.330789725
          0,           0,        1302,      -8.709661324,      -5.925690245,      -7.993107486,      -9.330372626
          0,           0,        1303,      -8.710267433,      -5.926209144,      -7.994011156,      -9.329954683
          0,           0,        1304,      -8.710873619,      -5.926727639,      -7.994914805,      -9.329536221
          0,           0,        1305,      -8.711479581,      -5.927245731,      -7.995818383,      -9.329116734
          0,           0,        1306,      -8.712085022,      -5.927763421,      -7.996721837,      -9.328696094
          0,           0,        1307,      -8.712689652,      -5.928280709,      -7.997625114,      -9.328276475
          0,           0,        1308,      -8.713293194,      -5.928797599,      -7.998528159,      -9.327857398
          0,           0,        1309,      -8.713895364,      -5.929314088,      -7.999430931,      -9.327438746
          0,           0,        1310,      -8.714495862,      -5.929830177,       -8.00033337,      -9.327020593
          0,           0,        1311,      -8.715094434,      -5.930345864,      -8.001235422,      -9.326602798
          0,           0,        1312,      -8.715690869,      -5.930861151,      -8.002137046,      -9.326185064
          0,           0,        1313,      -8.716284958,      -5.931376036,      -8.003038201,      -9.325767843
          0,           0,        1314,      -8.716876518,      -5.931890522,      -8.003938842,      -9.325351141
          0,           0,        1315,      -8.717465404,      -5.932404608,      -8.004838929,      -9.324934978
          0,           0,        1316,      -8.718051514,      -5.932918294,      -8.005738426,       -9.32451829
          0,           0,        1317,      -8.718634785,       -5.93343158,      -8.006637302,      -9.324100786
          0,           0,        1318,      -8.719215189,      -5.933944468,      -8.007535532,        -9.3236837
          0,           0,        1319,      -8.719792735,       -5.93445696,      -8.008433097,      -9.323267134
          0,           0,        1320,      -8.720367472,       -5.93496906,      -8.009329989,      -9.322851095
          0,           0,        1321,      -8.720939476,      -5.935480763,      -8.010226206,      -9.322435243
          0,           0,        1322,      -8.721508821,      -5.935992069,      -8.011121738,      -9.322018956
          0,           0,        1323,       -8.72207564,      -5.936502978,      -8.012016591,      -9.321602794
          0,           0,        1324,      -8.722640096,       -5.93701349,      -8.012910782,      -9.321187226
          0,           0,        1325,      -8.723202368,      -5.937523606,      -8.013804328,      -9.320772263
          0,           0,        1326,      -8.723762653,      -5.938033326,      -8.014697253,       -9.32035787
          0,           0,        1327,      -8.724321169,      -5.938542651,      -8.015589584,      -9.319943821
          0,           0,        1328,      -8.724878149,      -5.939051586,      -8.016481354,      -9.319530398
          0,           0,        1329,      -8.725433839,      -5.939560129,      -8.017372605,      -9.319116071
          0,           0,        1330,       -8.72598849,      -5.940068278,       -8.01826337,      -9.318702183
          0,           0,        1331,      -8.726542326,      -5.940576032,      -8.019153688,      -9.318288996
          0,           0,        1332,      -8.727095578,      -5.941083394,      -8.020043601,      -9.317876239
          0,           0,        1333,      -8.727648483,      -5.941590366,      -8.020933159,      -9.317463985
          0,           0,        1334,      -8.728201264,      -5.942096947,      -8.021822406,      -9.317052435
          0,           0,        1335,      -8.728754123,      -5.942603136,      -8.022711384,       -9.31664184
          0,           0,        1336,      -8.729307243,      -5.943108932,      -8.023600129,      -9.316231408
          0,           0,        1337,      -8.729860817,      -5.943614339,      -8.024488681,      -9.315821123
          0,           0,        1338,      -8.730414996,      -5.944119362,      -8.025377077,      -9.315411263
          0,           0,        1339,      -8.730969937,      -5.944623994,      -8.026265366,      -9.315002114
          0,           0,        1340,      -8.731525701,      -5.945128229,      -8.027153564,      -9.314592912
          0,           0,        1341,      -8.732082365,      -5.945632067,      -8.028041686,      -9.314184057
          0,           0,        1342,      -8.732639976,      -5.946135514,      -8.028929747,      -9.313774287
          0,           0,        1343,      -8.733198553,       -5.94663857,      -8.029817768,      -9.313363383
          0,           0,        1344,      -8.733758103,      -5.947141237,       -8.03070577,      -9.312952998
          0,           0,        1345,      -8.734318596,      -5.947643514,      -8.031593759,      -9.312542325
          0,           0,        1346,      -8.734879978,      -5.948145402,      -8.032481733,      -9.312132061
          0,           0,        1347,      -8.735442173,      -5.948646901,       -8.03336969,      -9.311721516
          0,           0,        1348,      -8.736005094,      -5.949148011,      -8.034257628,      -9.311311302
          0,           0,        1349,      -8.736568623,      -5.949648732,      -8.035145536,      -9.310901704
          0,           0,        1350,      -8.737132616,      -5.950149065,      -8.036033399,      -9.310492728
          0,           0,        1351,       -8.73769691,      -5.950649011,      -8.036921196,      -9.310084699
          0,           0,        1352,      -8.738261329,      -5.951148569,      -8.037808903,      -9.309677812
          0,           0,        1353,      -8.738825704,      -5.951647741,      -8.038696496,      -9.309271547
          0,           0,        1354,      -8.739389861,      -5.952146526,      -8.039583946,       -9.30886547
          0,           0,        1355,       -8.73995362,      -5.952644924,      -8.040471216,      -9.308458685
          0,           0,        1356,       -8.74051682,      -5.953142935,      -8.041358269,      -9.308050523
          0,           0,        1357,      -8.741079294,       -5.95364056,      -8.042245071,      -9.307643216
          0,           0,        1358,      -8.741640888,      -5.954137798,      -8.043131589,      -9.307236602
          0,           0,        1359,       -8.74220142,       -5.95463465,      -8.044017793,      -9.306830732
          0,           0,        1360,      -8.742760717,      -5.955131117,      -8.044903653,      -9.306425253
          0,           0,        1361,      -8.743318631,      -5.955627198,      -8.045789142,      -9.306019534
          0,           0,        1362,      -8.743875027,      -5.956122893,      -8.046674235,      -9.305614269
          0,           0,        1363,       -8.74442978,      -5.956618204,      -8.047558912,      -9.305209525
          0,           0,        1364,      -8.744982774,      -5.957113129,      -8.048443156,      -9.304803335
          0,           0,        1365,      -8.745533914,      -5.957607669,      -8.049326953,      -9.304396392
          0,           0,        1366,      -8.746083121,      -5.958101824,      -8.050210286,      -9.303989472
          0,           0,        1367,      -8.746630339,      -5.958595595,      -8.051093142,      -9.303583141
          0,           0,        1368,      -8.747175541,      -5.959088981,      -8.051975511,      -9.303177391
          0,           0,        1369,      -8.747718718,      -5.959581984,      -8.052857384,      -9.302772291
          0,           0,        1370,        -8.7482599,      -5.960074603,      -8.053738755,       -9.30236731
          0,           0,        1371,      -8.748799141,       -5.96056684,      -8.054619622,      -9.301961452
          0,           0,        1372,      -8.749336519,      -5.961058693,      -8.055499985,      -9.301555891
          0,           0,        1373,       -8.74987213,      -5.961550163,      -8.056379847,      -9.301148627
          0,           0,        1374,      -8.750406078,      -5.962041252,      -8.057259217,      -9.300741983
          0,           0,        1375,      -8.750938485,      -5.962531958,      -8.058138108,      -9.300335966
          0,           0,        1376,      -8.751469476,      -5.963022278,      -8.059016535,      -9.299930582
          0,           0,        1377,      -8.751999183,       -5.96351221,      -8.059894516,      -9.299525833
          0,           0,        1378,      -8.752527735,       -5.96400176,      -8.060772063,      -9.299121738
          0,           0,        1379,      -8.753055268,       -5.96449093,      -8.061649202,      -9.298718303
          0,           0,        1380,       -8.75358195,      -5.964979718,       -8.06252597,      -9.298315537
          0,           0,        1381,      -8.754107942,      -5.965468126,      -8.063402402,      -9.297913693
          0,           0,        1382,      -8.754633371,      -5.965956153,      -8.064278524,      -9.297512733
          0,           0,        1383,      -8.755158363,      -5.966443807,      -8.065154368,       -9.29711262
          0,           0,        1384,      -8.755683072,      -5.966931084,      -8.066029977,      -9.296713314
          0,           0,        1385,      -8.756207587,       -5.96741798,      -8.066905377,      -9.296314692
          0,           0,        1386,      -8.756731991,      -5.967904497,      -8.067780588,      -9.295916809
          0,           0,        1387,      -8.757256382,      -5.968390635,      -8.068655637,      -9.295519627
          0,           0,        1388,      -8.757780848,      -5.968876393,      -8.069530552,       -9.29512315
          0,           0,        1389,      -8.758305463,      -5.969361772,      -8.070405353,      -9.294727381
          0,           0,        1390,      -8.758830309,      -5.969846772,      -8.071280068,      -9.294331784
          0,           0,        1391,      -8.759355446,      -5.970331394,      -8.072154705,      -9.293936173
          0,           0,        1392,      -8.759880904,      -5.970815636,      -8.073029265,      -9.293541227
          0,           0,        1393,      -8.760406712,      -5.971299501,      -8.073903752,      -9.293146056
          0,           0,        1394,      -8.760932875,      -5.971782987,      -8.074778172,      -9.292750998
          0,           0,        1395,      -8.761459378,      -5.972266096,      -8.075652527,      -9.292354148
          0,           0,        1396,      -8.761986193,      -5.972748827,      -8.076526814,      -9.291956981
          0,           0,        1397,      -8.762513282,      -5.973231181,      -8.077401031,      -9.291557978
          0,           0,        1398,      -8.763040596,      -5.973713157,       -8.07827517,      -9.291159015
          0,           0,        1399,       -8.76356807,      -5.974194756,      -8.079149224,      -9.290761355
          0,           0,        1400,      -8.764095629,      -5.974675979,       -8.08002318,      -9.290364116
          0,           0,        1401,      -8.764623192,      -5.975156825,      -8.080897027,      -9.289967332
          0,           0,        1402,      -8.765150673,      -5.975637295,      -8.081770747,      -9.289570891
          0,           0,        1403,      -8.765677975,      -5.976117388,      -8.082644325,      -9.289174923
          0,           0,        1404,      -8.766204984,      -5.976597106,      -8.083517743,      -9.288779926
          0,           0,        1405,       -8.76673159,      -5.977076448,       -8.08439098,      -9.288385593
          0,           0,        1406,      -8.767257682,       -5.97755541,      -8.085264019,      -9.287991925
          0,           0,        1407,      -8.767783145,      -5.978033993,      -8.086136837,      -9.287599277
          0,           0,        1408,       -8.76830785,      -5.978512201,      -8.087009407,        -9.2872074
          0,           0,        1409,      -8.768831689,      -5.978990034,       -8.08788171,      -9.286816196
          0,           0,        1410,      -8.769354583,      -5.979467492,      -8.088753739,      -9.286425373
          0,           0,        1411,       -8.76987645,      -5.979944576,      -8.089625475,      -9.286033225
          0,           0,        1412,      -8.770397214,      -5.980421286,      -8.090496893,      -9.285641736
          0,           0,        1413,      -8.770916814,      -5.980897622,      -8.091367981,      -9.285250715
          0,           0,        1414,      -8.771435206,      -5.981373584,      -8.092238723,      -9.284860241
          0,           0,        1415,      -8.771952352,      -5.981849173,      -8.093109102,      -9.284470443
          0,           0,        1416,      -8.772468227,      -5.982324388,      -8.093979104,      -9.284081424
          0,           0,        1417,      -8.772982819,       -5.98279923,       -8.09484872,      -9.283693147
          0,           0,        1418,      -8.773496124,      -5.983273699,      -8.095717943,      -9.283305497
          0,           0,        1419,      -8.774008152,      -5.983747794,      -8.096586768,       -9.28291839
          0,           0,        1420,      -8.774518928,      -5.984221517,      -8.097455194,      -9.282531924
          0,           0,        1421,      -8.775028485,      -5.984694867,      -8.098323228,      -9.282143394
          0,           0,        1422,      -8.775536865,      -5.985167843,      -8.099190864,      -9.281754081
          0,           0,        1423,      -8.776044122,      -5.985640447,      -8.100058107,      -9.281365139
          0,           0,        1424,      -8.776550311,      -5.986112679,      -8.100924964,      -9.280976925
          0,           0,        1425,      -8.777055501,      -5.986584539,      -8.101791445,      -9.280589517
          0,           0,        1426,      -8.777559764,      -5.987056027,      -8.102657565,      -9.280202823
          0,           0,        1427,      -8.778063174,      -5.987527143,      -8.103523335,      -9.279815503
          0,           0,        1428,      -8.778565819,      -5.987997887,      -8.104388773,      -9.279427587
          0,           0,        1429,      -8.779067771,      -5.988468259,      -8.105253895,      -9.279040377
          0,           0,        1430,      -8.779569109,      -5.988938258,      -8.106118721,      -9.278653875
          0,           0,        1431,      -8.780069891,      -5.989407886,      -8.106983258,       -9.27826827
          0,           0,        1432,      -8.780570187,      -5.989877142,      -8.107847523,      -9.277882126
          0,           0,        1433,      -8.781070088,      -5.990346028,      -8.108711541,      -9.277495956
          0,           0,        1434,      -8.781569667,      -5.990814547,      -8.109575338,      -9.277109931
          0,           0,        1435,       -8.78206899,      -5.991282696,      -8.110438934,      -9.276724065
          0,           0,        1436,      -8.782568103,      -5.991750475,      -8.111302344,      -9.276339401
          0,           0,        1437,      -8.783067055,      -5.992217886,      -8.112165577,      -9.275955449
          0,           0,        1438,      -8.783565909,      -5.992684932,      -8.113028652,      -9.275572219
          0,           0,        1439,      -8.784064716,      -5.993151607,      -8.113891594,       -9.27518972
          0,           0,        1440,      -8.784563461,      -5.993617912,      -8.114754401,      -9.274807832
          0,           0,        1441,       -8.78506216,      -5.994083846,       -8.11561707,      -9.274425584
          0,           0,        1442,      -8.785560836,       -5.99454941,      -8.116479609,      -9.274043993
          0,           0,        1443,      -8.786059495,      -5.995014604,      -8.117342025,      -9.273663065
          0,           0,        1444,      -8.786558134,      -5.995479428,      -8.118204322,      -9.273282931
          0,           0,        1445,      -8.787056741,      -5.995943882,      -8.119066498,      -9.272904363
          0,           0,        1446,      -8.787555291,      -5.996407969,      -8.119928552,      -9.272526546
          0,           0,        1447,      -8.788053755,      -5.996871688,      -8.120790489,       -9.27214946
          0,           0,        1448,      -8.788552065,      -5.997335037,      -8.121652299,       -9.27177295
          0,           0,        1449,      -8.789050152,      -5.997798016,       -8.12251397,      -9.271395827
          0,           0,        1450,      -8.789547972,      -5.998260627,      -8.123375503,      -9.271016044
          0,           0,        1451,      -8.790045468,      -5.998722868,      -8.124236895,      -9.270636904
          0,           0,        1452,      -8.790542577,       -5.99918474,      -8.125098139,      -9.270258238
          0,           0,        1453,      -8.791039244,      -5.999646243,      -8.125959219,      -9.269880153
          0,           0,        1454,      -8.791535414,      -6.000107377,      -8.126820121,       -9.26950264
          0,           0,        1455,      -8.792031031,      -6.000568143,      -8.127680826,      -9.269125515
          0,           0,        1456,      -8.792526038,      -6.001028541,      -8.128541319,      -9.268746753
          0,           0,        1457,      -8.793020377,       -6.00148857,      -8.129401591,       -9.26836736
          0,           0,        1458,      -8.793513996,      -6.001948234,       -8.13026163,      -9.267988418
          0,           0,        1459,      -8.794006852,      -6.002407534,      -8.131121432,      -9.267609983
          0,           0,        1460,      -8.794498905,      -6.002866468,      -8.131980987,      -9.267230465
          0,           0,        1461,      -8.794990091,      -6.003325035,      -8.132840281,      -9.266851278
          0,           0,        1462,       -8.79548037,      -6.003783234,      -8.133699301,      -9.266472664
          0,           0,        1463,      -8.795969719,      -6.004241065,      -8.134558043,      -9.266094631
          0,           0,        1464,      -8.796458113,      -6.004698529,        -8.1354165,      -9.265717275
          0,           0,        1465,      -8.796945526,      -6.005155626,      -8.136274666,      -9.265340607
          0,           0,        1466,      -8.797431937,      -6.005612355,      -8.137132539,      -9.264964632
          0,           0,        1467,      -8.797917328,      -6.006068721,      -8.137990118,      -9.264589491
          0,           0,        1468,        -8.7984017,      -6.006524718,      -8.138847411,      -9.264215086
          0,           0,        1469,      -8.798885067,      -6.006980345,      -8.139704417,      -9.263841379
          0,           0,        1470,      -8.799367425,      -6.007435606,      -8.140561128,      -9.263468377
          0,           0,        1471,      -8.799848783,        -6.0078905,      -8.141417537,      -9.263096086
          0,           0,        1472,      -8.800329201,      -6.008345029,      -8.142273652,      -9.262724268
          0,           0,        1473,      -8.800808734,      -6.008799193,      -8.143129479,      -9.262353024
          0,           0,        1474,      -8.801287417,      -6.009252995,      -8.143985015,      -9.261982303
          0,           0,        1475,      -8.801765304,      -6.009706438,      -8.144840265,      -9.261611748
          0,           0,        1476,      -8.802242467,      -6.010159516,      -8.145695245,      -9.261241809
          0,           0,        1477,       -8.80271893,      -6.010612228,       -8.14654995,      -9.260872508
          0,           0,        1478,      -8.803194745,      -6.011064572,      -8.147404382,      -9.260501522
          0,           0,        1479,      -8.803669976,       -6.01151655,       -8.14825855,      -9.260129872
          0,           0,        1480,      -8.804144682,      -6.011968161,      -8.149112468,      -9.259758876
          0,           0,        1481,      -8.804618914,      -6.012419406,      -8.149966143,      -9.259388536
          0,           0,        1482,      -8.805092725,      -6.012870284,      -8.150819588,       -9.25901886
          0,           0,        1483,      -8.805566168,      -6.013320796,      -8.151672813,      -9.258649849
          0,           0,        1484,      -8.806039285,      -6.013770941,      -8.152525828,      -9.258281481
          0,           0,        1485,      -8.806512112,       -6.01422072,      -8.153378646,      -9.257913863
          0,           0,        1486,      -8.806984685,      -6.014670133,      -8.154231274,      -9.257546194
          0,           0,        1487,      -8.807457028,      -6.015119179,      -8.155083724,      -9.257178414
          0,           0,        1488,      -8.807929163,      -6.015567859,      -8.155936008,      -9.256811583
          0,           0,        1489,      -8.808401108,      -6.016016172,      -8.156788136,      -9.256445192
          0,           0,        1490,      -8.808872885,      -6.016464119,      -8.157640116,      -9.256079309
          0,           0,        1491,      -8.809344505,        -6.0169117,      -8.158491957,      -9.255714059
          0,           0,        1492,      -8.809815982,      -6.017358914,      -8.159343659,      -9.255349448
          0,           0,        1493,      -8.810287323,      -6.017805762,      -8.160195226,      -9.254985482
          0,           0,        1494,      -8.810758537,      -6.018252245,      -8.161046656,      -9.254621822
          0,           0,        1495,      -8.811229635,      -6.018698362,      -8.161897952,      -9.254258863
          0,           0,        1496,      -8.811700609,      -6.019144114,      -8.162749109,       -9.25389538
          0,           0,        1497,      -8.812171443,      -6.019589499,      -8.163600121,      -9.253531144
          0,           0,        1498,      -8.812642114,      -6.020034517,      -8.164450981,      -9.253166035
          0,           0,        1499,      -8.813112608,       -6.02047917,      -8.165301685,      -9.252801553
          0,           0,        1500,        -8.8135829,      -6.020923456,      -8.166152228,      -9.252437698
          0,           0,        1501,      -8.814052956,      -6.021367377,      -8.167002601,      -9.252074401
          0,           0,        1502,       -8.81452274,      -6.021810932,        -8.1678528,      -9.251711074
          0,           0,        1503,       -8.81499222,      -6.022254121,      -8.168702816,      -9.251347011
          0,           0,        1504,      -8.815461355,      -6.022696945,      -8.169552643,      -9.250983561
          0,           0,        1505,      -8.815930104,      -6.023139404,      -8.170402276,      -9.250620719
          0,           0,        1506,      -8.816398422,      -6.023581497,      -8.171251708,      -9.250258506
          0,           0,        1507,      -8.816866268,      -6.024023224,      -8.172100934,      -9.249896806
          0,           0,        1508,      -8.817333592,      -6.024464586,      -8.172949948,       -9.24953569
          0,           0,        1509,       -8.81780034,      -6.024905582,      -8.173798743,      -9.249175199
          0,           0,        1510,      -8.818266465,      -6.025346213,      -8.174647312,      -9.248815109
          0,           0,        1511,      -8.818731927,      -6.025786479,      -8.175495649,      -9.248455262
          0,           0,        1512,       -8.81919668,      -6.026226379,      -8.176343749,      -9.248096097
          0,           0,        1513,      -8.819660685,      -6.026665915,       -8.17719161,      -9.247737499
          0,           0,        1514,      -8.820123909,      -6.027105086,      -8.178039228,      -9.247378394
          0,           0,        1515,      -8.820586325,      -6.027543891,      -8.178886601,      -9.247019294
          0,           0,        1516,      -8.821047914,      -6.027982332,      -8.179733728,      -9.246660861
          0,           0,        1517,      -8.821508664,      -6.028420409,      -8.180580604,      -9.246303058
          0,           0,        1518,       -8.82196857,       -6.02885812,      -8.181427225,      -9.245945892
          0,           0,        1519,      -8.822427633,      -6.029295467,      -8.182273589,      -9.245589365
          0,           0,        1520,      -8.822885858,      -6.029732449,      -8.183119693,      -9.245233481
          0,           0,        1521,      -8.823343255,      -6.030169067,      -8.183965536,      -9.244877241
          0,           0,        1522,      -8.823799839,      -6.030605319,      -8.184811117,      -9.244521099
          0,           0,        1523,      -8.824255626,      -6.031041203,      -8.185656437,      -9.244165614
          0,           0,        1524,      -8.824710633,      -6.031476716,      -8.186501492,      -9.243810695
          0,           0,        1525,      -8.825164875,      -6.031911865,      -8.187346279,      -9.243455896
          0,           0,        1526,      -8.825618381,       -6.03234665,      -8.188190803,      -9.243101682
          0,           0,        1527,      -8.826071195,       -6.03278107,      -8.189035079,       -9.24274825
          0,           0,        1528,      -8.826523354,      -6.033215132,      -8.189879115,       -9.24239526
          0,           0,        1529,      -8.826974898,      -6.033648832,      -8.190722921,       -9.24204294
          0,           0,        1530,      -8.827425839,      -6.034082166,      -8.191566499,      -9.241691292
          0,           0,        1531,        -8.8278762,      -6.034515137,      -8.192409847,      -9.241340419
          0,           0,        1532,      -8.828326016,      -6.034947742,      -8.193252974,      -9.240990365
          0,           0,        1533,      -8.828775319,      -6.035379983,      -8.194095889,       -9.24063865
          0,           0,        1534,      -8.829224133,       -6.03581186,      -8.194938599,       -9.24028745
          0,           0,        1535,      -8.829672482,      -6.036243372,       -8.19578111,      -9.239936896
          0,           0,        1536,      -8.830120393,       -6.03667452,      -8.196623429,      -9.239586988
          0,           0,        1537,      -8.830567881,      -6.037105303,      -8.197465563,      -9.239236953
          0,           0,        1538,      -8.831014957,      -6.037535722,      -8.198307516,      -9.238887504
          0,           0,        1539,      -8.831461635,      -6.037965777,      -8.199149293,      -9.238538176
          0,           0,        1540,      -8.831907925,      -6.038395467,      -8.199990898,      -9.238187719
          0,           0,        1541,      -8.832353834,      -6.038824792,      -8.200832335,      -9.237837253
          0,           0,        1542,      -8.832799367,      -6.039253754,      -8.201673608,      -9.237487648
          0,           0,        1543,      -8.833244523,       -6.03968235,      -8.202514721,      -9.237138512
          0,           0,        1544,        -8.8336893,      -6.040110583,      -8.203355677,      -9.236789808
          0,           0,        1545,      -8.834133691,      -6.040538451,      -8.204196479,      -9.236441471
          0,           0,        1546,      -8.834577691,      -6.040965955,      -8.205037129,      -9.236093725
          0,           0,        1547,      -8.835021292,      -6.041393094,      -8.205877626,      -9.235747031
          0,           0,        1548,      -8.835464492,      -6.041819869,      -8.206717968,      -9.235401384
          0,           0,        1549,      -8.835907284,       -6.04224628,       -8.20755815,      -9.235056322
          0,           0,        1550,       -8.83634966,      -6.042672326,      -8.208398167,      -9.234711794
          0,           0,        1551,      -8.836791608,      -6.043098009,      -8.209238013,      -9.234367756
          0,           0,        1552,      -8.837233118,      -6.043523327,      -8.210077679,      -9.234024082
          0,           0,        1553,      -8.837674173,      -6.043948281,      -8.210917159,      -9.233680398
          0,           0,        1554,      -8.838114754,       -6.04437287,      -8.211756447,       -9.23333703
          0,           0,        1555,      -8.838554836,      -6.044797096,      -8.212595542,      -9.232993918
          0,           0,        1556,      -8.838994396,      -6.045220956,      -8.213434444,      -9.232651376
          0,           0,        1557,      -8.839433411,      -6.045644446,      -8.214273151,      -9.232309269
          0,           0,        1558,      -8.839871856,      -6.046067572,      -8.215111655,      -9.231967219
          0,           0,        1559,      -8.840309705,      -6.046490334,      -8.215949946,      -9.231624688
          0,           0,        1560,       -8.84074696,      -6.046912732,      -8.216788029,      -9.231282752
          0,           0,        1561,      -8.841183616,      -6.047334766,      -8.217625902,      -9.230941334
          0,           0,        1562,       -8.84161966,      -6.047756437,      -8.218463556,       -9.23060041
          0,           0,        1563,      -8.842055082,      -6.048177744,      -8.219300986,      -9.230260059
          0,           0,        1564,      -8.842489876,      -6.048598688,      -8.220138186,      -9.229920256
          0,           0,        1565,      -8.842924034,      -6.049019269,      -8.220975156,      -9.229580976
          0,           0,        1566,      -8.843357548,      -6.049439486,      -8.221811893,      -9.229242368
          0,           0,        1567,      -8.843790412,       -6.04985934,      -8.222648396,      -9.228904257
          0,           0,        1568,      -8.844222619,       -6.05027883,      -8.223484664,      -9.228564613
          0,           0,        1569,      -8.844654165,      -6.050697957,      -8.224320698,      -9.228225245
          0,           0,        1570,      -8.845085051,      -6.051116721,      -8.225156499,       -9.22788649
          0,           0,        1571,      -8.845515278,      -6.051535121,      -8.225992065,      -9.227548358
          0,           0,        1572,      -8.845944849,      -6.051953158,      -8.226827395,      -9.227210843
          0,           0,        1573,      -8.846373764,      -6.052370831,      -8.227662487,      -9.226873181
          0,           0,        1574,      -8.846802028,      -6.052788142,      -8.228497341,      -9.226536082
          0,           0,        1575,       -8.84722965,      -6.053205089,      -8.229331956,       -9.22619946
          0,           0,        1576,      -8.847656637,      -6.053621673,       -8.23016634,      -9.225863407
          0,           0,        1577,      -8.848082997,      -6.054037894,        -8.2310005,      -9.225527967
          0,           0,        1578,      -8.848508742,      -6.054453752,      -8.231834443,      -9.225193142
          0,           0,        1579,      -8.848933886,      -6.054869246,      -8.232668175,      -9.224858918
          0,           0,        1580,      -8.849358447,      -6.055284378,      -8.233501702,      -9.224525447
          0,           0,        1581,      -8.849782447,      -6.055699145,      -8.234335025,      -9.224192591
          0,           0,        1582,      -8.850205909,      -6.056113548,      -8.235168148,      -9.223860309
          0,           0,        1583,      -8.850628852,      -6.056527587,       -8.23600108,      -9.223528296
          0,           0,        1584,      -8.851051292,      -6.056941263,       -8.23683381,      -9.223196739
          0,           0,        1585,       -8.85147325,      -6.057354578,      -8.237666338,      -9.222865465
          0,           0,        1586,      -8.851894755,      -6.057767531,      -8.238498678,      -9.222534218
          0,           0,        1587,      -8.852315814,      -6.058180121,      -8.239330831,      -9.222203578
          0,           0,        1588,      -8.852736429,      -6.058592347,      -8.240162793,      -9.221873143
          0,           0,        1589,      -8.853156616,       -6.05900421,      -8.240994564,      -9.221542995
          0,           0,        1590,      -8.853576384,      -6.059415708,       -8.24182615,       -9.22121341
          0,           0,        1591,      -8.853995738,      -6.059826843,      -8.242657553,      -9.220884433
          0,           0,        1592,      -8.854414681,      -6.060237614,      -8.243488774,      -9.220556078
          0,           0,        1593,      -8.854833213,      -6.060648021,      -8.244319814,      -9.220228357
          0,           0,        1594,      -8.855251334,      -6.061058064,      -8.245150674,      -9.219901161
          0,           0,        1595,      -8.855669039,      -6.061467743,      -8.245981355,      -9.219574515
          0,           0,        1596,      -8.856086317,      -6.061877058,      -8.246811858,      -9.219248453
          0,           0,        1597,      -8.856503152,      -6.062286008,       -8.24764218,      -9.218922989
          0,           0,        1598,      -8.856919529,      -6.062694595,      -8.248472321,      -9.218598519
          0,           0,        1599,      -8.857335428,      -6.063102817,      -8.249302279,      -9.218274831
          0,           0,        1600,      -8.857750833,      -6.063510677,      -8.250132054,      -9.217951231
          0,           0,        1601,      -8.858165726,      -6.063918174,      -8.250961652,       -9.21762679
          0,           0,        1602,      -8.858580081,      -6.064325306,      -8.251791068,        -9.2173025
          0,           0,        1603,      -8.858993873,      -6.064732073,      -8.252620293,      -9.216976446
          0,           0,        1604,        -8.8594071,      -6.065138476,      -8.253449329,      -9.216650935
          0,           0,        1605,      -8.859819752,      -6.065544514,      -8.254278176,      -9.216326006
          0,           0,        1606,       -8.86023182,      -6.065950187,      -8.255106825,      -9.216000906
          0,           0,        1607,      -8.860643291,      -6.066355496,       -8.25593527,      -9.215673817
          0,           0,        1608,      -8.861054156,       -6.06676044,      -8.256763506,      -9.215347129
          0,           0,        1609,      -8.861464406,       -6.06716502,      -8.257591527,      -9.215020999
          0,           0,        1610,      -8.861874032,      -6.067569235,      -8.258419329,      -9.214695429
          0,           0,        1611,      -8.862283026,      -6.067973085,      -8.259246907,       -9.21437038
          0,           0,        1612,      -8.862691381,       -6.06837657,      -8.260074257,      -9.214045805
          0,           0,        1613,      -8.863099092,      -6.068779695,      -8.260901376,      -9.213721788
          0,           0,        1614,       -8.86350616,      -6.069182457,      -8.261728268,      -9.213398333
          0,           0,        1615,      -8.863912571,      -6.069584856,      -8.262554928,      -9.213075423
          0,           0,        1616,      -8.864318313,       -6.06998689,      -8.263381347,      -9.212753075
          0,           0,        1617,      -8.864723384,      -6.070388559,      -8.264207522,      -9.212431306
          0,           0,        1618,      -8.865127786,      -6.070789863,      -8.265033456,      -9.212110146
          0,           0,        1619,      -8.865531514,      -6.071190802,      -8.265859149,      -9.211789561
          0,           0,        1620,      -8.865934566,      -6.071591376,      -8.266684602,      -9.211469623
          0,           0,        1621,       -8.86633694,      -6.071991585,      -8.267509817,      -9.211150314
          0,           0,        1622,      -8.866738637,      -6.072391432,      -8.268334796,      -9.210831587
          0,           0,        1623,      -8.867139658,      -6.072790916,      -8.269159547,      -9.210513475
          0,           0,        1624,      -8.867539999,      -6.073190038,      -8.269984068,       -9.21019611
          0,           0,        1625,      -8.867939662,      -6.073588795,      -8.270808361,      -9.209879335
          0,           0,        1626,      -8.868338643,      -6.073987187,      -8.271632425,      -9.209561962
          0,           0,        1627,      -8.868736947,      -6.074385217,      -8.272456265,      -9.209244815
          0,           0,        1628,       -8.86913458,      -6.074782883,      -8.273279888,      -9.208928033
          0,           0,        1629,      -8.869531546,      -6.075180186,      -8.274103299,      -9.208611854
          0,           0,        1630,      -8.869927858,      -6.075577125,        -8.2749265,      -9.208296276
          0,           0,        1631,      -8.870323522,        -6.0759737,      -8.275749496,      -9.207980968
          0,           0,        1632,      -8.870718552,       -6.07636991,      -8.276572285,      -9.207664954
          0,           0,        1633,      -8.871112962,      -6.076765756,       -8.27739487,      -9.207348916
          0,           0,        1634,      -8.871506768,      -6.077161236,       -8.27821725,      -9.207033283
          0,           0,        1635,      -8.871899983,      -6.077556351,      -8.279039426,      -9.206716944
          0,           0,        1636,      -8.872292622,      -6.077951102,      -8.279861397,      -9.206401079
          0,           0,        1637,      -8.872684697,      -6.078345487,      -8.280683164,      -9.206085793
          0,           0,        1638,      -8.873076221,      -6.078739508,      -8.281504728,      -9.205771091
          0,           0,        1639,      -8.873467205,      -6.079133164,      -8.282326087,       -9.20545697
          0,           0,        1640,      -8.873857658,      -6.079526456,      -8.283147245,      -9.205143429
          0,           0,        1641,      -8.874247594,      -6.079919389,      -8.283968205,      -9.204830466
          0,           0,        1642,      -8.874637028,      -6.080311957,       -8.28478898,      -9.204518075
          0,           0,        1643,      -8.875025944,      -6.080704159,      -8.285609558,      -9.204206266
          0,           0,        1644,      -8.875414347,      -6.081095996,       -8.28642993,      -9.203895031
          0,           0,        1645,      -8.875802241,      -6.081487467,      -8.287250098,      -9.203584016
          0,           0,        1646,      -8.876189625,      -6.081878572,      -8.288070065,      -9.203272587
          0,           0,        1647,      -8.876576496,      -6.082269312,      -8.288889831,      -9.202961705
          0,           0,        1648,      -8.876962846,      -6.082659686,      -8.289709395,      -9.202651352
          0,           0,        1649,      -8.877348671,      -6.083049693,      -8.290528756,      -9.202341529
          0,           0,        1650,      -8.877733962,      -6.083439335,      -8.291347915,      -9.202032253
          0,           0,        1651,      -8.878118712,      -6.083828612,       -8.29216687,      -9.201723403
          0,           0,        1652,      -8.878502913,      -6.084217522,      -8.292985622,      -9.201413992
          0,           0,        1653,      -8.878886561,      -6.084606068,      -8.293804172,      -9.201105158
          0,           0,        1654,      -8.879269642,      -6.084994247,      -8.294622516,      -9.200797371
          0,           0,        1655,      -8.879652143,       -6.08538206,      -8.295440651,      -9.200490054
          0,           0,        1656,      -8.880034055,      -6.085769507,       -8.29625857,      -9.200183194
          0,           0,        1657,      -8.880415369,      -6.086156587,      -8.297076271,      -9.199876183
          0,           0,        1658,      -8.880796076,      -6.086543301,       -8.29789375,      -9.199569492
          0,           0,        1659,      -8.881176163,      -6.086929648,      -8.298711007,      -9.199263313
          0,           0,        1660,      -8.881555621,      -6.087315628,      -8.299528041,      -9.198957647
          0,           0,        1661,      -8.881934437,      -6.087701241,      -8.300344851,      -9.198652496
          0,           0,        1662,      -8.882312602,      -6.088086488,       -8.30116144,      -9.198347846
          0,           0,        1663,      -8.882690111,      -6.088471369,      -8.301977806,      -9.198043534
          0,           0,        1664,      -8.883066955,      -6.088855882,      -8.302793947,      -9.197739615
          0,           0,        1665,      -8.883443128,      -6.089240029,       -8.30360986,      -9.197436128
          0,           0,        1666,      -8.883818627,      -6.089623808,      -8.304425544,      -9.197133131
          0,           0,        1667,      -8.884193447,       -6.09000722,      -8.305240996,      -9.196829732
          0,           0,        1668,      -8.884567585,      -6.090390266,      -8.306056211,      -9.196526238
          0,           0,        1669,      -8.884941035,      -6.090772944,      -8.306871185,      -9.196223269
          0,           0,        1670,       -8.88531379,      -6.091155254,      -8.307685918,      -9.195920841
          0,           0,        1671,      -8.885685845,      -6.091537193,      -8.308500411,      -9.195618892
          0,           0,        1672,      -8.886057197,      -6.091918763,      -8.309314666,      -9.195317472
          0,           0,        1673,      -8.886427816,      -6.092299966,      -8.310128678,       -9.19501621
          0,           0,        1674,      -8.886797697,      -6.092680803,      -8.310942454,      -9.194715109
          0,           0,        1675,      -8.887166853,      -6.093061273,      -8.311756004,      -9.194412484
          0,           0,        1676,      -8.887535288,      -6.093441376,       -8.31256933,       -9.19411039
          0,           0,        1677,      -8.887902998,      -6.093821112,      -8.313382431,      -9.193808664
          0,           0,        1678,      -8.888269982,      -6.094200482,      -8.314195307,      -9.193507106
          0,           0,        1679,      -8.888636236,      -6.094579485,      -8.315007959,      -9.193205994
          0,           0,        1680,      -8.889001755,      -6.094958121,      -8.315820387,       -9.19290535
          0,           0,        1681,      -8.889366535,      -6.095336391,      -8.316632589,      -9.192605047
          0,           0,        1682,      -8.889730569,      -6.095714293,      -8.317444567,      -9.192304625
          0,           0,        1683,      -8.890093852,      -6.096091829,      -8.318256319,      -9.192004674
          0,           0,        1684,      -8.890456384,      -6.096468998,      -8.319067846,      -9.191705197
          0,           0,        1685,      -8.890818165,      -6.096845802,      -8.319879149,      -9.191406152
          0,           0,        1686,      -8.891179211,      -6.097222244,      -8.320690233,      -9.191107551
          0,           0,        1687,      -8.891539541,       -6.09759832,      -8.321501104,      -9.190809418
          0,           0,        1688,      -8.891899152,      -6.097974029,      -8.322311754,      -9.190511733
          0,           0,        1689,      -8.892258055,      -6.098349371,      -8.323122177,      -9.190214627
          0,           0,        1690,      -8.892616264,      -6.098724345,      -8.323932374,      -9.189918107
          0,           0,        1691,      -8.892973788,      -6.099098953,      -8.324742343,      -9.189621998
          0,           0,        1692,      -8.893330626,      -6.099473194,      -8.325552083,      -9.189326249
          0,           0,        1693,      -8.893686779,      -6.099847068,       -8.32636159,       -9.18903098
          0,           0,        1694,       -8.89404224,      -6.100220575,      -8.327170862,      -9.188736191
          0,           0,        1695,      -8.894397004,      -6.100593716,      -8.327979902,      -9.188441891
          0,           0,        1696,      -8.894751061,       -6.10096649,      -8.328788712,      -9.188148078
          0,           0,        1697,      -8.895104405,      -6.101338897,      -8.329597293,      -9.187854808
          0,           0,        1698,       -8.89545703,      -6.101710937,      -8.330405645,      -9.187562021
          0,           0,        1699,      -8.895808934,       -6.10208261,      -8.331213769,      -9.187269637
          0,           0,        1700,      -8.896160117,      -6.102453917,      -8.332021662,      -9.186977739
          0,           0,        1701,      -8.896510582,      -6.102824857,      -8.332829321,       -9.18668633
          0,           0,        1702,      -8.896860336,       -6.10319543,      -8.333636744,      -9.186395439
          0,           0,        1703,      -8.897209385,      -6.103565637,      -8.334443926,      -9.186104859
          0,           0,        1704,      -8.897557738,      -6.103935476,      -8.335250865,      -9.185812639
          0,           0,        1705,       -8.89790541,      -6.104304949,      -8.336057559,      -9.185520767
          0,           0,        1706,      -8.898252415,      -6.104674054,      -8.336864011,      -9.185229347
          0,           0,        1707,      -8.898598766,      -6.105042792,      -8.337670222,      -9.184938376
          0,           0,        1708,      -8.898944474,      -6.105411163,      -8.338476192,      -9.184647765
          0,           0,        1709,      -8.899289548,      -6.105779167,       -8.33928192,      -9.184357612
          0,           0,        1710,      -8.899634002,      -6.106146803,      -8.340087407,      -9.184067921
          0,           0,        1711,      -8.899977846,      -6.106514072,      -8.340892652,       -9.18377852
          0,           0,        1712,      -8.900321097,      -6.106880973,      -8.341697655,      -9.183489228
          0,           0,        1713,      -8.900663772,      -6.107247507,      -8.342502418,      -9.183200502
          0,           0,        1714,      -8.901005895,      -6.107613672,      -8.343306941,      -9.182912245
          0,           0,        1715,      -8.901347489,       -6.10797947,      -8.344111227,      -9.182624454
          0,           0,        1716,      -8.901688572,      -6.108344901,      -8.344915273,      -9.182337065
          0,           0,        1717,      -8.902029159,      -6.108709963,      -8.345719079,      -9.182048809
          0,           0,        1718,      -8.902369266,      -6.109074657,      -8.346522644,      -9.181760949
          0,           0,        1719,      -8.902708906,      -6.109438983,      -8.347325969,      -9.181472827
          0,           0,        1720,      -8.903048088,      -6.109802942,      -8.348129058,       -9.18118441
          0,           0,        1721,      -8.903386821,      -6.110166532,      -8.348931915,      -9.180896395
          0,           0,        1722,      -8.903725107,      -6.110529754,      -8.349734543,      -9.180608768
          0,           0,        1723,      -8.904062952,      -6.110892607,      -8.350536945,      -9.180321593
          0,           0,        1724,      -8.904400363,      -6.111255091,      -8.351339124,      -9.180034862
          0,           0,        1725,      -8.904737345,      -6.111617203,      -8.352141078,      -9.179748576
          0,           0,        1726,      -8.905073903,      -6.111978945,      -8.352942804,      -9.179462605
          0,           0,        1727,      -8.905410043,      -6.112340318,      -8.353744297,      -9.179177037
          0,           0,        1728,      -8.905745782,      -6.112701324,      -8.354545564,      -9.178891923
          0,           0,        1729,      -8.906081134,      -6.113061962,       -8.35534661,      -9.178607101
          0,           0,        1730,       -8.90641611,      -6.113422231,      -8.356147433,      -9.178322643
          0,           0,        1731,      -8.906750714,      -6.113782133,      -8.356948031,      -9.178038568
          0,           0,        1732,      -8.907084955,      -6.114141666,      -8.357748404,      -9.177755034
          0,           0,        1733,       -8.90741883,      -6.114500832,      -8.358548553,      -9.177471974
          0,           0,        1734,      -8.907752341,       -6.11485963,      -8.359348475,      -9.177189376
          0,           0,        1735,      -8.908085483,      -6.115218059,      -8.360148171,      -9.176907114
          0,           0,        1736,      -8.908418253,      -6.115576121,      -8.360947639,      -9.176624989
          0,           0,        1737,       -8.90875064,      -6.115933815,      -8.361746878,      -9.176342235
          0,           0,        1738,      -8.909082632,       -6.11629114,      -8.362545887,      -9.176059942
          0,           0,        1739,       -8.90941422,      -6.116648098,      -8.363344667,      -9.175778124
          0,           0,        1740,      -8.909745384,      -6.117004689,      -8.364143218,      -9.175496773
          0,           0,        1741,      -8.910076107,      -6.117360911,      -8.364941538,      -9.175215887
          0,           0,        1742,      -8.910406371,      -6.117716767,      -8.365739629,      -9.174935457
          0,           0,        1743,      -8.910736156,      -6.118072255,      -8.366537491,      -9.174655449
          0,           0,        1744,      -8.911065442,      -6.118427375,      -8.367335124,      -9.174375909
          0,           0,        1745,      -8.911394207,      -6.118782128,      -8.368132525,      -9.174096839
          0,           0,        1746,      -8.911722429,      -6.119136515,      -8.368929695,      -9.173818145
          0,           0,        1747,      -8.912050083,      -6.119490534,      -8.369726629,      -9.173539781
          0,           0,        1748,      -8.912377148,      -6.119844186,      -8.370523329,       -9.17326182
          0,           0,        1749,      -8.912703598,      -6.120197471,       -8.37131979,      -9.172984377
          0,           0,        1750,      -8.913029413,      -6.120550389,      -8.372116011,      -9.172707467
          0,           0,        1751,      -8.913354575,       -6.12090294,      -8.372911993,      -9.172430669
          0,           0,        1752,      -8.913679069,      -6.121255126,      -8.373707737,      -9.172154259
          0,           0,        1753,      -8.914002884,      -6.121606945,       -8.37450325,      -9.171878327
          0,           0,        1754,      -8.914325987,      -6.121958399,      -8.375298522,      -9.171602873
          0,           0,        1755,      -8.914648351,      -6.122309485,      -8.376093544,      -9.171327896
          0,           0,        1756,      -8.914969964,      -6.122660205,      -8.376888316,      -9.171053398
          0,           0,        1757,      -8.915290811,      -6.123010559,      -8.377682837,      -9.170779145
          0,           0,        1758,      -8.915610874,      -6.123360546,      -8.378477104,      -9.170504809
          0,           0,        1759,      -8.915930133,      -6.123710166,      -8.379271111,      -9.170230933
          0,           0,        1760,      -8.916248573,       -6.12405942,      -8.380064856,      -9.169957516
          0,           0,        1761,      -8.916566175,      -6.124408307,      -8.380858337,       -9.16968454
          0,           0,        1762,      -8.916882924,      -6.124756828,      -8.381651549,      -9.169412024
          0,           0,        1763,      -8.917198804,      -6.125104983,      -8.382444489,      -9.169139977
          0,           0,        1764,      -8.917513803,      -6.125452772,      -8.383237155,      -9.168867986
          0,           0,        1765,      -8.917827912,      -6.125800194,      -8.384029543,      -9.168596454
          0,           0,        1766,      -8.918141121,       -6.12614725,       -8.38482165,      -9.168324893
          0,           0,        1767,      -8.918453427,       -6.12649394,      -8.385613472,      -9.168052993
          0,           0,        1768,      -8.918764826,      -6.126840264,      -8.386405008,      -9.167781541
          0,           0,        1769,      -8.919075319,      -6.127186221,      -8.387196255,      -9.167510771
          0,           0,        1770,      -8.919384904,      -6.127531813,      -8.387987212,      -9.167240747
          0,           0,        1771,      -8.919693585,      -6.127877039,      -8.388777876,      -9.166970927
          0,           0,        1772,      -8.920001368,        -6.1282219,       -8.38956825,       -9.16670003
          0,           0,        1773,      -8.920308254,      -6.128566396,      -8.390358332,      -9.166429307
          0,           0,        1774,      -8.920614244,      -6.128910527,      -8.391148118,      -9.166158928
          0,           0,        1775,      -8.920919342,      -6.129254292,      -8.391937602,      -9.165888993
          0,           0,        1776,       -8.92122356,      -6.129597691,       -8.39272679,      -9.165619508
          0,           0,        1777,      -8.921526907,      -6.129940724,      -8.393515682,      -9.165350469
          0,           0,        1778,      -8.921829392,      -6.130283392,      -8.394304273,       -9.16508188
          0,           0,        1779,      -8.922131024,      -6.130625694,      -8.395092563,      -9.164813738
          0,           0,        1780,      -8.922431816,       -6.13096763,      -8.395880549,       -9.16454604
          0,           0,        1781,      -8.922731782,      -6.131309201,       -8.39666823,      -9.164278699
          0,           0,        1782,      -8.923030938,      -6.131650407,      -8.397455602,      -9.164011791
          0,           0,        1783,      -8.923329301,      -6.131991247,       -8.39824267,      -9.163743798
          0,           0,        1784,      -8.923626895,      -6.132331721,      -8.399029443,      -9.163475804
          0,           0,        1785,       -8.92392374,      -6.132671832,      -8.399815926,      -9.163208117
          0,           0,        1786,      -8.924219855,      -6.133011579,      -8.400602124,      -9.162940872
          0,           0,        1787,      -8.924515256,      -6.133350964,      -8.401388041,      -9.162674069
          0,           0,        1788,      -8.924809955,      -6.133689984,      -8.402173681,      -9.162407714
          0,           0,        1789,      -8.925103958,      -6.134028639,      -8.402959038,      -9.162141807
          0,           0,        1790,       -8.92539728,      -6.134366929,      -8.403744116,      -9.161876345
          0,           0,        1791,      -8.925689931,      -6.134704854,       -8.40452892,      -9.161611329
          0,           0,        1792,      -8.925981922,      -6.135042414,      -8.405313449,      -9.161346758
          0,           0,        1793,      -8.926273256,      -6.135379609,      -8.406097703,      -9.161082629
          0,           0,        1794,      -8.926563938,      -6.135716439,      -8.406881682,      -9.160818942
          0,           0,        1795,      -8.926853968,      -6.136052907,      -8.407665386,      -9.160555786
          0,           0,        1796,      -8.927143348,      -6.136389011,      -8.408448822,       -9.16029315
          0,           0,        1797,       -8.92743207,      -6.136724753,      -8.409231991,      -9.160030937
          0,           0,        1798,      -8.927720132,      -6.137060131,      -8.410014903,      -9.159769166
          0,           0,        1799,      -8.928007531,      -6.137395145,      -8.410797561,      -9.159507843
          0,           0,        1800,      -8.928294269,      -6.137729796,      -8.411579972,      -9.159246752
          0,           0,        1801,      -8.928580345,      -6.138064083,      -8.412362141,      -9.158985853
          0,           0,        1802,       -8.92886575,      -6.138398009,      -8.413144072,      -9.158725385
          0,           0,        1803,      -8.929150475,       -6.13873157,      -8.413925768,      -9.158465345
          0,           0,        1804,      -8.929434509,      -6.139064767,      -8.414707233,      -9.158205723
          0,           0,        1805,       -8.92971784,        -6.1393976,      -8.415488471,      -9.157946529
          0,           0,        1806,      -8.930000453,      -6.139730069,      -8.416269478,      -9.157687763
          0,           0,        1807,      -8.930282329,      -6.140062174,       -8.41705025,      -9.157429425
          0,           0,        1808,      -8.930563454,      -6.140393914,      -8.417830789,      -9.157171514
          0,           0,        1809,      -8.930843811,      -6.140725291,      -8.418611094,      -9.156914029
          0,           0,        1810,      -8.931123386,      -6.141056305,      -8.419391162,      -9.156656723
          0,           0,        1811,      -8.931402157,      -6.141386954,       -8.42017099,      -9.156398872
          0,           0,        1812,      -8.931680106,       -6.14171724,      -8.420950578,      -9.156141255
          0,           0,        1813,      -8.931957213,      -6.142047162,      -8.421729923,      -9.155884052
          0,           0,        1814,      -8.932233459,       -6.14237672,      -8.422509023,      -9.155627257
          0,           0,        1815,      -8.932508831,      -6.142705915,      -8.423287874,      -9.155370874
          0,           0,        1816,      -8.932783315,      -6.143034747,      -8.424066473,      -9.155114905
          0,           0,        1817,      -8.933056902,      -6.143363215,      -8.424844816,      -9.154859342
          0,           0,        1818,      -8.933329584,      -6.143691319,      -8.425622898,      -9.154604182
          0,           0,        1819,       -8.93360136,       -6.14401906,      -8.426400715,      -9.154349425
          0,           0,        1820,      -8.933872229,      -6.144346438,      -8.427178265,      -9.154095069
          0,           0,        1821,      -8.934142198,      -6.144673452,      -8.427955548,      -9.153841129
          0,           0,        1822,      -8.934411279,      -6.145000102,      -8.428732566,      -9.153587894
          0,           0,        1823,       -8.93467948,      -6.145326388,      -8.429509318,       -9.15333496
          0,           0,        1824,       -8.93494681,      -6.145652311,        -8.4302858,      -9.153082298
          0,           0,        1825,      -8.935213278,      -6.145977871,      -8.431062011,      -9.152830014
          0,           0,        1826,      -8.935478894,      -6.146303066,      -8.431837947,      -9.152577665
          0,           0,        1827,      -8.935743667,      -6.146627899,      -8.432613602,      -9.152325347
          0,           0,        1828,      -8.936007617,      -6.146952369,      -8.433388975,      -9.152073403
          0,           0,        1829,      -8.936270754,      -6.147276475,      -8.434164057,      -9.151821715
          0,           0,        1830,        -8.9365331,      -6.147600217,      -8.434938845,      -9.151569569
          0,           0,        1831,      -8.936794672,      -6.147923596,      -8.435713332,      -9.151317105
          0,           0,        1832,      -8.937055492,      -6.148246611,      -8.436487513,       -9.15106525
          0,           0,        1833,      -8.937315588,      -6.148569262,      -8.437261386,      -9.150813749
          0,           0,        1834,      -8.937574985,      -6.148891549,      -8.438034951,      -9.150562603
          0,           0,        1835,      -8.937833709,      -6.149213472,      -8.438808205,      -9.150311812
          0,           0,        1836,      -8.938091788,      -6.149535031,      -8.439581148,      -9.150061378
          0,           0,        1837,      -8.938349249,      -6.149856226,      -8.440353778,      -9.149811298
          0,           0,        1838,      -8.938606118,      -6.150177058,      -8.441126096,      -9.149561557
          0,           0,        1839,      -8.938862419,      -6.150497526,      -8.441898101,      -9.149310834
          0,           0,        1840,      -8.939118176,      -6.150817631,      -8.442669793,      -9.149060301
          0,           0,        1841,      -8.939373409,      -6.151137373,      -8.443441173,      -9.148810128
          0,           0,        1842,      -8.939628139,      -6.151456751,      -8.444212241,      -9.148560328
          0,           0,        1843,      -8.939882379,      -6.151775767,      -8.444982999,      -9.148310895
          0,           0,        1844,      -8.940136142,       -6.15209442,      -8.445753446,      -9.148061829
          0,           0,        1845,      -8.940389437,       -6.15241271,      -8.446523585,      -9.147813128
          0,           0,        1846,      -8.940642267,      -6.152730637,      -8.447293417,      -9.147564793
          0,           0,        1847,      -8.940894629,      -6.153048203,      -8.448062946,      -9.147316821
          0,           0,        1848,       -8.94114652,      -6.153365405,      -8.448832179,      -9.147069213
          0,           0,        1849,      -8.941397928,      -6.153682245,      -8.449601118,      -9.146821967
          0,           0,        1850,      -8.941648837,      -6.153998724,      -8.450369757,      -9.146575082
          0,           0,        1851,      -8.941899243,      -6.154314841,      -8.451138095,      -9.146328563
          0,           0,        1852,      -8.942149143,      -6.154630597,      -8.451906145,      -9.146082309
          0,           0,        1853,      -8.942398527,      -6.154945991,      -8.452673913,      -9.145836381
          0,           0,        1854,      -8.942647381,      -6.155261025,      -8.453441402,      -9.145589773
          0,           0,        1855,      -8.942895686,      -6.155575699,      -8.454208616,      -9.145343017
          0,           0,        1856,      -8.943143421,      -6.155890012,      -8.454975559,      -9.145096236
          0,           0,        1857,      -8.943390561,      -6.156203964,      -8.455742235,      -9.144849819
          0,           0,        1858,       -8.94363708,      -6.156517556,      -8.456508646,       -9.14460381
          0,           0,        1859,      -8.943882951,      -6.156830788,      -8.457274795,      -9.144358162
          0,           0,        1860,      -8.944128149,       -6.15714366,      -8.458040683,       -9.14411287
          0,           0,        1861,      -8.944372652,      -6.157456172,      -8.458806311,      -9.143867926
          0,           0,        1862,      -8.944616436,      -6.157768325,      -8.459571678,      -9.143623318
          0,           0,        1863,      -8.944859486,      -6.158080117,      -8.460336786,      -9.143379061
          0,           0,        1864,      -8.945101787,       -6.15839155,      -8.461101634,      -9.143135156
          0,           0,        1865,      -8.945343328,      -6.158702623,      -8.461866222,      -9.142891602
          0,           0,        1866,      -8.945584099,      -6.159013336,       -8.46263055,      -9.142648397
          0,           0,        1867,      -8.945824093,       -6.15932369,      -8.463394616,       -9.14240554
          0,           0,        1868,      -8.946063307,      -6.159633685,      -8.464158419,       -9.14216303
          0,           0,        1869,      -8.946301737,       -6.15994332,      -8.464921958,      -9.141920863
          0,           0,        1870,      -8.946539383,      -6.160252596,       -8.46568523,      -9.141679082
          0,           0,        1871,      -8.946776248,      -6.160561513,      -8.466448233,      -9.141437424
          0,           0,        1872,      -8.947012334,      -6.160870071,      -8.467210961,      -9.141195558
          0,           0,        1873,      -8.947247649,       -6.16117827,      -8.467973402,      -9.140954028
          0,           0,        1874,      -8.947482211,      -6.161486109,      -8.468735554,       -9.14071285
          0,           0,        1875,      -8.947716042,      -6.161793589,      -8.469497426,      -9.140472029
          0,           0,        1876,      -8.947949157,      -6.162100711,      -8.470259022,      -9.140231562
          0,           0,        1877,       -8.94818157,      -6.162407476,      -8.471020338,      -9.139991462
          0,           0,        1878,      -8.948413301,      -6.162713884,      -8.471781377,      -9.139751719
          0,           0,        1879,      -8.948644368,      -6.163019934,      -8.472542141,      -9.139512321
          0,           0,        1880,      -8.948874783,      -6.163325625,      -8.473302614,      -9.139273287
          0,           0,        1881,      -8.949104571,      -6.163630957,      -8.474062784,      -9.139034611
          0,           0,        1882,      -8.949333762,       -6.16393593,      -8.474822646,      -9.138796289
          0,           0,        1883,      -8.949562385,      -6.164240545,      -8.475582197,       -9.13855832
          0,           0,        1884,      -8.949790472,        -6.1645448,      -8.476341429,      -9.138320702
          0,           0,        1885,      -8.950018055,      -6.164848697,      -8.477100335,      -9.138083275
          0,           0,        1886,      -8.950245168,      -6.165152236,      -8.477858911,      -9.137845914
          0,           0,        1887,      -8.950471843,      -6.165455416,      -8.478617152,      -9.137608648
          0,           0,        1888,      -8.950698109,      -6.165758238,      -8.479375054,      -9.137371699
          0,           0,        1889,      -8.950923997,      -6.166060701,      -8.480132611,      -9.137135093
          0,           0,        1890,      -8.951149534,      -6.166362807,      -8.480889821,      -9.136898791
          0,           0,        1891,      -8.951374743,      -6.166664554,      -8.481646681,      -9.136662491
          0,           0,        1892,      -8.951599641,      -6.166965944,      -8.482403187,       -9.13642596
          0,           0,        1893,      -8.951824242,      -6.167266976,      -8.483159336,      -9.136189768
          0,           0,        1894,      -8.952048558,      -6.167567649,      -8.483915127,      -9.135953915
          0,           0,        1895,      -8.952272598,      -6.167867963,       -8.48467056,      -9.135718398
          0,           0,        1896,      -8.952496367,       -6.16816792,      -8.485425631,       -9.13548322
          0,           0,        1897,      -8.952719854,      -6.168467519,      -8.486180335,       -9.13524854
          0,           0,        1898,      -8.952943057,      -6.168766762,      -8.486934678,      -9.135014552
          0,           0,        1899,      -8.953165976,      -6.169065648,      -8.487688665,      -9.134780859
          0,           0,        1900,      -8.953388602,      -6.169364178,      -8.488442299,      -9.134547496
          0,           0,        1901,       -8.95361092,      -6.169662352,      -8.489195582,      -9.134313358
          0,           0,        1902,      -8.953832915,      -6.169960171,      -8.489948517,      -9.134079311
          0,           0,        1903,      -8.954054572,      -6.170257633,      -8.490701106,      -9.133845643
          0,           0,        1904,       -8.95427587,       -6.17055474,      -8.491453354,      -9.133612303
          0,           0,        1905,      -8.954496791,      -6.170851491,      -8.492205264,      -9.133379287
          0,           0,        1906,      -8.954717311,      -6.171147888,      -8.492956841,      -9.133146567
          0,           0,        1907,      -8.954937411,      -6.171443929,       -8.49370809,      -9.132913163
          0,           0,        1908,      -8.955157068,      -6.171739616,      -8.494459019,      -9.132679611
          0,           0,        1909,      -8.955376255,      -6.172034947,      -8.495209632,      -9.132446339
          0,           0,        1910,      -8.955594947,      -6.172329925,      -8.495959936,      -9.132213297
          0,           0,        1911,      -8.955813118,      -6.172624547,      -8.496709936,      -9.131980508
          0,           0,        1912,      -8.956030738,      -6.172918816,      -8.497459637,      -9.131748078
          0,           0,        1913,       -8.95624778,      -6.173212731,       -8.49820904,      -9.131515972
          0,           0,        1914,      -8.956464217,      -6.173506292,       -8.49895815,      -9.131284191
          0,           0,        1915,      -8.956680019,      -6.173799499,       -8.49970697,      -9.131052733
          0,           0,        1916,      -8.956895156,      -6.174092352,      -8.500455502,      -9.130821589
          0,           0,        1917,        -8.9571096,      -6.174384852,      -8.501203753,      -9.130590683
          0,           0,        1918,      -8.957323327,      -6.174676999,      -8.501951726,      -9.130360142
          0,           0,        1919,      -8.957536311,      -6.174968793,      -8.502699426,      -9.130129926
          0,           0,        1920,      -8.957748525,      -6.175260234,      -8.503446855,      -9.129900034
          0,           0,        1921,      -8.957959947,      -6.175551322,      -8.504194016,      -9.129670467
          0,           0,        1922,      -8.958170553,      -6.175842058,      -8.504940909,      -9.129441225
          0,           0,        1923,      -8.958380319,       -6.17613244,      -8.505687533,       -9.12921211
          0,           0,        1924,      -8.958589228,      -6.176422471,      -8.506433888,       -9.12898331
          0,           0,        1925,       -8.95879726,       -6.17671215,      -8.507179969,      -9.128754854
          0,           0,        1926,      -8.959004398,      -6.177001477,      -8.507925772,      -9.128526741
          0,           0,        1927,      -8.959210627,      -6.177290453,      -8.508671297,      -9.128298968
          0,           0,        1928,      -8.959415933,      -6.177579078,      -8.509416542,      -9.128071534
          0,           0,        1929,      -8.959620302,      -6.177867352,      -8.510161506,      -9.127844443
          0,           0,        1930,      -8.959823724,      -6.178155275,      -8.510906189,      -9.127617693
          0,           0,        1931,      -8.960026189,      -6.178442848,      -8.511650587,      -9.127391295
          0,           0,        1932,      -8.960227691,       -6.17873007,      -8.512394698,      -9.127165247
          0,           0,        1933,      -8.960428227,      -6.179016942,      -8.513138516,      -9.126939547
          0,           0,        1934,      -8.960627794,      -6.179303466,      -8.513882035,      -9.126714206
          0,           0,        1935,        -8.9608264,      -6.179589641,      -8.514625253,      -9.126489228
          0,           0,        1936,      -8.961024041,      -6.179875468,      -8.515368159,      -9.126264608
          0,           0,        1937,      -8.961220722,      -6.180160945,      -8.516110742,      -9.126040206
          0,           0,        1938,      -8.961416449,      -6.180446073,      -8.516852992,      -9.125816022
          0,           0,        1939,      -8.961611229,      -6.180730853,      -8.517594901,      -9.125592191
          0,           0,        1940,      -8.961805073,      -6.181015283,      -8.518336463,       -9.12536872
          0,           0,        1941,       -8.96199799,      -6.181299364,      -8.519077673,      -9.125145605
          0,           0,        1942,      -8.962189993,      -6.181583097,      -8.519818522,      -9.124922909
          0,           0,        1943,      -8.962381093,      -6.181866481,      -8.520559007,      -9.124700562
          0,           0,        1944,      -8.962571306,      -6.182149514,      -8.521299119,      -9.124478557
          0,           0,        1945,      -8.962760642,        -6.1824322,      -8.522038848,      -9.124256891
          0,           0,        1946,      -8.962949114,      -6.182714537,      -8.522778187,      -9.124035566
          0,           0,        1947,      -8.963136743,      -6.182996526,      -8.523517136,      -9.123814395
          0,           0,        1948,      -8.963323546,      -6.183278167,      -8.524255692,      -9.123593093
          0,           0,        1949,      -8.963509537,      -6.183559461,      -8.524993848,      -9.123372134
          0,           0,        1950,      -8.963694731,      -6.183840407,      -8.525731601,      -9.123151517
          0,           0,        1951,      -8.963879143,      -6.184121006,      -8.526468949,      -9.122931242
          0,           0,        1952,      -8.964062787,      -6.184401257,      -8.527205892,      -9.122710792
          0,           0,        1953,      -8.964245677,      -6.184681162,      -8.527942434,      -9.122490554
          0,           0,        1954,      -8.964427826,       -6.18496072,      -8.528678578,      -9.122270647
          0,           0,        1955,      -8.964609245,      -6.185239931,      -8.529414327,      -9.122051073
          0,           0,        1956,      -8.964789948,      -6.185518795,      -8.530149685,      -9.121831827
          0,           0,        1957,      -8.964969944,      -6.185797313,      -8.530884657,      -9.121612895
          0,           0,        1958,      -8.965149245,      -6.186075484,      -8.531619245,      -9.121394253
          0,           0,        1959,       -8.96532786,       -6.18635331,      -8.532353454,      -9.121176046
          0,           0,        1960,      -8.965505799,       -6.18663079,      -8.533087288,      -9.120958307
          0,           0,        1961,      -8.965683068,      -6.186907924,      -8.533820752,      -9.120741194
          0,           0,        1962,      -8.965859675,      -6.187184712,      -8.534553854,      -9.120524227
          0,           0,        1963,      -8.966035624,      -6.187461156,      -8.535286599,      -9.120307378
          0,           0,        1964,       -8.96621092,      -6.187737255,      -8.536018995,      -9.120090847
          0,           0,        1965,      -8.966385567,       -6.18801301,      -8.536751048,      -9.119874494
          0,           0,        1966,      -8.966559566,       -6.18828842,      -8.537482762,      -9.119658425
          0,           0,        1967,      -8.966732916,      -6.188563485,      -8.538214139,      -9.119441988
          0,           0,        1968,      -8.966905624,      -6.188838206,      -8.538945188,      -9.119225433
          0,           0,        1969,      -8.967077693,      -6.189112582,      -8.539675917,      -9.119009134
          0,           0,        1970,      -8.967249123,      -6.189386615,      -8.540406333,      -9.118792884
          0,           0,        1971,      -8.967419916,      -6.189660303,      -8.541136438,      -9.118575834
          0,           0,        1972,      -8.967590071,      -6.189933648,       -8.54186624,        -9.1183591
          0,           0,        1973,      -8.967759588,       -6.19020665,      -8.542595741,      -9.118142679
          0,           0,        1974,      -8.967928466,      -6.190479309,      -8.543324946,      -9.117926577
          0,           0,        1975,      -8.968096707,      -6.190751625,      -8.544053857,      -9.117710792
          0,           0,        1976,      -8.968264309,      -6.191023598,      -8.544782478,      -9.117495323
          0,           0,        1977,      -8.968431273,      -6.191295228,      -8.545510814,      -9.117280168
          0,           0,        1978,      -8.968597599,      -6.191566519,      -8.546238869,      -9.117065326
          0,           0,        1979,      -8.968763288,      -6.191837469,      -8.546966654,      -9.116850807
          0,           0,        1980,       -8.96892834,      -6.192108078,      -8.547694165,      -9.116636378
          0,           0,        1981,      -8.969092756,      -6.192378347,      -8.548421408,      -9.116421331
          0,           0,        1982,      -8.969256536,      -6.192648274,      -8.549148376,      -9.116206607
          0,           0,        1983,      -8.969419683,      -6.192917859,      -8.549875069,      -9.115992202
          0,           0,        1984,      -8.969582203,      -6.193187104,      -8.550601489,      -9.115778112
          0,           0,        1985,      -8.969744098,      -6.193456009,       -8.55132763,       -9.11556434
          0,           0,        1986,      -8.969905373,      -6.193724572,      -8.552053489,      -9.115350885
          0,           0,        1987,       -8.97006603,      -6.193992796,      -8.552779063,      -9.115137746
          0,           0,        1988,      -8.970226075,      -6.194260682,      -8.553504347,      -9.114924929
          0,           0,        1989,      -8.970385516,      -6.194528229,      -8.554229341,      -9.114712435
          0,           0,        1990,      -8.970544353,      -6.194795439,      -8.554954036,      -9.114500265
          0,           0,        1991,      -8.970702595,       -6.19506231,      -8.555678428,      -9.114288349
          0,           0,        1992,      -8.970860245,      -6.195328842,      -8.556402508,      -9.114076492
          0,           0,        1993,      -8.971017308,      -6.195595037,      -8.557126269,       -9.11386488
          0,           0,        1994,      -8.971173793,      -6.195860894,      -8.557849708,       -9.11365362
          0,           0,        1995,      -8.971329704,      -6.196126414,      -8.558572816,      -9.113442529
          0,           0,        1996,      -8.971485049,      -6.196391596,      -8.559295588,       -9.11323166
          0,           0,        1997,      -8.971639833,       -6.19665644,      -8.560018016,      -9.113021106
          0,           0,        1998,      -8.971794062,      -6.196920946,      -8.560740094,      -9.112810875
          0,           0,        1999,      -8.971947742,      -6.197185114,      -8.561461815,      -9.112600957
          0,           0,        2000,       -8.97210088,      -6.197448945,      -8.562183175,      -9.112391343
          0,           0,        2001,      -8.972253482,      -6.197712439,      -8.562904167,      -9.112182039
          0,           0,        2002,      -8.972405552,      -6.197975596,      -8.563624788,      -9.111973045
          0,           0,        2003,      -8.972557097,      -6.198238416,      -8.564345034,      -9.111764312
          0,           0,        2004,      -8.972708122,      -6.198500899,      -8.565064905,      -9.111555859
          0,           0,        2005,      -8.972858632,      -6.198763047,      -8.565784399,      -9.111347714
          0,           0,        2006,      -8.973008632,      -6.199024858,      -8.566503517,      -9.111139461
          0,           0,        2007,       -8.97315813,      -6.199286333,      -8.567222259,      -9.110931297
          0,           0,        2008,      -8.973307129,      -6.199547473,      -8.567940624,      -9.110723378
          0,           0,        2009,      -8.973455633,      -6.199808278,      -8.568658611,      -9.110515756
          0,           0,        2010,      -8.973603646,      -6.200068747,      -8.569376221,      -9.110308437
          0,           0,        2011,      -8.973751172,      -6.200328881,      -8.570093453,      -9.110101422
          0,           0,        2012,      -8.973898212,      -6.200588681,      -8.570810307,      -9.109894709
          0,           0,        2013,       -8.97404477,      -6.200848146,      -8.571526784,      -9.109688278
          0,           0,        2014,      -8.974190849,      -6.201107276,      -8.572242884,       -9.10948211
          0,           0,        2015,       -8.97433645,      -6.201366073,      -8.572958608,      -9.109276226
          0,           0,        2016,      -8.974481575,      -6.201624537,      -8.573673954,      -9.109070647
          0,           0,        2017,      -8.974626228,      -6.201882667,      -8.574388926,      -9.108865375
          0,           0,        2018,      -8.974770408,      -6.202140465,      -8.575103525,       -9.10866032
          0,           0,        2019,      -8.974914117,      -6.202397929,      -8.575817755,      -9.108455744
          0,           0,        2020,      -8.975057351,       -6.20265506,      -8.576531619,      -9.108251487
          0,           0,        2021,      -8.975200107,       -6.20291186,      -8.577245119,      -9.108047528
          0,           0,        2022,      -8.975342382,      -6.203168328,       -8.57795826,      -9.107843867
          0,           0,        2023,      -8.975484169,      -6.203424463,      -8.578671041,      -9.107640503
          0,           0,        2024,      -8.975625464,      -6.203680267,      -8.579383464,      -9.107437433
          0,           0,        2025,       -8.97576626,       -6.20393574,      -8.580095532,      -9.107234665
          0,           0,        2026,      -8.975906553,      -6.204190881,      -8.580807243,      -9.107032182
          0,           0,        2027,      -8.976046339,      -6.204445691,      -8.581518598,       -9.10683002
          0,           0,        2028,      -8.976185612,       -6.20470017,      -8.582229599,      -9.106628174
          0,           0,        2029,      -8.976324369,       -6.20495432,      -8.582940247,      -9.106426854
          0,           0,        2030,      -8.976462605,      -6.205208139,      -8.583650541,      -9.106226026
          0,           0,        2031,      -8.976600317,      -6.205461628,      -8.584360484,      -9.106025498
          0,           0,        2032,      -8.976737499,      -6.205714787,      -8.585070075,       -9.10582524
          0,           0,        2033,      -8.976874148,      -6.205967616,      -8.585779314,       -9.10562525
          0,           0,        2034,      -8.977010259,      -6.206220116,      -8.586488202,      -9.105425544
          0,           0,        2035,      -8.977145831,      -6.206472286,      -8.587196747,      -9.105226111
          0,           0,        2036,       -8.97728086,      -6.206724127,      -8.587904951,      -9.105026173
          0,           0,        2037,      -8.977415347,       -6.20697564,      -8.588612811,      -9.104826415
          0,           0,        2038,      -8.977549292,      -6.207226824,      -8.589320323,      -9.104626933
          0,           0,        2039,      -8.977682696,      -6.207477679,      -8.590027484,      -9.104427723
          0,           0,        2040,      -8.977815558,      -6.207728206,       -8.59073429,      -9.104228659
          0,           0,        2041,       -8.97794788,      -6.207978404,      -8.591440742,      -9.104028659
          0,           0,        2042,      -8.978079661,      -6.208228275,      -8.592146838,       -9.10382779
          0,           0,        2043,      -8.978210902,      -6.208477817,      -8.592852577,       -9.10362709
          0,           0,        2044,      -8.978341603,      -6.208727033,      -8.593557956,       -9.10342666
          0,           0,        2045,      -8.978471764,      -6.208975921,      -8.594262973,      -9.103226507
          0,           0,        2046,      -8.978601386,      -6.209224482,      -8.594967624,      -9.103026633
          0,           0,        2047,      -8.978730469,      -6.209472716,      -8.595671907,      -9.102827042
          0,           0,        2048,      -8.978859011,      -6.209720624,      -8.596375817,      -9.102627718
          0,           0,        2049,      -8.978987012,      -6.209968205,      -8.597079353,      -9.102428564
          0,           0,        2050,      -8.979114472,      -6.210215461,      -8.597782513,      -9.102229678
          0,           0,        2051,      -8.979241389,      -6.210462391,      -8.598485304,      -9.102031016
          0,           0,        2052,      -8.979367764,      -6.210708995,      -8.599187723,      -9.101832378
          0,           0,        2053,      -8.979493596,      -6.210955275,      -8.599889766,      -9.101633957
          0,           0,        2054,      -8.979618884,       -6.21120123,       -8.60059143,      -9.101435809
          0,           0,        2055,      -8.979743624,       -6.21144686,      -8.601292717,      -9.101237931
          0,           0,        2056,      -8.979867814,      -6.211692166,      -8.601993628,      -9.101040166
          0,           0,        2057,      -8.979991449,      -6.211937148,      -8.602694166,      -9.100842626
          0,           0,        2058,      -8.980114527,      -6.212181807,      -8.603394329,       -9.10064536
          0,           0,        2059,      -8.980237045,      -6.212426142,      -8.604094116,      -9.100448357
          0,           0,        2060,         -8.980359,      -6.212670153,      -8.604793531,      -9.100251583
          0,           0,        2061,       -8.98048039,      -6.212913842,      -8.605492574,      -9.100054829
          0,           0,        2062,      -8.980601213,      -6.213157208,      -8.606191242,      -9.099858325
          0,           0,        2063,      -8.980721464,      -6.213400251,      -8.606889535,      -9.099662079
          0,           0,        2064,      -8.980841143,      -6.213642971,      -8.607587456,      -9.099466083
          0,           0,        2065,      -8.980960247,      -6.213885369,      -8.608285011,      -9.099270345
          0,           0,        2066,      -8.981078778,      -6.214127446,      -8.608982201,      -9.099074869
          0,           0,        2067,      -8.981196734,        -6.2143692,       -8.60967903,      -9.098879654
          0,           0,        2068,      -8.981314115,      -6.214610633,      -8.610375502,      -9.098684722
          0,           0,        2069,       -8.98143092,      -6.214851744,      -8.611071616,      -9.098490054
          0,           0,        2070,      -8.981547149,      -6.215092535,      -8.611767372,      -9.098295644
          0,           0,        2071,      -8.981662801,      -6.215333004,      -8.612462769,      -9.098101493
          0,           0,        2072,      -8.981777877,      -6.215573153,      -8.613157806,      -9.097907606
          0,           0,        2073,      -8.981892379,      -6.215812981,      -8.613852481,      -9.097714095
          0,           0,        2074,      -8.982006307,      -6.216052489,      -8.614546795,      -9.097520848
          0,           0,        2075,      -8.982119666,      -6.216291677,      -8.615240746,      -9.097327868
          0,           0,        2076,      -8.982232457,      -6.216530545,      -8.615934335,      -9.097135153
          0,           0,        2077,      -8.982344684,      -6.216769094,       -8.61662756,      -9.096942701
          0,           0,        2078,      -8.982456352,      -6.217007324,      -8.617320423,      -9.096750511
          0,           0,        2079,      -8.982567463,      -6.217245235,      -8.618012922,      -9.096558589
          0,           0,        2080,       -8.98267802,      -6.217482827,      -8.618705058,      -9.096366927
          0,           0,        2081,      -8.982788028,      -6.217720101,      -8.619396827,      -9.096175523
          0,           0,        2082,      -8.982897488,      -6.217957057,       -8.62008823,      -9.095984328
          0,           0,        2083,      -8.983006406,      -6.218193695,      -8.620779264,      -9.095793098
          0,           0,        2084,      -8.983114781,      -6.218430015,      -8.621469932,      -9.095601982
          0,           0,        2085,      -8.983222619,      -6.218666018,      -8.622160234,      -9.095410867
          0,           0,        2086,      -8.983329921,      -6.218901704,      -8.622850175,      -9.095219933
          0,           0,        2087,       -8.98343669,      -6.219137074,      -8.623539755,      -9.095029236
          0,           0,        2088,      -8.983542926,      -6.219372127,      -8.624228978,       -9.09483861
          0,           0,        2089,      -8.983648631,      -6.219606865,      -8.624917846,      -9.094648269
          0,           0,        2090,      -8.983753805,      -6.219841287,      -8.625606363,      -9.094458171
          0,           0,        2091,      -8.983858445,      -6.220075394,      -8.626294529,      -9.094268336
          0,           0,        2092,      -8.983962547,      -6.220309185,      -8.626982329,      -9.094078772
          0,           0,        2093,      -8.984066109,      -6.220542662,      -8.627669728,      -9.093889477
          0,           0,        2094,      -8.984169138,      -6.220775824,      -8.628356729,      -9.093700448
          0,           0,        2095,      -8.984271635,      -6.221008672,      -8.629043353,      -9.093511611
          0,           0,        2096,      -8.984373603,      -6.221241206,      -8.629729606,      -9.093323032
          0,           0,        2097,      -8.984475038,      -6.221473426,       -8.63041549,      -9.093134687
          0,           0,        2098,       -8.98457594,      -6.221705332,      -8.631101003,      -9.092946581
          0,           0,        2099,      -8.984676306,      -6.221936925,      -8.631786149,      -9.092758722
          0,           0,        2100,      -8.984776135,      -6.222168205,      -8.632470926,      -9.092571101
          0,           0,        2101,      -8.984875426,      -6.222399172,      -8.633155336,      -9.092383723
          0,           0,        2102,      -8.984974176,      -6.222629827,      -8.633839376,      -9.092196604
          0,           0,        2103,      -8.985072389,      -6.222860169,      -8.634523047,      -9.092009733
          0,           0,        2104,      -8.985170064,      -6.223090199,      -8.635206343,      -9.091823326
          0,           0,        2105,      -8.985267205,      -6.223319917,      -8.635889265,      -9.091636673
          0,           0,        2106,      -8.985363814,      -6.223549324,      -8.636571818,       -9.09145026
          0,           0,        2107,      -8.985459896,      -6.223778419,      -8.637254003,      -9.091264087
          0,           0,        2108,      -8.985555455,      -6.224007202,      -8.637935824,      -9.091078155
          0,           0,        2109,      -8.985650496,      -6.224235675,      -8.638617283,      -9.090892464
          0,           0,        2110,      -8.985745023,      -6.224463837,      -8.639298384,      -9.090706996
          0,           0,        2111,      -8.985839045,      -6.224691688,       -8.63997913,      -9.090521716
          0,           0,        2112,      -8.985932567,       -6.22491923,      -8.640659522,      -9.090336683
          0,           0,        2113,      -8.986025598,      -6.225146462,      -8.641339562,      -9.090151898
          0,           0,        2114,      -8.986118144,      -6.225373384,      -8.642019241,       -9.08996645
          0,           0,        2115,      -8.986210216,      -6.225599998,      -8.642698536,      -9.089780471
          0,           0,        2116,      -8.986301832,      -6.225826302,      -8.643377462,      -9.089594024
          0,           0,        2117,      -8.986393008,      -6.226052298,      -8.644056056,      -9.089407822
          0,           0,        2118,      -8.986483758,      -6.226277985,      -8.644734322,      -9.089221863
          0,           0,        2119,      -8.986574093,      -6.226503364,      -8.645412249,      -9.089036148
          0,           0,        2120,       -8.98666403,      -6.226728435,      -8.646089824,      -9.088850367
          0,           0,        2121,      -8.986753589,      -6.226953198,      -8.646767047,      -9.088664131
          0,           0,        2122,      -8.986842789,      -6.227177654,      -8.647443918,      -9.088478162
          0,           0,        2123,      -8.986931652,      -6.227401802,      -8.648120436,      -9.088292294
          0,           0,        2124,      -8.987020196,      -6.227625644,        -8.6487966,      -9.088106632
          0,           0,        2125,      -8.987108443,      -6.227849178,      -8.649472405,      -9.087921251
          0,           0,        2126,      -8.987196413,      -6.228072407,      -8.650147849,      -9.087736158
          0,           0,        2127,      -8.987284125,      -6.228295329,      -8.650822931,      -9.087551329
          0,           0,        2128,      -8.987371596,      -6.228517945,      -8.651497645,      -9.087366786
          0,           0,        2129,      -8.987458844,      -6.228740256,      -8.652171987,      -9.087182535
          0,           0,        2130,      -8.987545887,      -6.228962262,      -8.652845955,      -9.086998514
          0,           0,        2131,      -8.987632736,      -6.229183963,      -8.653519544,      -9.086814743
          0,           0,        2132,      -8.987719405,      -6.229405359,      -8.654192752,      -9.086631253
          0,           0,        2133,      -8.987805906,      -6.229626452,      -8.654865576,      -9.086448039
          0,           0,        2134,      -8.987892251,      -6.229847241,      -8.655538015,      -9.086265098
          0,           0,        2135,      -8.987978447,      -6.230067726,      -8.656210068,      -9.086082433
          0,           0,        2136,      -8.988064502,      -6.230287908,      -8.656881732,      -9.085899985
          0,           0,        2137,      -8.988150423,      -6.230507787,      -8.657553006,      -9.085717544
          0,           0,        2138,      -8.988236218,      -6.230727363,       -8.65822389,      -9.085535298
          0,           0,        2139,      -8.988321886,      -6.230946636,      -8.658894379,      -9.085353307
          0,           0,        2140,      -8.988407429,      -6.231165607,      -8.659564472,      -9.085171565
          0,           0,        2141,      -8.988492845,      -6.231384276,      -8.660234169,      -9.084990076
          0,           0,        2142,      -8.988578135,      -6.231602643,      -8.660903474,       -9.08480884
          0,           0,        2143,      -8.988663296,      -6.231820709,      -8.661572387,      -9.084627855
          0,           0,        2144,      -8.988748324,      -6.232038474,       -8.66224091,      -9.084447074
          0,           0,        2145,      -8.988833211,      -6.232255938,      -8.662909043,      -9.084266378
          0,           0,        2146,      -8.988917949,      -6.232473101,      -8.663576787,       -9.08408593
          0,           0,        2147,       -8.98900253,      -6.232689964,      -8.664244146,      -9.083905728
          0,           0,        2148,      -8.989086942,      -6.232906528,      -8.664911119,      -9.083725774
          0,           0,        2149,      -8.989171173,      -6.233122791,       -8.66557771,      -9.083546065
          0,           0,        2150,       -8.98925521,      -6.233338755,      -8.666243919,      -9.083366602
          0,           0,        2151,      -8.989339037,       -6.23355442,      -8.666909751,      -9.083187389
          0,           0,        2152,       -8.98942264,      -6.233769787,      -8.667575205,       -9.08300844
          0,           0,        2153,      -8.989506002,      -6.233984855,      -8.668240284,      -9.082829752
          0,           0,        2154,      -8.989589104,      -6.234199626,      -8.668904988,      -9.082651372
          0,           0,        2155,       -8.98967193,      -6.234414098,      -8.669569316,      -9.082473297
          0,           0,        2156,       -8.98975446,      -6.234628273,      -8.670233265,       -9.08229547
          0,           0,        2157,      -8.989836676,      -6.234842152,      -8.670896843,      -9.082117893
          0,           0,        2158,      -8.989918559,      -6.235055734,      -8.671560064,      -9.081940615
          0,           0,        2159,      -8.990000086,       -6.23526902,      -8.672222941,      -9.081763616
          0,           0,        2160,      -8.990081229,       -6.23548201,      -8.672885477,      -9.081586876
          0,           0,        2161,      -8.990161959,      -6.235694704,      -8.673547674,      -9.081410382
          0,           0,        2162,      -8.990242243,      -6.235907102,      -8.674209519,      -9.081234111
          0,           0,        2163,      -8.990322048,      -6.236119205,       -8.67487095,      -9.081058094
          0,           0,        2164,      -8.990401354,      -6.236331013,      -8.675531963,      -9.080882327
          0,           0,        2165,      -8.990480146,      -6.236542526,      -8.676192593,      -9.080706812
          0,           0,        2166,        -8.9905584,      -6.236753745,      -8.676852851,      -9.080531545
          0,           0,        2167,      -8.990636095,       -6.23696467,      -8.677512741,      -9.080356228
          0,           0,        2168,      -8.990713206,      -6.237175301,      -8.678172262,      -9.080181026
          0,           0,        2169,      -8.990789711,      -6.237385639,      -8.678831416,      -9.080006072
          0,           0,        2170,      -8.990865587,      -6.237595683,      -8.679490206,      -9.079831365
          0,           0,        2171,      -8.990940813,      -6.237805435,       -8.68014863,      -9.079656898
          0,           0,        2172,      -8.991015369,      -6.238014894,      -8.680806688,      -9.079482673
          0,           0,        2173,      -8.991089239,      -6.238224061,      -8.681464376,      -9.079308686
          0,           0,        2174,      -8.991162409,      -6.238432936,      -8.682121701,      -9.079135152
          0,           0,        2175,      -8.991234871,       -6.23864152,      -8.682778655,       -9.07896196
          0,           0,        2176,      -8.991306619,      -6.238849811,      -8.683435221,      -9.078789002
          0,           0,        2177,      -8.991377653,      -6.239057812,      -8.684091378,      -9.078616236
          0,           0,        2178,       -8.99144798,      -6.239265522,      -8.684747101,      -9.078443694
          0,           0,        2179,      -8.991517613,      -6.239472941,      -8.685402392,      -9.078271407
          0,           0,        2180,      -8.991586567,      -6.239680071,      -8.686057268,      -9.078099299
          0,           0,        2181,      -8.991654856,      -6.239886911,      -8.686711709,      -9.077927377
          0,           0,        2182,      -8.991722503,      -6.240093461,      -8.687365678,      -9.077755706
          0,           0,        2183,      -8.991789541,      -6.240299722,      -8.688019222,      -9.077584281
          0,           0,        2184,      -8.991856002,      -6.240505693,      -8.688672387,      -9.077413091
          0,           0,        2185,      -8.991921911,      -6.240711375,      -8.689325167,        -9.0772421
          0,           0,        2186,      -8.991987293,      -6.240916767,      -8.689977544,      -9.077071314
          0,           0,        2187,      -8.992052178,      -6.241121871,      -8.690629505,      -9.076900599
          0,           0,        2188,      -8.992116598,      -6.241326685,      -8.691281042,      -9.076730036
          0,           0,        2189,      -8.992180588,      -6.241531211,      -8.691932147,      -9.076559714
          0,           0,        2190,      -8.992244185,      -6.241735448,       -8.69258281,       -9.07638931
          0,           0,        2191,      -8.992307428,      -6.241939398,      -8.693233022,      -9.076218307
          0,           0,        2192,      -8.992370356,      -6.242143059,      -8.693882786,      -9.076047548
          0,           0,        2193,      -8.992433008,      -6.242346433,      -8.694532099,      -9.075875892
          0,           0,        2194,      -8.992495421,      -6.242549521,      -8.695180962,      -9.075703492
          0,           0,        2195,      -8.992557629,      -6.242752322,      -8.695829374,      -9.075531323
          0,           0,        2196,      -8.992619665,      -6.242954837,      -8.696477338,      -9.075359362
          0,           0,        2197,      -8.992681555,      -6.243157064,      -8.697124855,      -9.075187445
          0,           0,        2198,      -8.992743324,      -6.243359005,      -8.697771929,       -9.07501575
          0,           0,        2199,      -8.992804994,      -6.243560659,      -8.698418568,      -9.074844305
          0,           0,        2200,       -8.99286658,      -6.243762028,      -8.699064776,      -9.074673103
          0,           0,        2201,      -8.992928099,       -6.24396311,      -8.699710553,      -9.074502141
          0,           0,        2202,      -8.992989561,      -6.244163907,      -8.700355884,      -9.074331417
          0,           0,        2203,      -8.993050977,      -6.244364421,      -8.701000763,      -9.074160907
          0,           0,        2204,       -8.99311236,       -6.24456465,      -8.701645223,      -9.073990518
          0,           0,        2205,      -8.993173713,      -6.244764596,      -8.702289274,       -9.07382036
          0,           0,        2206,      -8.993235042,      -6.244964258,      -8.702932924,       -9.07365043
          0,           0,        2207,      -8.993296347,      -6.245163637,      -8.703576191,      -9.073480728
          0,           0,        2208,      -8.993357627,      -6.245362733,      -8.704219089,      -9.073311263
          0,           0,        2209,      -8.993418878,      -6.245561546,      -8.704861622,      -9.073142043
          0,           0,        2210,      -8.993480096,      -6.245760076,      -8.705503789,       -9.07297306
          0,           0,        2211,      -8.993541276,      -6.245958324,      -8.706145596,      -9.072804309
          0,           0,        2212,      -8.993602412,      -6.246156289,      -8.706787046,      -9.072635795
          0,           0,        2213,      -8.993663499,      -6.246353972,      -8.707428142,      -9.072467507
          0,           0,        2214,      -8.993724531,      -6.246551374,      -8.708068887,      -9.072299444
          0,           0,        2215,      -8.993785504,      -6.246748494,      -8.708709287,      -9.072131617
          0,           0,        2216,      -8.993846412,      -6.246945333,       -8.70934935,      -9.071964044
          0,           0,        2217,      -8.993907249,      -6.247141891,      -8.709989081,      -9.071796701
          0,           0,        2218,      -8.993968007,      -6.247338169,       -8.71062849,      -9.071629588
          0,           0,        2219,       -8.99402868,      -6.247534167,      -8.711267585,      -9.071462705
          0,           0,        2220,      -8.994089257,      -6.247729887,      -8.711906373,      -9.071296051
          0,           0,        2221,      -8.994149732,      -6.247925327,      -8.712544859,      -9.071129594
          0,           0,        2222,      -8.994210096,      -6.248120488,       -8.71318305,      -9.070963353
          0,           0,        2223,      -8.994270339,      -6.248315372,      -8.713820947,      -9.070797338
          0,           0,        2224,      -8.994330456,      -6.248509977,      -8.714458552,      -9.070631547
          0,           0,        2225,      -8.994390436,      -6.248704305,      -8.715095867,      -9.070465973
          0,           0,        2226,      -8.994450275,      -6.248898356,       -8.71573289,      -9.070300496
          0,           0,        2227,      -8.994509962,       -6.24909213,      -8.716369622,      -9.070135059
          0,           0,        2228,      -8.994569494,      -6.249285627,       -8.71700606,      -9.069969795
          0,           0,        2229,      -8.994628863,      -6.249478849,      -8.717642203,      -9.069804749
          0,           0,        2230,      -8.994688062,      -6.249671794,      -8.718278049,      -9.069639921
          0,           0,        2231,      -8.994747086,      -6.249864464,      -8.718913593,      -9.069475301
          0,           0,        2232,       -8.99480593,       -6.25005686,      -8.719548834,       -9.06931075
          0,           0,        2233,      -8.994864587,      -6.250248982,      -8.720183769,      -9.069146413
          0,           0,        2234,      -8.994923051,      -6.250440829,      -8.720818395,      -9.068982304
          0,           0,        2235,      -8.994981314,      -6.250632403,      -8.721452701,      -9.068818418
          0,           0,        2236,      -8.995039371,      -6.250823704,      -8.722086684,      -9.068654762
          0,           0,        2237,      -8.995097213,      -6.251014732,      -8.722720339,       -9.06849134
          0,           0,        2238,      -8.995154833,      -6.251205488,      -8.723353659,      -9.068328152
          0,           0,        2239,      -8.995212222,      -6.251395971,      -8.723986636,      -9.068165372
          0,           0,        2240,      -8.995269372,      -6.251586182,      -8.724619266,      -9.068002837
          0,           0,        2241,      -8.995326274,      -6.251776122,      -8.725251545,      -9.067840547
          0,           0,        2242,      -8.995382918,       -6.25196579,      -8.725883466,      -9.067678493
          0,           0,        2243,      -8.995439294,      -6.252155187,      -8.726515021,       -9.06751668
          0,           0,        2244,      -8.995495394,      -6.252344314,      -8.727146205,      -9.067355108
          0,           0,        2245,      -8.995551205,      -6.252533171,      -8.727777011,       -9.06719377
          0,           0,        2246,      -8.995606717,      -6.252721758,      -8.728407431,      -9.067032631
          0,           0,        2247,      -8.995661919,      -6.252910075,      -8.729037458,      -9.066871679
          0,           0,        2248,        -8.9957168,      -6.253098122,      -8.729667084,      -9.066710946
          0,           0,        2249,       -8.99577135,      -6.253285901,      -8.730296301,       -9.06655043
          0,           0,        2250,      -8.995825556,       -6.25347341,      -8.730925102,      -9.066390129
          0,           0,        2251,       -8.99587941,      -6.253660651,      -8.731553481,      -9.066230041
          0,           0,        2252,      -8.995932899,      -6.253847623,       -8.73218143,      -9.066070161
          0,           0,        2253,      -8.995986015,      -6.254034327,      -8.732808943,      -9.065910491
          0,           0,        2254,      -8.996038747,      -6.254220764,      -8.733436013,      -9.065751028
          0,           0,        2255,      -8.996091085,      -6.254406933,      -8.734062635,      -9.065591785
          0,           0,        2256,      -8.996143022,      -6.254592834,      -8.734688802,       -9.06543276
          0,           0,        2257,      -8.996194548,      -6.254778469,      -8.735314508,      -9.065274225
          0,           0,        2258,      -8.996245654,      -6.254963836,      -8.735939748,      -9.065115928
          0,           0,        2259,      -8.996296334,      -6.255148938,      -8.736564517,      -9.064957817
          0,           0,        2260,      -8.996346582,      -6.255333773,      -8.737188809,      -9.064799907
          0,           0,        2261,      -8.996396389,      -6.255518342,      -8.737812622,      -9.064642199
          0,           0,        2262,      -8.996445751,      -6.255702645,      -8.738435953,      -9.064484692
          0,           0,        2263,      -8.996494662,      -6.255886683,      -8.739058799,      -9.064327386
          0,           0,        2264,      -8.996543117,      -6.256070456,      -8.739681158,       -9.06417028
          0,           0,        2265,      -8.996591111,      -6.256253964,      -8.740303029,      -9.064013373
          0,           0,        2266,      -8.996638643,      -6.256437208,      -8.740924409,      -9.063856664
          0,           0,        2267,      -8.996685708,      -6.256620187,      -8.741545298,      -9.063700076
          0,           0,        2268,      -8.996732306,      -6.256802902,      -8.742165695,      -9.063543655
          0,           0,        2269,      -8.996778434,      -6.256985354,      -8.742785598,      -9.063387417
          0,           0,        2270,      -8.996824093,      -6.257167543,      -8.743405007,      -9.063231159
          0,           0,        2271,      -8.996869282,      -6.257349469,      -8.744023924,      -9.063074613
          0,           0,        2272,      -8.996914001,      -6.257531132,      -8.744642349,      -9.062918081
          0,           0,        2273,      -8.996958251,      -6.257712532,      -8.745260282,       -9.06276075
          0,           0,        2274,      -8.997002035,      -6.257893671,      -8.745877725,      -9.062603484
          0,           0,        2275,      -8.997045355,      -6.258074548,      -8.746494677,      -9.062446406
          0,           0,        2276,      -8.997088215,      -6.258255164,      -8.747111139,      -9.062289534
          0,           0,        2277,      -8.997130618,      -6.258435518,      -8.747727113,      -9.062132844
          0,           0,        2278,      -8.997172569,      -6.258615612,        -8.7483426,      -9.061975466
          0,           0,        2279,      -8.997214075,      -6.258795446,      -8.748957602,      -9.061818155
          0,           0,        2280,      -8.997255141,      -6.258975019,      -8.749572122,      -9.061661045
          0,           0,        2281,      -8.997295772,      -6.259154333,      -8.750186163,      -9.061503872
          0,           0,        2282,      -8.997335976,      -6.259333387,      -8.750799729,      -9.061346373
          0,           0,        2283,      -8.997375759,      -6.259512181,      -8.751412824,      -9.061189057
          0,           0,        2284,      -8.997415128,      -6.259690716,      -8.752025452,      -9.061031929
          0,           0,        2285,      -8.997454089,      -6.259868993,       -8.75263762,      -9.060874977
          0,           0,        2286,       -8.99749265,      -6.260047011,      -8.753249335,      -9.060718207
          0,           0,        2287,      -8.997530817,      -6.260224771,      -8.753860601,      -9.060561623
          0,           0,        2288,      -8.997568597,      -6.260402272,      -8.754471428,      -9.060405226
          0,           0,        2289,      -8.997605998,      -6.260579516,      -8.755081821,      -9.060249016
          0,           0,        2290,      -8.997643027,      -6.260756503,      -8.755691789,      -9.060092991
          0,           0,        2291,      -8.997679691,      -6.260933232,       -8.75630134,      -9.059937151
          0,           0,        2292,      -8.997715997,      -6.261109705,      -8.756910483,      -9.059781497
          0,           0,        2293,      -8.997751952,      -6.261285921,      -8.757519227,      -9.059625919
          0,           0,        2294,      -8.997787564,      -6.261461881,       -8.75812758,      -9.059470468
          0,           0,        2295,      -8.997822839,      -6.261637586,      -8.758735552,      -9.059315214
          0,           0,        2296,      -8.997857784,      -6.261813035,      -8.759343152,      -9.059160157
          0,           0,        2297,      -8.997892405,      -6.261988229,       -8.75995039,       -9.05900527
          0,           0,        2298,      -8.997926709,      -6.262163168,      -8.760557274,       -9.05885051
          0,           0,        2299,      -8.997960701,      -6.262337852,      -8.761163812,      -9.058696023
          0,           0,        2300,      -8.997994388,      -6.262512282,      -8.761770013,      -9.058541737
          0,           0,        2301,      -8.998027776,      -6.262686459,      -8.762375884,      -9.058387649
          0,           0,        2302,      -8.998060868,      -6.262860383,      -8.762981431,      -9.058233762
          0,           0,        2303,      -8.998093672,      -6.263034053,      -8.763586659,      -9.058080062
          0,           0,        2304,      -8.998126192,       -6.26320747,      -8.764191574,      -9.057926569
          0,           0,        2305,      -8.998158433,      -6.263380635,      -8.764796179,      -9.057773297
          0,           0,        2306,        -8.9981904,      -6.263553548,      -8.765400479,      -9.057620228
          0,           0,        2307,      -8.998222097,       -6.26372621,      -8.766004474,      -9.057467351
          0,           0,        2308,       -8.99825353,      -6.263898619,      -8.766608165,      -9.057314647
          0,           0,        2309,      -8.998284703,      -6.264070777,      -8.767211552,      -9.057162133
          0,           0,        2310,      -8.998315622,      -6.264242685,      -8.767814637,      -9.057009806
          0,           0,        2311,       -8.99834629,      -6.264414341,      -8.768417416,      -9.056857666
          0,           0,        2312,      -8.998376712,      -6.264585748,      -8.769019889,      -9.056705712
          0,           0,        2313,      -8.998406893,      -6.264756904,      -8.769622053,      -9.056553942
          0,           0,        2314,      -8.998436838,       -6.26492781,      -8.770223902,      -9.056402357
          0,           0,        2315,      -8.998466551,      -6.265098466,      -8.770825433,      -9.056250955
          0,           0,        2316,      -8.998496037,      -6.265268874,       -8.77142664,      -9.056099758
          0,           0,        2317,      -8.998525301,      -6.265439033,      -8.772027518,      -9.055948758
          0,           0,        2318,      -8.998554348,      -6.265608943,       -8.77262806,      -9.055797923
          0,           0,        2319,      -8.998583182,      -6.265778605,      -8.773228258,       -9.05564728
          0,           0,        2320,      -8.998611807,       -6.26594802,      -8.773828105,      -9.055496827
          0,           0,        2321,       -8.99864023,      -6.266117187,      -8.774427593,       -9.05534656
          0,           0,        2322,      -8.998668453,      -6.266286106,      -8.775026714,       -9.05519648
          0,           0,        2323,      -8.998696482,      -6.266454779,      -8.775625461,      -9.055046574
          0,           0,        2324,      -8.998724321,      -6.266623204,      -8.776223827,      -9.054896799
          0,           0,        2325,      -8.998751973,      -6.266791384,      -8.776821806,      -9.054747207
          0,           0,        2326,      -8.998779444,      -6.266959317,      -8.777419392,      -9.054597797
          0,           0,        2327,      -8.998806735,      -6.267127004,      -8.778016578,      -9.054448568
          0,           0,        2328,      -8.998833851,      -6.267294446,      -8.778613358,      -9.054299522
          0,           0,        2329,      -8.998860794,      -6.267461643,      -8.779209728,      -9.054150663
          0,           0,        2330,      -8.998887568,      -6.267628596,       -8.77980568,      -9.054001989
          0,           0,        2331,      -8.998914173,      -6.267795304,      -8.780401211,      -9.053853501
          0,           0,        2332,      -8.998940612,      -6.267961768,      -8.780996317,      -9.053705205
          0,           0,        2333,      -8.998966885,      -6.268127989,      -8.781590996,      -9.053557171
          0,           0,        2334,      -8.998992993,      -6.268293966,      -8.782185246,      -9.053409616
          0,           0,        2335,      -8.999018935,      -6.268459701,      -8.782779069,      -9.053262156
          0,           0,        2336,      -8.999044712,      -6.268625192,      -8.783372461,      -9.053114733
          0,           0,        2337,      -8.999070322,      -6.268790441,      -8.783965421,       -9.05296749
          0,           0,        2338,      -8.999095766,      -6.268955448,       -8.78455795,      -9.052820428
          0,           0,        2339,      -8.999121041,      -6.269120213,      -8.785150048,       -9.05267349
          0,           0,        2340,      -8.999146145,      -6.269284736,      -8.785741721,      -9.052526583
          0,           0,        2341,      -8.999171076,      -6.269449018,      -8.786332973,       -9.05237985
          0,           0,        2342,       -8.99919583,      -6.269613058,      -8.786923807,      -9.052232928
          0,           0,        2343,      -8.999220404,      -6.269776858,      -8.787514228,      -9.052086093
          0,           0,        2344,      -8.999244793,      -6.269940417,      -8.788104238,      -9.051939429
          0,           0,        2345,      -8.999268995,      -6.270103735,       -8.78869384,      -9.051792941
          0,           0,        2346,      -8.999293004,      -6.270266814,      -8.789283037,      -9.051646635
          0,           0,        2347,      -8.999316815,      -6.270429654,      -8.789871832,      -9.051500513
          0,           0,        2348,      -8.999340427,      -6.270592254,      -8.790460225,      -9.051354568
          0,           0,        2349,      -8.999363833,      -6.270754616,      -8.791048219,      -9.051208798
          0,           0,        2350,       -8.99938703,      -6.270916738,      -8.791635813,      -9.051063205
          0,           0,        2351,      -8.999410016,      -6.271078623,       -8.79222301,      -9.050917802
          0,           0,        2352,      -8.999432789,       -6.27124027,      -8.792809811,      -9.050772584
          0,           0,        2353,      -8.999455343,      -6.271401679,      -8.793396218,      -9.050627549
          0,           0,        2354,      -8.999477679,       -6.27156285,      -8.793982236,      -9.050482697
          0,           0,        2355,      -8.999499794,      -6.271723785,      -8.794567864,      -9.050338028
          0,           0,        2356,      -8.999521687,      -6.271884482,      -8.795153104,      -9.050193539
          0,           0,        2357,      -8.999543356,      -6.272044943,      -8.795737958,      -9.050049266
          0,           0,        2358,      -8.999564801,      -6.272205167,      -8.796322428,      -9.049905147
          0,           0,        2359,      -8.999586023,      -6.272365156,      -8.796906508,        -9.0497605
          0,           0,        2360,       -8.99960702,      -6.272524908,      -8.797490193,      -9.049615781
          0,           0,        2361,      -8.999627793,      -6.272684425,      -8.798073482,      -9.049471256
          0,           0,        2362,      -8.999648343,      -6.272843707,      -8.798656374,      -9.049326719
          0,           0,        2363,      -8.999668672,      -6.273002755,      -8.799238866,      -9.049181473
          0,           0,        2364,       -8.99968878,      -6.273161567,      -8.799820954,      -9.049036417
          0,           0,        2365,      -8.999708671,      -6.273320146,      -8.800402634,      -9.048891227
          0,           0,        2366,      -8.999728346,      -6.273478491,      -8.800983904,      -9.048745681
          0,           0,        2367,      -8.999747808,      -6.273636603,      -8.801564761,      -9.048600328
          0,           0,        2368,      -8.999767059,      -6.273794481,        -8.8021452,      -9.048455153
          0,           0,        2369,      -8.999786103,      -6.273952125,      -8.802725218,      -9.048310069
          0,           0,        2370,      -8.999804944,      -6.274109537,       -8.80330481,      -9.048165109
          0,           0,        2371,      -8.999823584,      -6.274266716,      -8.803883973,      -9.048020319
          0,           0,        2372,      -8.999842027,      -6.274423663,      -8.804462704,      -9.047875696
          0,           0,        2373,      -8.999860277,      -6.274580378,      -8.805041002,      -9.047731239
          0,           0,        2374,      -8.999878337,      -6.274736861,      -8.805618865,      -9.047586949
          0,           0,        2375,      -8.999896213,      -6.274893112,       -8.80619629,       -9.04744283
          0,           0,        2376,      -8.999913906,      -6.275049133,      -8.806773278,      -9.047298834
          0,           0,        2377,      -8.999931422,      -6.275204923,      -8.807349827,      -9.047154933
          0,           0,        2378,      -8.999948762,      -6.275360482,      -8.807925938,      -9.047011199
          0,           0,        2379,       -8.99996593,      -6.275515811,       -8.80850161,      -9.046867633
          0,           0,        2380,      -8.999982929,       -6.27567091,      -8.809076843,      -9.046724236
          0,           0,        2381,      -8.999999762,       -6.27582578,      -8.809651638,      -9.046581006
          0,           0,        2382,      -9.000016431,       -6.27598042,      -8.810225996,      -9.046437942
          0,           0,        2383,      -9.000032938,      -6.276134831,      -8.810799918,      -9.046295044
          0,           0,        2384,      -9.000049286,      -6.276289013,      -8.811373406,      -9.046152312
          0,           0,        2385,      -9.000065478,      -6.276442967,      -8.811946462,      -9.046009744
          0,           0,        2386,      -9.000081514,      -6.276596693,       -8.81251909,      -9.045867341
          0,           0,        2387,      -9.000097396,      -6.276750191,      -8.813091291,      -9.045725105
          0,           0,        2388,      -9.000113127,      -6.276903461,       -8.81366307,      -9.045583027
          0,           0,        2389,      -9.000128705,      -6.277056504,      -8.814234429,      -9.045441114
          0,           0,        2390,      -9.000144134,       -6.27720932,      -8.814805371,      -9.045299366
          0,           0,        2391,      -9.000159413,       -6.27736191,      -8.815375896,       -9.04515778
          0,           0,        2392,      -9.000174542,      -6.277514273,      -8.815946009,      -9.045016357
          0,           0,        2393,      -9.000189521,       -6.27766641,      -8.816515712,      -9.044875096
          0,           0,        2394,      -9.000204351,      -6.277818321,      -8.817085011,      -9.044733998
          0,           0,        2395,      -9.000219031,      -6.277970006,      -8.817653911,      -9.044593061
          0,           0,        2396,      -9.000233559,      -6.278121467,      -8.818222419,      -9.044452287
          0,           0,        2397,      -9.000247935,      -6.278272702,      -8.818790539,        -9.0443117
          0,           0,        2398,      -9.000262157,      -6.278423713,      -8.819358275,      -9.044171289
          0,           0,        2399,      -9.000276224,        -6.2785745,      -8.819925628,       -9.04403106
          0,           0,        2400,      -9.000290136,      -6.278725063,      -8.820492606,      -9.043891015
          0,           0,        2401,      -9.000303888,      -6.278875404,      -8.821059203,      -9.043751147
          0,           0,        2402,      -9.000317481,      -6.279025521,      -8.821625425,      -9.043611451
          0,           0,        2403,      -9.000330911,      -6.279175415,      -8.822191265,      -9.043471924
          0,           0,        2404,      -9.000344177,      -6.279325087,      -8.822756726,      -9.043332566
          0,           0,        2405,      -9.000357279,      -6.279474535,      -8.823321808,      -9.043193375
          0,           0,        2406,      -9.000370215,      -6.279623761,      -8.823886512,       -9.04305436
          0,           0,        2407,      -9.000382984,      -6.279772765,      -8.824450838,      -9.042915509
          0,           0,        2408,      -9.000395586,      -6.279921548,      -8.825014783,      -9.042776788
          0,           0,        2409,      -9.000408019,      -6.280070108,       -8.82557835,      -9.042638232
          0,           0,        2410,      -9.000420283,      -6.280218448,      -8.826141537,      -9.042499868
          0,           0,        2411,      -9.000432375,      -6.280366567,      -8.826704344,      -9.042361676
          0,           0,        2412,      -9.000444295,      -6.280514465,      -8.827266772,      -9.042223751
          0,           0,        2413,      -9.000456041,      -6.280662143,      -8.827828821,       -9.04208616
          0,           0,        2414,      -9.000467611,      -6.280809601,      -8.828390493,      -9.041948741
          0,           0,        2415,      -9.000479001,      -6.280956839,      -8.828951792,      -9.041811493
          0,           0,        2416,      -9.000490206,      -6.281103858,      -8.829512729,      -9.041674414
          0,           0,        2417,       -9.00050122,      -6.281250658,      -8.830073323,      -9.041537502
          0,           0,        2418,       -9.00051203,       -6.28139724,      -8.830633545,      -9.041400765
          0,           0,        2419,      -9.000522623,      -6.281543603,      -8.831193233,      -9.041264206
          0,           0,        2420,      -9.000533002,      -6.281689748,      -8.831752402,      -9.041127821
          0,           0,        2421,      -9.000543166,      -6.281835676,      -8.832311136,      -9.040991605
          0,           0,        2422,      -9.000553109,      -6.281981387,      -8.832869463,      -9.040855495
          0,           0,        2423,      -9.000562825,      -6.282126881,       -8.83342739,      -9.040719509
          0,           0,        2424,      -9.000572304,      -6.282272158,      -8.833984918,      -9.040583691
          0,           0,        2425,      -9.000581538,      -6.282417219,       -8.83454205,      -9.040448038
          0,           0,        2426,      -9.000590516,      -6.282562064,      -8.835098787,       -9.04031255
          0,           0,        2427,       -9.00059923,      -6.282706694,      -8.835655115,      -9.040177228
          0,           0,        2428,      -9.000607672,      -6.282851108,      -8.836211029,      -9.040042069
          0,           0,        2429,      -9.000615838,      -6.282995307,      -8.836766544,       -9.03990706
          0,           0,        2430,       -9.00062372,      -6.283139291,       -8.83732168,      -9.039772124
          0,           0,        2431,      -9.000631314,      -6.283283061,      -8.837876455,       -9.03963733
          0,           0,        2432,      -9.000638614,      -6.283426617,      -8.838430876,      -9.039502698
          0,           0,        2433,      -9.000645615,      -6.283569958,      -8.838984844,      -9.039368225
          0,           0,        2434,      -9.000652317,      -6.283713087,      -8.839538283,      -9.039233933
          0,           0,        2435,      -9.000658729,      -6.283856003,      -8.840091196,      -9.039099827
          0,           0,        2436,      -9.000664863,      -6.283998706,      -8.840643571,      -9.038965895
          0,           0,        2437,      -9.000670739,      -6.284141198,      -8.841195581,      -9.038832132
          0,           0,        2438,       -9.00067637,      -6.284283477,      -8.841747303,      -9.038698533
          0,           0,        2439,      -9.000681766,      -6.284425544,       -8.84229871,      -9.038565063
          0,           0,        2440,      -9.000686941,      -6.284567399,      -8.842849772,      -9.038431615
          0,           0,        2441,       -9.00069191,      -6.284709042,      -8.843400476,      -9.038298341
          0,           0,        2442,      -9.000696694,      -6.284850473,      -8.843950812,      -9.038165241
          0,           0,        2443,      -9.000701316,      -6.284991694,      -8.844500759,      -9.038032167
          0,           0,        2444,      -9.000705802,      -6.285132703,      -8.845050323,       -9.03789923
          0,           0,        2445,       -9.00071018,        -6.2852735,      -8.845599503,       -9.03776646
          0,           0,        2446,      -9.000714478,      -6.285414089,        -8.8461483,      -9.037633856
          0,           0,        2447,      -9.000718728,      -6.285554466,      -8.846696716,      -9.037501417
          0,           0,        2448,      -9.000722958,      -6.285694632,      -8.847244747,      -9.037369141
          0,           0,        2449,      -9.000727196,      -6.285834587,      -8.847792394,      -9.037237028
          0,           0,        2450,      -9.000731472,      -6.285974332,      -8.848339662,      -9.037105063
          0,           0,        2451,       -9.00073581,      -6.286113867,      -8.848886554,      -9.036972966
          0,           0,        2452,      -9.000740235,      -6.286253192,      -8.849433019,      -9.036840294
          0,           0,        2453,      -9.000744771,      -6.286392307,      -8.849978997,      -9.036707361
          0,           0,        2454,      -9.000749447,      -6.286531212,       -8.85052461,      -9.036574325
          0,           0,        2455,      -9.000754282,      -6.286669907,      -8.851069939,      -9.036441453
          0,           0,        2456,      -9.000759293,      -6.286808393,      -8.851614979,      -9.036308746
          0,           0,        2457,      -9.000764495,      -6.286946669,      -8.852159709,      -9.036176203
          0,           0,        2458,      -9.000769902,      -6.287084736,      -8.852704112,      -9.036043149
          0,           0,        2459,      -9.000775528,      -6.287222595,      -8.853248182,      -9.035909915
          0,           0,        2460,      -9.000781385,      -6.287360245,      -8.853791913,      -9.035776857
          0,           0,        2461,      -9.000787484,      -6.287497687,      -8.854335298,      -9.035643975
          0,           0,        2462,      -9.000793835,      -6.287634921,      -8.854878334,      -9.035511288
          0,           0,        2463,      -9.000800446,      -6.287771948,      -8.855421017,      -9.035378781
          0,           0,        2464,      -9.000807324,      -6.287908767,      -8.855963346,      -9.035246444
          0,           0,        2465,      -9.000814476,      -6.288045379,      -8.856505316,       -9.03511422
          0,           0,        2466,      -9.000821906,      -6.288181785,      -8.857046923,      -9.034982006
          0,           0,        2467,      -9.000829616,      -6.288317985,      -8.857588157,      -9.034849936
          0,           0,        2468,       -9.00083761,      -6.288453978,      -8.858129014,       -9.03471803
          0,           0,        2469,      -9.000845886,      -6.288589767,      -8.858669498,      -9.034586287
          0,           0,        2470,      -9.000854445,       -6.28872535,      -8.859209611,      -9.034454706
          0,           0,        2471,      -9.000863284,      -6.288860728,      -8.859749355,      -9.034323286
          0,           0,        2472,        -9.0008724,      -6.288995901,      -8.860288726,      -9.034192026
          0,           0,        2473,      -9.000881788,      -6.289130871,      -8.860827721,      -9.034060936
          0,           0,        2474,      -9.000891444,      -6.289265638,      -8.861366336,      -9.033930017
          0,           0,        2475,       -9.00090136,      -6.289400201,      -8.861904566,      -9.033799269
          0,           0,        2476,      -9.000911531,      -6.289534561,      -8.862442405,      -9.033668692
          0,           0,        2477,       -9.00092195,      -6.289668719,      -8.862979852,      -9.033538236
          0,           0,        2478,      -9.000932608,      -6.289802674,      -8.863516903,      -9.033407811
          0,           0,        2479,      -9.000943498,      -6.289936428,      -8.864053557,      -9.033277552
          0,           0,        2480,       -9.00095461,      -6.290069981,      -8.864589811,      -9.033147456
          0,           0,        2481,      -9.000965935,      -6.290203332,      -8.865125668,      -9.033017523
          0,           0,        2482,      -9.000977462,      -6.290336482,      -8.865661129,       -9.03288775
          0,           0,        2483,      -9.000989181,      -6.290469432,      -8.866196198,      -9.032758188
          0,           0,        2484,      -9.001001079,      -6.290602181,      -8.866730879,      -9.032629074
          0,           0,        2485,      -9.001013143,      -6.290734731,      -8.867265177,      -9.032500183
          0,           0,        2486,       -9.00102536,      -6.290867081,      -8.867799097,      -9.032371463
          0,           0,        2487,      -9.001037714,      -6.290999232,      -8.868332644,      -9.032242909
          0,           0,        2488,      -9.001050191,      -6.291131184,       -8.86886582,      -9.032114387
          0,           0,        2489,      -9.001062773,      -6.291262938,      -8.869398629,      -9.031985927
          0,           0,        2490,      -9.001075444,      -6.291394493,      -8.869931092,      -9.031857467
          0,           0,        2491,      -9.001088186,       -6.29152585,      -8.870463214,      -9.031729158
          0,           0,        2492,      -9.001100982,      -6.291657009,      -8.870994996,      -9.031600998
          0,           0,        2493,      -9.001113815,      -6.291787972,       -8.87152644,       -9.03147303
          0,           0,        2494,      -9.001126667,      -6.291918737,      -8.872057551,      -9.031345239
          0,           0,        2495,       -9.00113952,      -6.292049305,      -8.872588332,      -9.031217618
          0,           0,        2496,      -9.001152358,      -6.292179677,      -8.873118789,      -9.031090161
          0,           0,        2497,      -9.001165162,      -6.292309853,      -8.873648924,      -9.030962861
          0,           0,        2498,      -9.001177916,      -6.292439833,       -8.87417874,      -9.030835701
          0,           0,        2499,      -9.001190603,      -6.292569617,      -8.874708249,      -9.030708701
          0,           0,        2500,      -9.001203207,      -6.292699206,      -8.875237442,      -9.030581864
          0,           0,        2501,      -9.001215713,        -6.2928286,      -8.875766306,      -9.030455185
          0,           0,        2502,      -9.001228107,        -6.2929578,      -8.876294843,      -9.030328666
          0,           0,        2503,      -9.001240373,      -6.293086805,      -8.876823053,      -9.030202332
          0,           0,        2504,      -9.001252497,      -6.293215616,      -8.877350939,       -9.03007615
          0,           0,        2505,      -9.001264466,      -6.293344233,      -8.877878494,      -9.029950117
          0,           0,        2506,      -9.001276268,      -6.293472657,      -8.878405698,      -9.029824238
          0,           0,        2507,      -9.001287893,      -6.293600887,      -8.878932516,       -9.02969851
          0,           0,        2508,       -9.00129933,      -6.293728924,       -8.87945894,      -9.029572927
          0,           0,        2509,      -9.001310572,      -6.293856768,      -8.879984975,      -9.029447436
          0,           0,        2510,      -9.001321608,       -6.29398442,      -8.880510623,      -9.029322094
          0,           0,        2511,      -9.001332433,      -6.294111879,      -8.881035882,      -9.029196901
          0,           0,        2512,      -9.001343039,      -6.294239147,      -8.881560744,      -9.029071856
          0,           0,        2513,      -9.001353418,      -6.294366222,      -8.882085202,      -9.028946959
          0,           0,        2514,      -9.001363567,      -6.294493107,      -8.882609248,      -9.028822208
          0,           0,        2515,      -9.001373478,      -6.294619799,       -8.88313287,      -9.028697604
          0,           0,        2516,      -9.001383148,      -6.294746302,      -8.883656055,      -9.028573147
          0,           0,        2517,      -9.001392572,      -6.294872613,      -8.884178793,      -9.028448835
          0,           0,        2518,      -9.001401747,      -6.294998734,      -8.884701071,      -9.028324668
          0,           0,        2519,      -9.001410668,      -6.295124665,      -8.885222875,      -9.028200647
          0,           0,        2520,      -9.001419336,      -6.295250406,      -8.885744196,      -9.028076772
          0,           0,        2521,      -9.001427745,      -6.295375958,      -8.886265021,      -9.027953041
          0,           0,        2522,      -9.001435895,       -6.29550132,      -8.886785339,      -9.027829454
          0,           0,        2523,      -9.001443784,      -6.295626493,      -8.887305141,      -9.027706044
          0,           0,        2524,      -9.001451411,      -6.295751478,      -8.887824423,      -9.027582793
          0,           0,        2525,      -9.001458775,      -6.295876274,      -8.888343179,      -9.027459671
          0,           0,        2526,      -9.001465874,      -6.296000882,      -8.888861407,      -9.027336672
          0,           0,        2527,      -9.001472709,      -6.296125302,      -8.889379101,      -9.027213815
          0,           0,        2528,      -9.001479276,      -6.296249534,       -8.88989626,      -9.027091115
          0,           0,        2529,      -9.001485577,      -6.296373579,      -8.890412881,      -9.026968584
          0,           0,        2530,       -9.00149161,      -6.296497437,      -8.890928966,      -9.026846213
          0,           0,        2531,      -9.001497374,      -6.296621108,      -8.891444513,      -9.026723997
          0,           0,        2532,      -9.001502868,      -6.296744592,      -8.891959524,      -9.026601933
          0,           0,        2533,      -9.001508092,       -6.29686789,      -8.892474002,      -9.026479962
          0,           0,        2534,      -9.001513045,      -6.296991002,      -8.892987949,       -9.02635789
          0,           0,        2535,      -9.001517725,      -6.297113928,      -8.893501369,       -9.02623554
          0,           0,        2536,      -9.001522133,      -6.297236668,      -8.894014263,      -9.026113215
          0,           0,        2537,      -9.001526266,      -6.297359223,      -8.894526624,      -9.025991029
          0,           0,        2538,      -9.001530126,      -6.297481593,       -8.89503845,       -9.02586898
          0,           0,        2539,      -9.001533712,      -6.297603778,      -8.895549767,      -9.025747075
          0,           0,        2540,      -9.001537022,      -6.297725778,      -8.896060619,      -9.025625323
          0,           0,        2541,      -9.001540054,      -6.297847594,       -8.89657104,      -9.025503721
          0,           0,        2542,      -9.001542806,      -6.297969226,      -8.897081017,      -9.025382267
          0,           0,        2543,      -9.001545275,      -6.298090675,      -8.897590448,       -9.02526096
          0,           0,        2544,      -9.001547463,       -6.29821194,      -8.898099319,      -9.025139802
          0,           0,        2545,       -9.00154937,      -6.298333022,      -8.898607697,      -9.025018835
          0,           0,        2546,      -9.001550996,      -6.298453922,       -8.89911562,      -9.024898038
          0,           0,        2547,      -9.001552343,       -6.29857464,      -8.899623103,      -9.024777397
          0,           0,        2548,      -9.001553411,      -6.298695175,      -8.900130154,      -9.024656906
          0,           0,        2549,      -9.001554202,      -6.298815528,      -8.900636783,      -9.024536562
          0,           0,        2550,      -9.001554721,        -6.2989357,      -8.901143005,      -9.024416391
          0,           0,        2551,       -9.00155497,      -6.299055689,      -8.901648834,      -9.024296408
          0,           0,        2552,      -9.001554954,      -6.299175498,      -8.902154288,      -9.024176537
          0,           0,        2553,      -9.001554678,      -6.299295125,      -8.902659381,      -9.024056069
          0,           0,        2554,      -9.001554147,      -6.299414572,      -8.903164075,      -9.023935487
          0,           0,        2555,      -9.001553368,      -6.299533838,       -8.90366833,      -9.023815042
          0,           0,        2556,       -9.00155235,      -6.299652923,      -8.904172165,      -9.023694705
          0,           0,        2557,      -9.001551099,      -6.299771829,      -8.904675629,      -9.023573873
          0,           0,        2558,      -9.001549622,      -6.299890554,      -8.905178747,      -9.023452804
          0,           0,        2559,      -9.001547925,        -6.3000091,      -8.905681496,      -9.023331475
          0,           0,        2560,      -9.001546017,      -6.300127466,      -8.906183896,      -9.023209973
          0,           0,        2561,      -9.001543909,      -6.300245653,      -8.906685978,        -9.0230886
          0,           0,        2562,      -9.001541616,      -6.300363661,      -8.907187752,      -9.022967336
          0,           0,        2563,      -9.001539147,       -6.30048149,      -8.907689212,        -9.0228462
          0,           0,        2564,      -9.001536513,      -6.300599141,      -8.908190315,      -9.022725195
          0,           0,        2565,      -9.001533725,      -6.300716614,      -8.908691005,      -9.022604321
          0,           0,        2566,      -9.001530797,      -6.300833909,      -8.909191378,      -9.022483578
          0,           0,        2567,      -9.001527738,      -6.300951026,       -8.90969151,      -9.022362966
          0,           0,        2568,      -9.001524557,      -6.301067965,      -8.910191396,      -9.022242485
          0,           0,        2569,      -9.001521262,      -6.301184728,      -8.910691022,      -9.022122165
          0,           0,        2570,      -9.001517863,      -6.301301314,      -8.911190363,      -9.022002033
          0,           0,        2571,      -9.001514366,      -6.301417724,      -8.911689417,      -9.021882066
          0,           0,        2572,      -9.001510781,      -6.301533958,      -8.912188222,      -9.021762252
          0,           0,        2573,      -9.001507117,      -6.301650015,       -8.91268676,      -9.021642585
          0,           0,        2574,      -9.001503373,      -6.301765897,       -8.91318501,      -9.021523061
          0,           0,        2575,       -9.00149955,      -6.301881604,      -8.913682966,      -9.021403675
          0,           0,        2576,       -9.00149565,      -6.301997135,      -8.914180621,      -9.021284426
          0,           0,        2577,      -9.001491672,      -6.302112491,      -8.914677971,      -9.021165311
          0,           0,        2578,      -9.001487618,      -6.302227672,       -8.91517501,       -9.02104633
          0,           0,        2579,      -9.001483489,      -6.302342679,      -8.915671718,      -9.020927474
          0,           0,        2580,      -9.001479286,      -6.302457512,       -8.91616805,      -9.020808704
          0,           0,        2581,      -9.001475011,       -6.30257217,      -8.916664012,       -9.02069007
          0,           0,        2582,      -9.001470669,      -6.302686655,      -8.917159662,       -9.02057157
          0,           0,        2583,      -9.001466261,      -6.302800967,      -8.917655023,      -9.020453202
          0,           0,        2584,      -9.001461792,      -6.302915105,      -8.918150091,      -9.020334896
          0,           0,        2585,      -9.001457265,       -6.30302907,      -8.918644852,      -9.020216622
          0,           0,        2586,      -9.001452686,      -6.303142863,      -8.919139295,      -9.020098444
          0,           0,        2587,      -9.001448059,      -6.303256483,      -8.919633412,      -9.019980398
          0,           0,        2588,      -9.001443392,      -6.303369931,      -8.920127195,      -9.019862484
          0,           0,        2589,      -9.001438691,      -6.303483207,      -8.920620636,      -9.019744689
          0,           0,        2590,      -9.001433962,      -6.303596311,      -8.921113728,      -9.019626912
          0,           0,        2591,      -9.001429211,      -6.303709244,      -8.921606469,      -9.019509247
          0,           0,        2592,      -9.001424446,      -6.303822005,      -8.922098856,      -9.019391713
          0,           0,        2593,      -9.001419672,      -6.303934596,      -8.922590888,      -9.019274308
          0,           0,        2594,      -9.001414897,      -6.304047015,      -8.923082565,      -9.019157034
          0,           0,        2595,      -9.001410126,      -6.304159264,      -8.923573886,      -9.019039889
          0,           0,        2596,      -9.001405365,      -6.304271343,      -8.924064854,      -9.018922876
          0,           0,        2597,       -9.00140062,      -6.304383252,       -8.92455547,      -9.018806036
          0,           0,        2598,      -9.001395896,      -6.304494992,      -8.925045734,      -9.018689354
          0,           0,        2599,        -9.0013912,      -6.304606563,      -8.925535647,      -9.018573041
          0,           0,        2600,      -9.001386535,      -6.304717964,       -8.92602521,      -9.018456917
          0,           0,        2601,      -9.001381907,      -6.304829197,      -8.926514423,      -9.018340928
          0,           0,        2602,       -9.00137732,      -6.304940261,      -8.927003285,      -9.018225071
          0,           0,        2603,      -9.001372779,      -6.305051157,      -8.927491795,      -9.018109353
          0,           0,        2604,      -9.001368286,      -6.305161885,      -8.927979948,      -9.017993777
          0,           0,        2605,      -9.001363847,      -6.305272445,      -8.928467745,      -9.017878341
          0,           0,        2606,      -9.001359465,      -6.305382838,      -8.928955184,      -9.017763007
          0,           0,        2607,      -9.001355143,      -6.305493064,      -8.929442263,      -9.017647681
          0,           0,        2608,      -9.001350884,      -6.305603123,       -8.92992898,      -9.017532489
          0,           0,        2609,       -9.00134669,      -6.305713015,      -8.930415332,       -9.01741743
          0,           0,        2610,      -9.001342563,      -6.305822741,      -8.930901315,        -9.0173025
          0,           0,        2611,      -9.001338507,      -6.305932301,      -8.931386925,      -9.017187698
          0,           0,        2612,      -9.001334521,      -6.306041695,      -8.931872158,      -9.017072806
          0,           0,        2613,      -9.001330607,      -6.306150924,      -8.932357012,      -9.016957837
          0,           0,        2614,      -9.001326765,      -6.306259987,      -8.932841485,      -9.016842993
          0,           0,        2615,      -9.001322996,      -6.306368886,      -8.933325577,      -9.016728269
          0,           0,        2616,      -9.001319299,      -6.306477619,       -8.93380929,      -9.016613666
          0,           0,        2617,      -9.001315674,      -6.306586188,      -8.934292625,      -9.016499189
          0,           0,        2618,      -9.001312118,      -6.306694592,      -8.934775582,      -9.016384854
          0,           0,        2619,      -9.001308631,      -6.306802833,      -8.935258163,      -9.016270658
          0,           0,        2620,      -9.001305209,       -6.30691091,      -8.935740368,      -9.016156595
          0,           0,        2621,      -9.001301851,      -6.307018824,      -8.936222197,      -9.016042656
          0,           0,        2622,      -9.001298553,      -6.307126575,       -8.93670365,      -9.015928849
          0,           0,        2623,      -9.001295312,      -6.307234163,      -8.937184727,      -9.015815169
          0,           0,        2624,      -9.001292124,      -6.307341588,      -8.937665428,      -9.015701615
          0,           0,        2625,      -9.001288983,       -6.30744885,      -8.938145751,      -9.015588184
          0,           0,        2626,      -9.001285888,      -6.307555951,        -8.9386257,      -9.015474888
          0,           0,        2627,      -9.001282831,      -6.307662889,      -8.939105275,      -9.015361718
          0,           0,        2628,      -9.001279807,      -6.307769667,      -8.939584478,      -9.015248686
          0,           0,        2629,      -9.001276812,      -6.307876282,      -8.940063317,      -9.015135801
          0,           0,        2630,      -9.001273836,      -6.307982737,      -8.940541804,      -9.015023052
          0,           0,        2631,      -9.001270873,      -6.308089032,      -8.941019965,      -9.014910439
          0,           0,        2632,      -9.001267909,      -6.308195166,      -8.941497831,      -9.014797957
          0,           0,        2633,      -9.001264928,       -6.30830114,       -8.94197523,      -9.014685602
          0,           0,        2634,       -9.00126192,      -6.308406955,      -8.942451986,      -9.014573373
          0,           0,        2635,      -9.001258886,       -6.30851261,      -8.942928243,      -9.014461267
          0,           0,        2636,      -9.001255818,      -6.308618106,      -8.943404092,       -9.01434928
          0,           0,        2637,      -9.001252708,      -6.308723443,      -8.943879552,      -9.014237397
          0,           0,        2638,      -9.001249542,      -6.308828621,      -8.944354623,      -9.014125653
          0,           0,        2639,      -9.001246308,      -6.308933641,      -8.944829305,      -9.014014026
          0,           0,        2640,      -9.001242995,      -6.309038503,        -8.9453036,      -9.013902516
          0,           0,        2641,      -9.001239589,      -6.309143207,      -8.945777485,      -9.013791122
          0,           0,        2642,      -9.001236079,      -6.309247754,      -8.946250961,      -9.013679844
          0,           0,        2643,      -9.001232454,      -6.309352143,      -8.946724041,      -9.013568681
          0,           0,        2644,      -9.001228705,      -6.309456375,      -8.947196725,      -9.013457639
          0,           0,        2645,      -9.001224823,      -6.309560451,      -8.947669011,      -9.013346738
          0,           0,        2646,      -9.001220802,      -6.309664369,      -8.948140891,      -9.013235951
          0,           0,        2647,      -9.001216638,      -6.309768131,      -8.948612358,      -9.013125275
          0,           0,        2648,      -9.001212327,      -6.309871737,      -8.949083337,      -9.013014708
          0,           0,        2649,      -9.001207876,      -6.309975187,      -8.949553659,       -9.01290425
          0,           0,        2650,      -9.001203297,      -6.310078481,      -8.950023582,      -9.012793902
          0,           0,        2651,      -9.001198602,      -6.310181619,      -8.950493255,      -9.012683663
          0,           0,        2652,      -9.001193794,      -6.310284601,      -8.950962635,      -9.012573532
          0,           0,        2653,      -9.001188882,      -6.310387428,       -8.95143166,       -9.01246351
          0,           0,        2654,      -9.001183875,      -6.310490099,      -8.951900293,      -9.012353627
          0,           0,        2655,      -9.001178787,      -6.310592615,      -8.952368513,      -9.012243855
          0,           0,        2656,      -9.001173634,      -6.310694975,      -8.952836305,      -9.012134188
          0,           0,        2657,      -9.001168432,       -6.31079718,      -8.953303659,      -9.012024112
          0,           0,        2658,        -9.0011632,       -6.31089923,      -8.953770567,      -9.011913962
          0,           0,        2659,       -9.00115796,      -6.311001125,      -8.954237023,      -9.011803556
          0,           0,        2660,       -9.00115273,      -6.311102865,      -8.954703021,      -9.011692785
          0,           0,        2661,      -9.001147532,      -6.311204451,       -8.95516856,      -9.011581449
          0,           0,        2662,      -9.001142385,      -6.311305882,      -8.955633638,      -9.011469971
          0,           0,        2663,      -9.001137309,      -6.311407158,       -8.95609826,      -9.011358597
          0,           0,        2664,       -9.00113232,      -6.311508281,      -8.956562429,      -9.011247318
          0,           0,        2665,      -9.001127434,       -6.31160925,      -8.957026151,      -9.011136203
          0,           0,        2666,      -9.001122665,      -6.311710065,      -8.957489432,      -9.011025224
          0,           0,        2667,      -9.001118025,      -6.311810727,      -8.957952281,      -9.010914368
          0,           0,        2668,      -9.001113525,      -6.311911236,      -8.958414705,      -9.010803487
          0,           0,        2669,      -9.001109172,      -6.312011592,      -8.958876711,      -9.010692643
          0,           0,        2670,      -9.001104972,      -6.312111795,      -8.959338309,      -9.010581809
          0,           0,        2671,      -9.001100931,      -6.312211845,      -8.959799505,      -9.010471081
          0,           0,        2672,      -9.001097052,      -6.312311743,      -8.960260307,      -9.010360459
          0,           0,        2673,      -9.001093336,      -6.312411488,      -8.960720725,      -9.010249941
          0,           0,        2674,      -9.001089785,      -6.312511082,      -8.961180765,      -9.010139531
          0,           0,        2675,      -9.001086397,      -6.312610524,      -8.961640434,      -9.010029242
          0,           0,        2676,      -9.001083172,      -6.312709815,       -8.96209974,      -9.009919071
          0,           0,        2677,      -9.001080108,      -6.312808955,      -8.962558692,      -9.009809024
          0,           0,        2678,      -9.001077201,      -6.312907944,      -8.963017294,      -9.009699277
          0,           0,        2679,      -9.001074449,      -6.313006783,      -8.963475554,      -9.009589647
          0,           0,        2680,      -9.001071849,      -6.313105472,      -8.963933477,      -9.009480136
          0,           0,        2681,      -9.001069396,       -6.31320401,       -8.96439107,      -9.009370741
          0,           0,        2682,      -9.001067087,        -6.3133024,      -8.964848343,      -9.009261462
          0,           0,        2683,      -9.001064918,      -6.313400641,      -8.965305306,      -9.009152297
          0,           0,        2684,      -9.001062885,      -6.313498732,       -8.96576196,      -9.009043246
          0,           0,        2685,      -9.001060982,      -6.313596676,       -8.96621831,      -9.008934306
          0,           0,        2686,      -9.001059205,      -6.313694471,      -8.966674362,      -9.008825497
          0,           0,        2687,      -9.001057551,      -6.313792118,      -8.967130117,      -9.008716833
          0,           0,        2688,      -9.001056012,      -6.313889617,      -8.967585576,      -9.008608289
          0,           0,        2689,      -9.001054585,      -6.313986969,      -8.968040739,      -9.008499857
          0,           0,        2690,      -9.001053265,      -6.314084172,      -8.968495609,      -9.008391534
          0,           0,        2691,      -9.001052047,      -6.314181228,      -8.968950183,      -9.008283316
          0,           0,        2692,      -9.001050927,      -6.314278137,      -8.969404454,      -9.008175203
          0,           0,        2693,      -9.001049897,      -6.314374899,      -8.969858417,      -9.008067195
          0,           0,        2694,      -9.001048954,      -6.314471514,      -8.970312066,      -9.007959255
          0,           0,        2695,      -9.001048093,      -6.314567983,      -8.970765405,      -9.007851326
          0,           0,        2696,      -9.001047307,      -6.314664306,      -8.971218438,      -9.007743446
          0,           0,        2697,      -9.001046592,      -6.314760483,      -8.971671169,      -9.007635667
          0,           0,        2698,      -9.001045942,      -6.314856514,      -8.972123601,      -9.007527994
          0,           0,        2699,      -9.001045351,      -6.314952399,      -8.972575737,      -9.007420426
          0,           0,        2700,      -9.001044814,      -6.315048139,      -8.973027578,      -9.007312959
          0,           0,        2701,      -9.001044325,      -6.315143735,      -8.973479124,      -9.007205594
          0,           0,        2702,      -9.001043876,      -6.315239185,      -8.973930375,      -9.007098328
          0,           0,        2703,      -9.001043463,      -6.315334492,      -8.974381327,      -9.006991149
          0,           0,        2704,      -9.001043078,      -6.315429654,      -8.974831978,      -9.006884068
          0,           0,        2705,      -9.001042714,      -6.315524672,      -8.975282327,      -9.006777089
          0,           0,        2706,      -9.001042366,      -6.315619546,      -8.975732369,      -9.006670213
          0,           0,        2707,      -9.001042027,      -6.315714277,      -8.976182103,       -9.00656344
          0,           0,        2708,       -9.00104169,      -6.315808865,      -8.976631521,      -9.006456792
          0,           0,        2709,       -9.00104135,       -6.31590331,      -8.977080618,      -9.006350272
          0,           0,        2710,      -9.001040998,      -6.315997613,      -8.977529393,      -9.006243871
          0,           0,        2711,      -9.001040629,      -6.316091773,       -8.97797784,      -9.006137628
          0,           0,        2712,      -9.001040237,      -6.316185792,      -8.978425956,      -9.006031524
          0,           0,        2713,      -9.001039816,      -6.316279671,      -8.978873739,      -9.005925544
          0,           0,        2714,       -9.00103936,      -6.316373408,      -8.979321187,       -9.00581968
          0,           0,        2715,      -9.001038861,      -6.316467004,      -8.979768289,      -9.005713928
          0,           0,        2716,      -9.001038316,      -6.316560459,      -8.980215037,      -9.005608287
          0,           0,        2717,      -9.001037716,      -6.316653774,      -8.980661434,      -9.005502754
          0,           0,        2718,      -9.001037056,      -6.316746949,      -8.981107469,      -9.005397329
          0,           0,        2719,      -9.001036331,      -6.316839983,      -8.981553138,       -9.00529201
          0,           0,        2720,      -9.001035534,      -6.316932876,      -8.981998431,      -9.005186798
          0,           0,        2721,       -9.00103466,       -6.31702563,      -8.982443344,      -9.005081693
          0,           0,        2722,      -9.001033702,      -6.317118244,      -8.982887871,      -9.004976697
          0,           0,        2723,      -9.001032657,      -6.317210718,      -8.983332007,       -9.00487181
          0,           0,        2724,      -9.001031519,      -6.317303052,      -8.983775746,      -9.004767033
          0,           0,        2725,      -9.001030281,      -6.317395248,      -8.984219084,      -9.004662366
          0,           0,        2726,      -9.001028941,      -6.317487305,      -8.984662016,      -9.004557808
          0,           0,        2727,      -9.001027492,      -6.317579223,      -8.985104537,      -9.004453363
          0,           0,        2728,      -9.001025931,      -6.317671002,      -8.985546643,      -9.004349038
          0,           0,        2729,      -9.001024252,      -6.317762644,      -8.985988331,      -9.004244838
          0,           0,        2730,      -9.001022453,      -6.317854147,      -8.986429596,      -9.004140661
          0,           0,        2731,       -9.00102053,      -6.317945512,      -8.986870436,      -9.004036535
          0,           0,        2732,      -9.001018478,       -6.31803674,      -8.987310846,       -9.00393252
          0,           0,        2733,      -9.001016296,       -6.31812783,      -8.987750824,      -9.003828618
          0,           0,        2734,      -9.001013979,      -6.318218784,      -8.988190362,      -9.003724827
          0,           0,        2735,      -9.001011525,        -6.3183096,      -8.988629464,      -9.003621145
          0,           0,        2736,      -9.001008932,      -6.318400279,      -8.989068143,      -9.003517575
          0,           0,        2737,      -9.001006198,      -6.318490822,      -8.989506386,      -9.003414116
          0,           0,        2738,      -9.001003321,      -6.318581228,      -8.989944185,      -9.003310767
          0,           0,        2739,      -9.001000299,      -6.318671498,       -8.99038154,      -9.003207572
          0,           0,        2740,      -9.000997131,      -6.318761633,      -8.990818457,      -9.003104521
          0,           0,        2741,      -9.000993816,      -6.318851633,      -8.991254944,      -9.003001601
          0,           0,        2742,      -9.000990353,      -6.318941497,      -8.991691014,      -9.002898807
          0,           0,        2743,       -9.00098674,      -6.319031226,      -8.992126691,      -9.002796148
          0,           0,        2744,      -9.000982976,       -6.31912082,      -8.992561983,      -9.002693615
          0,           0,        2745,      -9.000979057,       -6.31921028,      -8.992996915,      -9.002591205
          0,           0,        2746,       -9.00097498,      -6.319299605,       -8.99343152,       -9.00248892
          0,           0,        2747,      -9.000970735,      -6.319388797,      -8.993865629,      -9.002386664
          0,           0,        2748,       -9.00096632,      -6.319477854,      -8.994299019,      -9.002284444
          0,           0,        2749,      -9.000961736,      -6.319566778,      -8.994731816,       -9.00218234
          0,           0,        2750,      -9.000956981,      -6.319655569,      -8.995164134,      -9.002080353
          0,           0,        2751,      -9.000952052,      -6.319744226,      -8.995596003,      -9.001978394
          0,           0,        2752,      -9.000946946,       -6.31983275,      -8.996027425,      -9.001876201
          0,           0,        2753,       -9.00094166,      -6.319921141,      -8.996458402,      -9.001774045
          0,           0,        2754,      -9.000936195,        -6.3200094,      -8.996888939,         -9.001672
          0,           0,        2755,      -9.000930548,      -6.320097526,      -8.997319041,      -9.001570065
          0,           0,        2756,      -9.000924721,       -6.32018552,        -8.9977487,       -9.00146824
          0,           0,        2757,      -9.000918716,      -6.320273382,      -8.998177916,      -9.001366548
          0,           0,        2758,      -9.000912534,      -6.320361113,      -8.998606716,      -9.001265079
          0,           0,        2759,      -9.000906181,      -6.320448712,      -8.999035118,      -9.001163734
          0,           0,        2760,       -9.00089966,      -6.320536179,      -8.999463128,       -9.00106251
          0,           0,        2761,      -9.000892977,      -6.320623516,      -8.999890755,      -9.000961404
          0,           0,        2762,      -9.000886138,      -6.320710721,      -9.000318009,      -9.000860414
          0,           0,        2763,      -9.000879149,      -6.320797795,      -9.000744897,      -9.000759538
          0,           0,        2764,      -9.000872017,      -6.320884739,      -9.001171394,      -9.000658773
          0,           0,        2765,      -9.000864751,      -6.320971551,      -9.001597316,      -9.000558104
          0,           0,        2766,      -9.000857367,      -6.321058234,      -9.002022762,      -9.000457537
          0,           0,        2767,       -9.00084988,      -6.321144785,      -9.002448011,      -9.000357077
          0,           0,        2768,        -9.0008423,      -6.321231206,       -9.00287311,      -9.000256722
          0,           0,        2769,      -9.000834638,      -6.321317496,      -9.003298016,      -9.000156473
          0,           0,        2770,      -9.000826907,      -6.321403656,      -9.003722689,      -9.000056321
          0,           0,        2771,      -9.000819121,      -6.321489686,      -9.004147112,      -8.999956281
          0,           0,        2772,      -9.000811294,      -6.321575586,      -9.004571276,      -8.999855846
          0,           0,        2773,       -9.00080344,      -6.321661356,      -9.004995181,       -8.99975497
          0,           0,        2774,      -9.000795575,      -6.321746997,      -9.005418821,      -8.999653655
          0,           0,        2775,      -9.000787711,      -6.321832508,      -9.005842194,      -8.999552447
          0,           0,        2776,      -9.000779863,       -6.32191789,      -9.006265298,      -8.999451349
          0,           0,        2777,      -9.000772044,      -6.322003143,       -9.00668813,      -8.999350332
          0,           0,        2778,      -9.000764266,      -6.322088266,      -9.007110685,      -8.999249379
          0,           0,        2779,      -9.000756541,      -6.322173261,      -9.007532959,       -8.99914853
          0,           0,        2780,      -9.000748879,      -6.322258127,      -9.007954951,      -8.999047784
          0,           0,        2781,      -9.000741291,      -6.322342864,      -9.008376653,      -8.998947138
          0,           0,        2782,      -9.000733786,      -6.322427473,      -9.008798063,      -8.998846588
          0,           0,        2783,      -9.000726372,      -6.322511954,      -9.009219172,      -8.998746128
          0,           0,        2784,      -9.000719059,      -6.322596307,      -9.009639975,      -8.998645766
          0,           0,        2785,      -9.000711853,      -6.322680532,      -9.010060466,      -8.998545502
          0,           0,        2786,      -9.000704762,      -6.322764629,      -9.010480637,      -8.998445335
          0,           0,        2787,       -9.00069779,        -6.3228486,      -9.010900483,      -8.998345266
          0,           0,        2788,      -9.000690946,      -6.322932443,      -9.011319997,      -8.998245294
          0,           0,        2789,      -9.000684233,      -6.323016159,      -9.011739175,      -8.998145417
          0,           0,        2790,      -9.000677656,      -6.323099749,      -9.012158014,      -8.998045636
          0,           0,        2791,       -9.00067122,      -6.323183213,       -9.01257651,      -8.997945952
          0,           0,        2792,      -9.000664928,       -6.32326655,      -9.012994663,      -8.997846369
          0,           0,        2793,      -9.000658784,      -6.323349762,      -9.013412465,      -8.997746915
          0,           0,        2794,      -9.000652789,      -6.323432848,      -9.013829898,      -8.997647559
          0,           0,        2795,      -9.000646947,      -6.323515809,      -9.014246939,      -8.997548296
          0,           0,        2796,      -9.000641256,      -6.323598645,      -9.014663586,      -8.997449125
          0,           0,        2797,      -9.000635719,      -6.323681356,      -9.015079855,      -8.997350046
          0,           0,        2798,      -9.000630334,      -6.323763942,      -9.015495761,      -8.997251059
          0,           0,        2799,      -9.000625101,      -6.323846404,      -9.015911314,      -8.997152164
          0,           0,        2800,      -9.000620016,      -6.323928741,      -9.016326529,      -8.997053362
          0,           0,        2801,      -9.000615078,      -6.324010955,      -9.016741425,      -8.996954652
          0,           0,        2802,      -9.000610281,      -6.324093045,       -9.01715604,      -8.996856034
          0,           0,        2803,      -9.000605616,      -6.324175011,       -9.01757043,      -8.996757508
          0,           0,        2804,      -9.000601072,      -6.324256854,      -9.017984453,      -8.996659075
          0,           0,        2805,      -9.000596639,      -6.324338574,      -9.018397787,      -8.996560733
          0,           0,        2806,      -9.000592316,      -6.324420172,      -9.018810605,      -8.996462484
          0,           0,        2807,      -9.000588102,      -6.324501647,      -9.019223057,      -8.996364326
          0,           0,        2808,      -9.000583988,         -6.324583,      -9.019635185,      -8.996266261
          0,           0,        2809,      -9.000579962,      -6.324664231,      -9.020046997,      -8.996168301
          0,           0,        2810,      -9.000576013,      -6.324745341,      -9.020458502,      -8.996070463
          0,           0,        2811,      -9.000572129,      -6.324826329,      -9.020869705,      -8.995972737
          0,           0,        2812,      -9.000568294,      -6.324907197,      -9.021280573,      -8.995875124
          0,           0,        2813,      -9.000564498,      -6.324987943,       -9.02169115,      -8.995777659
          0,           0,        2814,      -9.000560725,      -6.325068569,      -9.022101461,      -8.995680306
          0,           0,        2815,      -9.000556962,      -6.325149075,      -9.022511518,      -8.995583054
          0,           0,        2816,      -9.000553197,      -6.325229461,      -9.022921322,      -8.995485897
          0,           0,        2817,      -9.000549416,      -6.325309726,      -9.023330877,      -8.995388834
          0,           0,        2818,       -9.00054561,      -6.325389872,      -9.023740131,      -8.995291864
          0,           0,        2819,      -9.000541771,      -6.325469898,      -9.024148836,      -8.995195004
          0,           0,        2820,      -9.000537902,      -6.325549805,      -9.024557284,       -8.99509823
          0,           0,        2821,      -9.000534003,      -6.325629592,       -9.02496573,      -8.995001426
          0,           0,        2822,      -9.000530067,      -6.325709261,      -9.025374146,      -8.994904647
          0,           0,        2823,      -9.000526087,       -6.32578881,      -9.025782448,      -8.994807967
          0,           0,        2824,      -9.000522059,      -6.325868241,      -9.026190424,      -8.994711385
          0,           0,        2825,      -9.000517986,      -6.325947553,      -9.026598085,      -8.994614905
          0,           0,        2826,      -9.000513879,      -6.326026746,      -9.027005485,      -8.994518529
          0,           0,        2827,      -9.000509749,      -6.326105821,      -9.027412625,      -8.994422256
          0,           0,        2828,      -9.000505605,      -6.326184778,      -9.027819482,      -8.994326085
          0,           0,        2829,       -9.00050146,      -6.326263616,      -9.028226029,      -8.994230014
          0,           0,        2830,      -9.000497324,      -6.326342336,      -9.028632243,      -8.994134046
          0,           0,        2831,      -9.000493211,      -6.326420938,      -9.029038147,      -8.994038236
          0,           0,        2832,      -9.000489133,      -6.326499422,      -9.029443753,      -8.993942508
          0,           0,        2833,      -9.000485102,      -6.326577789,      -9.029849057,      -8.993846868
          0,           0,        2834,      -9.000481128,      -6.326656037,      -9.030254049,      -8.993751321
          0,           0,        2835,      -9.000477219,      -6.326734168,      -9.030658645,      -8.993655906
          0,           0,        2836,      -9.000473387,      -6.326812182,      -9.031062864,      -8.993560609
          0,           0,        2837,      -9.000469641,      -6.326890078,      -9.031466857,      -8.993465412
          0,           0,        2838,      -9.000465987,      -6.326967857,      -9.031870589,      -8.993370311
          0,           0,        2839,      -9.000462426,      -6.327045519,      -9.032274003,       -8.99327531
          0,           0,        2840,      -9.000458955,      -6.327123064,      -9.032677067,      -8.993180401
          0,           0,        2841,      -9.000455572,      -6.327200492,      -9.033079762,      -8.993085559
          0,           0,        2842,      -9.000452277,      -6.327277804,      -9.033482072,      -8.992990704
          0,           0,        2843,      -9.000449069,      -6.327354998,      -9.033883984,      -8.992895941
          0,           0,        2844,      -9.000445945,      -6.327432077,      -9.034285491,      -8.992801225
          0,           0,        2845,      -9.000442906,      -6.327509039,       -9.03468659,      -8.992706523
          0,           0,        2846,      -9.000439949,      -6.327585884,      -9.035087276,      -8.992611911
          0,           0,        2847,      -9.000437074,      -6.327662614,      -9.035487547,       -8.99251739
          0,           0,        2848,      -9.000434282,      -6.327739228,      -9.035887402,      -8.992422961
          0,           0,        2849,      -9.000431571,      -6.327815726,      -9.036286839,      -8.992328621
          0,           0,        2850,      -9.000428944,      -6.327892109,      -9.036685859,      -8.992234369
          0,           0,        2851,        -9.0004264,      -6.327968376,      -9.037084459,      -8.992140207
          0,           0,        2852,      -9.000423941,      -6.328044528,      -9.037482642,      -8.992046136
          0,           0,        2853,      -9.000421568,      -6.328120565,      -9.037880407,      -8.991952156
          0,           0,        2854,      -9.000419282,      -6.328196487,      -9.038277754,      -8.991858276
          0,           0,        2855,      -9.000417083,      -6.328272295,      -9.038674682,      -8.991764432
          0,           0,        2856,      -9.000414974,      -6.328347988,      -9.039071192,      -8.991670651
          0,           0,        2857,      -9.000412955,      -6.328423567,      -9.039467286,      -8.991576976
          0,           0,        2858,      -9.000411027,      -6.328499032,      -9.039862965,      -8.991483404
          0,           0,        2859,      -9.000409191,      -6.328574383,      -9.040258229,      -8.991389919
          0,           0,        2860,      -9.000407446,      -6.328649621,      -9.040653085,      -8.991296545
          0,           0,        2861,      -9.000405795,      -6.328724745,      -9.041047535,      -8.991203416
          0,           0,        2862,      -9.000404236,      -6.328799756,      -9.041441584,      -8.991110505
          0,           0,        2863,       -9.00040277,      -6.328874653,      -9.041835238,      -8.991017694
          0,           0,        2864,      -9.000401396,      -6.328949437,      -9.042228503,      -8.990924978
          0,           0,        2865,      -9.000400113,      -6.329024109,      -9.042621382,      -8.990832356
          0,           0,        2866,      -9.000398922,      -6.329098667,      -9.043013881,      -8.990739793
          0,           0,        2867,      -9.000397819,      -6.329173113,      -9.043406006,      -8.990647301
          0,           0,        2868,      -9.000396805,      -6.329247447,      -9.043797762,      -8.990554899
          0,           0,        2869,      -9.000395877,      -6.329321668,      -9.044189155,      -8.990462586
          0,           0,        2870,      -9.000395034,      -6.329395778,      -9.044580194,      -8.990370362
          0,           0,        2871,      -9.000394273,      -6.329469775,      -9.044970884,      -8.990278227
          0,           0,        2872,      -9.000393593,      -6.329543661,      -9.045361236,      -8.990186181
          0,           0,        2873,      -9.000392992,      -6.329617436,      -9.045751258,      -8.990094224
          0,           0,        2874,      -9.000392466,      -6.329691099,      -9.046140962,      -8.990002355
          0,           0,        2875,      -9.000392015,      -6.329764652,      -9.046530358,      -8.989910575
          0,           0,        2876,      -9.000391635,      -6.329838094,      -9.046919459,      -8.989818888
          0,           0,        2877,      -9.000391323,      -6.329911425,      -9.047308278,      -8.989727292
          0,           0,        2878,      -9.000391078,      -6.329984647,      -9.047696829,      -8.989635788
          0,           0,        2879,      -9.000390896,      -6.330057758,      -9.048085129,      -8.989544375
          0,           0,        2880,      -9.000390776,       -6.33013076,      -9.048473196,      -8.989453055
          0,           0,        2881,      -9.000390713,      -6.330203652,      -9.048861036,      -8.989361828
          0,           0,        2882,      -9.000390707,      -6.330276435,      -9.049248613,      -8.989270692
          0,           0,        2883,      -9.000390754,      -6.330349109,      -9.049635875,      -8.989179651
          0,           0,        2884,      -9.000390852,      -6.330421675,      -9.050022838,      -8.989088704
          0,           0,        2885,      -9.000390999,      -6.330494132,      -9.050409544,      -8.988997851
          0,           0,        2886,      -9.000391191,      -6.330566481,      -9.050796015,      -8.988907091
          0,           0,        2887,      -9.000391428,      -6.330638721,      -9.051182258,      -8.988816334
          0,           0,        2888,      -9.000391707,      -6.330710854,      -9.051568281,      -8.988725207
          0,           0,        2889,      -9.000392026,       -6.33078288,      -9.051954086,      -8.988634066
          0,           0,        2890,      -9.000392383,      -6.330854799,      -9.052339677,      -8.988543049
          0,           0,        2891,      -9.000392776,       -6.33092661,      -9.052725055,      -8.988452146
          0,           0,        2892,      -9.000393204,      -6.330998316,      -9.053110229,      -8.988361361
          0,           0,        2893,      -9.000393662,      -6.331069915,      -9.053495212,      -8.988270432
          0,           0,        2894,      -9.000394147,      -6.331141408,      -9.053880025,      -8.988179099
          0,           0,        2895,      -9.000394655,      -6.331212796,      -9.054264631,      -8.988087805
          0,           0,        2896,       -9.00039518,      -6.331284078,      -9.054648773,      -8.987996615
          0,           0,        2897,      -9.000395721,      -6.331355254,      -9.055032372,      -8.987905527
          0,           0,        2898,      -9.000396275,      -6.331426326,      -9.055415552,      -8.987814471
          0,           0,        2899,      -9.000396835,      -6.331497292,       -9.05579837,      -8.987723424
          0,           0,        2900,        -9.0003974,      -6.331568154,      -9.056180838,      -8.987632474
          0,           0,        2901,      -9.000397967,      -6.331638911,       -9.05656295,      -8.987541622
          0,           0,        2902,      -9.000398535,      -6.331709564,      -9.056944691,      -8.987450883
          0,           0,        2903,      -9.000399105,      -6.331780112,      -9.057326054,      -8.987360245
          0,           0,        2904,      -9.000399671,      -6.331850556,      -9.057707031,      -8.987269699
          0,           0,        2905,      -9.000400234,      -6.331920897,       -9.05808762,      -8.987179242
          0,           0,        2906,      -9.000400791,      -6.331991133,      -9.058467782,      -8.987088842
          0,           0,        2907,       -9.00040134,      -6.332061266,      -9.058847525,      -8.986998449
          0,           0,        2908,      -9.000401877,      -6.332131296,      -9.059226851,      -8.986908127
          0,           0,        2909,        -9.0004024,      -6.332201222,      -9.059605766,      -8.986817912
          0,           0,        2910,      -9.000402907,      -6.332271046,      -9.059984224,      -8.986727799
          0,           0,        2911,      -9.000403391,      -6.332340767,      -9.060362201,      -8.986637784
          0,           0,        2912,      -9.000403845,      -6.332410385,      -9.060739751,      -8.986547869
          0,           0,        2913,      -9.000404261,        -6.3324799,      -9.061116924,      -8.986458031
          0,           0,        2914,       -9.00040463,      -6.332549313,      -9.061493729,      -8.986368283
          0,           0,        2915,      -9.000404944,      -6.332618624,      -9.061870095,      -8.986278622
          0,           0,        2916,      -9.000405195,      -6.332687832,      -9.062245856,      -8.986188831
          0,           0,        2917,      -9.000405377,      -6.332756938,       -9.06262116,      -8.986098953
          0,           0,        2918,       -9.00040548,      -6.332825942,       -9.06299621,      -8.986009007
          0,           0,        2919,      -9.000405496,      -6.332894844,      -9.063371032,       -8.98591915
          0,           0,        2920,      -9.000405415,      -6.332963644,      -9.063745596,       -8.98582938
          0,           0,        2921,      -9.000405228,      -6.333032342,      -9.064119898,      -8.985739697
          0,           0,        2922,      -9.000404924,      -6.333100938,       -9.06449398,      -8.985650102
          0,           0,        2923,      -9.000404492,      -6.333169434,      -9.064867838,      -8.985560627
          0,           0,        2924,      -9.000403918,      -6.333237828,      -9.065241065,      -8.985471266
          0,           0,        2925,      -9.000403197,      -6.333306121,      -9.065613736,      -8.985382009
          0,           0,        2926,       -9.00040233,      -6.333374314,       -9.06598605,       -8.98529285
          0,           0,        2927,      -9.000401312,      -6.333442406,      -9.066357954,      -8.985203789
          0,           0,        2928,      -9.000400137,      -6.333510398,      -9.066729393,      -8.985114823
          0,           0,        2929,      -9.000398797,       -6.33357829,       -9.06710045,      -8.985025962
          0,           0,        2930,      -9.000397285,      -6.333646081,      -9.067471184,      -8.984937205
          0,           0,        2931,      -9.000395594,      -6.333713773,      -9.067841583,      -8.984848536
          0,           0,        2932,       -9.00039372,      -6.333781366,      -9.068211692,      -8.984759952
          0,           0,        2933,      -9.000391658,      -6.333848858,      -9.068581537,      -8.984671464
          0,           0,        2934,      -9.000389405,      -6.333916252,      -9.068951128,       -8.98458307
          0,           0,        2935,       -9.00038696,      -6.333983546,      -9.069320468,      -8.984494759
          0,           0,        2936,      -9.000384323,      -6.334050741,      -9.069689547,       -8.98440653
          0,           0,        2937,      -9.000381496,      -6.334117836,      -9.070058165,      -8.984318381
          0,           0,        2938,      -9.000378488,      -6.334184833,      -9.070426285,      -8.984230314
          0,           0,        2939,      -9.000375315,      -6.334251731,      -9.070794308,      -8.984142326
          0,           0,        2940,      -9.000371985,       -6.33431853,      -9.071162285,      -8.984054363
          0,           0,        2941,      -9.000368505,      -6.334385231,      -9.071530112,      -8.983966327
          0,           0,        2942,      -9.000364884,      -6.334451833,       -9.07189771,      -8.983878311
          0,           0,        2943,      -9.000361134,      -6.334518336,      -9.072265032,      -8.983790373
          0,           0,        2944,       -9.00035727,       -6.33458474,      -9.072632052,      -8.983702514
          0,           0,        2945,      -9.000353309,      -6.334651047,       -9.07299875,      -8.983614732
          0,           0,        2946,       -9.00034927,      -6.334717254,      -9.073365115,      -8.983527028
          0,           0,        2947,      -9.000345174,      -6.334783363,      -9.073731139,      -8.983439399
          0,           0,        2948,      -9.000341043,      -6.334849375,      -9.074096813,      -8.983351851
          0,           0,        2949,      -9.000336897,      -6.334915288,      -9.074462118,      -8.983264399
          0,           0,        2950,       -9.00033276,      -6.334981102,      -9.074826983,      -8.983177042
          0,           0,        2951,      -9.000328651,      -6.335046819,      -9.075191423,      -8.983089762
          0,           0,        2952,       -9.00032459,      -6.335112438,       -9.07555542,      -8.983002553
          0,           0,        2953,      -9.000320594,      -6.335177959,      -9.075918863,      -8.982915417
          0,           0,        2954,      -9.000316687,      -6.335243382,      -9.076281913,      -8.982828354
          0,           0,        2955,      -9.000312895,      -6.335308708,       -9.07664464,      -8.982741362
          0,           0,        2956,      -9.000309233,      -6.335373936,      -9.077007043,      -8.982654443
          0,           0,        2957,      -9.000305718,      -6.335439067,      -9.077369119,      -8.982567591
          0,           0,        2958,      -9.000302359,      -6.335504101,      -9.077730859,      -8.982480791
          0,           0,        2959,      -9.000299166,      -6.335569038,      -9.078092257,       -8.98239404
          0,           0,        2960,      -9.000296145,      -6.335633878,      -9.078453339,      -8.982307361
          0,           0,        2961,        -9.0002933,      -6.335698622,      -9.078814119,      -8.982220755
          0,           0,        2962,      -9.000290631,      -6.335763269,      -9.079174608,      -8.982134219
          0,           0,        2963,      -9.000288137,      -6.335827821,      -9.079534814,       -8.98204778
          0,           0,        2964,      -9.000285815,      -6.335892276,      -9.079894635,      -8.981961437
          0,           0,        2965,      -9.000283662,      -6.335956636,      -9.080254054,      -8.981875183
          0,           0,        2966,       -9.00028168,      -6.336020901,      -9.080613401,      -8.981789016
          0,           0,        2967,      -9.000279863,       -6.33608507,      -9.080972694,       -8.98170293
          0,           0,        2968,      -9.000278201,      -6.336149145,      -9.081331867,      -8.981616926
          0,           0,        2969,      -9.000276684,      -6.336213124,      -9.081690884,       -8.98153105
          0,           0,        2970,      -9.000275302,      -6.336277009,       -9.08204973,      -8.981445261
          0,           0,        2971,      -9.000274048,        -6.3363408,      -9.082408394,      -8.981359548
          0,           0,        2972,      -9.000272916,      -6.336404496,      -9.082766873,      -8.981273907
          0,           0,        2973,      -9.000271902,      -6.336468098,      -9.083125163,       -8.98118835
          0,           0,        2974,      -9.000271002,      -6.336531606,      -9.083483265,      -8.981102878
          0,           0,        2975,      -9.000270213,       -6.33659502,      -9.083841185,      -8.981017488
          0,           0,        2976,      -9.000269534,      -6.336658341,      -9.084198942,      -8.980932168
          0,           0,        2977,      -9.000268965,      -6.336721568,      -9.084556582,       -8.98084692
          0,           0,        2978,      -9.000268502,      -6.336784702,      -9.084914018,       -8.98076175
          0,           0,        2979,      -9.000268145,      -6.336847743,      -9.085270873,      -8.980676658
          0,           0,        2980,      -9.000267902,       -6.33691069,      -9.085627303,      -8.980591641
          0,           0,        2981,      -9.000267782,      -6.336973544,      -9.085983452,        -8.9805067
          0,           0,        2982,      -9.000267792,      -6.337036306,       -9.08633935,      -8.980421829
          0,           0,        2983,      -9.000267934,      -6.337098976,      -9.086694997,      -8.980337037
          0,           0,        2984,       -9.00026821,      -6.337161553,       -9.08705039,      -8.980252364
          0,           0,        2985,      -9.000268622,      -6.337224038,      -9.087405496,      -8.980167892
          0,           0,        2986,       -9.00026917,      -6.337286431,      -9.087760329,      -8.980083496
          0,           0,        2987,      -9.000269854,      -6.337348733,      -9.088114911,      -8.979999176
          0,           0,        2988,      -9.000270672,      -6.337410942,      -9.088469246,      -8.979914932
          0,           0,        2989,      -9.000271621,      -6.337473061,      -9.088823334,      -8.979830762
          0,           0,        2990,      -9.000272698,      -6.337535088,      -9.089177166,      -8.979746666
          0,           0,        2991,      -9.000273899,      -6.337597025,      -9.089530568,      -8.979662646
          0,           0,        2992,      -9.000275222,       -6.33765887,      -9.089883506,      -8.979578754
          0,           0,        2993,      -9.000276672,      -6.337720626,      -9.090236377,      -8.979494953
          0,           0,        2994,      -9.000278246,      -6.337782291,      -9.090589202,      -8.979411112
          0,           0,        2995,      -9.000279935,      -6.337843865,      -9.090941879,      -8.979327173
          0,           0,        2996,      -9.000281733,      -6.337905349,       -9.09129434,      -8.979243242
          0,           0,        2997,      -9.000283635,      -6.337966742,      -9.091646549,      -8.979159382
          0,           0,        2998,      -9.000285639,      -6.338028046,      -9.091998484,      -8.979075542
          0,           0,        2999,      -9.000287742,      -6.338089259,      -9.092350131,       -8.97899144
          0,           0,        3000,      -9.000289945,      -6.338150382,      -9.092701485,      -8.978907269
          0,           0,        3001,      -9.000292249,      -6.338211415,      -9.093052538,      -8.978823032
          0,           0,        3002,      -9.000294657,      -6.338272358,      -9.093403287,        -8.9787388
          0,           0,        3003,      -9.000297172,      -6.338333211,      -9.093753728,      -8.978654634
          0,           0,        3004,      -9.000299798,      -6.338393975,      -9.094103858,      -8.978570443
          0,           0,        3005,      -9.000302539,      -6.338454648,      -9.094453676,      -8.978486301
          0,           0,        3006,        -9.0003054,      -6.338515233,      -9.094803181,      -8.978402222
          0,           0,        3007,      -9.000308387,      -6.338575728,      -9.095152376,      -8.978318202
          0,           0,        3008,      -9.000311501,      -6.338636133,      -9.095501262,      -8.978234247
          0,           0,        3009,      -9.000314749,       -6.33869645,      -9.095849842,      -8.978150356
          0,           0,        3010,      -9.000318132,      -6.338756677,      -9.096198116,      -8.978066532
          0,           0,        3011,      -9.000321654,      -6.338816816,      -9.096546088,      -8.977982799
          0,           0,        3012,      -9.000325315,      -6.338876866,      -9.096893758,      -8.977899151
          0,           0,        3013,      -9.000329116,      -6.338936828,      -9.097241129,      -8.977815584
          0,           0,        3014,      -9.000333059,      -6.338996701,      -9.097588206,      -8.977732095
          0,           0,        3015,      -9.000337141,      -6.339056487,      -9.097934989,      -8.977648681
          0,           0,        3016,      -9.000341362,      -6.339116184,      -9.098281477,       -8.97756534
          0,           0,        3017,      -9.000345719,      -6.339175793,      -9.098627672,      -8.977482071
          0,           0,        3018,       -9.00035021,      -6.339235315,      -9.098973574,      -8.977398919
          0,           0,        3019,      -9.000354831,       -6.33929475,      -9.099319188,      -8.977315866
          0,           0,        3020,       -9.00035958,      -6.339354097,      -9.099664511,      -8.977232894
          0,           0,        3021,      -9.000364451,      -6.339413357,      -9.100009541,      -8.977149554
          0,           0,        3022,      -9.000369441,      -6.339472529,      -9.100354279,      -8.977065969
          0,           0,        3023,      -9.000374546,      -6.339531615,      -9.100698721,      -8.976982455
          0,           0,        3024,      -9.000379761,      -6.339590614,      -9.101042867,      -8.976899007
          0,           0,        3025,       -9.00038508,      -6.339649526,      -9.101386712,      -8.976815625
          0,           0,        3026,        -9.0003905,      -6.339708352,      -9.101730253,      -8.976732309
          0,           0,        3027,      -9.000396015,      -6.339767092,      -9.102073488,      -8.976649058
          0,           0,        3028,      -9.000401621,      -6.339825745,      -9.102416411,      -8.976565873
          0,           0,        3029,      -9.000407313,      -6.339884312,      -9.102759019,      -8.976482752
          0,           0,        3030,      -9.000413086,      -6.339942794,      -9.103101308,      -8.976399686
          0,           0,        3031,      -9.000418935,       -6.34000119,      -9.103443272,      -8.976316683
          0,           0,        3032,      -9.000424855,      -6.340059501,      -9.103784909,      -8.976233746
          0,           0,        3033,      -9.000430842,      -6.340117726,      -9.104126213,      -8.976150592
          0,           0,        3034,       -9.00043689,      -6.340175866,       -9.10446718,      -8.976067227
          0,           0,        3035,      -9.000442996,      -6.340233922,      -9.104807806,      -8.975983825
          0,           0,        3036,      -9.000449153,      -6.340291893,      -9.105148088,      -8.975900489
          0,           0,        3037,      -9.000455356,      -6.340349779,      -9.105488026,       -8.97581722
          0,           0,        3038,      -9.000461601,      -6.340407581,      -9.105827622,      -8.975734014
          0,           0,        3039,      -9.000467882,        -6.3404653,      -9.106166881,      -8.975650864
          0,           0,        3040,      -9.000474193,      -6.340522934,      -9.106505824,      -8.975567768
          0,           0,        3041,      -9.000480526,      -6.340580484,       -9.10684449,      -8.975484742
          0,           0,        3042,      -9.000486873,      -6.340637952,      -9.107182949,      -8.975401788
          0,           0,        3043,      -9.000493224,      -6.340695336,      -9.107521137,      -8.975318877
          0,           0,        3044,      -9.000499564,      -6.340752637,      -9.107858555,      -8.975235917
          0,           0,        3045,      -9.000505892,      -6.340809855,      -9.108195244,      -8.975153029
          0,           0,        3046,        -9.0005122,      -6.340866991,       -9.10853145,      -8.975070212
          0,           0,        3047,       -9.00051848,      -6.340924045,      -9.108867272,      -8.974987466
          0,           0,        3048,      -9.000524723,      -6.340981016,      -9.109202729,      -8.974904819
          0,           0,        3049,      -9.000530919,      -6.341037906,      -9.109537821,       -8.97482228
          0,           0,        3050,       -9.00053706,      -6.341094714,      -9.109872554,      -8.974739832
          0,           0,        3051,      -9.000543139,      -6.341151441,      -9.110206934,      -8.974657469
          0,           0,        3052,      -9.000549147,      -6.341208086,      -9.110540931,      -8.974575196
          0,           0,        3053,       -9.00055508,      -6.341264651,      -9.110874562,      -8.974493009
          0,           0,        3054,      -9.000560931,      -6.341321135,      -9.111207859,      -8.974410902
          0,           0,        3055,      -9.000566696,      -6.341377538,      -9.111540819,        -8.9743289
          0,           0,        3056,      -9.000572372,       -6.34143386,      -9.111873437,      -8.974246977
          0,           0,        3057,      -9.000577954,      -6.341490102,      -9.112205721,      -8.974165136
          0,           0,        3058,      -9.000583443,      -6.341546263,      -9.112537683,      -8.974083378
          0,           0,        3059,      -9.000588835,      -6.341602345,      -9.112869312,      -8.974001702
          0,           0,        3060,      -9.000594133,      -6.341658346,      -9.113200354,      -8.973920107
          0,           0,        3061,      -9.000599342,      -6.341714267,      -9.113530788,      -8.973838617
          0,           0,        3062,      -9.000604472,      -6.341770107,      -9.113861114,      -8.973757283
          0,           0,        3063,      -9.000609525,      -6.341825868,      -9.114191465,      -8.973676027
          0,           0,        3064,      -9.000614505,      -6.341881548,      -9.114521762,      -8.973594849
          0,           0,        3065,      -9.000619419,      -6.341937149,      -9.114851921,      -8.973513748
          0,           0,        3066,      -9.000624272,      -6.341992669,      -9.115181896,      -8.973432723
          0,           0,        3067,      -9.000629072,       -6.34204811,      -9.115511661,      -8.973351771
          0,           0,        3068,      -9.000633828,       -6.34210347,      -9.115841204,      -8.973270895
          0,           0,        3069,      -9.000638549,      -6.342158751,      -9.116170514,      -8.973190077
          0,           0,        3070,      -9.000643242,      -6.342213953,      -9.116499581,      -8.973109338
          0,           0,        3071,      -9.000647916,      -6.342269074,      -9.116828396,      -8.973028671
          0,           0,        3072,       -9.00065258,      -6.342324116,       -9.11715695,      -8.972948087
          0,           0,        3073,       -9.00065724,      -6.342379079,      -9.117485237,      -8.972867582
          0,           0,        3074,      -9.000661905,      -6.342433962,      -9.117813247,      -8.972787157
          0,           0,        3075,       -9.00066658,      -6.342488766,      -9.118140972,       -8.97270681
          0,           0,        3076,      -9.000671273,      -6.342543491,      -9.118468404,      -8.972626535
          0,           0,        3077,      -9.000675987,      -6.342598136,      -9.118795541,       -8.97254633
          0,           0,        3078,      -9.000680727,      -6.342652703,      -9.119122377,      -8.972466194
          0,           0,        3079,      -9.000685499,      -6.342707191,      -9.119448908,      -8.972386127
          0,           0,        3080,      -9.000690305,        -6.3427616,      -9.119775127,      -8.972306127
          0,           0,        3081,      -9.000695148,      -6.342815931,      -9.120101028,      -8.972226194
          0,           0,        3082,       -9.00070003,      -6.342870183,      -9.120426608,      -8.972146328
          0,           0,        3083,      -9.000704955,      -6.342924356,      -9.120751861,      -8.972066528
          0,           0,        3084,      -9.000709924,      -6.342978452,      -9.121076781,      -8.971986831
          0,           0,        3085,      -9.000714937,       -6.34303247,      -9.121401365,      -8.971907227
          0,           0,        3086,      -9.000719995,      -6.343086411,      -9.121725608,      -8.971827707
          0,           0,        3087,        -9.0007251,      -6.343140274,      -9.122049507,      -8.971748264
          0,           0,        3088,      -9.000730251,      -6.343194059,      -9.122373058,      -8.971668895
          0,           0,        3089,      -9.000735448,      -6.343247767,      -9.122696259,      -8.971589597
          0,           0,        3090,      -9.000740692,      -6.343301399,      -9.123019105,      -8.971510368
          0,           0,        3091,       -9.00074598,      -6.343354953,      -9.123341594,      -8.971431207
          0,           0,        3092,      -9.000751314,       -6.34340843,      -9.123663725,      -8.971352005
          0,           0,        3093,      -9.000756691,      -6.343461831,      -9.123985493,       -8.97127272
          0,           0,        3094,      -9.000762111,      -6.343515156,      -9.124306891,       -8.97119348
          0,           0,        3095,      -9.000767572,      -6.343568404,      -9.124627909,      -8.971114304
          0,           0,        3096,      -9.000773071,      -6.343621576,      -9.124948552,      -8.971035193
          0,           0,        3097,      -9.000778607,      -6.343674673,      -9.125268834,      -8.970956142
          0,           0,        3098,      -9.000784177,      -6.343727694,      -9.125588767,      -8.970877154
          0,           0,        3099,       -9.00078978,      -6.343780639,      -9.125908363,      -8.970798228
          0,           0,        3100,      -9.000795413,      -6.343833508,      -9.126227626,      -8.970719366
          0,           0,        3101,      -9.000801072,      -6.343886303,       -9.12654656,      -8.970640567
          0,           0,        3102,      -9.000806757,      -6.343939022,      -9.126865166,       -8.97056183
          0,           0,        3103,      -9.000812462,      -6.343991666,      -9.127183445,      -8.970483155
          0,           0,        3104,      -9.000818184,      -6.344044235,      -9.127501398,      -8.970404542
          0,           0,        3105,       -9.00082392,      -6.344096729,      -9.127819024,      -8.970325991
          0,           0,        3106,      -9.000829666,      -6.344149149,      -9.128136326,      -8.970247501
          0,           0,        3107,      -9.000835418,      -6.344201494,      -9.128453308,      -8.970169072
          0,           0,        3108,      -9.000841171,      -6.344253765,      -9.128769974,      -8.970090704
          0,           0,        3109,      -9.000846922,      -6.344305962,      -9.129086335,      -8.970012396
          0,           0,        3110,      -9.000852665,      -6.344358084,      -9.129402398,      -8.969934149
          0,           0,        3111,      -9.000858396,      -6.344410132,      -9.129718176,      -8.969855961
          0,           0,        3112,      -9.000864111,      -6.344462107,      -9.130033679,      -8.969777855
          0,           0,        3113,      -9.000869805,      -6.344514008,      -9.130348921,      -8.969699829
          0,           0,        3114,      -9.000875474,      -6.344565835,      -9.130663914,      -8.969621863
          0,           0,        3115,      -9.000881113,      -6.344617588,      -9.130978671,      -8.969543954
          0,           0,        3116,      -9.000886717,      -6.344669269,      -9.131293202,        -8.9694661
          0,           0,        3117,      -9.000892282,      -6.344720875,      -9.131607518,      -8.969388302
          0,           0,        3118,      -9.000897804,      -6.344772409,      -9.131921627,       -8.96931056
          0,           0,        3119,      -9.000903278,       -6.34482387,      -9.132235536,      -8.969232874
          0,           0,        3120,      -9.000908702,      -6.344875257,      -9.132549252,      -8.969155245
          0,           0,        3121,       -9.00091407,      -6.344926572,       -9.13286278,      -8.969077672
          0,           0,        3122,      -9.000919381,      -6.344977814,      -9.133176123,      -8.969000155
          0,           0,        3123,       -9.00092463,      -6.345028983,      -9.133489283,      -8.968922694
          0,           0,        3124,      -9.000929816,       -6.34508008,      -9.133802259,       -8.96884529
          0,           0,        3125,      -9.000934936,      -6.345131104,      -9.134115048,      -8.968767942
          0,           0,        3126,      -9.000939988,      -6.345182056,      -9.134427648,      -8.968690665
          0,           0,        3127,      -9.000944972,      -6.345232937,      -9.134740053,      -8.968613474
          0,           0,        3128,      -9.000949885,      -6.345283745,      -9.135052258,      -8.968536359
          0,           0,        3129,      -9.000954728,      -6.345334482,      -9.135364253,      -8.968459315
          0,           0,        3130,      -9.000959499,      -6.345385147,      -9.135676033,      -8.968382339
          0,           0,        3131,        -9.0009642,      -6.345435741,      -9.135987585,      -8.968305415
          0,           0,        3132,      -9.000968829,      -6.345486264,      -9.136298899,       -8.96822855
          0,           0,        3133,       -9.00097339,      -6.345536715,      -9.136609963,      -8.968151756
          0,           0,        3134,      -9.000977881,      -6.345587095,      -9.136920764,      -8.968075068
          0,           0,        3135,      -9.000982305,      -6.345637404,       -9.13723129,       -8.96799845
          0,           0,        3136,      -9.000986663,      -6.345687642,       -9.13754153,      -8.967921893
          0,           0,        3137,      -9.000990957,      -6.345737809,      -9.137851471,      -8.967845392
          0,           0,        3138,      -9.000995188,      -6.345787905,      -9.138161104,      -8.967768958
          0,           0,        3139,      -9.000999359,      -6.345837932,       -9.13847042,      -8.967692592
          0,           0,        3140,      -9.001003472,      -6.345887888,      -9.138779407,      -8.967616294
          0,           0,        3141,      -9.001007528,      -6.345937773,       -9.13908806,      -8.967540062
          0,           0,        3142,      -9.001011529,      -6.345987589,      -9.139396372,      -8.967463922
          0,           0,        3143,      -9.001015479,      -6.346037335,      -9.139704336,       -8.96738787
          0,           0,        3144,      -9.001019377,       -6.34608701,      -9.140011948,       -8.96731188
          0,           0,        3145,      -9.001023227,      -6.346136616,      -9.140319203,      -8.967235957
          0,           0,        3146,       -9.00102703,      -6.346186152,      -9.140626097,      -8.967160097
          0,           0,        3147,      -9.001030787,      -6.346235619,      -9.140932627,      -8.967084296
          0,           0,        3148,        -9.0010345,      -6.346285016,       -9.14123879,      -8.967008554
          0,           0,        3149,       -9.00103817,      -6.346334343,      -9.141544589,      -8.966932874
          0,           0,        3150,      -9.001041797,      -6.346383602,      -9.141850027,      -8.966857261
          0,           0,        3151,      -9.001045385,      -6.346432791,       -9.14215511,      -8.966781712
          0,           0,        3152,      -9.001048933,      -6.346481911,      -9.142459846,      -8.966706036
          0,           0,        3153,      -9.001052442,      -6.346530963,      -9.142764241,      -8.966630021
          0,           0,        3154,      -9.001055914,      -6.346579945,      -9.143068304,      -8.966553983
          0,           0,        3155,      -9.001059349,      -6.346628859,      -9.143372038,      -8.966478006
          0,           0,        3156,      -9.001062748,      -6.346677705,      -9.143675451,      -8.966402084
          0,           0,        3157,      -9.001066111,      -6.346726482,      -9.143978546,       -8.96632623
          0,           0,        3158,      -9.001069438,      -6.346775191,      -9.144281329,      -8.966250487
          0,           0,        3159,      -9.001072731,      -6.346823831,      -9.144583802,      -8.966174821
          0,           0,        3160,       -9.00107599,      -6.346872403,      -9.144885971,       -8.96609922
          0,           0,        3161,      -9.001079216,      -6.346920908,       -9.14518784,       -8.96602368
          0,           0,        3162,      -9.001082408,      -6.346969344,      -9.145489412,      -8.965948198
          0,           0,        3163,      -9.001085567,      -6.347017712,       -9.14579069,      -8.965872773
          0,           0,        3164,      -9.001088694,      -6.347066013,      -9.146091679,      -8.965797405
          0,           0,        3165,       -9.00109179,      -6.347114245,      -9.146392379,      -8.965722028
          0,           0,        3166,      -9.001094855,       -6.34716241,      -9.146692794,      -8.965646363
          0,           0,        3167,      -9.001097891,      -6.347210508,      -9.146992926,      -8.965570434
          0,           0,        3168,      -9.001100898,      -6.347258538,      -9.147292778,      -8.965494562
          0,           0,        3169,      -9.001103878,        -6.3473065,      -9.147592351,      -8.965418745
          0,           0,        3170,      -9.001106831,      -6.347354396,      -9.147891647,      -8.965342987
          0,           0,        3171,      -9.001109759,      -6.347402224,      -9.148190668,      -8.965267285
          0,           0,        3172,      -9.001112662,      -6.347449985,      -9.148489417,       -8.96519164
          0,           0,        3173,      -9.001115543,      -6.347497679,      -9.148787901,      -8.965116052
          0,           0,        3174,      -9.001118402,      -6.347545306,      -9.149086124,      -8.965040522
          0,           0,        3175,      -9.001121242,      -6.347592866,      -9.149384088,      -8.964965049
          0,           0,        3176,      -9.001124063,      -6.347640359,      -9.149681798,      -8.964889634
          0,           0,        3177,      -9.001126867,      -6.347687787,      -9.149979263,      -8.964814287
          0,           0,        3178,      -9.001129657,      -6.347735148,       -9.15027649,      -8.964739022
          0,           0,        3179,      -9.001132433,      -6.347782442,      -9.150573476,      -8.964663834
          0,           0,        3180,      -9.001135198,      -6.347829671,      -9.150870187,      -8.964588718
          0,           0,        3181,      -9.001137954,      -6.347876834,      -9.151166581,      -8.964513671
          0,           0,        3182,      -9.001140702,      -6.347923931,       -9.15146266,      -8.964438692
          0,           0,        3183,      -9.001143443,      -6.347970963,       -9.15175845,       -8.96436378
          0,           0,        3184,      -9.001146179,      -6.348017928,      -9.152053973,      -8.964288933
          0,           0,        3185,      -9.001148914,      -6.348064828,      -9.152349241,      -8.964214185
          0,           0,        3186,      -9.001151648,      -6.348111663,      -9.152644262,      -8.964139536
          0,           0,        3187,      -9.001154385,      -6.348158433,      -9.152939044,      -8.964064873
          0,           0,        3188,      -9.001157126,      -6.348205137,      -9.153233591,      -8.963990193
          0,           0,        3189,      -9.001159874,      -6.348251776,      -9.153527903,      -8.963915579
          0,           0,        3190,      -9.001162631,       -6.34829835,      -9.153821979,      -8.963841026
          0,           0,        3191,      -9.001165399,      -6.348344859,      -9.154115814,      -8.963766535
          0,           0,        3192,       -9.00116818,      -6.348391304,      -9.154409402,      -8.963692105
          0,           0,        3193,      -9.001170976,      -6.348437683,      -9.154702736,      -8.963617735
          0,           0,        3194,      -9.001173789,      -6.348483998,       -9.15499581,      -8.963543426
          0,           0,        3195,       -9.00117662,      -6.348530248,      -9.155288618,      -8.963469176
          0,           0,        3196,      -9.001179472,      -6.348576433,      -9.155581149,      -8.963394986
          0,           0,        3197,      -9.001182344,      -6.348622555,      -9.155873396,      -8.963320857
          0,           0,        3198,       -9.00118524,      -6.348668612,       -9.15616536,      -8.963246787
          0,           0,        3199,      -9.001188159,      -6.348714604,      -9.156457042,      -8.963172778
          0,           0,        3200,      -9.001191103,      -6.348760533,      -9.156748442,      -8.963098829
          0,           0,        3201,      -9.001194073,      -6.348806398,       -9.15703956,       -8.96302494
          0,           0,        3202,       -9.00119707,      -6.348852199,      -9.157330397,      -8.962951112
          0,           0,        3203,      -9.001200092,      -6.348897936,      -9.157620953,      -8.962877344
          0,           0,        3204,      -9.001203142,      -6.348943609,      -9.157911228,      -8.962803638
          0,           0,        3205,      -9.001206218,      -6.348989219,      -9.158201225,      -8.962729991
          0,           0,        3206,       -9.00120932,      -6.349034765,      -9.158490944,      -8.962656406
          0,           0,        3207,      -9.001212447,      -6.349080249,      -9.158780387,      -8.962582882
          0,           0,        3208,      -9.001215598,      -6.349125669,      -9.159069554,       -8.96250942
          0,           0,        3209,      -9.001218772,      -6.349171025,      -9.159358445,      -8.962436019
          0,           0,        3210,      -9.001221968,      -6.349216319,      -9.159647058,      -8.962362679
          0,           0,        3211,      -9.001225183,       -6.34926155,      -9.159935376,      -8.962289401
          0,           0,        3212,      -9.001228416,      -6.349306718,      -9.160223372,      -8.962216185
          0,           0,        3213,      -9.001231665,      -6.349351823,      -9.160511051,      -8.962143031
          0,           0,        3214,      -9.001234927,      -6.349396866,      -9.160798458,      -8.962069938
          0,           0,        3215,        -9.0012382,      -6.349441846,       -9.16108563,      -8.961996909
          0,           0,        3216,      -9.001241484,      -6.349486764,       -9.16137258,      -8.961923941
          0,           0,        3217,      -9.001244775,      -6.349531619,      -9.161659309,      -8.961851059
          0,           0,        3218,      -9.001248072,      -6.349576413,      -9.161945816,      -8.961778266
          0,           0,        3219,      -9.001251374,      -6.349621144,      -9.162232096,      -8.961705555
          0,           0,        3220,      -9.001254677,      -6.349665814,       -9.16251814,      -8.961632919
          0,           0,        3221,      -9.001257981,      -6.349710421,      -9.162803939,      -8.961560365
          0,           0,        3222,      -9.001261282,      -6.349754967,      -9.163089486,      -8.961487888
          0,           0,        3223,       -9.00126458,      -6.349799451,      -9.163374772,      -8.961415479
          0,           0,        3224,      -9.001267872,      -6.349843874,      -9.163659791,      -8.961343147
          0,           0,        3225,      -9.001271157,      -6.349888236,       -9.16394454,      -8.961270891
          0,           0,        3226,      -9.001274433,      -6.349932536,       -9.16422902,      -8.961198709
          0,           0,        3227,      -9.001277698,      -6.349976776,      -9.164513231,        -8.9611266
          0,           0,        3228,      -9.001280952,      -6.350020954,      -9.164797177,      -8.961054564
          0,           0,        3229,      -9.001284194,      -6.350065072,      -9.165080862,      -8.960982599
          0,           0,        3230,      -9.001287422,      -6.350109128,       -9.16536429,      -8.960910705
          0,           0,        3231,      -9.001290636,      -6.350153124,      -9.165647467,      -8.960838872
          0,           0,        3232,      -9.001293836,      -6.350197059,      -9.165930398,      -8.960767105
          0,           0,        3233,      -9.001297021,      -6.350240933,      -9.166213088,      -8.960695407
          0,           0,        3234,      -9.001300191,      -6.350284747,       -9.16649554,      -8.960623779
          0,           0,        3235,      -9.001303345,      -6.350328501,      -9.166777758,      -8.960552222
          0,           0,        3236,      -9.001306484,      -6.350372194,      -9.167059746,      -8.960480734
          0,           0,        3237,      -9.001309607,      -6.350415827,      -9.167341503,      -8.960409317
          0,           0,        3238,      -9.001312715,      -6.350459401,      -9.167623035,      -8.960337969
          0,           0,        3239,      -9.001315809,      -6.350502914,      -9.167904343,      -8.960266699
          0,           0,        3240,      -9.001318889,      -6.350546368,      -9.168185431,      -8.960195514
          0,           0,        3241,      -9.001321955,      -6.350589762,      -9.168466301,      -8.960124407
          0,           0,        3242,      -9.001325008,      -6.350633097,      -9.168746965,      -8.960053378
          0,           0,        3243,      -9.001328049,      -6.350676373,      -9.169027436,      -8.959982426
          0,           0,        3244,      -9.001331079,      -6.350719589,      -9.169307747,      -8.959911548
          0,           0,        3245,      -9.001334097,      -6.350762747,      -9.169587953,      -8.959840742
          0,           0,        3246,      -9.001337104,      -6.350805845,      -9.169868073,      -8.959770007
          0,           0,        3247,      -9.001340097,      -6.350848884,       -9.17014776,      -8.959699344
          0,           0,        3248,       -9.00134308,      -6.350891864,      -9.170426787,      -8.959628745
          0,           0,        3249,      -9.001346053,      -6.350934786,      -9.170705365,      -8.959558207
          0,           0,        3250,      -9.001349019,      -6.350977648,      -9.170983645,      -8.959487732
          0,           0,        3251,      -9.001351979,      -6.351020453,      -9.171261662,      -8.959417317
          0,           0,        3252,      -9.001354933,      -6.351063198,      -9.171539411,      -8.959346962
          0,           0,        3253,      -9.001357884,      -6.351105886,      -9.171816885,      -8.959276667
          0,           0,        3254,      -9.001360837,      -6.351148515,      -9.172094082,      -8.959206431
          0,           0,        3255,      -9.001363793,      -6.351191085,      -9.172371002,      -8.959136282
          0,           0,        3256,      -9.001366755,      -6.351233598,      -9.172647632,      -8.959066187
          0,           0,        3257,      -9.001369729,      -6.351276053,      -9.172923933,      -8.958996107
          0,           0,        3258,      -9.001372717,       -6.35131845,      -9.173199942,      -8.958926099
          0,           0,        3259,      -9.001375723,      -6.351360789,      -9.173475676,      -8.958856158
          0,           0,        3260,      -9.001378752,       -6.35140307,      -9.173751138,       -8.95878628
          0,           0,        3261,      -9.001381807,      -6.351445294,      -9.174026331,      -8.958716463
          0,           0,        3262,       -9.00138489,      -6.351487459,      -9.174301257,      -8.958646689
          0,           0,        3263,      -9.001388006,      -6.351529567,      -9.174575923,      -8.958576977
          0,           0,        3264,      -9.001391155,      -6.351571617,      -9.174850328,      -8.958507334
          0,           0,        3265,      -9.001394341,      -6.351613609,      -9.175124374,      -8.958437756
          0,           0,        3266,      -9.001397566,      -6.351655545,      -9.175397788,      -8.958368251
          0,           0,        3267,      -9.001400836,      -6.351697422,      -9.175670866,        -8.9582988
          0,           0,        3268,      -9.001404152,      -6.351739243,      -9.175943938,      -8.958229399
          0,           0,        3269,      -9.001407516,      -6.351781005,      -9.176217032,      -8.958160054
          0,           0,        3270,       -9.00141093,      -6.351822711,       -9.17649008,      -8.958090776
          0,           0,        3271,      -9.001414396,      -6.351864359,      -9.176763036,      -8.958021555
          0,           0,        3272,      -9.001417916,       -6.35190595,      -9.177035887,      -8.957952391
          0,           0,        3273,      -9.001421492,      -6.351947484,      -9.177308636,      -8.957883283
          0,           0,        3274,      -9.001425124,      -6.351988962,      -9.177581261,      -8.957814232
          0,           0,        3275,      -9.001428814,      -6.352030382,      -9.177853655,      -8.957745236
          0,           0,        3276,      -9.001432562,      -6.352071746,      -9.178125734,      -8.957676297
          0,           0,        3277,      -9.001436369,      -6.352113052,      -9.178397553,      -8.957607412
          0,           0,        3278,      -9.001440233,      -6.352154303,      -9.178669168,      -8.957538583
          0,           0,        3279,      -9.001444156,      -6.352195496,      -9.178940602,      -8.957469807
          0,           0,        3280,      -9.001448137,      -6.352236633,      -9.179211861,      -8.957401086
          0,           0,        3281,      -9.001452177,      -6.352277714,       -9.17948295,      -8.957332417
          0,           0,        3282,      -9.001456277,      -6.352318738,       -9.17975387,      -8.957263802
          0,           0,        3283,      -9.001460436,      -6.352359707,       -9.18002462,      -8.957195119
          0,           0,        3284,      -9.001464656,      -6.352400619,      -9.180295191,      -8.957126164
          0,           0,        3285,      -9.001468937,      -6.352441475,      -9.180565578,      -8.957057154
          0,           0,        3286,      -9.001473282,      -6.352482275,      -9.180835765,      -8.956988309
          0,           0,        3287,       -9.00147769,      -6.352523019,       -9.18110574,       -8.95691958
          0,           0,        3288,      -9.001482164,      -6.352563708,      -9.181375478,      -8.956850897
          0,           0,        3289,      -9.001486705,      -6.352604341,      -9.181644964,      -8.956782252
          0,           0,        3290,      -9.001491315,      -6.352644919,      -9.181914196,       -8.95671365
          0,           0,        3291,      -9.001495996,      -6.352685441,      -9.182183169,      -8.956645093
          0,           0,        3292,      -9.001500749,      -6.352725908,      -9.182451876,       -8.95657658
          0,           0,        3293,      -9.001505576,       -6.35276632,      -9.182720308,      -8.956508111
          0,           0,        3294,      -9.001510478,      -6.352806676,      -9.182988461,      -8.956439689
          0,           0,        3295,      -9.001515458,      -6.352846978,      -9.183256326,      -8.956371314
          0,           0,        3296,      -9.001520516,      -6.352887225,      -9.183523893,      -8.956302985
          0,           0,        3297,      -9.001525653,      -6.352927417,      -9.183791154,      -8.956234703
          0,           0,        3298,       -9.00153087,      -6.352967554,      -9.184058104,      -8.956166467
          0,           0,        3299,      -9.001536166,      -6.353007636,      -9.184324744,      -8.956098276
          0,           0,        3300,      -9.001541542,      -6.353047665,      -9.184591045,      -8.956030142
          0,           0,        3301,      -9.001546997,      -6.353087639,       -9.18485694,      -8.955962084
          0,           0,        3302,      -9.001552532,      -6.353127559,      -9.185122466,      -8.955894092
          0,           0,        3303,      -9.001558144,      -6.353167425,      -9.185387754,      -8.955826162
          0,           0,        3304,      -9.001563832,      -6.353207238,      -9.185652871,      -8.955758291
          0,           0,        3305,      -9.001569595,      -6.353246996,      -9.185917836,      -8.955690474
          0,           0,        3306,      -9.001575431,      -6.353286701,      -9.186182657,      -8.955622711
          0,           0,        3307,      -9.001581338,      -6.353326352,       -9.18644736,      -8.955554998
          0,           0,        3308,      -9.001587313,      -6.353365949,      -9.186711933,      -8.955487298
          0,           0,        3309,      -9.001593351,      -6.353405493,      -9.186976155,      -8.955419348
          0,           0,        3310,      -9.001599451,      -6.353444984,       -9.18723986,      -8.955351155
          0,           0,        3311,      -9.001605609,      -6.353484422,      -9.187503172,      -8.955283008
          0,           0,        3312,      -9.001611821,      -6.353523806,        -9.1877662,      -8.955214907
          0,           0,        3313,      -9.001618082,      -6.353563138,      -9.188028976,       -8.95514685
          0,           0,        3314,       -9.00162439,      -6.353602416,      -9.188291512,      -8.955078838
          0,           0,        3315,      -9.001630741,      -6.353641642,      -9.188553826,      -8.955010883
          0,           0,        3316,      -9.001637131,      -6.353680815,      -9.188815948,      -8.954942986
          0,           0,        3317,      -9.001643556,      -6.353719936,       -9.18907793,      -8.954875143
          0,           0,        3318,      -9.001650011,      -6.353759005,      -9.189339864,      -8.954807355
          0,           0,        3319,      -9.001656488,      -6.353798021,      -9.189601826,       -8.95473962
          0,           0,        3320,      -9.001662978,      -6.353836986,      -9.189863245,      -8.954671937
          0,           0,        3321,      -9.001669477,      -6.353875898,       -9.19012383,       -8.95460429
          0,           0,        3322,      -9.001675984,      -6.353914759,      -9.190383952,      -8.954536691
          0,           0,        3323,      -9.001682494,      -6.353953568,      -9.190643825,      -8.954469142
          0,           0,        3324,         -9.001689,      -6.353992325,      -9.190903497,      -8.954401641
          0,           0,        3325,      -9.001695497,      -6.354031031,      -9.191162973,      -8.954334188
          0,           0,        3326,      -9.001701976,      -6.354069685,      -9.191422249,      -8.954266783
          0,           0,        3327,      -9.001708433,      -6.354108288,      -9.191681327,      -8.954199425
          0,           0,        3328,       -9.00171486,       -6.35414684,      -9.191940148,      -8.954132116
          0,           0,        3329,      -9.001721253,       -6.35418534,      -9.192198738,      -8.954064855
          0,           0,        3330,      -9.001727609,      -6.354223789,      -9.192457064,      -8.953997646
          0,           0,        3331,      -9.001733921,      -6.354262188,      -9.192714967,      -8.953930485
          0,           0,        3332,      -9.001740189,      -6.354300535,      -9.192972573,      -8.953863377
          0,           0,        3333,       -9.00174641,      -6.354338832,      -9.193230104,      -8.953796331
          0,           0,        3334,      -9.001752584,      -6.354377078,      -9.193487597,      -8.953729388
          0,           0,        3335,      -9.001758709,      -6.354415273,       -9.19374483,      -8.953662513
          0,           0,        3336,      -9.001764789,      -6.354453417,      -9.194001362,      -8.953595691
          0,           0,        3337,      -9.001770833,       -6.35449151,      -9.194257776,      -8.953528915
          0,           0,        3338,      -9.001776848,      -6.354529553,      -9.194514427,      -8.953462188
          0,           0,        3339,      -9.001782835,      -6.354567545,      -9.194771228,       -8.95339551
          0,           0,        3340,      -9.001788798,      -6.354605486,      -9.195028029,       -8.95332888
          0,           0,        3341,      -9.001794743,      -6.354643375,      -9.195284735,      -8.953262296
          0,           0,        3342,      -9.001800676,      -6.354681214,      -9.195541289,       -8.95319576
          0,           0,        3343,      -9.001806604,      -6.354719002,       -9.19579766,       -8.95312927
          0,           0,        3344,      -9.001812534,      -6.354756739,      -9.196053834,      -8.953062827
          0,           0,        3345,      -9.001818475,      -6.354794426,      -9.196309805,      -8.952996397
          0,           0,        3346,      -9.001824435,      -6.354832061,      -9.196565575,      -8.952929965
          0,           0,        3347,      -9.001830422,      -6.354869645,      -9.196821143,      -8.952863581
          0,           0,        3348,      -9.001836444,      -6.354907178,      -9.197076507,      -8.952797243
          0,           0,        3349,       -9.00184251,      -6.354944661,      -9.197331667,      -8.952730951
          0,           0,        3350,      -9.001848628,      -6.354982093,       -9.19758662,      -8.952664705
          0,           0,        3351,      -9.001854806,      -6.355019474,      -9.197841362,      -8.952598505
          0,           0,        3352,       -9.00186105,      -6.355056805,      -9.198095886,      -8.952532351
          0,           0,        3353,      -9.001867367,      -6.355094085,      -9.198350188,      -8.952466242
          0,           0,        3354,      -9.001873765,      -6.355131314,      -9.198604258,      -8.952400173
          0,           0,        3355,       -9.00188025,      -6.355168494,      -9.198858089,       -8.95233416
          0,           0,        3356,      -9.001886826,      -6.355205623,      -9.199111671,      -8.952268215
          0,           0,        3357,      -9.001893499,      -6.355242703,      -9.199364998,      -8.952202327
          0,           0,        3358,      -9.001900275,      -6.355279732,      -9.199618062,      -8.952136497
          0,           0,        3359,      -9.001907158,      -6.355316712,      -9.199870856,      -8.952070724
          0,           0,        3360,      -9.001914153,      -6.355353642,      -9.200123374,      -8.952005006
          0,           0,        3361,      -9.001921263,      -6.355390523,      -9.200375613,      -8.951939341
          0,           0,        3362,      -9.001928492,      -6.355427354,       -9.20062757,      -8.951873721
          0,           0,        3363,      -9.001935844,      -6.355464136,      -9.200879242,      -8.951808197
          0,           0,        3364,      -9.001943321,      -6.355500869,      -9.201130627,      -8.951742748
          0,           0,        3365,      -9.001950927,      -6.355537552,      -9.201381726,       -8.95167736
          0,           0,        3366,      -9.001958663,      -6.355574187,      -9.201632542,      -8.951611993
          0,           0,        3367,      -9.001966533,      -6.355610773,      -9.201883076,      -8.951546585
          0,           0,        3368,      -9.001974536,      -6.355647311,       -9.20213333,      -8.951481133
          0,           0,        3369,      -9.001982675,      -6.355683799,      -9.202383309,      -8.951415731
          0,           0,        3370,      -9.001990951,      -6.355720239,      -9.202633015,      -8.951350376
          0,           0,        3371,      -9.001999364,      -6.355756631,      -9.202882451,      -8.951285069
          0,           0,        3372,      -9.002007915,      -6.355792974,      -9.203131623,      -8.951219785
          0,           0,        3373,      -9.002016602,      -6.355829269,      -9.203380537,      -8.951154507
          0,           0,        3374,      -9.002025426,      -6.355865515,      -9.203629195,      -8.951089235
          0,           0,        3375,      -9.002034386,      -6.355901714,      -9.203877604,       -8.95102397
          0,           0,        3376,      -9.002043479,      -6.355937865,      -9.204125771,      -8.950958619
          0,           0,        3377,      -9.002052705,      -6.355973967,      -9.204373701,      -8.950893316
          0,           0,        3378,      -9.002062061,      -6.356010022,      -9.204621399,      -8.950827921
          0,           0,        3379,      -9.002071546,      -6.356046029,      -9.204868874,      -8.950762544
          0,           0,        3380,      -9.002081155,      -6.356081989,      -9.205116135,      -8.950697217
          0,           0,        3381,      -9.002090887,      -6.356117901,      -9.205363187,       -8.95063194
          0,           0,        3382,      -9.002100737,      -6.356153766,       -9.20561004,      -8.950566713
          0,           0,        3383,      -9.002110704,      -6.356189583,        -9.2058567,      -8.950501536
          0,           0,        3384,      -9.002120782,      -6.356225354,      -9.206103179,       -8.95043641
          0,           0,        3385,      -9.002130968,      -6.356261077,      -9.206349485,      -8.950371334
          0,           0,        3386,      -9.002141258,      -6.356296753,      -9.206595624,      -8.950306308
          0,           0,        3387,      -9.002151648,      -6.356332382,      -9.206841605,        -8.9502413
          0,           0,        3388,      -9.002162133,      -6.356367965,      -9.207087438,       -8.95017623
          0,           0,        3389,      -9.002172708,      -6.356403501,      -9.207333126,      -8.950111108
          0,           0,        3390,       -9.00218337,       -6.35643899,      -9.207578678,      -8.950045984
          0,           0,        3391,      -9.002194114,      -6.356474433,        -9.2078241,       -8.94998091
          0,           0,        3392,      -9.002204935,      -6.356509829,      -9.208069397,      -8.949915887
          0,           0,        3393,      -9.002215829,      -6.356545179,      -9.208314572,      -8.949850914
          0,           0,        3394,      -9.002226791,      -6.356580482,      -9.208559627,      -8.949785928
          0,           0,        3395,      -9.002237817,       -6.35661574,      -9.208804566,      -8.949720918
          0,           0,        3396,      -9.002248903,      -6.356650951,      -9.209049388,      -8.949655958
          0,           0,        3397,      -9.002260043,      -6.356686117,      -9.209294093,       -8.94959109
          0,           0,        3398,      -9.002271235,      -6.356721237,      -9.209538678,      -8.949526301
          0,           0,        3399,      -9.002282474,      -6.356756311,      -9.209783146,       -8.94946158
          0,           0,        3400,      -9.002293756,       -6.35679134,      -9.210027488,       -8.94939692
          0,           0,        3401,      -9.002305078,      -6.356826323,      -9.210271702,      -8.949332316
          0,           0,        3402,      -9.002316435,      -6.356861261,       -9.21051578,      -8.949267768
          0,           0,        3403,      -9.002327824,      -6.356896153,      -9.210759717,      -8.949203273
          0,           0,        3404,      -9.002339242,         -6.356931,      -9.211003501,      -8.949138829
          0,           0,        3405,      -9.002350685,      -6.356965802,      -9.211247124,      -8.949074251
          0,           0,        3406,       -9.00236215,      -6.357000559,      -9.211490575,      -8.949009524
          0,           0,        3407,      -9.002373634,       -6.35703527,      -9.211733843,      -8.948944847
          0,           0,        3408,      -9.002385134,      -6.357069937,      -9.211976918,      -8.948880226
          0,           0,        3409,      -9.002396648,       -6.35710456,      -9.212219784,      -8.948815664
          0,           0,        3410,      -9.002408172,      -6.357139137,      -9.212462433,       -8.94875116
          0,           0,        3411,      -9.002419703,       -6.35717367,      -9.212704854,       -8.94868669
          0,           0,        3412,       -9.00243124,      -6.357208159,      -9.212947038,      -8.948622287
          0,           0,        3413,       -9.00244278,      -6.357242603,       -9.21318897,      -8.948558007
          0,           0,        3414,      -9.002454319,      -6.357277002,      -9.213430644,      -8.948493782
          0,           0,        3415,      -9.002465857,      -6.357311358,       -9.21367205,       -8.94842961
          0,           0,        3416,       -9.00247739,      -6.357345669,      -9.213913181,      -8.948365492
          0,           0,        3417,      -9.002488917,      -6.357379936,      -9.214154028,      -8.948301429
          0,           0,        3418,      -9.002500434,      -6.357414159,      -9.214394585,       -8.94823742
          0,           0,        3419,      -9.002511941,      -6.357448338,      -9.214634846,      -8.948173464
          0,           0,        3420,      -9.002523434,      -6.357482473,      -9.214874806,      -8.948109555
          0,           0,        3421,      -9.002534912,      -6.357516565,      -9.215114457,      -8.948045689
          0,           0,        3422,      -9.002546373,      -6.357550613,      -9.215353797,      -8.947981882
          0,           0,        3423,      -9.002557815,      -6.357584617,      -9.215592823,      -8.947918142
          0,           0,        3424,      -9.002569234,      -6.357618578,      -9.215831531,      -8.947854466
          0,           0,        3425,       -9.00258063,      -6.357652496,       -9.21606992,      -8.947790837
          0,           0,        3426,      -9.002592001,       -6.35768637,      -9.216307992,      -8.947727258
          0,           0,        3427,      -9.002603344,      -6.357720201,      -9.216545745,      -8.947663738
          0,           0,        3428,      -9.002614657,      -6.357753989,      -9.216783181,      -8.947600277
          0,           0,        3429,       -9.00262594,      -6.357787734,      -9.217020304,      -8.947536874
          0,           0,        3430,      -9.002637191,      -6.357821436,      -9.217257116,      -8.947473522
          0,           0,        3431,      -9.002648407,      -6.357855095,       -9.21749362,       -8.94741022
          0,           0,        3432,      -9.002659589,      -6.357888711,      -9.217729824,      -8.947346966
          0,           0,        3433,      -9.002670734,      -6.357922285,      -9.217965728,      -8.947283761
          0,           0,        3434,      -9.002681842,      -6.357955815,      -9.218201335,      -8.947220603
          0,           0,        3435,       -9.00269291,      -6.357989303,      -9.218436649,      -8.947157492
          0,           0,        3436,      -9.002703939,      -6.358022747,      -9.218671674,      -8.947094427
          0,           0,        3437,      -9.002714928,       -6.35805615,      -9.218906412,      -8.947031419
          0,           0,        3438,      -9.002725875,       -6.35808951,      -9.219140866,      -8.946968491
          0,           0,        3439,       -9.00273678,      -6.358122827,      -9.219375042,      -8.946905631
          0,           0,        3440,      -9.002747642,      -6.358156102,      -9.219608942,      -8.946842831
          0,           0,        3441,      -9.002758461,      -6.358189335,      -9.219842574,      -8.946780087
          0,           0,        3442,      -9.002769237,      -6.358222526,      -9.220075944,      -8.946717394
          0,           0,        3443,      -9.002779969,      -6.358255675,      -9.220309064,       -8.94665475
          0,           0,        3444,      -9.002790657,      -6.358288781,       -9.22054196,      -8.946592153
          0,           0,        3445,      -9.002801299,      -6.358321845,      -9.220774556,      -8.946529603
          0,           0,        3446,      -9.002811895,      -6.358354867,      -9.221006797,      -8.946467097
          0,           0,        3447,      -9.002822446,      -6.358387847,      -9.221238758,      -8.946404637
          0,           0,        3448,      -9.002832957,      -6.358420785,      -9.221470472,      -8.946342229
          0,           0,        3449,      -9.002843429,      -6.358453681,       -9.22170195,       -8.94627988
          0,           0,        3450,      -9.002853865,      -6.358486536,      -9.221933193,      -8.946217569
          0,           0,        3451,      -9.002864265,      -6.358519348,      -9.222164219,      -8.946155295
          0,           0,        3452,       -9.00287463,      -6.358552119,      -9.222395043,       -8.94609306
          0,           0,        3453,      -9.002884963,      -6.358584848,      -9.222625676,      -8.946030863
          0,           0,        3454,      -9.002895265,      -6.358617536,      -9.222856103,      -8.945968703
          0,           0,        3455,      -9.002905537,      -6.358650182,      -9.223086256,      -8.945906582
          0,           0,        3456,      -9.002915781,      -6.358682787,        -9.2233163,      -8.945844499
          0,           0,        3457,         -9.002926,       -6.35871535,      -9.223546238,      -8.945782453
          0,           0,        3458,      -9.002936194,      -6.358747871,      -9.223776006,      -8.945720446
          0,           0,        3459,       -9.00294636,      -6.358780352,       -9.22400558,      -8.945658159
          0,           0,        3460,      -9.002956495,      -6.358812791,      -9.224234963,      -8.945595585
          0,           0,        3461,        -9.0029666,      -6.358845189,      -9.224464163,      -8.945533036
          0,           0,        3462,      -9.002976672,      -6.358877546,       -9.22469319,      -8.945470515
          0,           0,        3463,      -9.002986713,      -6.358909861,      -9.224922046,      -8.945408031
          0,           0,        3464,      -9.002996723,      -6.358942136,       -9.22515074,      -8.945345588
          0,           0,        3465,      -9.003006701,       -6.35897437,       -9.22537928,      -8.945283185
          0,           0,        3466,      -9.003016648,      -6.359006563,      -9.225607668,      -8.945220824
          0,           0,        3467,      -9.003026566,      -6.359038715,      -9.225835907,      -8.945158504
          0,           0,        3468,      -9.003036456,      -6.359070827,      -9.226063993,      -8.945096224
          0,           0,        3469,      -9.003046319,      -6.359102898,      -9.226291922,      -8.945033985
          0,           0,        3470,      -9.003056159,      -6.359134928,      -9.226519688,      -8.944971826
          0,           0,        3471,      -9.003065977,      -6.359166917,      -9.226747285,      -8.944909713
          0,           0,        3472,      -9.003075777,      -6.359198866,      -9.226974706,      -8.944847635
          0,           0,        3473,      -9.003085561,      -6.359230774,      -9.227201946,      -8.944785592
          0,           0,        3474,      -9.003095334,      -6.359262641,      -9.227428999,      -8.944723561
          0,           0,        3475,      -9.003105097,      -6.359294468,      -9.227655863,      -8.944661499
          0,           0,        3476,      -9.003114856,      -6.359326255,      -9.227882525,       -8.94459942
          0,           0,        3477,      -9.003124612,      -6.359358001,      -9.228108984,      -8.944537374
          0,           0,        3478,       -9.00313437,      -6.359389706,      -9.228335238,      -8.944475362
          0,           0,        3479,      -9.003144133,      -6.359421371,      -9.228561286,      -8.944413384
          0,           0,        3480,      -9.003153904,      -6.359452996,      -9.228787127,      -8.944351442
          0,           0,        3481,      -9.003163686,       -6.35948458,      -9.229012758,      -8.944289538
          0,           0,        3482,      -9.003173482,      -6.359516124,      -9.229238177,      -8.944227669
          0,           0,        3483,      -9.003183294,      -6.359547627,      -9.229463386,      -8.944165833
          0,           0,        3484,      -9.003193124,      -6.359579091,      -9.229688381,      -8.944104031
          0,           0,        3485,      -9.003202974,      -6.359610514,      -9.229913165,      -8.944042263
          0,           0,        3486,      -9.003212847,      -6.359641897,      -9.230137735,      -8.943980543
          0,           0,        3487,      -9.003222743,       -6.35967324,      -9.230362093,      -8.943918883
          0,           0,        3488,      -9.003232663,      -6.359704544,      -9.230586239,      -8.943857304
          0,           0,        3489,      -9.003242608,      -6.359735807,      -9.230810177,      -8.943795787
          0,           0,        3490,      -9.003252579,      -6.359767031,      -9.231033907,      -8.943734313
          0,           0,        3491,      -9.003262576,      -6.359798215,      -9.231257432,      -8.943672881
          0,           0,        3492,      -9.003272599,       -6.35982936,      -9.231480752,      -8.943611488
          0,           0,        3493,      -9.003282647,      -6.359860465,      -9.231703858,       -8.94355014
          0,           0,        3494,      -9.003292721,       -6.35989153,      -9.231926736,      -8.943488877
          0,           0,        3495,      -9.003302819,      -6.359922556,      -9.232149387,      -8.943427662
          0,           0,        3496,      -9.003312941,      -6.359953542,      -9.232371834,      -8.943366481
          0,           0,        3497,      -9.003323085,      -6.359984489,      -9.232594103,      -8.943305279
          0,           0,        3498,      -9.003333252,      -6.360015397,      -9.232816211,      -8.943243894
          0,           0,        3499,      -9.003343442,      -6.360046265,      -9.233038167,      -8.943182431
          0,           0,        3500,      -9.003353653,      -6.360077094,      -9.233259975,      -8.943120864
          0,           0,        3501,      -9.003363884,      -6.360107884,      -9.233481636,      -8.943059331
          0,           0,        3502,      -9.003374136,      -6.360138635,      -9.233703148,      -8.942997832
          0,           0,        3503,      -9.003384408,      -6.360169347,      -9.233924505,      -8.942936368
          0,           0,        3504,      -9.003394699,       -6.36020002,      -9.234145704,      -8.942874943
          0,           0,        3505,      -9.003405008,      -6.360230655,      -9.234366739,      -8.942813566
          0,           0,        3506,      -9.003415336,      -6.360261251,      -9.234587606,      -8.942752235
          0,           0,        3507,       -9.00342568,      -6.360291808,      -9.234808303,      -8.942690964
          0,           0,        3508,      -9.003436042,      -6.360322327,      -9.235028829,      -8.942629736
          0,           0,        3509,      -9.003446419,      -6.360352808,      -9.235249185,       -8.94256855
          0,           0,        3510,      -9.003456813,       -6.36038325,      -9.235469371,      -8.942507406
          0,           0,        3511,      -9.003467223,      -6.360413654,       -9.23568939,      -8.942446301
          0,           0,        3512,      -9.003477648,      -6.360444019,      -9.235909244,      -8.942385236
          0,           0,        3513,      -9.003488089,      -6.360474347,      -9.236128937,       -8.94232421
          0,           0,        3514,      -9.003498545,      -6.360504636,      -9.236348469,      -8.942263223
          0,           0,        3515,      -9.003509016,      -6.360534887,      -9.236567845,      -8.942202273
          0,           0,        3516,      -9.003519503,        -6.3605651,      -9.236787065,      -8.942141361
          0,           0,        3517,      -9.003530004,      -6.360595276,      -9.237006131,      -8.942080487
          0,           0,        3518,      -9.003540521,      -6.360625413,      -9.237225045,      -8.942019649
          0,           0,        3519,      -9.003551053,      -6.360655513,      -9.237443806,      -8.941958849
          0,           0,        3520,        -9.0035616,      -6.360685575,      -9.237662414,      -8.941898095
          0,           0,        3521,      -9.003572162,      -6.360715599,      -9.237880866,      -8.941837428
          0,           0,        3522,       -9.00358274,      -6.360745586,      -9.238099159,      -8.941776816
          0,           0,        3523,      -9.003593333,      -6.360775536,      -9.238317285,      -8.941716247
          0,           0,        3524,      -9.003603941,      -6.360805448,      -9.238535238,      -8.941655718
          0,           0,        3525,      -9.003614565,      -6.360835323,      -9.238753013,      -8.941595233
          0,           0,        3526,      -9.003625203,      -6.360865161,      -9.238970605,      -8.941534791
          0,           0,        3527,      -9.003635858,      -6.360894962,      -9.239188015,       -8.94147439
          0,           0,        3528,      -9.003646529,      -6.360924726,      -9.239405244,      -8.941414031
          0,           0,        3529,      -9.003657217,      -6.360954452,      -9.239622293,      -8.941353699
          0,           0,        3530,      -9.003667922,      -6.360984142,      -9.239839164,      -8.941293407
          0,           0,        3531,      -9.003678646,      -6.361013795,      -9.240055855,      -8.941233145
          0,           0,        3532,      -9.003689388,      -6.361043411,      -9.240272369,      -8.941172923
          0,           0,        3533,      -9.003700151,      -6.361072991,      -9.240488702,      -8.941112741
          0,           0,        3534,      -9.003710934,      -6.361102534,      -9.240704851,      -8.941052599
          0,           0,        3535,      -9.003721738,       -6.36113204,      -9.240920812,      -8.940992496
          0,           0,        3536,      -9.003732565,      -6.361161509,      -9.241136582,      -8.940932431
          0,           0,        3537,      -9.003743415,      -6.361190942,      -9.241352157,      -8.940872406
          0,           0,        3538,      -9.003754289,      -6.361220339,      -9.241567535,       -8.94081242
          0,           0,        3539,      -9.003765188,      -6.361249699,      -9.241782712,      -8.940752472
          0,           0,        3540,      -9.003776112,      -6.361279023,      -9.241997687,      -8.940692564
          0,           0,        3541,      -9.003787063,      -6.361308311,      -9.242212457,      -8.940632694
          0,           0,        3542,      -9.003798042,      -6.361337562,      -9.242427024,      -8.940572861
          0,           0,        3543,       -9.00380905,      -6.361366777,      -9.242641386,      -8.940513066
          0,           0,        3544,      -9.003820087,      -6.361395956,      -9.242855547,      -8.940453309
          0,           0,        3545,      -9.003831155,        -6.3614251,      -9.243069505,      -8.940393538
          0,           0,        3546,      -9.003842255,      -6.361454207,      -9.243283261,      -8.940333789
          0,           0,        3547,      -9.003853387,      -6.361483279,      -9.243496815,      -8.940274094
          0,           0,        3548,      -9.003864551,      -6.361512315,      -9.243710168,      -8.940214451
          0,           0,        3549,      -9.003875749,      -6.361541315,      -9.243923317,      -8.940154857
          0,           0,        3550,       -9.00388698,       -6.36157028,      -9.244136262,       -8.94009531
          0,           0,        3551,      -9.003898246,      -6.361599209,      -9.244348999,      -8.940035811
          0,           0,        3552,      -9.003909545,      -6.361628103,      -9.244561526,      -8.939976406
          0,           0,        3553,      -9.003920877,      -6.361656962,      -9.244773841,      -8.939916946
          0,           0,        3554,      -9.003932244,      -6.361685785,      -9.244985945,      -8.939857517
          0,           0,        3555,      -9.003943644,      -6.361714573,      -9.245197833,      -8.939798134
          0,           0,        3556,      -9.003955077,      -6.361743326,      -9.245409505,      -8.939738795
          0,           0,        3557,      -9.003966543,      -6.361772044,      -9.245620951,      -8.939679497
          0,           0,        3558,       -9.00397804,      -6.361800726,      -9.245832166,      -8.939620239
          0,           0,        3559,      -9.003989567,      -6.361829374,      -9.246043168,       -8.93956102
          0,           0,        3560,      -9.004001124,      -6.361857986,      -9.246253951,      -8.939501841
          0,           0,        3561,      -9.004012711,      -6.361886564,      -9.246464514,      -8.939442701
          0,           0,        3562,      -9.004024327,      -6.361915106,      -9.246674857,        -8.9393836
          0,           0,        3563,      -9.004035973,      -6.361943614,      -9.246884987,      -8.939324538
          0,           0,        3564,      -9.004047646,      -6.361972086,      -9.247094915,      -8.939265514
          0,           0,        3565,      -9.004059346,      -6.362000524,      -9.247304664,       -8.93920653
          0,           0,        3566,       -9.00407107,      -6.362028928,      -9.247514273,      -8.939147584
          0,           0,        3567,      -9.004082815,      -6.362057296,      -9.247723829,      -8.939088677
          0,           0,        3568,      -9.004094579,      -6.362085631,      -9.247933468,       -8.93902981
          0,           0,        3569,      -9.004106354,      -6.362113931,      -9.248142954,      -8.938970983
          0,           0,        3570,      -9.004118133,      -6.362142196,      -9.248351484,      -8.938912194
          0,           0,        3571,      -9.004129917,      -6.362170428,      -9.248559344,      -8.938853446
          0,           0,        3572,      -9.004141703,      -6.362198625,      -9.248766888,      -8.938794736
          0,           0,        3573,      -9.004153486,      -6.362226788,      -9.248974235,      -8.938736067
          0,           0,        3574,      -9.004165261,      -6.362254917,      -9.249181399,      -8.938677438
          0,           0,        3575,       -9.00417702,      -6.362283013,      -9.249388375,      -8.938618854
          0,           0,        3576,      -9.004188759,      -6.362311074,      -9.249595161,       -8.93856032
          0,           0,        3577,      -9.004200471,      -6.362339102,      -9.249801683,      -8.938501826
          0,           0,        3578,      -9.004212151,      -6.362367096,      -9.250007981,      -8.938443372
          0,           0,        3579,      -9.004223795,      -6.362395056,        -9.2502141,      -8.938384958
          0,           0,        3580,      -9.004235397,      -6.362422983,      -9.250420061,      -8.938326584
          0,           0,        3581,      -9.004246954,      -6.362450876,      -9.250625866,       -8.93826825
          0,           0,        3582,      -9.004258465,      -6.362478735,       -9.25083152,      -8.938209957
          0,           0,        3583,      -9.004269926,      -6.362506561,      -9.251036994,      -8.938151705
          0,           0,        3584,      -9.004281338,      -6.362534353,      -9.251241839,      -8.938093493
          0,           0,        3585,      -9.004292707,      -6.362562112,      -9.251446075,      -8.938035322
          0,           0,        3586,      -9.004304039,      -6.362589837,      -9.251650513,      -8.937977192
          0,           0,        3587,      -9.004315339,      -6.362617529,      -9.251855281,      -8.937919103
          0,           0,        3588,      -9.004326607,      -6.362645187,      -9.252060213,      -8.937861075
          0,           0,        3589,      -9.004337847,      -6.362672811,       -9.25226517,      -8.937803123
          0,           0,        3590,      -9.004349066,      -6.362700402,       -9.25247008,      -8.937745234
          0,           0,        3591,       -9.00436027,      -6.362727959,      -9.252674918,      -8.937687397
          0,           0,        3592,      -9.004371467,      -6.362755482,      -9.252879697,       -8.93762961
          0,           0,        3593,      -9.004382664,      -6.362782972,      -9.253084464,      -8.937571868
          0,           0,        3594,      -9.004393869,      -6.362810427,      -9.253289309,      -8.937514171
          0,           0,        3595,      -9.004405087,      -6.362837849,      -9.253494185,      -8.937456517
          0,           0,        3596,      -9.004416326,      -6.362865237,      -9.253698489,      -8.937398906
          0,           0,        3597,      -9.004427596,      -6.362892592,      -9.253902153,      -8.937341336
          0,           0,        3598,      -9.004438905,      -6.362919912,      -9.254105434,      -8.937283809
          0,           0,        3599,       -9.00445026,      -6.362947199,      -9.254308421,      -8.937226324
          0,           0,        3600,      -9.004461667,      -6.362974452,      -9.254511163,      -8.937168881
          0,           0,        3601,      -9.004473131,      -6.363001671,        -9.2547137,      -8.937111479
          0,           0,        3602,      -9.004484659,      -6.363028856,      -9.254916054,      -8.937054117
          0,           0,        3603,      -9.004496255,      -6.363056008,      -9.255118237,      -8.936996795
          0,           0,        3604,      -9.004507926,      -6.363083126,      -9.255320257,      -8.936939517
          0,           0,        3605,      -9.004519676,      -6.363110211,       -9.25552205,      -8.936882281
          0,           0,        3606,       -9.00453151,      -6.363137262,      -9.255723679,      -8.936825091
          0,           0,        3607,      -9.004543432,       -6.36316428,      -9.255925172,      -8.936767952
          0,           0,        3608,      -9.004555446,      -6.363191264,      -9.256126533,      -8.936710863
          0,           0,        3609,      -9.004567554,      -6.363218215,       -9.25632776,      -8.936653825
          0,           0,        3610,      -9.004579761,      -6.363245133,      -9.256528849,      -8.936596826
          0,           0,        3611,      -9.004592068,      -6.363272018,      -9.256729795,       -8.93653987
          0,           0,        3612,      -9.004604477,       -6.36329887,      -9.256930571,      -8.936482954
          0,           0,        3613,       -9.00461699,      -6.363325688,      -9.257130901,      -8.936425784
          0,           0,        3614,       -9.00462961,      -6.363352473,      -9.257330564,      -8.936368393
          0,           0,        3615,      -9.004642341,      -6.363379226,      -9.257530146,      -8.936311044
          0,           0,        3616,      -9.004655186,      -6.363405945,      -9.257729924,      -8.936253738
          0,           0,        3617,      -9.004668143,      -6.363432631,      -9.257929838,      -8.936196474
          0,           0,        3618,      -9.004681216,      -6.363459284,      -9.258129774,      -8.936139262
          0,           0,        3619,      -9.004694404,      -6.363485904,      -9.258329662,      -8.936082121
          0,           0,        3620,      -9.004707708,      -6.363512492,      -9.258529471,      -8.936025037
          0,           0,        3621,      -9.004721129,      -6.363539047,      -9.258729186,      -8.935968005
          0,           0,        3622,      -9.004734667,      -6.363565569,      -9.258928801,      -8.935911025
          0,           0,        3623,      -9.004748321,      -6.363592058,      -9.259128311,      -8.935854088
          0,           0,        3624,       -9.00476209,      -6.363618515,      -9.259327715,      -8.935797194
          0,           0,        3625,      -9.004775973,      -6.363644939,      -9.259527012,       -8.93574034
          0,           0,        3626,      -9.004789967,       -6.36367133,      -9.259726194,      -8.935683524
          0,           0,        3627,       -9.00480407,      -6.363697689,      -9.259925228,      -8.935626741
          0,           0,        3628,       -9.00481828,      -6.363724016,       -9.26012407,      -8.935569996
          0,           0,        3629,      -9.004832593,       -6.36375031,      -9.260322758,      -8.935513291
          0,           0,        3630,      -9.004847004,      -6.363776572,       -9.26052136,      -8.935456626
          0,           0,        3631,      -9.004861512,      -6.363802801,      -9.260719909,      -8.935399999
          0,           0,        3632,      -9.004876114,      -6.363828999,      -9.260918408,       -8.93534344
          0,           0,        3633,      -9.004890806,      -6.363855165,      -9.261116851,      -8.935286943
          0,           0,        3634,      -9.004905586,        -6.3638813,      -9.261315227,      -8.935230488
          0,           0,        3635,       -9.00492045,      -6.363907402,      -9.261513528,      -8.935174075
          0,           0,        3636,      -9.004935396,      -6.363933473,      -9.261711742,       -8.93511771
          0,           0,        3637,      -9.004950421,      -6.363959513,      -9.261909859,       -8.93506139
          0,           0,        3638,      -9.004965522,      -6.363985521,      -9.262107865,      -8.935005114
          0,           0,        3639,      -9.004980697,      -6.364011498,      -9.262305754,       -8.93494888
          0,           0,        3640,      -9.004995944,      -6.364037444,      -9.262503518,      -8.934892688
          0,           0,        3641,      -9.005011259,      -6.364063358,      -9.262701155,      -8.934836535
          0,           0,        3642,       -9.00502664,      -6.364089241,       -9.26289866,      -8.934780427
          0,           0,        3643,      -9.005042086,      -6.364115094,      -9.263096035,      -8.934724377
          0,           0,        3644,      -9.005057594,      -6.364140915,      -9.263293282,      -8.934668361
          0,           0,        3645,      -9.005073162,      -6.364166706,      -9.263490405,      -8.934612379
          0,           0,        3646,      -9.005088789,      -6.364192466,      -9.263687405,      -8.934556429
          0,           0,        3647,      -9.005104472,      -6.364218195,      -9.263884289,      -8.934500514
          0,           0,        3648,       -9.00512021,      -6.364243894,      -9.264081058,      -8.934444629
          0,           0,        3649,      -9.005136002,      -6.364269562,      -9.264277716,      -8.934388598
          0,           0,        3650,      -9.005151844,      -6.364295199,      -9.264474262,       -8.93433244
          0,           0,        3651,      -9.005167737,      -6.364320806,      -9.264670699,      -8.934276086
          0,           0,        3652,      -9.005183678,      -6.364346383,      -9.264867024,      -8.934219765
          0,           0,        3653,      -9.005199665,      -6.364371929,      -9.265063235,      -8.934163478
          0,           0,        3654,      -9.005215697,      -6.364397445,      -9.265259328,      -8.934107225
          0,           0,        3655,      -9.005231773,      -6.364422931,      -9.265455297,      -8.934051005
          0,           0,        3656,      -9.005247891,      -6.364448387,      -9.265651138,      -8.933994818
          0,           0,        3657,       -9.00526405,      -6.364473813,      -9.265846843,      -8.933938664
          0,           0,        3658,      -9.005280247,      -6.364499209,      -9.266042405,      -8.933882545
          0,           0,        3659,      -9.005296481,      -6.364524574,      -9.266237813,       -8.93382646
          0,           0,        3660,      -9.005312752,      -6.364549911,      -9.266433062,      -8.933770409
          0,           0,        3661,      -9.005329056,      -6.364575217,      -9.266628143,      -8.933714393
          0,           0,        3662,      -9.005345394,      -6.364600493,      -9.266823048,      -8.933658411
          0,           0,        3663,      -9.005361762,       -6.36462574,      -9.267017772,      -8.933602463
          0,           0,        3664,       -9.00537816,      -6.364650958,      -9.267212304,      -8.933546549
          0,           0,        3665,      -9.005394587,      -6.364676145,      -9.267406642,      -8.933490686
          0,           0,        3666,       -9.00541104,      -6.364701304,      -9.267600781,      -8.933434884
          0,           0,        3667,      -9.005427518,      -6.364726433,      -9.267794718,      -8.933379117
          0,           0,        3668,       -9.00544402,      -6.364751532,      -9.267988449,      -8.933323381
          0,           0,        3669,      -9.005460544,      -6.364776602,      -9.268181974,      -8.933267675
          0,           0,        3670,      -9.005477089,      -6.364801643,       -9.26837529,         -8.933212
          0,           0,        3671,      -9.005493654,      -6.364826655,      -9.268568396,      -8.933156353
          0,           0,        3672,      -9.005510236,      -6.364851637,       -9.26876129,       -8.93310073
          0,           0,        3673,      -9.005526834,      -6.364876591,      -9.268953973,      -8.933045139
          0,           0,        3674,      -9.005543446,      -6.364901515,      -9.269146443,      -8.932989583
          0,           0,        3675,      -9.005560072,      -6.364926411,      -9.269338699,      -8.932934063
          0,           0,        3676,      -9.005576709,      -6.364951277,      -9.269530739,      -8.932878576
          0,           0,        3677,      -9.005593355,      -6.364976115,      -9.269722564,      -8.932823125
          0,           0,        3678,      -9.005610009,      -6.365000924,      -9.269914173,      -8.932767706
          0,           0,        3679,      -9.005626669,      -6.365025704,      -9.270105567,      -8.932712317
          0,           0,        3680,      -9.005643334,      -6.365050455,      -9.270296745,      -8.932656962
          0,           0,        3681,      -9.005660001,      -6.365075177,      -9.270487709,      -8.932601641
          0,           0,        3682,      -9.005676668,      -6.365099871,       -9.27067846,      -8.932546353
          0,           0,        3683,      -9.005693334,      -6.365124536,         -9.270869,      -8.932491099
          0,           0,        3684,      -9.005709997,      -6.365149173,      -9.271059338,      -8.932435878
          0,           0,        3685,      -9.005726655,      -6.365173781,      -9.271249477,       -8.93238072
          0,           0,        3686,      -9.005743306,      -6.365198361,       -9.27143943,      -8.932325615
          0,           0,        3687,      -9.005759949,      -6.365222913,      -9.271629217,      -8.932270514
          0,           0,        3688,      -9.005776581,      -6.365247436,      -9.271818863,      -8.932215447
          0,           0,        3689,      -9.005793202,      -6.365271931,      -9.272008383,      -8.932160418
          0,           0,        3690,       -9.00580981,      -6.365296398,      -9.272197677,      -8.932105429
          0,           0,        3691,      -9.005826404,      -6.365320837,      -9.272386564,      -8.932050527
          0,           0,        3692,      -9.005842982,      -6.365345247,      -9.272575072,      -8.931995673
          0,           0,        3693,      -9.005859543,      -6.365369629,      -9.272763313,      -8.931940854
          0,           0,        3694,      -9.005876086,      -6.365393984,       -9.27295134,      -8.931886069
          0,           0,        3695,       -9.00589261,       -6.36541831,       -9.27313917,      -8.931831314
          0,           0,        3696,      -9.005909115,      -6.365442608,      -9.273326815,      -8.931776591
          0,           0,        3697,        -9.0059256,      -6.365466878,      -9.273514285,      -8.931721897
          0,           0,        3698,      -9.005942066,       -6.36549112,      -9.273701599,      -8.931667233
          0,           0,        3699,      -9.005958511,      -6.365515335,      -9.273888779,        -8.9316126
          0,           0,        3700,      -9.005974937,      -6.365539521,      -9.274075867,      -8.931557997
          0,           0,        3701,      -9.005991342,      -6.365563679,      -9.274262909,      -8.931503424
          0,           0,        3702,      -9.006007725,       -6.36558781,      -9.274449797,      -8.931448881
          0,           0,        3703,      -9.006024087,      -6.365611913,      -9.274636103,      -8.931394378
          0,           0,        3704,      -9.006040427,      -6.365635988,       -9.27482185,       -8.93133991
          0,           0,        3705,      -9.006056746,      -6.365660035,      -9.275007252,      -8.931285472
          0,           0,        3706,      -9.006073042,      -6.365684055,      -9.275192407,      -8.931231066
          0,           0,        3707,      -9.006089316,      -6.365708047,      -9.275377332,      -8.931176691
          0,           0,        3708,      -9.006105568,      -6.365732011,      -9.275562022,      -8.931122359
          0,           0,        3709,      -9.006121798,      -6.365755949,      -9.275746478,      -8.931068072
          0,           0,        3710,      -9.006138007,      -6.365779859,      -9.275930702,      -8.931013828
          0,           0,        3711,      -9.006154194,      -6.365803741,      -9.276114696,      -8.930959625
          0,           0,        3712,       -9.00617036,      -6.365827596,      -9.276298458,       -8.93090546
          0,           0,        3713,      -9.006186505,      -6.365851424,      -9.276481943,      -8.930851333
          0,           0,        3714,      -9.006202629,      -6.365875225,      -9.276665102,      -8.930797242
          0,           0,        3715,      -9.006218732,      -6.365898998,      -9.276847839,      -8.930743189
          0,           0,        3716,      -9.006234813,      -6.365922744,      -9.277030245,      -8.930689171
          0,           0,        3717,       -9.00625087,      -6.365946463,      -9.277212498,      -8.930635188
          0,           0,        3718,      -9.006266903,      -6.365970155,      -9.277394648,       -8.93058124
          0,           0,        3719,      -9.006282911,      -6.365993819,      -9.277576669,      -8.930527324
          0,           0,        3720,       -9.00629889,      -6.366017456,      -9.277758527,      -8.930473489
          0,           0,        3721,      -9.006314839,      -6.366041067,        -9.2779402,      -8.930419705
          0,           0,        3722,      -9.006330755,       -6.36606465,      -9.278121632,      -8.930365961
          0,           0,        3723,      -9.006346636,      -6.366088205,      -9.278302588,      -8.930312253
          0,           0,        3724,      -9.006362479,      -6.366111734,      -9.278483079,      -8.930258579
          0,           0,        3725,      -9.006378282,      -6.366135236,      -9.278663483,      -8.930204937
          0,           0,        3726,      -9.006394042,       -6.36615871,       -9.27884394,      -8.930151328
          0,           0,        3727,      -9.006409755,      -6.366182158,      -9.279024414,      -8.930097751
          0,           0,        3728,       -9.00642542,      -6.366205578,      -9.279204845,      -8.930044133
          0,           0,        3729,      -9.006441032,      -6.366228971,      -9.279385195,      -8.929990515
          0,           0,        3730,       -9.00645659,      -6.366252338,      -9.279565446,       -8.92993693
          0,           0,        3731,       -9.00647209,      -6.366275677,      -9.279745589,      -8.929883378
          0,           0,        3732,       -9.00648753,       -6.36629899,      -9.279925617,      -8.929829859
          0,           0,        3733,      -9.006502905,      -6.366322275,      -9.280105528,      -8.929776374
          0,           0,        3734,      -9.006518215,      -6.366345534,      -9.280285324,      -8.929722928
          0,           0,        3735,      -9.006533456,      -6.366368767,      -9.280465002,       -8.92966952
          0,           0,        3736,      -9.006548627,      -6.366391972,      -9.280644567,      -8.929616152
          0,           0,        3737,      -9.006563726,      -6.366415152,      -9.280824023,      -8.929562822
          0,           0,        3738,      -9.006578751,      -6.366438304,      -9.281003372,       -8.92950953
          0,           0,        3739,      -9.006593702,      -6.366461431,      -9.281182615,      -8.929456278
          0,           0,        3740,      -9.006608579,      -6.366484531,      -9.281361754,      -8.929403063
          0,           0,        3741,      -9.006623382,      -6.366507604,      -9.281540789,      -8.929349886
          0,           0,        3742,      -9.006638112,      -6.366530651,      -9.281719723,      -8.929296746
          0,           0,        3743,      -9.006652771,      -6.366553672,      -9.281898558,      -8.929243643
          0,           0,        3744,      -9.006667361,      -6.366576667,        -9.2820773,      -8.929190578
          0,           0,        3745,      -9.006681886,      -6.366599636,       -9.28225595,      -8.929137548
          0,           0,        3746,      -9.006696349,      -6.366622579,      -9.282434509,      -8.929084555
          0,           0,        3747,      -9.006710754,      -6.366645495,      -9.282612977,      -8.929031597
          0,           0,        3748,      -9.006725106,      -6.366668386,       -9.28279135,      -8.928978676
          0,           0,        3749,       -9.00673941,       -6.36669125,      -9.282969624,      -8.928925805
          0,           0,        3750,       -9.00675367,      -6.366714089,      -9.283147793,      -8.928872989
          0,           0,        3751,      -9.006767892,      -6.366736903,      -9.283325851,      -8.928820222
          0,           0,        3752,      -9.006782082,       -6.36675969,      -9.283503793,      -8.928767502
          0,           0,        3753,      -9.006796245,      -6.366782453,      -9.283681608,      -8.928714863
          0,           0,        3754,      -9.006810388,      -6.366805189,      -9.283859291,      -8.928662296
          0,           0,        3755,      -9.006824515,      -6.366827901,      -9.284036835,      -8.928609785
          0,           0,        3756,      -9.006838633,      -6.366850586,      -9.284214237,      -8.928557321
          0,           0,        3757,      -9.006852748,      -6.366873247,      -9.284391491,      -8.928504924
          0,           0,        3758,      -9.006866865,      -6.366895882,      -9.284568592,      -8.928452609
          0,           0,        3759,       -9.00688099,      -6.366918491,      -9.284745537,      -8.928400332
          0,           0,        3760,      -9.006895127,      -6.366941075,      -9.284922319,      -8.928348091
          0,           0,        3761,      -9.006909282,      -6.366963634,       -9.28509893,      -8.928295887
          0,           0,        3762,       -9.00692346,      -6.366986167,       -9.28527536,      -8.928243718
          0,           0,        3763,      -9.006937663,      -6.367008675,      -9.285451609,      -8.928191585
          0,           0,        3764,      -9.006951897,      -6.367031158,      -9.285627682,      -8.928139378
          0,           0,        3765,      -9.006966165,      -6.367053616,      -9.285803592,      -8.928086951
          0,           0,        3766,      -9.006980471,      -6.367076049,      -9.285979351,      -8.928034456
          0,           0,        3767,      -9.006994817,      -6.367098456,      -9.286154967,      -8.927981996
          0,           0,        3768,      -9.007009207,      -6.367120839,      -9.286330444,       -8.92792957
          0,           0,        3769,      -9.007023644,      -6.367143196,      -9.286505787,      -8.927877179
          0,           0,        3770,      -9.007038128,      -6.367165528,      -9.286680993,      -8.927824821
          0,           0,        3771,      -9.007052663,      -6.367187836,      -9.286856063,      -8.927772498
          0,           0,        3772,      -9.007067248,      -6.367210118,      -9.287030992,       -8.92772021
          0,           0,        3773,      -9.007081884,      -6.367232376,      -9.287205781,      -8.927667955
          0,           0,        3774,      -9.007096573,      -6.367254609,       -9.28738043,      -8.927615736
          0,           0,        3775,      -9.007111312,      -6.367276818,      -9.287554944,      -8.927563551
          0,           0,        3776,      -9.007126103,      -6.367299001,      -9.287729332,      -8.927511401
          0,           0,        3777,      -9.007140943,       -6.36732116,      -9.287903608,      -8.927459285
          0,           0,        3778,      -9.007155833,      -6.367343294,      -9.288077802,      -8.927407198
          0,           0,        3779,      -9.007170768,      -6.367365404,      -9.288251978,      -8.927355135
          0,           0,        3780,      -9.007185746,      -6.367387489,       -9.28842626,      -8.927303107
          0,           0,        3781,      -9.007200762,       -6.36740955,      -9.288600747,      -8.927251114
          0,           0,        3782,      -9.007215807,      -6.367431587,      -9.288774628,      -8.927199156
          0,           0,        3783,      -9.007230881,      -6.367453599,      -9.288947703,      -8.927147232
          0,           0,        3784,      -9.007245983,      -6.367475587,      -9.289120432,      -8.927095344
          0,           0,        3785,      -9.007261112,      -6.367497551,      -9.289293044,      -8.927043491
          0,           0,        3786,      -9.007276262,      -6.367519491,      -9.289465596,      -8.926991672
          0,           0,        3787,      -9.007291427,      -6.367541408,      -9.289638093,      -8.926939889
          0,           0,        3788,      -9.007306603,        -6.3675633,      -9.289810535,      -8.926888141
          0,           0,        3789,      -9.007321783,      -6.367585168,      -9.289982853,      -8.926836428
          0,           0,        3790,      -9.007336962,      -6.367607012,      -9.290155092,      -8.926784716
          0,           0,        3791,      -9.007352134,      -6.367628833,      -9.290327344,      -8.926732981
          0,           0,        3792,      -9.007367294,       -6.36765063,      -9.290499634,      -8.926681238
          0,           0,        3793,      -9.007382433,      -6.367672404,      -9.290671626,      -8.926629568
          0,           0,        3794,      -9.007397549,      -6.367694154,      -9.290843401,      -8.926577861
          0,           0,        3795,      -9.007412641,      -6.367715881,      -9.291014977,      -8.926526185
          0,           0,        3796,      -9.007427712,      -6.367737584,      -9.291185769,      -8.926474551
          0,           0,        3797,      -9.007442766,      -6.367759264,       -9.29135638,      -8.926422958
          0,           0,        3798,      -9.007457806,      -6.367780921,      -9.291527403,      -8.926371402
          0,           0,        3799,      -9.007472833,      -6.367802553,      -9.291698796,      -8.926319882
          0,           0,        3800,      -9.007487845,      -6.367824163,      -9.291870377,        -8.9262684
          0,           0,        3801,      -9.007502845,      -6.367845748,      -9.292042004,      -8.926216952
          0,           0,        3802,      -9.007517835,      -6.367867311,      -9.292213578,      -8.926165541
          0,           0,        3803,      -9.007532819,      -6.367888849,      -9.292384839,      -8.926114164
          0,           0,        3804,      -9.007547804,      -6.367910364,      -9.292556097,      -8.926062822
          0,           0,        3805,      -9.007562798,      -6.367931855,      -9.292727453,      -8.926011515
          0,           0,        3806,      -9.007577805,      -6.367953323,      -9.292898814,      -8.925960243
          0,           0,        3807,      -9.007592829,      -6.367974766,      -9.293070113,      -8.925909007
          0,           0,        3808,      -9.007607873,      -6.367996186,      -9.293241307,      -8.925857806
          0,           0,        3809,      -9.007622944,      -6.368017582,      -9.293412373,       -8.92580664
          0,           0,        3810,      -9.007638048,      -6.368038955,      -9.293583294,       -8.92575551
          0,           0,        3811,      -9.007653189,      -6.368060303,      -9.293754058,      -8.925704416
          0,           0,        3812,      -9.007668374,      -6.368081627,      -9.293924668,      -8.925653356
          0,           0,        3813,       -9.00768361,      -6.368102927,      -9.294095122,      -8.925602331
          0,           0,        3814,      -9.007698901,      -6.368124204,      -9.294265422,      -8.925551342
          0,           0,        3815,      -9.007714254,      -6.368145456,      -9.294435564,      -8.925500388
          0,           0,        3816,      -9.007729674,      -6.368166684,      -9.294605547,      -8.925449321
          0,           0,        3817,      -9.007745166,      -6.368187888,      -9.294775369,      -8.925398032
          0,           0,        3818,      -9.007760735,      -6.368209068,      -9.294945028,      -8.925346499
          0,           0,        3819,      -9.007776387,      -6.368230224,      -9.295114522,      -8.925294928
          0,           0,        3820,      -9.007792126,      -6.368251356,      -9.295283851,      -8.925243377
          0,           0,        3821,      -9.007807956,      -6.368272464,      -9.295453016,      -8.925191868
          0,           0,        3822,      -9.007823881,      -6.368293548,       -9.29562202,      -8.925140398
          0,           0,        3823,      -9.007839905,      -6.368314609,      -9.295790866,      -8.925088969
          0,           0,        3824,       -9.00785603,      -6.368335645,      -9.295959556,      -8.925037578
          0,           0,        3825,       -9.00787226,      -6.368356657,      -9.296128093,      -8.924986226
          0,           0,        3826,      -9.007888597,      -6.368377646,      -9.296296481,      -8.924934908
          0,           0,        3827,      -9.007905044,       -6.36839861,      -9.296464725,      -8.924883623
          0,           0,        3828,      -9.007921602,      -6.368419551,      -9.296632829,       -8.92483238
          0,           0,        3829,      -9.007938273,      -6.368440469,      -9.296800797,      -8.924781183
          0,           0,        3830,      -9.007955058,      -6.368461362,      -9.296968633,       -8.92473003
          0,           0,        3831,      -9.007971958,      -6.368482232,      -9.297136343,      -8.924678918
          0,           0,        3832,      -9.007988973,      -6.368503079,      -9.297303928,      -8.924627826
          0,           0,        3833,      -9.008006104,      -6.368523902,      -9.297471394,      -8.924576765
          0,           0,        3834,      -9.008023351,      -6.368544701,      -9.297638743,       -8.92452574
          0,           0,        3835,      -9.008040713,      -6.368565477,      -9.297805976,       -8.92447475
          0,           0,        3836,      -9.008058191,       -6.36858623,      -9.297973097,      -8.924423795
          0,           0,        3837,      -9.008075783,      -6.368606959,      -9.298140106,      -8.924372873
          0,           0,        3838,      -9.008093488,      -6.368627665,      -9.298307005,      -8.924321984
          0,           0,        3839,      -9.008111307,      -6.368648347,      -9.298473794,       -8.92427113
          0,           0,        3840,      -9.008129237,      -6.368669007,      -9.298640477,      -8.924220341
          0,           0,        3841,      -9.008147276,      -6.368689643,      -9.298807053,      -8.924169604
          0,           0,        3842,      -9.008165424,      -6.368710257,      -9.298973522,      -8.924118913
          0,           0,        3843,      -9.008183679,      -6.368730847,      -9.299139886,      -8.924068263
          0,           0,        3844,      -9.008202039,      -6.368751415,      -9.299306145,      -8.924017649
          0,           0,        3845,      -9.008220502,      -6.368771959,      -9.299472301,      -8.923967071
          0,           0,        3846,      -9.008239066,      -6.368792481,      -9.299638355,      -8.923916526
          0,           0,        3847,      -9.008257729,       -6.36881298,      -9.299804307,      -8.923866012
          0,           0,        3848,      -9.008276488,      -6.368833457,      -9.299970157,       -8.92381553
          0,           0,        3849,      -9.008295341,       -6.36885391,      -9.300135906,      -8.923765098
          0,           0,        3850,      -9.008314285,      -6.368874341,      -9.300301558,      -8.923714699
          0,           0,        3851,      -9.008333319,       -6.36889475,      -9.300467114,      -8.923664327
          0,           0,        3852,      -9.008352439,      -6.368915136,      -9.300632577,      -8.923613984
          0,           0,        3853,      -9.008371643,        -6.3689355,      -9.300797948,       -8.92356367
          0,           0,        3854,      -9.008390928,      -6.368955841,      -9.300963232,      -8.923513382
          0,           0,        3855,      -9.008410292,       -6.36897616,       -9.30112843,      -8.923463085
          0,           0,        3856,      -9.008429732,      -6.368996457,      -9.301293547,      -8.923412777
          0,           0,        3857,      -9.008449244,      -6.369016731,      -9.301458581,      -8.923362494
          0,           0,        3858,      -9.008468827,      -6.369036984,      -9.301623537,      -8.923312237
          0,           0,        3859,      -9.008488477,      -6.369057214,      -9.301788415,      -8.923262006
          0,           0,        3860,      -9.008508192,      -6.369077423,      -9.301953217,      -8.923211802
          0,           0,        3861,      -9.008527969,      -6.369097609,      -9.302117947,      -8.923161625
          0,           0,        3862,      -9.008547804,      -6.369117774,      -9.302282602,      -8.923111433
          0,           0,        3863,      -9.008567696,      -6.369137917,      -9.302447182,      -8.923061251
          0,           0,        3864,       -9.00858764,      -6.369158038,      -9.302611687,      -8.923011068
          0,           0,        3865,      -9.008607635,      -6.369178138,      -9.302776115,      -8.922960913
          0,           0,        3866,      -9.008627677,      -6.369198217,      -9.302940465,      -8.922910788
          0,           0,        3867,      -9.008647764,      -6.369218274,      -9.303104732,      -8.922860691
          0,           0,        3868,      -9.008667893,      -6.369238309,      -9.303268915,      -8.922810623
          0,           0,        3869,       -9.00868806,      -6.369258323,      -9.303433009,      -8.922760582
          0,           0,        3870,      -9.008708264,      -6.369278316,      -9.303597009,      -8.922710568
          0,           0,        3871,      -9.008728501,      -6.369298287,       -9.30376091,      -8.922660581
          0,           0,        3872,      -9.008748769,      -6.369318237,      -9.303924705,      -8.922610623
          0,           0,        3873,      -9.008769066,      -6.369338166,      -9.304088389,      -8.922560707
          0,           0,        3874,      -9.008789388,      -6.369358074,      -9.304251954,      -8.922510846
          0,           0,        3875,      -9.008809732,      -6.369377961,      -9.304415394,      -8.922461012
          0,           0,        3876,      -9.008830097,      -6.369397826,      -9.304578701,      -8.922411203
          0,           0,        3877,       -9.00885048,      -6.369417671,      -9.304741868,      -8.922361416
          0,           0,        3878,      -9.008870879,      -6.369437494,      -9.304904893,      -8.922311652
          0,           0,        3879,       -9.00889129,      -6.369457297,      -9.305067766,       -8.92226191
          0,           0,        3880,      -9.008911711,      -6.369477078,      -9.305230481,      -8.922212193
          0,           0,        3881,      -9.008932141,      -6.369496839,      -9.305393033,      -8.922162499
          0,           0,        3882,      -9.008952576,      -6.369516579,      -9.305555415,      -8.922112829
          0,           0,        3883,      -9.008973014,      -6.369536297,      -9.305717624,      -8.922063184
          0,           0,        3884,      -9.008993454,      -6.369555995,      -9.305879657,      -8.922013562
          0,           0,        3885,      -9.009013893,      -6.369575673,       -9.30604151,      -8.921963965
          0,           0,        3886,      -9.009034329,      -6.369595329,       -9.30620318,      -8.921914397
          0,           0,        3887,      -9.009054759,      -6.369614965,      -9.306364663,      -8.921864882
          0,           0,        3888,      -9.009075183,       -6.36963458,      -9.306525957,      -8.921815389
          0,           0,        3889,      -9.009095597,      -6.369654174,       -9.30668706,       -8.92176592
          0,           0,        3890,      -9.009116001,      -6.369673748,      -9.306847972,      -8.921716476
          0,           0,        3891,      -9.009136392,      -6.369693301,      -9.307008688,      -8.921667055
          0,           0,        3892,      -9.009156769,      -6.369712834,       -9.30716921,      -8.921617658
          0,           0,        3893,      -9.009177129,      -6.369732346,      -9.307329536,      -8.921568286
          0,           0,        3894,      -9.009197471,      -6.369751837,      -9.307489667,      -8.921518937
          0,           0,        3895,      -9.009217794,      -6.369771308,      -9.307649602,      -8.921469612
          0,           0,        3896,      -9.009238096,      -6.369790759,      -9.307809344,      -8.921420313
          0,           0,        3897,      -9.009258376,       -6.36981019,      -9.307968896,      -8.921371045
          0,           0,        3898,      -9.009278631,        -6.3698296,      -9.308128265,      -8.921321651
          0,           0,        3899,      -9.009298862,      -6.369848991,      -9.308287455,      -8.921272199
          0,           0,        3900,      -9.009319066,      -6.369868361,      -9.308446474,       -8.92122279
          0,           0,        3901,      -9.009339243,      -6.369887712,      -9.308605314,      -8.921173462
          0,           0,        3902,      -9.009359392,      -6.369907042,       -9.30876395,      -8.921124176
          0,           0,        3903,      -9.009379511,      -6.369926353,      -9.308922344,      -8.921074923
          0,           0,        3904,      -9.009399599,      -6.369945644,      -9.309080503,      -8.921025699
          0,           0,        3905,      -9.009419654,      -6.369964915,      -9.309238447,        -8.9209765
          0,           0,        3906,      -9.009439675,      -6.369984165,      -9.309396197,      -8.920927328
          0,           0,        3907,      -9.009459662,      -6.370003396,      -9.309553768,       -8.92087818
          0,           0,        3908,      -9.009479615,      -6.370022607,      -9.309711174,      -8.920829057
          0,           0,        3909,      -9.009499531,      -6.370041798,      -9.309868423,      -8.920779959
          0,           0,        3910,      -9.009519411,       -6.37006097,      -9.310025521,      -8.920730884
          0,           0,        3911,      -9.009539255,      -6.370080121,      -9.310182472,      -8.920681834
          0,           0,        3912,      -9.009559062,      -6.370099252,      -9.310339277,      -8.920632806
          0,           0,        3913,      -9.009578832,      -6.370118364,      -9.310495935,      -8.920583803
          0,           0,        3914,      -9.009598564,      -6.370137456,      -9.310652441,      -8.920534801
          0,           0,        3915,      -9.009618259,      -6.370156528,       -9.31080879,      -8.920485802
          0,           0,        3916,      -9.009637916,       -6.37017558,      -9.310964978,      -8.920436827
          0,           0,        3917,      -9.009657537,      -6.370194612,      -9.311120999,      -8.920387874
          0,           0,        3918,       -9.00967712,      -6.370213625,      -9.311276852,      -8.920338945
          0,           0,        3919,      -9.009696666,      -6.370232618,      -9.311432527,      -8.920290039
          0,           0,        3920,      -9.009716176,      -6.370251591,      -9.311588017,      -8.920241156
          0,           0,        3921,      -9.009735649,      -6.370270545,      -9.311743325,      -8.920192296
          0,           0,        3922,      -9.009755086,      -6.370289479,      -9.311898453,      -8.920143458
          0,           0,        3923,      -9.009774488,      -6.370308393,      -9.312053402,      -8.920094637
          0,           0,        3924,      -9.009793854,      -6.370327288,      -9.312208172,      -8.920045837
          0,           0,        3925,      -9.009813185,      -6.370346163,      -9.312362767,      -8.919997059
          0,           0,        3926,      -9.009832482,      -6.370365019,      -9.312517189,       -8.91994831
          0,           0,        3927,      -9.009851744,      -6.370383855,      -9.312671443,      -8.919899595
          0,           0,        3928,      -9.009870973,      -6.370402672,      -9.312825534,      -8.919850912
          0,           0,        3929,      -9.009890167,       -6.37042147,      -9.312979467,      -8.919802261
          0,           0,        3930,      -9.009909326,      -6.370440248,      -9.313133256,      -8.919753639
          0,           0,        3931,      -9.009928451,      -6.370459008,      -9.313286915,      -8.919705051
          0,           0,        3932,      -9.009947542,      -6.370477748,      -9.313440469,      -8.919656539
          0,           0,        3933,      -9.009966596,      -6.370496469,      -9.313593968,      -8.919608073
          0,           0,        3934,      -9.009985613,      -6.370515171,      -9.313747503,       -8.91955964
          0,           0,        3935,       -9.01000459,      -6.370533854,       -9.31390118,      -8.919511235
          0,           0,        3936,      -9.010023524,      -6.370552518,       -9.31405461,      -8.919462856
          0,           0,        3937,      -9.010042411,      -6.370571163,      -9.314207135,      -8.919414503
          0,           0,        3938,      -9.010061253,      -6.370589789,      -9.314359083,      -8.919366171
          0,           0,        3939,      -9.010080047,      -6.370608397,      -9.314510805,      -8.919317862
          0,           0,        3940,      -9.010098792,      -6.370626985,      -9.314662432,      -8.919269577
          0,           0,        3941,      -9.010117485,      -6.370645555,      -9.314813996,      -8.919221316
          0,           0,        3942,      -9.010136125,      -6.370664106,      -9.314965518,      -8.919173071
          0,           0,        3943,       -9.01015471,      -6.370682638,      -9.315117064,      -8.919124784
          0,           0,        3944,      -9.010173235,      -6.370701151,      -9.315268775,      -8.919076514
          0,           0,        3945,      -9.010191696,      -6.370719646,      -9.315420348,      -8.919028268
          0,           0,        3946,      -9.010210089,      -6.370738123,      -9.315570946,      -8.918980045
          0,           0,        3947,      -9.010228418,      -6.370756581,      -9.315720926,      -8.918931845
          0,           0,        3948,      -9.010246684,       -6.37077502,       -9.31587064,      -8.918883669
          0,           0,        3949,      -9.010264886,      -6.370793441,        -9.3160202,      -8.918835517
          0,           0,        3950,      -9.010283024,      -6.370811844,      -9.316169623,      -8.918787388
          0,           0,        3951,      -9.010301096,      -6.370830228,      -9.316318903,      -8.918739283
          0,           0,        3952,      -9.010319099,      -6.370848594,      -9.316467908,      -8.918691202
          0,           0,        3953,      -9.010337032,      -6.370866942,      -9.316616157,      -8.918643145
          0,           0,        3954,      -9.010354897,      -6.370885271,      -9.316763905,      -8.918595112
          0,           0,        3955,      -9.010372695,      -6.370903582,      -9.316911868,      -8.918547103
          0,           0,        3956,      -9.010390424,      -6.370921875,      -9.317060175,      -8.918499118
          0,           0,        3957,      -9.010408083,      -6.370940149,      -9.317208691,      -8.918451157
          0,           0,        3958,      -9.010425671,      -6.370958404,      -9.317357086,       -8.91840322
          0,           0,        3959,      -9.010443191,      -6.370976641,      -9.317504789,      -8.918355309
          0,           0,        3960,      -9.010460651,       -6.37099486,      -9.317652681,      -8.918307426
          0,           0,        3961,      -9.010478054,       -6.37101306,      -9.317801102,      -8.918259572
          0,           0,        3962,        -9.0104954,      -6.371031242,      -9.317949897,      -8.918211748
          0,           0,        3963,      -9.010512691,      -6.371049405,      -9.318098888,      -8.918163953
          0,           0,        3964,       -9.01052993,      -6.371067549,      -9.318247974,      -8.918116187
          0,           0,        3965,       -9.01054712,      -6.371085675,      -9.318397101,      -8.918068449
          0,           0,        3966,      -9.010564269,      -6.371103782,      -9.318546247,       -8.91802074
          0,           0,        3967,      -9.010581383,       -6.37112187,      -9.318695397,      -8.917973075
          0,           0,        3968,      -9.010598467,      -6.371139939,      -9.318844541,      -8.917925506
          0,           0,        3969,      -9.010615532,       -6.37115799,      -9.318993667,      -8.917878003
          0,           0,        3970,      -9.010632584,      -6.371176022,      -9.319142769,      -8.917830547
          0,           0,        3971,      -9.010649634,      -6.371194035,      -9.319291841,      -8.917783132
          0,           0,        3972,       -9.01066669,       -6.37121203,      -9.319440883,      -8.917735752
          0,           0,        3973,      -9.010683763,      -6.371230005,      -9.319589902,      -8.917688366
          0,           0,        3974,      -9.010700861,      -6.371247962,        -9.3197389,      -8.917640928
          0,           0,        3975,      -9.010717995,      -6.371265899,      -9.319887884,      -8.917593518
          0,           0,        3976,      -9.010735174,      -6.371283817,      -9.320036853,      -8.917546137
          0,           0,        3977,      -9.010752408,      -6.371301717,      -9.320185808,      -8.917498782
          0,           0,        3978,      -9.010769704,      -6.371319597,      -9.320334749,      -8.917451455
          0,           0,        3979,      -9.010787072,      -6.371337459,       -9.32048367,      -8.917404155
          0,           0,        3980,      -9.010804519,      -6.371355301,      -9.320632567,      -8.917356882
          0,           0,        3981,      -9.010822053,      -6.371373125,      -9.320781433,      -8.917309636
          0,           0,        3982,      -9.010839681,       -6.37139093,       -9.32093026,      -8.917262416
          0,           0,        3983,      -9.010857409,      -6.371408716,      -9.321079043,      -8.917215223
          0,           0,        3984,      -9.010875242,      -6.371426484,      -9.321227774,      -8.917168057
          0,           0,        3985,      -9.010893186,      -6.371444232,      -9.321376448,      -8.917120917
          0,           0,        3986,      -9.010911246,      -6.371461963,      -9.321525065,      -8.917073797
          0,           0,        3987,      -9.010929425,      -6.371479674,      -9.321673632,      -8.917026697
          0,           0,        3988,      -9.010947727,      -6.371497367,      -9.321822184,      -8.916979623
          0,           0,        3989,      -9.010966155,      -6.371515042,      -9.321970815,      -8.916932576
          0,           0,        3990,      -9.010984709,      -6.371532699,      -9.322119274,      -8.916885556
          0,           0,        3991,      -9.011003389,      -6.371550337,      -9.322267189,      -8.916838562
          0,           0,        3992,        -9.0110222,      -6.371567958,      -9.322414811,      -8.916791595
          0,           0,        3993,      -9.011041148,       -6.37158556,      -9.322562294,      -8.916744537
          0,           0,        3994,      -9.011060234,      -6.371603144,      -9.322709676,      -8.916697256
          0,           0,        3995,       -9.01107946,      -6.371620711,      -9.322856963,      -8.916649806
          0,           0,        3996,      -9.011098826,       -6.37163826,      -9.323004115,      -8.916602379
          0,           0,        3997,      -9.011118331,      -6.371655791,      -9.323151175,      -8.916554975
          0,           0,        3998,      -9.011137973,      -6.371673304,      -9.323298164,      -8.916507598
          0,           0,        3999,      -9.011157752,        -6.3716908,      -9.323445086,      -8.916460248
          0,           0,        4000,      -9.011177664,      -6.371708279,      -9.323591936,      -8.916412896
          0,           0,        4001,      -9.011197707,       -6.37172574,      -9.323738414,      -8.916365549
          0,           0,        4002,      -9.011217878,      -6.371743184,      -9.323884726,      -8.916318229
          0,           0,        4003,      -9.011238177,      -6.371760611,      -9.324031304,      -8.916270936
          0,           0,        4004,      -9.011258599,       -6.37177802,      -9.324178102,      -8.916223672
          0,           0,        4005,      -9.011279137,      -6.371795412,      -9.324325008,      -8.916176434
          0,           0,        4006,      -9.011299784,      -6.371812787,      -9.324471962,      -8.916129225
          0,           0,        4007,      -9.011320533,      -6.371830145,      -9.324618927,      -8.916082042
          0,           0,        4008,      -9.011341379,      -6.371847486,      -9.324765887,      -8.916034886
          0,           0,        4009,      -9.011362318,      -6.371864809,      -9.324912831,      -8.915987718
          0,           0,        4010,      -9.011383344,      -6.371882116,      -9.325059757,      -8.915940587
          0,           0,        4011,      -9.011404455,      -6.371899406,      -9.325206664,      -8.915893526
          0,           0,        4012,      -9.011425645,      -6.371916679,      -9.325353552,      -8.915846513
          0,           0,        4013,      -9.011446912,      -6.371933934,      -9.325500421,       -8.91579954
          0,           0,        4014,      -9.011468255,      -6.371951173,      -9.325647266,      -8.915752602
          0,           0,        4015,       -9.01148967,      -6.371968395,      -9.325794086,      -8.915705696
          0,           0,        4016,      -9.011511157,      -6.371985599,      -9.325940877,      -8.915658821
          0,           0,        4017,      -9.011532714,      -6.372002787,      -9.326087637,      -8.915611974
          0,           0,        4018,       -9.01155434,      -6.372019957,      -9.326234359,      -8.915565158
          0,           0,        4019,      -9.011576033,      -6.372037111,      -9.326381043,       -8.91551837
          0,           0,        4020,      -9.011597794,      -6.372054247,      -9.326527684,      -8.915471591
          0,           0,        4021,       -9.01161962,      -6.372071366,      -9.326674285,      -8.915424799
          0,           0,        4022,      -9.011641512,      -6.372088468,      -9.326820846,      -8.915378035
          0,           0,        4023,      -9.011663468,      -6.372105552,      -9.326967378,      -8.915331299
          0,           0,        4024,      -9.011685488,       -6.37212262,      -9.327113883,       -8.91528459
          0,           0,        4025,       -9.01170757,       -6.37213967,      -9.327260366,      -8.915237909
          0,           0,        4026,      -9.011729715,      -6.372156703,      -9.327406823,      -8.915191256
          0,           0,        4027,       -9.01175192,      -6.372173719,      -9.327553248,      -8.915144631
          0,           0,        4028,      -9.011774185,      -6.372190718,      -9.327699634,      -8.915098034
          0,           0,        4029,      -9.011796507,        -6.3722077,      -9.327845965,      -8.915051465
          0,           0,        4030,      -9.011818885,      -6.372224665,      -9.327992229,      -8.915004923
          0,           0,        4031,      -9.011841317,      -6.372241613,      -9.328138411,      -8.914958408
          0,           0,        4032,      -9.011863802,      -6.372258543,      -9.328284499,      -8.914911917
          0,           0,        4033,      -9.011886337,      -6.372275457,      -9.328430479,      -8.914865453
          0,           0,        4034,      -9.011908921,      -6.372292354,      -9.328576334,      -8.914819016
          0,           0,        4035,      -9.011931551,      -6.372309234,      -9.328722054,      -8.914772605
          0,           0,        4036,      -9.011954225,      -6.372326097,      -9.328867626,       -8.91472622
          0,           0,        4037,      -9.011976941,      -6.372342943,      -9.329013042,       -8.91467986
          0,           0,        4038,      -9.011999696,      -6.372359773,      -9.329158292,      -8.914633523
          0,           0,        4039,      -9.012022488,      -6.372376586,       -9.32930337,      -8.914587212
          0,           0,        4040,      -9.012045314,      -6.372393382,      -9.329448276,      -8.914540926
          0,           0,        4041,      -9.012068173,      -6.372410161,      -9.329593011,      -8.914494667
          0,           0,        4042,       -9.01209106,      -6.372426924,       -9.32973759,      -8.914448434
          0,           0,        4043,      -9.012113974,      -6.372443671,      -9.329882058,      -8.914402228
          0,           0,        4044,       -9.01213691,        -6.3724604,      -9.330026514,      -8.914356047
          0,           0,        4045,      -9.012159864,      -6.372477114,      -9.330171108,      -8.914309895
          0,           0,        4046,       -9.01218283,      -6.372493811,      -9.330315193,      -8.914263766
          0,           0,        4047,      -9.012205804,      -6.372510492,      -9.330458399,      -8.914217659
          0,           0,        4048,      -9.012228788,      -6.372527157,      -9.330601022,      -8.914171577
          0,           0,        4049,      -9.012251782,      -6.372543806,      -9.330743277,       -8.91412553
          0,           0,        4050,       -9.01227478,      -6.372560439,      -9.330885283,      -8.914079512
          0,           0,        4051,       -9.01229778,      -6.372577056,      -9.331027087,      -8.914033523
          0,           0,        4052,      -9.012320777,      -6.372593657,      -9.331168674,      -8.913987563
          0,           0,        4053,      -9.012343767,      -6.372610242,      -9.331310026,      -8.913941636
          0,           0,        4054,      -9.012366745,      -6.372626812,      -9.331451207,      -8.913895749
          0,           0,        4055,      -9.012389706,      -6.372643367,      -9.331592251,      -8.913849792
          0,           0,        4056,      -9.012412646,      -6.372659906,      -9.331733169,      -8.913803868
          0,           0,        4057,      -9.012435559,      -6.372676429,      -9.331873959,      -8.913757976
          0,           0,        4058,      -9.012458441,      -6.372692937,      -9.332014327,      -8.913712115
          0,           0,        4059,      -9.012481288,      -6.372709429,      -9.332154013,      -8.913666283
          0,           0,        4060,      -9.012504102,      -6.372725906,      -9.332293896,      -8.913620479
          0,           0,        4061,       -9.01252688,      -6.372742368,      -9.332434134,      -8.913574706
          0,           0,        4062,      -9.012549618,      -6.372758814,      -9.332574537,      -8.913528989
          0,           0,        4063,      -9.012572309,      -6.372775244,      -9.332714982,      -8.913483318
          0,           0,        4064,      -9.012594951,      -6.372791659,      -9.332855417,      -8.913437685
          0,           0,        4065,      -9.012617542,      -6.372808059,      -9.332995864,      -8.913392085
          0,           0,        4066,      -9.012640081,      -6.372824443,      -9.333136434,      -8.913346514
          0,           0,        4067,      -9.012662564,      -6.372840811,      -9.333276798,      -8.913300972
          0,           0,        4068,      -9.012684993,      -6.372857164,       -9.33341643,      -8.913255458
          0,           0,        4069,      -9.012707373,      -6.372873501,      -9.333555673,      -8.913209989
          0,           0,        4070,      -9.012729712,      -6.372889823,       -9.33369474,      -8.913164395
          0,           0,        4071,      -9.012752013,      -6.372906128,      -9.333833687,      -8.913118787
          0,           0,        4072,      -9.012774282,      -6.372922419,      -9.333972507,      -8.913073119
          0,           0,        4073,       -9.01279652,      -6.372938693,      -9.334111175,      -8.913027372
          0,           0,        4074,      -9.012818732,      -6.372954952,       -9.33424971,      -8.912981645
          0,           0,        4075,      -9.012840922,      -6.372971194,      -9.334388067,      -8.912935938
          0,           0,        4076,      -9.012863092,      -6.372987422,      -9.334526218,      -8.912890249
          0,           0,        4077,      -9.012885246,      -6.373003633,      -9.334664262,       -8.91284456
          0,           0,        4078,      -9.012907384,      -6.373019828,      -9.334802234,      -8.912798886
          0,           0,        4079,      -9.012929511,      -6.373036008,      -9.334939685,      -8.912753231
          0,           0,        4080,       -9.01295163,      -6.373052172,      -9.335077144,      -8.912707597
          0,           0,        4081,      -9.012973748,       -6.37306832,      -9.335215039,      -8.912661982
          0,           0,        4082,      -9.012995864,      -6.373084453,      -9.335353224,      -8.912616388
          0,           0,        4083,      -9.013017977,      -6.373100569,      -9.335491539,      -8.912570813
          0,           0,        4084,      -9.013040086,       -6.37311667,      -9.335629895,      -8.912525258
          0,           0,        4085,      -9.013062191,      -6.373132755,      -9.335768241,      -8.912479724
          0,           0,        4086,      -9.013084291,      -6.373148824,      -9.335906542,      -8.912434209
          0,           0,        4087,      -9.013106389,      -6.373164878,      -9.336044774,      -8.912388714
          0,           0,        4088,      -9.013128486,      -6.373180915,      -9.336182926,      -8.912343241
          0,           0,        4089,      -9.013150585,      -6.373196937,      -9.336320987,      -8.912297792
          0,           0,        4090,      -9.013172688,      -6.373212942,      -9.336458951,      -8.912252364
          0,           0,        4091,        -9.0131948,      -6.373228932,      -9.336596814,      -8.912206962
          0,           0,        4092,      -9.013216923,      -6.373244906,      -9.336734571,      -8.912161584
          0,           0,        4093,      -9.013239062,      -6.373260865,      -9.336872224,      -8.912116225
          0,           0,        4094,      -9.013261221,      -6.373276807,      -9.337009774,      -8.912070886
          0,           0,        4095,      -9.013283405,      -6.373292733,      -9.337147221,        -8.9120256
          0,           0,        4096,      -9.013305618,      -6.373308644,      -9.337284574,      -8.911980342
          0,           0,        4097,      -9.013327865,      -6.373324539,      -9.337421837,      -8.911935103
          0,           0,        4098,      -9.013350149,      -6.373340418,      -9.337559022,      -8.911889881
          0,           0,        4099,      -9.013372475,      -6.373356281,      -9.337696143,      -8.911844676
          0,           0,        4100,      -9.013394847,      -6.373372128,      -9.337833233,      -8.911799487
          0,           0,        4101,      -9.013417267,       -6.37338796,      -9.337970381,      -8.911754316
          0,           0,        4102,      -9.013439738,      -6.373403775,      -9.338107655,      -8.911709162
          0,           0,        4103,      -9.013462263,      -6.373419575,      -9.338244872,      -8.911664027
          0,           0,        4104,      -9.013484843,       -6.37343536,      -9.338381536,      -8.911618909
          0,           0,        4105,      -9.013507482,      -6.373451128,      -9.338517751,      -8.911573808
          0,           0,        4106,      -9.013530182,      -6.373466881,      -9.338653791,      -8.911528726
          0,           0,        4107,      -9.013552943,      -6.373482619,      -9.338789746,      -8.911483666
          0,           0,        4108,      -9.013575768,      -6.373498341,      -9.338925623,      -8.911438626
          0,           0,        4109,      -9.013598658,      -6.373514047,      -9.339061422,      -8.911393607
          0,           0,        4110,      -9.013621615,      -6.373529739,      -9.339197147,       -8.91134861
          0,           0,        4111,       -9.01364464,      -6.373545414,        -9.3393328,      -8.911303635
          0,           0,        4112,      -9.013667733,      -6.373561075,      -9.339468381,      -8.911258682
          0,           0,        4113,      -9.013690897,       -6.37357672,      -9.339603862,       -8.91121375
          0,           0,        4114,      -9.013714132,       -6.37359235,      -9.339739215,      -8.911168832
          0,           0,        4115,      -9.013737438,      -6.373607965,      -9.339874479,      -8.911123936
          0,           0,        4116,      -9.013760818,      -6.373623565,      -9.340009665,      -8.911079062
          0,           0,        4117,       -9.01378427,      -6.373639149,      -9.340144779,      -8.911034204
          0,           0,        4118,      -9.013807794,      -6.373654719,      -9.340279823,      -8.910989365
          0,           0,        4119,      -9.013831391,      -6.373670273,      -9.340414802,      -8.910944546
          0,           0,        4120,       -9.01385506,      -6.373685812,      -9.340549724,      -8.910899742
          0,           0,        4121,      -9.013878799,      -6.373701336,      -9.340684601,      -8.910854961
          0,           0,        4122,      -9.013902609,      -6.373716846,      -9.340819361,        -8.9108102
          0,           0,        4123,      -9.013926486,       -6.37373234,      -9.340953701,      -8.910765462
          0,           0,        4124,      -9.013950432,       -6.37374782,      -9.341087853,      -8.910720788
          0,           0,        4125,      -9.013974444,      -6.373763285,      -9.341222272,      -8.910676185
          0,           0,        4126,      -9.013998522,      -6.373778735,      -9.341356863,      -8.910631622
          0,           0,        4127,      -9.014022661,       -6.37379417,      -9.341491351,      -8.910587092
          0,           0,        4128,      -9.014046862,      -6.373809591,       -9.34162576,      -8.910542588
          0,           0,        4129,       -9.01407112,      -6.373824997,      -9.341760173,      -8.910498109
          0,           0,        4130,      -9.014095433,      -6.373840388,      -9.341894617,      -8.910453652
          0,           0,        4131,      -9.014119799,      -6.373855764,       -9.34202909,      -8.910409215
          0,           0,        4132,      -9.014144215,      -6.373871126,      -9.342163587,      -8.910364801
          0,           0,        4133,      -9.014168677,      -6.373886473,      -9.342298105,      -8.910320407
          0,           0,        4134,      -9.014193184,      -6.373901805,      -9.342432638,      -8.910276034
          0,           0,        4135,       -9.01421773,      -6.373917123,      -9.342567183,       -8.91023168
          0,           0,        4136,      -9.014242314,      -6.373932426,      -9.342701735,      -8.910187347
          0,           0,        4137,      -9.014266931,      -6.373947714,      -9.342836291,      -8.910143034
          0,           0,        4138,      -9.014291579,      -6.373962988,      -9.342970807,      -8.910098741
          0,           0,        4139,      -9.014316253,      -6.373978248,      -9.343105296,      -8.910054469
          0,           0,        4140,      -9.014340951,      -6.373993493,      -9.343239772,      -8.910010221
          0,           0,        4141,       -9.01436567,      -6.374008723,      -9.343374235,      -8.909965996
          0,           0,        4142,      -9.014390405,       -6.37402394,      -9.343508682,      -8.909921795
          0,           0,        4143,      -9.014415155,      -6.374039142,       -9.34364311,      -8.909877616
          0,           0,        4144,      -9.014439917,       -6.37405433,      -9.343777514,      -8.909833461
          0,           0,        4145,      -9.014464687,      -6.374069503,      -9.343911891,      -8.909789329
          0,           0,        4146,      -9.014489463,      -6.374084663,      -9.344046234,       -8.90974522
          0,           0,        4147,      -9.014514242,      -6.374099808,      -9.344180532,      -8.909701133
          0,           0,        4148,      -9.014539023,       -6.37411494,      -9.344314742,      -8.909657069
          0,           0,        4149,      -9.014563804,      -6.374130057,      -9.344448695,      -8.909612965
          0,           0,        4150,       -9.01458858,       -6.37414516,      -9.344582341,      -8.909568859
          0,           0,        4151,      -9.014613351,       -6.37416025,       -9.34471592,      -8.909524775
          0,           0,        4152,      -9.014638114,      -6.374175325,      -9.344849551,      -8.909480712
          0,           0,        4153,      -9.014662867,      -6.374190386,      -9.344983212,      -8.909436671
          0,           0,        4154,      -9.014687609,      -6.374205434,      -9.345116855,      -8.909392613
          0,           0,        4155,      -9.014712337,      -6.374220468,       -9.34525043,      -8.909348495
          0,           0,        4156,      -9.014737048,      -6.374235487,      -9.345383904,      -8.909304398
          0,           0,        4157,      -9.014761742,      -6.374250493,      -9.345517256,      -8.909260324
          0,           0,        4158,      -9.014786416,      -6.374265486,      -9.345650462,      -8.909216315
          0,           0,        4159,      -9.014811066,      -6.374280465,      -9.345783511,      -8.909172348
          0,           0,        4160,      -9.014835692,       -6.37429543,      -9.345916392,       -8.90912841
          0,           0,        4161,       -9.01486029,      -6.374310382,      -9.346049102,      -8.909084506
          0,           0,        4162,      -9.014884858,       -6.37432532,      -9.346181639,      -8.909040633
          0,           0,        4163,      -9.014909394,      -6.374340244,      -9.346314007,      -8.908996788
          0,           0,        4164,      -9.014933894,      -6.374355156,      -9.346446213,       -8.90895297
          0,           0,        4165,      -9.014958357,      -6.374370054,      -9.346578262,      -8.908909179
          0,           0,        4166,      -9.014982782,      -6.374384938,      -9.346710161,      -8.908865413
          0,           0,        4167,      -9.015007165,      -6.374399809,      -9.346841916,      -8.908821672
          0,           0,        4168,      -9.015031505,      -6.374414667,      -9.346973536,      -8.908777955
          0,           0,        4169,        -9.0150558,      -6.374429511,      -9.347105027,      -8.908734237
          0,           0,        4170,       -9.01508005,      -6.374444342,      -9.347236391,      -8.908690527
          0,           0,        4171,      -9.015104254,       -6.37445916,      -9.347367626,      -8.908646839
          0,           0,        4172,       -9.01512841,      -6.374473965,      -9.347498735,      -8.908603174
          0,           0,        4173,      -9.015152517,      -6.374488756,      -9.347629714,      -8.908559531
          0,           0,        4174,      -9.015176577,      -6.374503534,      -9.347760562,       -8.90851591
          0,           0,        4175,      -9.015200587,      -6.374518299,      -9.347891275,      -8.908472147
          0,           0,        4176,      -9.015224549,       -6.37453305,       -9.34802185,      -8.908428151
          0,           0,        4177,      -9.015248463,      -6.374547788,      -9.348152281,      -8.908384098
          0,           0,        4178,      -9.015272328,      -6.374562514,      -9.348282564,      -8.908340044
          0,           0,        4179,      -9.015296146,      -6.374577226,      -9.348412697,       -8.90829599
          0,           0,        4180,      -9.015319917,      -6.374591925,      -9.348542674,      -8.908251957
          0,           0,        4181,      -9.015343642,      -6.374606611,      -9.348672494,      -8.908207944
          0,           0,        4182,      -9.015367322,      -6.374621283,      -9.348802153,      -8.908163953
          0,           0,        4183,      -9.015390958,      -6.374635943,      -9.348931655,      -8.908119982
          0,           0,        4184,       -9.01541455,       -6.37465059,      -9.349060997,      -8.908076033
          0,           0,        4185,        -9.0154381,      -6.374665224,      -9.349190183,      -8.908032104
          0,           0,        4186,      -9.015461609,      -6.374679844,      -9.349319214,      -8.907988197
          0,           0,        4187,      -9.015485077,      -6.374694452,      -9.349448095,      -8.907944311
          0,           0,        4188,      -9.015508507,      -6.374709047,      -9.349576831,      -8.907900445
          0,           0,        4189,      -9.015531899,      -6.374723629,      -9.349705426,        -8.9078566
          0,           0,        4190,      -9.015555255,      -6.374738198,      -9.349833879,      -8.907812777
          0,           0,        4191,      -9.015578574,      -6.374752753,      -9.349962181,      -8.907768975
          0,           0,        4192,      -9.015601859,      -6.374767297,      -9.350090315,      -8.907725194
          0,           0,        4193,       -9.01562511,      -6.374781827,      -9.350218281,      -8.907681435
          0,           0,        4194,      -9.015648326,      -6.374796344,      -9.350346086,      -8.907637698
          0,           0,        4195,       -9.01567151,      -6.374810849,      -9.350473748,      -8.907593982
          0,           0,        4196,      -9.015694662,       -6.37482534,      -9.350601283,      -8.907550288
          0,           0,        4197,      -9.015717782,      -6.374839819,      -9.350728703,      -8.907506653
          0,           0,        4198,      -9.015740872,      -6.374854286,      -9.350856022,      -8.907463063
          0,           0,        4199,      -9.015763933,       -6.37486874,       -9.35098325,      -8.907419504
          0,           0,        4200,      -9.015786965,      -6.374883181,      -9.351110395,      -8.907375982
          0,           0,        4201,      -9.015809969,      -6.374897609,       -9.35123746,      -8.907332501
          0,           0,        4202,      -9.015832947,      -6.374912025,      -9.351364447,      -8.907289056
          0,           0,        4203,      -9.015855898,      -6.374926429,      -9.351491352,      -8.907245644
          0,           0,        4204,      -9.015878823,       -6.37494082,      -9.351618171,      -8.907202268
          0,           0,        4205,      -9.015901724,      -6.374955198,      -9.351744898,      -8.907158923
          0,           0,        4206,      -9.015924602,      -6.374969565,      -9.351871525,       -8.90711561
          0,           0,        4207,      -9.015947455,      -6.374983918,      -9.351998045,      -8.907072326
          0,           0,        4208,      -9.015970287,       -6.37499826,      -9.352124448,       -8.90702907
          0,           0,        4209,      -9.015993096,      -6.375012588,       -9.35225072,      -8.906985835
          0,           0,        4210,      -9.016015883,      -6.375026905,      -9.352376855,      -8.906942581
          0,           0,        4211,      -9.016038649,      -6.375041209,      -9.352502849,      -8.906899351
          0,           0,        4212,      -9.016061395,      -6.375055501,      -9.352628697,      -8.906856146
          0,           0,        4213,      -9.016084121,       -6.37506978,      -9.352754403,      -8.906812966
          0,           0,        4214,      -9.016106827,      -6.375084047,      -9.352879971,       -8.90676981
          0,           0,        4215,      -9.016129515,      -6.375098301,      -9.353005405,      -8.906726678
          0,           0,        4216,      -9.016152184,      -6.375112543,      -9.353130708,       -8.90668357
          0,           0,        4217,      -9.016174836,      -6.375126773,      -9.353255884,      -8.906640486
          0,           0,        4218,       -9.01619747,      -6.375140991,      -9.353380934,      -8.906597425
          0,           0,        4219,      -9.016220086,      -6.375155196,      -9.353505859,      -8.906554388
          0,           0,        4220,      -9.016242685,      -6.375169389,      -9.353630662,      -8.906511375
          0,           0,        4221,      -9.016265267,       -6.37518357,      -9.353755341,      -8.906468384
          0,           0,        4222,      -9.016287832,      -6.375197738,      -9.353879898,      -8.906425415
          0,           0,        4223,      -9.016310379,      -6.375211894,      -9.354004329,      -8.906382469
          0,           0,        4224,      -9.016332908,      -6.375226038,      -9.354128636,      -8.906339546
          0,           0,        4225,      -9.016355419,       -6.37524017,      -9.354252818,      -8.906296647
          0,           0,        4226,      -9.016377911,       -6.37525429,      -9.354376873,      -8.906253771
          0,           0,        4227,      -9.016400384,      -6.375268397,      -9.354500803,      -8.906210917
          0,           0,        4228,      -9.016422838,      -6.375282492,      -9.354624605,       -8.90616808
          0,           0,        4229,      -9.016445272,      -6.375296576,      -9.354748278,      -8.906125267
          0,           0,        4230,      -9.016467685,      -6.375310647,      -9.354871817,      -8.906082476
          0,           0,        4231,      -9.016490077,      -6.375324706,      -9.354995208,      -8.906039709
          0,           0,        4232,      -9.016512446,      -6.375338753,      -9.355118447,      -8.905996966
          0,           0,        4233,      -9.016534791,      -6.375352787,       -9.35524154,      -8.905954247
          0,           0,        4234,      -9.016557111,       -6.37536681,      -9.355364504,      -8.905911551
          0,           0,        4235,      -9.016579407,      -6.375380821,      -9.355487354,      -8.905868879
          0,           0,        4236,      -9.016601677,       -6.37539482,      -9.355610105,      -8.905826231
          0,           0,        4237,      -9.016623921,      -6.375408806,      -9.355732764,      -8.905783524
          0,           0,        4238,      -9.016646138,      -6.375422781,      -9.355855333,      -8.905740696
          0,           0,        4239,      -9.016668328,      -6.375436744,      -9.355977816,      -8.905697745
          0,           0,        4240,       -9.01669049,      -6.375450695,      -9.356100209,      -8.905654737
          0,           0,        4241,      -9.016712623,      -6.375464634,      -9.356222513,      -8.905611754
          0,           0,        4242,      -9.016734727,       -6.37547856,       -9.35634472,      -8.905568796
          0,           0,        4243,      -9.016756801,      -6.375492476,      -9.356466832,      -8.905525883
          0,           0,        4244,      -9.016778845,      -6.375506379,      -9.356588845,      -8.905483023
          0,           0,        4245,      -9.016800857,      -6.375520271,       -9.35671076,      -8.905440204
          0,           0,        4246,      -9.016822838,       -6.37553415,      -9.356832581,      -8.905397419
          0,           0,        4247,      -9.016844787,      -6.375548018,      -9.356954306,      -8.905354666
          0,           0,        4248,      -9.016866702,      -6.375561875,      -9.357075939,      -8.905311941
          0,           0,        4249,      -9.016888585,      -6.375575719,      -9.357197487,      -8.905269243
          0,           0,        4250,      -9.016910433,      -6.375589552,      -9.357318954,      -8.905226572
          0,           0,        4251,      -9.016932247,      -6.375603373,      -9.357440349,      -8.905183926
          0,           0,        4252,      -9.016954026,      -6.375617182,      -9.357561679,      -8.905141306
          0,           0,        4253,      -9.016975769,      -6.375630979,      -9.357682953,      -8.905098712
          0,           0,        4254,      -9.016997476,      -6.375644765,      -9.357804184,      -8.905056144
          0,           0,        4255,      -9.017019147,      -6.375658539,      -9.357925392,      -8.905013602
          0,           0,        4256,      -9.017040779,      -6.375672302,      -9.358046603,      -8.904971086
          0,           0,        4257,      -9.017062374,      -6.375686053,      -9.358167866,      -8.904928595
          0,           0,        4258,      -9.017083929,      -6.375699792,      -9.358289272,       -8.90488613
          0,           0,        4259,      -9.017105441,       -6.37571352,      -9.358410975,      -8.904843692
          0,           0,        4260,      -9.017126909,      -6.375727236,      -9.358532739,      -8.904801278
          0,           0,        4261,      -9.017148329,      -6.375740941,      -9.358653705,      -8.904758891
          0,           0,        4262,      -9.017169703,      -6.375754634,      -9.358774116,      -8.904716531
          0,           0,        4263,      -9.017191031,      -6.375768316,      -9.358894365,      -8.904674199
          0,           0,        4264,      -9.017212312,      -6.375781987,        -9.3590146,      -8.904631891
          0,           0,        4265,      -9.017233544,      -6.375795646,      -9.359134857,      -8.904589608
          0,           0,        4266,      -9.017254726,      -6.375809294,      -9.359255078,       -8.90454735
          0,           0,        4267,      -9.017275856,      -6.375822931,      -9.359375206,      -8.904505115
          0,           0,        4268,      -9.017296935,      -6.375836557,      -9.359495245,      -8.904462905
          0,           0,        4269,      -9.017317965,      -6.375850171,      -9.359615145,       -8.90442072
          0,           0,        4270,      -9.017338947,      -6.375863774,      -9.359734971,      -8.904378558
          0,           0,        4271,      -9.017359882,      -6.375877366,      -9.359854753,      -8.904336422
          0,           0,        4272,      -9.017380772,      -6.375890947,      -9.359974507,      -8.904294309
          0,           0,        4273,      -9.017401618,      -6.375904516,       -9.36009424,      -8.904252221
          0,           0,        4274,      -9.017422423,      -6.375918075,      -9.360213936,      -8.904210157
          0,           0,        4275,      -9.017443189,      -6.375931622,      -9.360333505,      -8.904168118
          0,           0,        4276,      -9.017463918,      -6.375945158,      -9.360452633,      -8.904126104
          0,           0,        4277,      -9.017484618,      -6.375958683,       -9.36057114,      -8.904084117
          0,           0,        4278,      -9.017505293,      -6.375972197,      -9.360689858,      -8.904042152
          0,           0,        4279,      -9.017525944,      -6.375985699,      -9.360809045,      -8.904000232
          0,           0,        4280,      -9.017546573,       -6.37599919,      -9.360928556,      -8.903958336
          0,           0,        4281,       -9.01756718,       -6.37601267,      -9.361048222,      -8.903916462
          0,           0,        4282,      -9.017587769,      -6.376026139,      -9.361167931,      -8.903874608
          0,           0,        4283,      -9.017608342,      -6.376039596,      -9.361287629,      -8.903832777
          0,           0,        4284,      -9.017628902,      -6.376053041,      -9.361407292,      -8.903790966
          0,           0,        4285,      -9.017649452,      -6.376066476,      -9.361526915,      -8.903749145
          0,           0,        4286,      -9.017669995,      -6.376079898,      -9.361646494,      -8.903707226
          0,           0,        4287,      -9.017690532,      -6.376093309,      -9.361766031,      -8.903665327
          0,           0,        4288,      -9.017711068,      -6.376106709,      -9.361885525,      -8.903623448
          0,           0,        4289,      -9.017731605,      -6.376120097,      -9.362004979,      -8.903581589
          0,           0,        4290,      -9.017752145,      -6.376133473,      -9.362124393,      -8.903539751
          0,           0,        4291,      -9.017772691,      -6.376146838,      -9.362243771,      -8.903497933
          0,           0,        4292,      -9.017793246,      -6.376160191,      -9.362363113,      -8.903456137
          0,           0,        4293,      -9.017813812,      -6.376173533,      -9.362482425,       -8.90341436
          0,           0,        4294,      -9.017834392,      -6.376186863,      -9.362601708,      -8.903372605
          0,           0,        4295,      -9.017854988,      -6.376200181,      -9.362720966,      -8.903330884
          0,           0,        4296,      -9.017875602,      -6.376213488,        -9.3628402,      -8.903289201
          0,           0,        4297,      -9.017896237,      -6.376226783,      -9.362959412,      -8.903247554
          0,           0,        4298,      -9.017916895,      -6.376240067,      -9.363078604,       -8.90320594
          0,           0,        4299,      -9.017937578,       -6.37625334,      -9.363197778,      -8.903164383
          0,           0,        4300,      -9.017958288,      -6.376266602,      -9.363316935,      -8.903122867
          0,           0,        4301,      -9.017979028,      -6.376279852,      -9.363436073,      -8.903081286
          0,           0,        4302,      -9.017999798,       -6.37629309,      -9.363555192,      -8.903039741
          0,           0,        4303,      -9.018020602,      -6.376306318,      -9.363674289,      -8.902998247
          0,           0,        4304,      -9.018041441,      -6.376319534,      -9.363793365,      -8.902956779
          0,           0,        4305,      -9.018062318,      -6.376332739,      -9.363912416,      -8.902915301
          0,           0,        4306,      -9.018083233,      -6.376345932,      -9.364031436,      -8.902873793
          0,           0,        4307,       -9.01810419,      -6.376359114,      -9.364150428,      -8.902832302
          0,           0,        4308,      -9.018125189,      -6.376372284,      -9.364269383,      -8.902790751
          0,           0,        4309,      -9.018146232,      -6.376385443,      -9.364388298,      -8.902749219
          0,           0,        4310,      -9.018167321,      -6.376398591,      -9.364507169,      -8.902707706
          0,           0,        4311,      -9.018188458,      -6.376411728,      -9.364625996,      -8.902666212
          0,           0,        4312,      -9.018209643,      -6.376424853,      -9.364744771,      -8.902624736
          0,           0,        4313,      -9.018230878,      -6.376437967,      -9.364863497,      -8.902583279
          0,           0,        4314,      -9.018252165,      -6.376451069,      -9.364982169,      -8.902541839
          0,           0,        4315,      -9.018273503,       -6.37646416,      -9.365100785,      -8.902500418
          0,           0,        4316,      -9.018294895,      -6.376477241,      -9.365219346,      -8.902459014
          0,           0,        4317,      -9.018316341,      -6.376490309,      -9.365337849,      -8.902417629
          0,           0,        4318,      -9.018337841,      -6.376503367,      -9.365456295,      -8.902376262
          0,           0,        4319,      -9.018359397,      -6.376516414,      -9.365574684,      -8.902334912
          0,           0,        4320,      -9.018381008,      -6.376529449,      -9.365693016,       -8.90229358
          0,           0,        4321,      -9.018402675,      -6.376542474,      -9.365811292,      -8.902252266
          0,           0,        4322,      -9.018424398,      -6.376555487,      -9.365929518,      -8.902210971
          0,           0,        4323,      -9.018446178,       -6.37656849,      -9.366047692,      -8.902169692
          0,           0,        4324,      -9.018468013,      -6.376581481,      -9.366165814,      -8.902128432
          0,           0,        4325,      -9.018489903,      -6.376594462,      -9.366283888,       -8.90208719
          0,           0,        4326,      -9.018511849,      -6.376607431,      -9.366401912,      -8.902045966
          0,           0,        4327,       -9.01853385,       -6.37662039,      -9.366519885,      -8.902004757
          0,           0,        4328,      -9.018555904,      -6.376633337,      -9.366637812,      -8.901963563
          0,           0,        4329,      -9.018578012,      -6.376646274,      -9.366755688,      -8.901922385
          0,           0,        4330,      -9.018600172,        -6.3766592,      -9.366873521,      -8.901881225
          0,           0,        4331,      -9.018622384,      -6.376672116,      -9.366991303,      -8.901840108
          0,           0,        4332,      -9.018644645,       -6.37668502,      -9.367109038,      -8.901799022
          0,           0,        4333,      -9.018666956,      -6.376697914,      -9.367226726,      -8.901757952
          0,           0,        4334,      -9.018689315,      -6.376710797,      -9.367344368,      -8.901716897
          0,           0,        4335,       -9.01871172,      -6.376723669,      -9.367461962,      -8.901675857
          0,           0,        4336,      -9.018734171,      -6.376736531,      -9.367579512,      -8.901634832
          0,           0,        4337,      -9.018756666,      -6.376749382,      -9.367697017,      -8.901593823
          0,           0,        4338,      -9.018779203,      -6.376762223,      -9.367814478,      -8.901552829
          0,           0,        4339,      -9.018801781,      -6.376775053,      -9.367931897,       -8.90151185
          0,           0,        4340,      -9.018824399,      -6.376787872,      -9.368049278,      -8.901470888
          0,           0,        4341,      -9.018847056,      -6.376800681,      -9.368166617,      -8.901429942
          0,           0,        4342,      -9.018869749,      -6.376813479,      -9.368283915,      -8.901389013
          0,           0,        4343,      -9.018892477,      -6.376826267,      -9.368401171,        -8.9013481
          0,           0,        4344,      -9.018915239,      -6.376839044,      -9.368518385,      -8.901307203
          0,           0,        4345,      -9.018938033,      -6.376851811,      -9.368635556,       -8.90126632
          0,           0,        4346,      -9.018960858,      -6.376864567,      -9.368752681,      -8.901225455
          0,           0,        4347,      -9.018983711,      -6.376877314,      -9.368869756,      -8.901184607
          0,           0,        4348,      -9.019006592,      -6.376890049,      -9.368986777,      -8.901143775
          0,           0,        4349,      -9.019029498,      -6.376902775,      -9.369103738,      -8.901102961
          0,           0,        4350,      -9.019052428,       -6.37691549,      -9.369220636,      -8.901062163
          0,           0,        4351,       -9.01907538,      -6.376928194,      -9.369337466,      -8.901021383
          0,           0,        4352,      -9.019098354,      -6.376940889,      -9.369454221,       -8.90098062
          0,           0,        4353,      -9.019121346,      -6.376953573,      -9.369570896,      -8.900939668
          0,           0,        4354,      -9.019144357,      -6.376966247,       -9.36968749,      -8.900898542
          0,           0,        4355,      -9.019167383,      -6.376978911,      -9.369803996,      -8.900857432
          0,           0,        4356,      -9.019190425,      -6.376991564,      -9.369920408,      -8.900816339
          0,           0,        4357,      -9.019213479,      -6.377004208,      -9.370036726,      -8.900775263
          0,           0,        4358,      -9.019236546,      -6.377016841,      -9.370152945,      -8.900734204
          0,           0,        4359,      -9.019259624,      -6.377029464,      -9.370269063,      -8.900693161
          0,           0,        4360,       -9.01928271,      -6.377042077,      -9.370385077,      -8.900652135
          0,           0,        4361,      -9.019305805,       -6.37705468,      -9.370500983,      -8.900611127
          0,           0,        4362,      -9.019328907,      -6.377067273,      -9.370616778,      -8.900570136
          0,           0,        4363,      -9.019352015,      -6.377079856,      -9.370732461,      -8.900529201
          0,           0,        4364,      -9.019375127,      -6.377092429,      -9.370848027,      -8.900488298
          0,           0,        4365,      -9.019398244,      -6.377104992,      -9.370963475,      -8.900447414
          0,           0,        4366,      -9.019421363,      -6.377117546,      -9.371078801,      -8.900406546
          0,           0,        4367,      -9.019444483,      -6.377130089,      -9.371194004,      -8.900365713
          0,           0,        4368,      -9.019467605,      -6.377142623,      -9.371309077,      -8.900324911
          0,           0,        4369,      -9.019490726,      -6.377155147,      -9.371424015,      -8.900284136
          0,           0,        4370,      -9.019513847,      -6.377167661,      -9.371538817,      -8.900243385
          0,           0,        4371,      -9.019536966,      -6.377180165,      -9.371653477,      -8.900202658
          0,           0,        4372,      -9.019560082,       -6.37719266,      -9.371767993,      -8.900161953
          0,           0,        4373,      -9.019583194,      -6.377205145,      -9.371882358,      -8.900121271
          0,           0,        4374,      -9.019606302,       -6.37721762,      -9.371996571,      -8.900080609
          0,           0,        4375,      -9.019629405,      -6.377230085,      -9.372110629,      -8.900039968
          0,           0,        4376,      -9.019652503,      -6.377242541,       -9.37222453,      -8.899999347
          0,           0,        4377,      -9.019675593,      -6.377254987,      -9.372338275,      -8.899958745
          0,           0,        4378,      -9.019698676,      -6.377267424,      -9.372451867,      -8.899918163
          0,           0,        4379,       -9.01972175,      -6.377279851,      -9.372565311,        -8.8998776
          0,           0,        4380,      -9.019744816,      -6.377292268,      -9.372678612,      -8.899837056
          0,           0,        4381,      -9.019767871,      -6.377304675,      -9.372791783,       -8.89979653
          0,           0,        4382,      -9.019790916,      -6.377317073,      -9.372904832,      -8.899756023
          0,           0,        4383,       -9.01981395,      -6.377329462,      -9.373017768,      -8.899715536
          0,           0,        4384,      -9.019836973,      -6.377341841,       -9.37313058,      -8.899675068
          0,           0,        4385,      -9.019859983,       -6.37735421,      -9.373243219,      -8.899634542
          0,           0,        4386,       -9.01988298,      -6.377366569,      -9.373355658,      -8.899594006
          0,           0,        4387,      -9.019905962,       -6.37737892,      -9.373467921,      -8.899553458
          0,           0,        4388,      -9.019928929,       -6.37739126,      -9.373580045,      -8.899512924
          0,           0,        4389,      -9.019951881,      -6.377403591,      -9.373692051,      -8.899472374
          0,           0,        4390,      -9.019974816,      -6.377415913,      -9.373803952,      -8.899431844
          0,           0,        4391,      -9.019997734,      -6.377428224,      -9.373915745,      -8.899391332
          0,           0,        4392,      -9.020020635,      -6.377440527,      -9.374027464,      -8.899350839
          0,           0,        4393,      -9.020043519,       -6.37745282,      -9.374139164,      -8.899310366
          0,           0,        4394,      -9.020066384,      -6.377465103,      -9.374250814,      -8.899269912
          0,           0,        4395,      -9.020089232,      -6.377477377,      -9.374362408,      -8.899229476
          0,           0,        4396,      -9.020112062,      -6.377489641,      -9.374473939,       -8.89918906
          0,           0,        4397,      -9.020134874,      -6.377501896,      -9.374585402,      -8.899148663
          0,           0,        4398,       -9.02015767,      -6.377514141,      -9.374696797,      -8.899108283
          0,           0,        4399,      -9.020180448,      -6.377526377,      -9.374808158,      -8.899067943
          0,           0,        4400,       -9.02020321,      -6.377538604,      -9.374919425,      -8.899027649
          0,           0,        4401,      -9.020225956,      -6.377550821,      -9.375030569,      -8.898987385
          0,           0,        4402,      -9.020248686,      -6.377563028,      -9.375141604,      -8.898947147
          0,           0,        4403,      -9.020271401,      -6.377575227,      -9.375252539,       -8.89890693
          0,           0,        4404,        -9.0202941,      -6.377587416,      -9.375363381,      -8.898866736
          0,           0,        4405,      -9.020316784,      -6.377599595,      -9.375474124,      -8.898826561
          0,           0,        4406,      -9.020339453,      -6.377611766,      -9.375584768,      -8.898786404
          0,           0,        4407,      -9.020362107,      -6.377623927,      -9.375695314,      -8.898746268
          0,           0,        4408,      -9.020384747,      -6.377636078,      -9.375805758,      -8.898706152
          0,           0,        4409,      -9.020407373,      -6.377648221,      -9.375916106,      -8.898666056
          0,           0,        4410,      -9.020429985,      -6.377660354,      -9.376026357,       -8.89862598
          0,           0,        4411,      -9.020452583,      -6.377672477,      -9.376136513,      -8.898585925
          0,           0,        4412,      -9.020475167,      -6.377684592,      -9.376246577,       -8.89854589
          0,           0,        4413,      -9.020497738,      -6.377696697,      -9.376356554,      -8.898505885
          0,           0,        4414,      -9.020520294,      -6.377708794,      -9.376466447,      -8.898465906
          0,           0,        4415,      -9.020542837,      -6.377720881,      -9.376576252,      -8.898425952
          0,           0,        4416,      -9.020565365,      -6.377732958,      -9.376685951,      -8.898386023
          0,           0,        4417,      -9.020587879,      -6.377745027,      -9.376795513,      -8.898346119
          0,           0,        4418,      -9.020610377,      -6.377757087,      -9.376904936,      -8.898306239
          0,           0,        4419,      -9.020632859,      -6.377769137,      -9.377014266,      -8.898266383
          0,           0,        4420,      -9.020655324,      -6.377781179,      -9.377123542,       -8.89822655
          0,           0,        4421,      -9.020677774,      -6.377793211,      -9.377232785,       -8.89818674
          0,           0,        4422,      -9.020700206,      -6.377805234,      -9.377341994,      -8.898146951
          0,           0,        4423,      -9.020722621,      -6.377817247,      -9.377451172,      -8.898107184
          0,           0,        4424,      -9.020745019,      -6.377829252,      -9.377560306,      -8.898067439
          0,           0,        4425,      -9.020767398,      -6.377841247,      -9.377669391,      -8.898027715
          0,           0,        4426,       -9.02078976,      -6.377853233,      -9.377778416,      -8.897988012
          0,           0,        4427,      -9.020812102,       -6.37786521,      -9.377887369,      -8.897948329
          0,           0,        4428,      -9.020834425,      -6.377877178,      -9.377996241,      -8.897908668
          0,           0,        4429,      -9.020856728,      -6.377889137,      -9.378105026,      -8.897869032
          0,           0,        4430,      -9.020879011,      -6.377901086,      -9.378213719,      -8.897829423
          0,           0,        4431,      -9.020901272,      -6.377913026,      -9.378322316,      -8.897789834
          0,           0,        4432,      -9.020923512,      -6.377924957,      -9.378430819,       -8.89775006
          0,           0,        4433,       -9.02094573,      -6.377936879,      -9.378539225,      -8.897710155
          0,           0,        4434,      -9.020967926,      -6.377948792,      -9.378647538,      -8.897670135
          0,           0,        4435,      -9.020990098,      -6.377960695,       -9.37875575,      -8.897630135
          0,           0,        4436,      -9.021012246,      -6.377972589,      -9.378863862,      -8.897590153
          0,           0,        4437,       -9.02103437,      -6.377984475,      -9.378971933,      -8.897550189
          0,           0,        4438,      -9.021056468,      -6.377996351,      -9.379079954,      -8.897510247
          0,           0,        4439,      -9.021078541,      -6.378008217,      -9.379187916,      -8.897470324
          0,           0,        4440,      -9.021100589,      -6.378020075,      -9.379295819,       -8.89743042
          0,           0,        4441,       -9.02112261,      -6.378031924,      -9.379403665,      -8.897390542
          0,           0,        4442,      -9.021144605,      -6.378043763,      -9.379511471,      -8.897350723
          0,           0,        4443,      -9.021166573,      -6.378055594,      -9.379619255,      -8.897310944
          0,           0,        4444,      -9.021188514,      -6.378067416,      -9.379726976,      -8.897271195
          0,           0,        4445,      -9.021210428,      -6.378079228,      -9.379834643,      -8.897231472
          0,           0,        4446,      -9.021232316,      -6.378091032,      -9.379942274,      -8.897191773
          0,           0,        4447,      -9.021254177,      -6.378102826,      -9.380049882,      -8.897152097
          0,           0,        4448,      -9.021276011,      -6.378114612,      -9.380157471,      -8.897112442
          0,           0,        4449,       -9.02129782,      -6.378126388,      -9.380265043,      -8.897072808
          0,           0,        4450,      -9.021319604,      -6.378138156,      -9.380372601,        -8.8970332
          0,           0,        4451,      -9.021341363,      -6.378149914,      -9.380480141,       -8.89699363
          0,           0,        4452,      -9.021363098,      -6.378161664,      -9.380587666,      -8.896954092
          0,           0,        4453,       -9.02138481,      -6.378173404,      -9.380695176,      -8.896914584
          0,           0,        4454,        -9.0214065,      -6.378185136,      -9.380802664,      -8.896875105
          0,           0,        4455,       -9.02142817,      -6.378196859,      -9.380910129,      -8.896835653
          0,           0,        4456,       -9.02144982,      -6.378208573,      -9.381017571,      -8.896796226
          0,           0,        4457,      -9.021471451,      -6.378220278,      -9.381124989,      -8.896756824
          0,           0,        4458,      -9.021493066,      -6.378231974,      -9.381232378,      -8.896717446
          0,           0,        4459,      -9.021514664,      -6.378243661,      -9.381339738,      -8.896678091
          0,           0,        4460,      -9.021536249,      -6.378255339,      -9.381447065,      -8.896638759
          0,           0,        4461,      -9.021557822,      -6.378267009,       -9.38155436,       -8.89659945
          0,           0,        4462,      -9.021579384,      -6.378278669,       -9.38166162,      -8.896560163
          0,           0,        4463,      -9.021600936,       -6.37829032,      -9.381768842,      -8.896520898
          0,           0,        4464,      -9.021622482,      -6.378301963,       -9.38187603,      -8.896481655
          0,           0,        4465,      -9.021644021,      -6.378313597,      -9.381983179,      -8.896442434
          0,           0,        4466,      -9.021665557,      -6.378325221,      -9.382090289,      -8.896403237
          0,           0,        4467,       -9.02168709,      -6.378336837,      -9.382197355,      -8.896364066
          0,           0,        4468,      -9.021708622,      -6.378348444,      -9.382304364,       -8.89632492
          0,           0,        4469,      -9.021730154,      -6.378360043,      -9.382411309,        -8.8962858
          0,           0,        4470,      -9.021751687,      -6.378371632,      -9.382518184,      -8.896246705
          0,           0,        4471,      -9.021773222,      -6.378383213,      -9.382624986,      -8.896207634
          0,           0,        4472,      -9.021794761,      -6.378394785,      -9.382731727,      -8.896168589
          0,           0,        4473,      -9.021816304,      -6.378406348,      -9.382838409,      -8.896129567
          0,           0,        4474,      -9.021837852,      -6.378417902,      -9.382945042,      -8.896090569
          0,           0,        4475,      -9.021859407,      -6.378429448,      -9.383051633,      -8.896051594
          0,           0,        4476,       -9.02188097,      -6.378440985,      -9.383158187,      -8.896012642
          0,           0,        4477,      -9.021902541,      -6.378452513,      -9.383264706,      -8.895973714
          0,           0,        4478,      -9.021924121,      -6.378464032,      -9.383371193,      -8.895934807
          0,           0,        4479,      -9.021945712,      -6.378475542,      -9.383477646,      -8.895895775
          0,           0,        4480,      -9.021967313,      -6.378487044,      -9.383584065,      -8.895856762
          0,           0,        4481,      -9.021988926,      -6.378498537,      -9.383690452,       -8.89581777
          0,           0,        4482,      -9.022010551,      -6.378510021,      -9.383796803,        -8.8957788
          0,           0,        4483,      -9.022032189,      -6.378521496,      -9.383903117,      -8.895739851
          0,           0,        4484,       -9.02205384,      -6.378532963,      -9.384009393,      -8.895700924
          0,           0,        4485,      -9.022075505,      -6.378544421,      -9.384115627,      -8.895662018
          0,           0,        4486,      -9.022097185,       -6.37855587,      -9.384221817,      -8.895623134
          0,           0,        4487,       -9.02211888,      -6.378567311,      -9.384327963,      -8.895584271
          0,           0,        4488,       -9.02214059,      -6.378578742,      -9.384434063,      -8.895545429
          0,           0,        4489,      -9.022162315,      -6.378590165,      -9.384540114,      -8.895506609
          0,           0,        4490,      -9.022184057,       -6.37860158,      -9.384646114,      -8.895467811
          0,           0,        4491,      -9.022205815,      -6.378612985,      -9.384752062,      -8.895429034
          0,           0,        4492,       -9.02222759,      -6.378624382,      -9.384857955,      -8.895390303
          0,           0,        4493,      -9.022249382,      -6.378635771,      -9.384963793,      -8.895351617
          0,           0,        4494,      -9.022271191,      -6.378647151,      -9.385069571,      -8.895312965
          0,           0,        4495,      -9.022293017,      -6.378658523,      -9.385175292,      -8.895274343
          0,           0,        4496,      -9.022314859,      -6.378669886,      -9.385280957,      -8.895235745
          0,           0,        4497,      -9.022336719,       -6.37868124,      -9.385386567,      -8.895197173
          0,           0,        4498,      -9.022358595,      -6.378692586,      -9.385492127,      -8.895158623
          0,           0,        4499,      -9.022380487,      -6.378703924,      -9.385597647,      -8.895120096
          0,           0,        4500,      -9.022402395,      -6.378715253,      -9.385703141,       -8.89508159
          0,           0,        4501,      -9.022424318,      -6.378726573,      -9.385808641,      -8.895043106
          0,           0,        4502,      -9.022446256,      -6.378737885,       -9.38591421,      -8.895004643
          0,           0,        4503,      -9.022468207,      -6.378749189,      -9.386019941,      -8.894966075
          0,           0,        4504,       -9.02249017,      -6.378760484,      -9.386125749,      -8.894927414
          0,           0,        4505,      -9.022512142,      -6.378771771,      -9.386231021,      -8.894888772
          0,           0,        4506,      -9.022534125,      -6.378783049,      -9.386335735,       -8.89485015
          0,           0,        4507,      -9.022556118,      -6.378794319,      -9.386440215,      -8.894811548
          0,           0,        4508,       -9.02257812,      -6.378805581,      -9.386544618,      -8.894772966
          0,           0,        4509,      -9.022600131,      -6.378816834,      -9.386648977,      -8.894734405
          0,           0,        4510,      -9.022622149,      -6.378828079,      -9.386753291,      -8.894695865
          0,           0,        4511,      -9.022644176,      -6.378839316,      -9.386857554,      -8.894657343
          0,           0,        4512,       -9.02266621,      -6.378850545,      -9.386961759,       -8.89461884
          0,           0,        4513,      -9.022688251,      -6.378861765,      -9.387065903,      -8.894580355
          0,           0,        4514,        -9.0227103,      -6.378872977,      -9.387169919,      -8.894541889
          0,           0,        4515,      -9.022732357,      -6.378884181,      -9.387273822,      -8.894503442
          0,           0,        4516,      -9.022754421,      -6.378895376,      -9.387377636,      -8.894465014
          0,           0,        4517,      -9.022776493,      -6.378906564,      -9.387481374,      -8.894426604
          0,           0,        4518,      -9.022798572,      -6.378917743,      -9.387585044,      -8.894388214
          0,           0,        4519,      -9.022820661,      -6.378928914,      -9.387688663,      -8.894349843
          0,           0,        4520,      -9.022842757,      -6.378940076,       -9.38779225,      -8.894311491
          0,           0,        4521,      -9.022864862,      -6.378951231,      -9.387895831,      -8.894273158
          0,           0,        4522,      -9.022886977,      -6.378962377,       -9.38799935,      -8.894234844
          0,           0,        4523,        -9.0229091,      -6.378973514,      -9.388102365,      -8.894196549
          0,           0,        4524,      -9.022931234,      -6.378984644,      -9.388204805,      -8.894158274
          0,           0,        4525,      -9.022953378,      -6.378995765,      -9.388307211,       -8.89411999
          0,           0,        4526,      -9.022975532,      -6.379006878,      -9.388409812,      -8.894081698
          0,           0,        4527,      -9.022997695,      -6.379017983,      -9.388512568,       -8.89404341
          0,           0,        4528,      -9.023019866,      -6.379029079,      -9.388615388,      -8.894005138
          0,           0,        4529,      -9.023042046,      -6.379040167,      -9.388718217,      -8.893966882
          0,           0,        4530,      -9.023064232,      -6.379051247,      -9.388821028,      -8.893928642
          0,           0,        4531,      -9.023086425,      -6.379062318,      -9.388923809,      -8.893890418
          0,           0,        4532,      -9.023108623,      -6.379073381,      -9.389026553,       -8.89385221
          0,           0,        4533,      -9.023130826,      -6.379084435,      -9.389129259,      -8.893814019
          0,           0,        4534,      -9.023153031,      -6.379095481,      -9.389231927,      -8.893775843
          0,           0,        4535,      -9.023175237,      -6.379106519,      -9.389334551,      -8.893737684
          0,           0,        4536,      -9.023197443,      -6.379117548,       -9.38943713,      -8.893699541
          0,           0,        4537,      -9.023219646,      -6.379128569,      -9.389539646,      -8.893661414
          0,           0,        4538,      -9.023241846,      -6.379139582,      -9.389642105,      -8.893623299
          0,           0,        4539,       -9.02326404,      -6.379150586,      -9.389744522,      -8.893585196
          0,           0,        4540,      -9.023286227,      -6.379161582,      -9.389846903,       -8.89354711
          0,           0,        4541,      -9.023308405,       -6.37917257,      -9.389949248,       -8.89350904
          0,           0,        4542,      -9.023330574,      -6.379183549,      -9.390051557,      -8.893470986
          0,           0,        4543,       -9.02335273,       -6.37919452,      -9.390153834,      -8.893432948
          0,           0,        4544,      -9.023374874,      -6.379205483,      -9.390256078,      -8.893394927
          0,           0,        4545,      -9.023397005,      -6.379216438,      -9.390358289,      -8.893356922
          0,           0,        4546,      -9.023419121,      -6.379227384,       -9.39046047,      -8.893318933
          0,           0,        4547,      -9.023441222,      -6.379238322,      -9.390562613,      -8.893280879
          0,           0,        4548,      -9.023463307,      -6.379249252,       -9.39066471,      -8.893242745
          0,           0,        4549,      -9.023485377,      -6.379260174,      -9.390766711,      -8.893204627
          0,           0,        4550,       -9.02350743,      -6.379271088,      -9.390868524,      -8.893166524
          0,           0,        4551,      -9.023529466,      -6.379281994,      -9.390970184,      -8.893128437
          0,           0,        4552,      -9.023551485,      -6.379292892,      -9.391071834,      -8.893090375
          0,           0,        4553,      -9.023573486,      -6.379303781,      -9.391173541,      -8.893052364
          0,           0,        4554,       -9.02359547,      -6.379314664,      -9.391275325,      -8.893014393
          0,           0,        4555,      -9.023617437,      -6.379325538,      -9.391377205,       -8.89297646
          0,           0,        4556,      -9.023639385,      -6.379336405,      -9.391479258,       -8.89293856
          0,           0,        4557,      -9.023661314,      -6.379347264,      -9.391581631,      -8.892900686
          0,           0,        4558,      -9.023683221,      -6.379358115,      -9.391684055,      -8.892862836
          0,           0,        4559,      -9.023705104,      -6.379368958,      -9.391785599,      -8.892825007
          0,           0,        4560,      -9.023726965,      -6.379379794,      -9.391886536,      -8.892787197
          0,           0,        4561,      -9.023748806,      -6.379390623,      -9.391987258,       -8.89274941
          0,           0,        4562,      -9.023770625,      -6.379401444,      -9.392087915,      -8.892711645
          0,           0,        4563,      -9.023792423,      -6.379412257,      -9.392188535,      -8.892673902
          0,           0,        4564,      -9.023814197,      -6.379423063,       -9.39228911,      -8.892636179
          0,           0,        4565,      -9.023835947,      -6.379433861,      -9.392389637,      -8.892598475
          0,           0,        4566,      -9.023857673,      -6.379444652,       -9.39249004,      -8.892560789
          0,           0,        4567,      -9.023879374,      -6.379455436,      -9.392590342,      -8.892523122
          0,           0,        4568,       -9.02390105,      -6.379466212,      -9.392690607,      -8.892485471
          0,           0,        4569,      -9.023922701,      -6.379476981,      -9.392790859,      -8.892447837
          0,           0,        4570,      -9.023944328,      -6.379487742,      -9.392891113,       -8.89241022
          0,           0,        4571,       -9.02396593,      -6.379498496,      -9.392991379,      -8.892372618
          0,           0,        4572,      -9.023987509,      -6.379509243,      -9.393091655,      -8.892335031
          0,           0,        4573,      -9.024009065,      -6.379519982,      -9.393191601,      -8.892297463
          0,           0,        4574,      -9.024030602,      -6.379530713,      -9.393290906,      -8.892259909
          0,           0,        4575,      -9.024052126,      -6.379541438,       -9.39339053,       -8.89222237
          0,           0,        4576,       -9.02407364,      -6.379552154,      -9.393490645,      -8.892184846
          0,           0,        4577,      -9.024095145,      -6.379562863,      -9.393590803,      -8.892147336
          0,           0,        4578,      -9.024116643,      -6.379573565,      -9.393690906,      -8.892109841
          0,           0,        4579,      -9.024138138,      -6.379584259,      -9.393791017,       -8.89207236
          0,           0,        4580,      -9.024159634,      -6.379594945,      -9.393891152,      -8.892034892
          0,           0,        4581,      -9.024181135,      -6.379605624,      -9.393991302,      -8.891997439
          0,           0,        4582,      -9.024202647,      -6.379616295,      -9.394091458,      -8.891960001
          0,           0,        4583,      -9.024224173,      -6.379626958,       -9.39419162,      -8.891922601
          0,           0,        4584,       -9.02424572,      -6.379637613,      -9.394291781,      -8.891885225
          0,           0,        4585,      -9.024267292,      -6.379648261,      -9.394391939,      -8.891847863
          0,           0,        4586,      -9.024288895,      -6.379658901,      -9.394492087,      -8.891810511
          0,           0,        4587,      -9.024310533,      -6.379669533,      -9.394592204,      -8.891773171
          0,           0,        4588,      -9.024332211,      -6.379680158,      -9.394692258,      -8.891735842
          0,           0,        4589,      -9.024353933,      -6.379690774,      -9.394792271,      -8.891698525
          0,           0,        4590,      -9.024375703,      -6.379701383,      -9.394892251,       -8.89166122
          0,           0,        4591,      -9.024397526,      -6.379711983,      -9.394992195,      -8.891623926
          0,           0,        4592,      -9.024419403,      -6.379722576,      -9.395092097,      -8.891586645
          0,           0,        4593,      -9.024441338,      -6.379733161,      -9.395191956,      -8.891549376
          0,           0,        4594,      -9.024463334,      -6.379743738,      -9.395291772,      -8.891512119
          0,           0,        4595,      -9.024485392,      -6.379754307,      -9.395391543,      -8.891474875
          0,           0,        4596,      -9.024507514,      -6.379764868,      -9.395491268,      -8.891437643
          0,           0,        4597,      -9.024529702,      -6.379775422,      -9.395590901,      -8.891400424
          0,           0,        4598,      -9.024551956,      -6.379785968,      -9.395690245,      -8.891363217
          0,           0,        4599,      -9.024574277,      -6.379796505,       -9.39578928,      -8.891326023
          0,           0,        4600,      -9.024596666,      -6.379807036,      -9.395888325,      -8.891288841
          0,           0,        4601,      -9.024619122,      -6.379817558,      -9.395987528,      -8.891251671
          0,           0,        4602,      -9.024641646,      -6.379828073,      -9.396086861,      -8.891214514
          0,           0,        4603,      -9.024664237,       -6.37983858,      -9.396186274,      -8.891177369
          0,           0,        4604,      -9.024686895,      -6.379849079,      -9.396285719,      -8.891140238
          0,           0,        4605,      -9.024709617,       -6.37985957,      -9.396385169,       -8.89110312
          0,           0,        4606,      -9.024732404,      -6.379870054,      -9.396484607,      -8.891066015
          0,           0,        4607,      -9.024755253,       -6.37988053,      -9.396584013,      -8.891028924
          0,           0,        4608,      -9.024778163,      -6.379890999,      -9.396683375,      -8.890991846
          0,           0,        4609,      -9.024801131,       -6.37990146,      -9.396782687,      -8.890954781
          0,           0,        4610,      -9.024824157,      -6.379911914,      -9.396881945,       -8.89091773
          0,           0,        4611,      -9.024847236,       -6.37992236,      -9.396981146,      -8.890880692
          0,           0,        4612,      -9.024870368,      -6.379932798,      -9.397080295,      -8.890843668
          0,           0,        4613,       -9.02489355,      -6.379943229,      -9.397179388,      -8.890806657
          0,           0,        4614,       -9.02491678,      -6.379953653,       -9.39727843,       -8.89076966
          0,           0,        4615,      -9.024940055,      -6.379964069,      -9.397377426,      -8.890732676
          0,           0,        4616,      -9.024963373,      -6.379974478,       -9.39747638,      -8.890695705
          0,           0,        4617,      -9.024986733,       -6.37998488,      -9.397575293,      -8.890658759
          0,           0,        4618,      -9.025010131,      -6.379995274,      -9.397674172,      -8.890621859
          0,           0,        4619,      -9.025033567,      -6.380005662,      -9.397773017,      -8.890584981
          0,           0,        4620,      -9.025057038,      -6.380016042,      -9.397871829,      -8.890548117
          0,           0,        4621,      -9.025080543,      -6.380026415,      -9.397970607,      -8.890511265
          0,           0,        4622,       -9.02510408,       -6.38003678,      -9.398069352,      -8.890474426
          0,           0,        4623,      -9.025127648,      -6.380047139,      -9.398168063,      -8.890437599
          0,           0,        4624,      -9.025151245,       -6.38005749,      -9.398266736,      -8.890400784
          0,           0,        4625,       -9.02517487,      -6.380067834,      -9.398365368,      -8.890363982
          0,           0,        4626,      -9.025198523,      -6.380078171,      -9.398463957,      -8.890327192
          0,           0,        4627,      -9.025222201,      -6.380088501,      -9.398562498,       -8.89029043
          0,           0,        4628,      -9.025245905,      -6.380098825,      -9.398660991,      -8.890253697
          0,           0,        4629,      -9.025269634,      -6.380109141,       -9.39875943,       -8.89021699
          0,           0,        4630,      -9.025293386,       -6.38011945,      -9.398857813,      -8.890180304
          0,           0,        4631,      -9.025317162,      -6.380129753,      -9.398956139,      -8.890143638
          0,           0,        4632,       -9.02534096,      -6.380140048,      -9.399054409,       -8.89010699
          0,           0,        4633,       -9.02536478,      -6.380150337,      -9.399152619,      -8.890070359
          0,           0,        4634,      -9.025388622,      -6.380160619,      -9.399250774,      -8.890033745
          0,           0,        4635,      -9.025412485,      -6.380170894,      -9.399348875,      -8.889997144
          0,           0,        4636,      -9.025436369,      -6.380181161,      -9.399446922,      -8.889960542
          0,           0,        4637,      -9.025460273,      -6.380191423,      -9.399544921,      -8.889923953
          0,           0,        4638,      -9.025484197,      -6.380201677,       -9.39964287,      -8.889887378
          0,           0,        4639,      -9.025508141,      -6.380211924,      -9.399740774,      -8.889850819
          0,           0,        4640,      -9.025532105,      -6.380222164,      -9.399838631,      -8.889814274
          0,           0,        4641,      -9.025556088,      -6.380232398,      -9.399936443,      -8.889777601
          0,           0,        4642,       -9.02558009,      -6.380242625,      -9.400034215,      -8.889740738
          0,           0,        4643,      -9.025604111,      -6.380252845,      -9.400131941,       -8.88970375
          0,           0,        4644,       -9.02562815,      -6.380263058,      -9.400229622,      -8.889666777
          0,           0,        4645,      -9.025652206,      -6.380273264,      -9.400327254,      -8.889629817
          0,           0,        4646,      -9.025676281,      -6.380283464,      -9.400424835,      -8.889592871
          0,           0,        4647,      -9.025700373,      -6.380293656,      -9.400522369,       -8.88955594
          0,           0,        4648,      -9.025724483,      -6.380303842,      -9.400619845,      -8.889519024
          0,           0,        4649,      -9.025748609,      -6.380314022,      -9.400717264,      -8.889482122
          0,           0,        4650,      -9.025772751,      -6.380324194,      -9.400814623,      -8.889445234
          0,           0,        4651,      -9.025796909,       -6.38033436,       -9.40091192,      -8.889408361
          0,           0,        4652,      -9.025821083,      -6.380344518,       -9.40100915,      -8.889371503
          0,           0,        4653,      -9.025845272,      -6.380354671,      -9.401106313,      -8.889334659
          0,           0,        4654,      -9.025869475,      -6.380364816,      -9.401203406,       -8.88929783
          0,           0,        4655,      -9.025893692,      -6.380374955,      -9.401300425,      -8.889260935
          0,           0,        4656,      -9.025917923,      -6.380385087,      -9.401397373,      -8.889224028
          0,           0,        4657,      -9.025942166,      -6.380395212,      -9.401494246,      -8.889187168
          0,           0,        4658,      -9.025966422,      -6.380405331,      -9.401591043,      -8.889150337
          0,           0,        4659,      -9.025990689,      -6.380415443,      -9.401687764,        -8.8891135
          0,           0,        4660,      -9.026014968,      -6.380425549,      -9.401784409,      -8.889076681
          0,           0,        4661,      -9.026039256,      -6.380435648,      -9.401880977,      -8.889039879
          0,           0,        4662,      -9.026063554,       -6.38044574,      -9.401977467,      -8.889003093
          0,           0,        4663,       -9.02608786,      -6.380455826,      -9.402073881,      -8.888966322
          0,           0,        4664,      -9.026112175,      -6.380465905,      -9.402170219,      -8.888929567
          0,           0,        4665,      -9.026136496,      -6.380475978,      -9.402266477,      -8.888892826
          0,           0,        4666,      -9.026160824,      -6.380486044,      -9.402362656,      -8.888856101
          0,           0,        4667,      -9.026185157,      -6.380496104,      -9.402458756,      -8.888819392
          0,           0,        4668,      -9.026209495,      -6.380506157,      -9.402554776,      -8.888782696
          0,           0,        4669,      -9.026233836,      -6.380516203,      -9.402650713,      -8.888746011
          0,           0,        4670,       -9.02625818,      -6.380526243,      -9.402746575,       -8.88870934
          0,           0,        4671,      -9.026282526,      -6.380536276,      -9.402842358,      -8.888672684
          0,           0,        4672,      -9.026306873,      -6.380546303,      -9.402938064,      -8.888636043
          0,           0,        4673,       -9.02633122,      -6.380556324,      -9.403033695,      -8.888599411
          0,           0,        4674,      -9.026355566,      -6.380566338,      -9.403129252,      -8.888562734
          0,           0,        4675,      -9.026379911,      -6.380576345,      -9.403224734,      -8.888526066
          0,           0,        4676,      -9.026404253,      -6.380586346,      -9.403320145,      -8.888489414
          0,           0,        4677,      -9.026428593,      -6.380596341,      -9.403415479,      -8.888452779
          0,           0,        4678,      -9.026452928,      -6.380606329,      -9.403510738,      -8.888416159
          0,           0,        4679,      -9.026477257,       -6.38061631,       -9.40360592,      -8.888379555
          0,           0,        4680,      -9.026501582,      -6.380626285,      -9.403701022,      -8.888342968
          0,           0,        4681,      -9.026525899,      -6.380636254,      -9.403796045,      -8.888306397
          0,           0,        4682,       -9.02655021,      -6.380646216,      -9.403890986,      -8.888269842
          0,           0,        4683,      -9.026574512,      -6.380656172,      -9.403985842,      -8.888233305
          0,           0,        4684,      -9.026598805,      -6.380666122,      -9.404080615,      -8.888196793
          0,           0,        4685,      -9.026623089,      -6.380676066,      -9.404175304,      -8.888160304
          0,           0,        4686,      -9.026647362,      -6.380686003,      -9.404269909,      -8.888123841
          0,           0,        4687,      -9.026671625,      -6.380695934,       -9.40436443,      -8.888087401
          0,           0,        4688,      -9.026695876,      -6.380705859,      -9.404458869,       -8.88805097
          0,           0,        4689,      -9.026720116,      -6.380715777,      -9.404553228,      -8.888014376
          0,           0,        4690,      -9.026744344,       -6.38072569,      -9.404647508,      -8.887977803
          0,           0,        4691,      -9.026768559,      -6.380735596,      -9.404741711,       -8.88794125
          0,           0,        4692,      -9.026792761,      -6.380745496,      -9.404835839,      -8.887904716
          0,           0,        4693,      -9.026816949,      -6.380755389,       -9.40492989,      -8.887868199
          0,           0,        4694,      -9.026841125,      -6.380765277,      -9.405023869,      -8.887831699
          0,           0,        4695,      -9.026865286,      -6.380775158,      -9.405117778,      -8.887795217
          0,           0,        4696,      -9.026889434,      -6.380785033,      -9.405211612,      -8.887758752
          0,           0,        4697,      -9.026913568,      -6.380794902,      -9.405305377,      -8.887722304
          0,           0,        4698,      -9.026937687,      -6.380804764,      -9.405399073,      -8.887685873
          0,           0,        4699,      -9.026961792,      -6.380814621,        -9.4054927,      -8.887649459
          0,           0,        4700,      -9.026985883,      -6.380824471,      -9.405586262,      -8.887613062
          0,           0,        4701,      -9.027009959,      -6.380834315,      -9.405679756,      -8.887576677
          0,           0,        4702,      -9.027034021,      -6.380844152,      -9.405773191,      -8.887540304
          0,           0,        4703,      -9.027058069,      -6.380853983,      -9.405866569,      -8.887503968
          0,           0,        4704,      -9.027082102,      -6.380863809,      -9.405959895,      -8.887467675
          0,           0,        4705,      -9.027106122,      -6.380873628,      -9.406053162,       -8.88743141
          0,           0,        4706,      -9.027130127,      -6.380883441,      -9.406146349,      -8.887395167
          0,           0,        4707,      -9.027154118,      -6.380893248,      -9.406239437,      -8.887358942
          0,           0,        4708,      -9.027178095,      -6.380903048,      -9.406332427,      -8.887322734
          0,           0,        4709,      -9.027202057,      -6.380912842,      -9.406425335,      -8.887286542
          0,           0,        4710,      -9.027226004,      -6.380922631,      -9.406518176,      -8.887250359
          0,           0,        4711,      -9.027249937,      -6.380932413,      -9.406610964,      -8.887214189
          0,           0,        4712,      -9.027273856,      -6.380942188,      -9.406703711,      -8.887178032
          0,           0,        4713,       -9.02729776,      -6.380951958,      -9.406796429,      -8.887141884
          0,           0,        4714,       -9.02732165,      -6.380961721,      -9.406889124,       -8.88710575
          0,           0,        4715,      -9.027345527,      -6.380971478,      -9.406981797,       -8.88706963
          0,           0,        4716,       -9.02736939,      -6.380981229,       -9.40707445,      -8.887033518
          0,           0,        4717,       -9.02739324,      -6.380990974,      -9.407167087,       -8.88699742
          0,           0,        4718,      -9.027417077,      -6.381000712,        -9.4072597,       -8.88696134
          0,           0,        4719,      -9.027440902,      -6.381010445,      -9.407352287,       -8.88692529
          0,           0,        4720,      -9.027464714,      -6.381020171,      -9.407444845,      -8.886889266
          0,           0,        4721,      -9.027488515,      -6.381029891,      -9.407537362,      -8.886853266
          0,           0,        4722,      -9.027512305,      -6.381039606,      -9.407629838,      -8.886817289
          0,           0,        4723,      -9.027536083,      -6.381049314,      -9.407722268,      -8.886781331
          0,           0,        4724,      -9.027559852,      -6.381059016,      -9.407814646,      -8.886745394
          0,           0,        4725,      -9.027583611,      -6.381068712,      -9.407906962,      -8.886709475
          0,           0,        4726,       -9.02760736,      -6.381078402,      -9.407999216,      -8.886673574
          0,           0,        4727,      -9.027631101,      -6.381088085,      -9.408091404,       -8.88663769
          0,           0,        4728,      -9.027654833,      -6.381097763,      -9.408183529,      -8.886601824
          0,           0,        4729,      -9.027678558,      -6.381107434,      -9.408275587,      -8.886565975
          0,           0,        4730,      -9.027702274,        -6.3811171,       -9.40836758,      -8.886530142
          0,           0,        4731,      -9.027725984,      -6.381126759,      -9.408459507,      -8.886494327
          0,           0,        4732,      -9.027749687,      -6.381136412,      -9.408551365,      -8.886458527
          0,           0,        4733,      -9.027773383,      -6.381146059,       -9.40864316,      -8.886422744
          0,           0,        4734,      -9.027797073,        -6.3811557,      -9.408734883,      -8.886386977
          0,           0,        4735,      -9.027820756,      -6.381165335,      -9.408826532,      -8.886351226
          0,           0,        4736,      -9.027844433,      -6.381174964,      -9.408918104,      -8.886315492
          0,           0,        4737,      -9.027868103,      -6.381184587,      -9.409009595,      -8.886279741
          0,           0,        4738,      -9.027891767,      -6.381194204,       -9.40910101,      -8.886243979
          0,           0,        4739,      -9.027915424,      -6.381203815,      -9.409192355,      -8.886208233
          0,           0,        4740,      -9.027939073,      -6.381213419,      -9.409283641,      -8.886172502
          0,           0,        4741,      -9.027962716,      -6.381223018,       -9.40937487,      -8.886136787
          0,           0,        4742,      -9.027986352,       -6.38123261,      -9.409466043,      -8.886101088
          0,           0,        4743,      -9.028009981,      -6.381242197,      -9.409557157,      -8.886065405
          0,           0,        4744,      -9.028033602,      -6.381251777,      -9.409648194,      -8.886029737
          0,           0,        4745,      -9.028057214,      -6.381261352,      -9.409739166,      -8.885994086
          0,           0,        4746,      -9.028080818,       -6.38127092,      -9.409830098,      -8.885958451
          0,           0,        4747,      -9.028104413,      -6.381280483,      -9.409921018,      -8.885922832
          0,           0,        4748,      -9.028127999,      -6.381290039,      -9.410011974,       -8.88588723
          0,           0,        4749,      -9.028151574,       -6.38129959,      -9.410102973,      -8.885851647
          0,           0,        4750,      -9.028175138,      -6.381309135,      -9.410193763,      -8.885816083
          0,           0,        4751,      -9.028198691,      -6.381318674,      -9.410284398,      -8.885780538
          0,           0,        4752,      -9.028222234,      -6.381328207,      -9.410374952,      -8.885745012
          0,           0,        4753,      -9.028245771,      -6.381337734,      -9.410465449,      -8.885709506
          0,           0,        4754,        -9.0282693,      -6.381347256,      -9.410555885,      -8.885674019
          0,           0,        4755,      -9.028292823,      -6.381356771,      -9.410646253,      -8.885638551
          0,           0,        4756,      -9.028316339,      -6.381366281,      -9.410736568,      -8.885602978
          0,           0,        4757,      -9.028339849,      -6.381375786,      -9.410826831,       -8.88556742
          0,           0,        4758,      -9.028363353,      -6.381385284,      -9.410917024,      -8.885531899
          0,           0,        4759,       -9.02838685,      -6.381394777,      -9.411006973,      -8.885496309
          0,           0,        4760,      -9.028410341,      -6.381404264,      -9.411096891,      -8.885460736
          0,           0,        4761,      -9.028433828,      -6.381413746,      -9.411186898,      -8.885425189
          0,           0,        4762,      -9.028457309,      -6.381423222,      -9.411276961,      -8.885389665
          0,           0,        4763,      -9.028480782,      -6.381432693,      -9.411367044,      -8.885354162
          0,           0,        4764,      -9.028504244,      -6.381442157,      -9.411457127,      -8.885318679
          0,           0,        4765,      -9.028527692,      -6.381451616,      -9.411547191,      -8.885283215
          0,           0,        4766,      -9.028551127,      -6.381461069,      -9.411637233,      -8.885247769
          0,           0,        4767,      -9.028574546,      -6.381470517,      -9.411727247,      -8.885212341
          0,           0,        4768,      -9.028597948,      -6.381479958,      -9.411817237,       -8.88517693
          0,           0,        4769,      -9.028621332,      -6.381489394,      -9.411907201,      -8.885141534
          0,           0,        4770,      -9.028644697,      -6.381498824,      -9.411997145,      -8.885106153
          0,           0,        4771,      -9.028668042,      -6.381508248,      -9.412087068,      -8.885070787
          0,           0,        4772,      -9.028691367,      -6.381517667,      -9.412176969,      -8.885035438
          0,           0,        4773,      -9.028714671,      -6.381527079,      -9.412266848,      -8.885000105
          0,           0,        4774,      -9.028737955,      -6.381536486,        -9.4123567,      -8.884964788
          0,           0,        4775,      -9.028761219,      -6.381545886,      -9.412446523,      -8.884929486
          0,           0,        4776,      -9.028784464,      -6.381555281,      -9.412536314,        -8.8848942
          0,           0,        4777,       -9.02880769,       -6.38156467,      -9.412626074,      -8.884858931
          0,           0,        4778,      -9.028830899,      -6.381574052,      -9.412715799,      -8.884823676
          0,           0,        4779,      -9.028854091,      -6.381583429,      -9.412805491,      -8.884788438
          0,           0,        4780,      -9.028877269,        -6.3815928,      -9.412895145,      -8.884753215
          0,           0,        4781,      -9.028900432,      -6.381602165,      -9.412984766,      -8.884718009
          0,           0,        4782,      -9.028923584,      -6.381611523,      -9.413074355,      -8.884682818
          0,           0,        4783,      -9.028946725,      -6.381620876,      -9.413163911,      -8.884647642
          0,           0,        4784,      -9.028969857,      -6.381630222,      -9.413253437,      -8.884612483
          0,           0,        4785,      -9.028992982,      -6.381639562,      -9.413342929,       -8.88457734
          0,           0,        4786,      -9.029016101,      -6.381648897,       -9.41343239,      -8.884542212
          0,           0,        4787,      -9.029039217,      -6.381658225,      -9.413521819,        -8.8845071
          0,           0,        4788,       -9.02906233,      -6.381667546,      -9.413611217,      -8.884472006
          0,           0,        4789,      -9.029085442,      -6.381676862,      -9.413700578,      -8.884436927
          0,           0,        4790,      -9.029108554,      -6.381686172,      -9.413789898,      -8.884401862
          0,           0,        4791,      -9.029131669,      -6.381695475,      -9.413879175,       -8.88436681
          0,           0,        4792,      -9.029154786,      -6.381704772,      -9.413968402,      -8.884331771
          0,           0,        4793,      -9.029177909,      -6.381714063,      -9.414057576,      -8.884296746
          0,           0,        4794,      -9.029201037,      -6.381723348,      -9.414146701,      -8.884261734
          0,           0,        4795,      -9.029224172,      -6.381732627,      -9.414235777,      -8.884226736
          0,           0,        4796,      -9.029247316,        -6.3817419,       -9.41432481,      -8.884191751
          0,           0,        4797,       -9.02927047,      -6.381751166,      -9.414413801,       -8.88415678
          0,           0,        4798,      -9.029293635,      -6.381760427,      -9.414502754,      -8.884121822
          0,           0,        4799,      -9.029316812,      -6.381769681,      -9.414591667,      -8.884086878
          0,           0,        4800,      -9.029340002,      -6.381778929,      -9.414680535,      -8.884051948
          0,           0,        4801,      -9.029363207,      -6.381788171,      -9.414769359,      -8.884017031
          0,           0,        4802,      -9.029386427,      -6.381797407,      -9.414858136,      -8.883982129
          0,           0,        4803,      -9.029409664,      -6.381806637,      -9.414946864,      -8.883947239
          0,           0,        4804,      -9.029432917,      -6.381815861,      -9.415035537,      -8.883912364
          0,           0,        4805,      -9.029456188,      -6.381825079,      -9.415124156,      -8.883877502
          0,           0,        4806,      -9.029479478,      -6.381834291,      -9.415212718,      -8.883842654
          0,           0,        4807,      -9.029502786,      -6.381843497,      -9.415301223,       -8.88380782
          0,           0,        4808,      -9.029526114,      -6.381852697,      -9.415389674,         -8.883773
          0,           0,        4809,      -9.029549463,       -6.38186189,      -9.415478072,      -8.883738193
          0,           0,        4810,      -9.029572831,      -6.381871078,      -9.415566416,      -8.883703401
          0,           0,        4811,      -9.029596221,       -6.38188026,      -9.415654712,      -8.883668622
          0,           0,        4812,      -9.029619631,      -6.381889437,      -9.415742965,      -8.883633857
          0,           0,        4813,      -9.029643062,      -6.381898607,      -9.415831184,      -8.883599106
          0,           0,        4814,      -9.029666514,      -6.381907771,      -9.415919382,      -8.883564369
          0,           0,        4815,      -9.029689987,       -6.38191693,      -9.416007588,      -8.883529646
          0,           0,        4816,       -9.02971348,      -6.381926083,      -9.416095851,      -8.883494938
          0,           0,        4817,      -9.029736991,      -6.381935229,      -9.416184285,      -8.883460243
          0,           0,        4818,       -9.02976052,      -6.381944371,      -9.416273065,      -8.883425566
          0,           0,        4819,      -9.029784062,      -6.381953506,      -9.416361658,      -8.883390917
          0,           0,        4820,      -9.029807615,      -6.381962636,      -9.416449378,       -8.88335628
          0,           0,        4821,      -9.029831184,       -6.38197176,      -9.416536649,      -8.883321654
          0,           0,        4822,      -9.029854766,      -6.381980879,       -9.41662381,      -8.883287039
          0,           0,        4823,      -9.029878361,      -6.381989992,      -9.416710971,      -8.883252436
          0,           0,        4824,      -9.029901968,        -6.3819991,      -9.416798154,       -8.88321785
          0,           0,        4825,      -9.029925584,      -6.382008202,       -9.41688535,        -8.8831833
          0,           0,        4826,      -9.029949209,      -6.382017299,      -9.416972515,      -8.883148776
          0,           0,        4827,      -9.029972839,       -6.38202639,      -9.417059604,      -8.883114275
          0,           0,        4828,      -9.029996473,      -6.382035477,      -9.417146684,      -8.883079792
          0,           0,        4829,      -9.030020111,      -6.382044557,      -9.417233785,      -8.883045325
          0,           0,        4830,      -9.030043751,      -6.382053633,      -9.417320916,      -8.883010871
          0,           0,        4831,       -9.03006739,      -6.382062703,      -9.417408076,      -8.882976429
          0,           0,        4832,      -9.030091029,      -6.382071768,      -9.417495235,      -8.882942007
          0,           0,        4833,      -9.030114666,      -6.382080827,      -9.417581939,      -8.882907607
          0,           0,        4834,      -9.030138302,      -6.382089881,       -9.41766801,      -8.882873229
          0,           0,        4835,      -9.030161943,       -6.38209893,      -9.417754395,      -8.882838871
          0,           0,        4836,      -9.030185587,      -6.382107974,      -9.417841318,      -8.882804532
          0,           0,        4837,      -9.030209235,      -6.382117012,      -9.417928603,      -8.882770207
          0,           0,        4838,      -9.030232885,      -6.382126045,       -9.41801607,      -8.882735879
          0,           0,        4839,      -9.030256539,      -6.382135072,      -9.418103607,      -8.882701448
          0,           0,        4840,      -9.030280199,      -6.382144093,      -9.418191155,      -8.882666998
          0,           0,        4841,      -9.030303867,       -6.38215311,      -9.418278692,      -8.882632561
          0,           0,        4842,      -9.030327545,       -6.38216212,      -9.418366197,      -8.882598138
          0,           0,        4843,      -9.030351236,      -6.382171125,      -9.418453661,      -8.882563728
          0,           0,        4844,      -9.030374943,      -6.382180124,      -9.418541081,      -8.882529331
          0,           0,        4845,      -9.030398669,      -6.382189118,      -9.418628451,      -8.882494947
          0,           0,        4846,      -9.030422416,      -6.382198106,      -9.418715766,      -8.882460575
          0,           0,        4847,      -9.030446189,      -6.382207088,      -9.418803024,      -8.882426221
          0,           0,        4848,       -9.03046999,      -6.382216064,      -9.418890225,      -8.882391884
          0,           0,        4849,      -9.030493822,      -6.382225035,      -9.418977367,      -8.882357564
          0,           0,        4850,      -9.030517687,         -6.382234,      -9.419064453,      -8.882323259
          0,           0,        4851,      -9.030541589,       -6.38224296,      -9.419151481,       -8.88228897
          0,           0,        4852,      -9.030565529,      -6.382251914,      -9.419238453,      -8.882254724
          0,           0,        4853,      -9.030589511,      -6.382260862,      -9.419325369,      -8.882220499
          0,           0,        4854,      -9.030613535,      -6.382269804,      -9.419412232,      -8.882186288
          0,           0,        4855,      -9.030637603,      -6.382278741,      -9.419499041,      -8.882152015
          0,           0,        4856,      -9.030661718,      -6.382287672,      -9.419585795,      -8.882117666
          0,           0,        4857,      -9.030685881,      -6.382296598,      -9.419672498,      -8.882083139
          0,           0,        4858,      -9.030710091,      -6.382305517,       -9.41975915,      -8.882048372
          0,           0,        4859,      -9.030734352,      -6.382314432,      -9.419845752,      -8.882013546
          0,           0,        4860,      -9.030758662,       -6.38232334,      -9.419932299,       -8.88197873
          0,           0,        4861,      -9.030783024,      -6.382332243,      -9.420018798,      -8.881943925
          0,           0,        4862,      -9.030807437,       -6.38234114,      -9.420105241,      -8.881909131
          0,           0,        4863,      -9.030831901,      -6.382350032,      -9.420191634,      -8.881874347
          0,           0,        4864,      -9.030856418,      -6.382358918,      -9.420277973,      -8.881839572
          0,           0,        4865,      -9.030880986,      -6.382367799,      -9.420364261,      -8.881804806
          0,           0,        4866,      -9.030905606,      -6.382376674,      -9.420450499,      -8.881770048
          0,           0,        4867,      -9.030930279,      -6.382385543,      -9.420536685,      -8.881735291
          0,           0,        4868,      -9.030955003,      -6.382394408,       -9.42062282,      -8.881700543
          0,           0,        4869,      -9.030979778,      -6.382403266,      -9.420708907,      -8.881665803
          0,           0,        4870,      -9.031004604,       -6.38241212,      -9.420794948,      -8.881631073
          0,           0,        4871,      -9.031029481,      -6.382420968,      -9.420880941,      -8.881596354
          0,           0,        4872,      -9.031054407,      -6.382429811,      -9.420966891,      -8.881561645
          0,           0,        4873,      -9.031079384,      -6.382438648,      -9.421052801,      -8.881526948
          0,           0,        4874,      -9.031104409,       -6.38244748,       -9.42113867,      -8.881492261
          0,           0,        4875,      -9.031129482,      -6.382456307,        -9.4212245,      -8.881457586
          0,           0,        4876,      -9.031154602,      -6.382465128,      -9.421310292,      -8.881422921
          0,           0,        4877,      -9.031179769,      -6.382473944,      -9.421396047,      -8.881388269
          0,           0,        4878,      -9.031204981,      -6.382482755,      -9.421481765,      -8.881353627
          0,           0,        4879,      -9.031230238,      -6.382491561,      -9.421567447,      -8.881318997
          0,           0,        4880,      -9.031255538,      -6.382500362,        -9.4216531,      -8.881284378
          0,           0,        4881,       -9.03128088,      -6.382509157,       -9.42173872,       -8.88124977
          0,           0,        4882,      -9.031306262,      -6.382517948,      -9.421824308,      -8.881215173
          0,           0,        4883,      -9.031331685,      -6.382526733,      -9.421909866,      -8.881180558
          0,           0,        4884,      -9.031357146,      -6.382535513,      -9.421995393,      -8.881145877
          0,           0,        4885,      -9.031382644,      -6.382544288,      -9.422080894,      -8.881111207
          0,           0,        4886,      -9.031408178,      -6.382553058,      -9.422166368,      -8.881076548
          0,           0,        4887,      -9.031433745,      -6.382561823,      -9.422251814,      -8.881041901
          0,           0,        4888,      -9.031459346,      -6.382570583,      -9.422337234,      -8.881007266
          0,           0,        4889,      -9.031484977,      -6.382579338,      -9.422422634,      -8.880972656
          0,           0,        4890,      -9.031510637,      -6.382588088,      -9.422508013,      -8.880938086
          0,           0,        4891,      -9.031536325,      -6.382596833,      -9.422593379,      -8.880903533
          0,           0,        4892,       -9.03156204,      -6.382605573,      -9.422678742,      -8.880868992
          0,           0,        4893,      -9.031587779,      -6.382614308,      -9.422764124,      -8.880834461
          0,           0,        4894,      -9.031613541,      -6.382623038,      -9.422849566,       -8.88079994
          0,           0,        4895,      -9.031639323,      -6.382631763,      -9.422935133,      -8.880765429
          0,           0,        4896,      -9.031665126,      -6.382640484,      -9.423020944,      -8.880730927
          0,           0,        4897,      -9.031690944,      -6.382649199,      -9.423107016,      -8.880696436
          0,           0,        4898,      -9.031716778,       -6.38265791,      -9.423192698,      -8.880661956
          0,           0,        4899,      -9.031742625,      -6.382666615,      -9.423277739,      -8.880627486
          0,           0,        4900,      -9.031768485,      -6.382675316,      -9.423362441,      -8.880593027
          0,           0,        4901,      -9.031794357,      -6.382684013,      -9.423447028,      -8.880558579
          0,           0,        4902,      -9.031820238,      -6.382692704,      -9.423531597,      -8.880524141
          0,           0,        4903,      -9.031846128,      -6.382701391,      -9.423616166,      -8.880489715
          0,           0,        4904,      -9.031872026,      -6.382710073,      -9.423700743,        -8.8804553
          0,           0,        4905,      -9.031897931,       -6.38271875,      -9.423785331,      -8.880420896
          0,           0,        4906,      -9.031923842,      -6.382727423,      -9.423869921,      -8.880386522
          0,           0,        4907,      -9.031949759,      -6.382736091,      -9.423954433,      -8.880352174
          0,           0,        4908,      -9.031975682,      -6.382744755,      -9.424038914,      -8.880317846
          0,           0,        4909,       -9.03200161,      -6.382753414,      -9.424123388,      -8.880283538
          0,           0,        4910,      -9.032027543,      -6.382762068,      -9.424207845,      -8.880249246
          0,           0,        4911,      -9.032053481,      -6.382770718,      -9.424292272,      -8.880214971
          0,           0,        4912,      -9.032079423,      -6.382779363,       -9.42437665,       -8.88018071
          0,           0,        4913,      -9.032105369,      -6.382788004,      -9.424460965,      -8.880146463
          0,           0,        4914,      -9.032131319,      -6.382796639,      -9.424545156,      -8.880112229
          0,           0,        4915,      -9.032157272,       -6.38280527,       -9.42462883,      -8.880078009
          0,           0,        4916,      -9.032183229,      -6.382813897,      -9.424711902,      -8.880043802
          0,           0,        4917,       -9.03220919,      -6.382822518,      -9.424795023,      -8.880009607
          0,           0,        4918,      -9.032235156,      -6.382831135,      -9.424878414,      -8.879975425
          0,           0,        4919,      -9.032261124,      -6.382839747,      -9.424961989,      -8.879941255
          0,           0,        4920,      -9.032287093,      -6.382848355,      -9.425045615,      -8.879907098
          0,           0,        4921,      -9.032313064,      -6.382856957,      -9.425129202,      -8.879872954
          0,           0,        4922,      -9.032339034,      -6.382865555,      -9.425212714,      -8.879838822
          0,           0,        4923,      -9.032365002,      -6.382874147,      -9.425296129,      -8.879804702
          0,           0,        4924,      -9.032390967,      -6.382882735,      -9.425379442,      -8.879770594
          0,           0,        4925,      -9.032416927,      -6.382891318,      -9.425462645,        -8.8797365
          0,           0,        4926,       -9.03244288,      -6.382899896,      -9.425545744,      -8.879702417
          0,           0,        4927,      -9.032468824,      -6.382908469,      -9.425628734,      -8.879668348
          0,           0,        4928,      -9.032494757,      -6.382917038,      -9.425711606,       -8.87963429
          0,           0,        4929,      -9.032520676,      -6.382925601,      -9.425794326,      -8.879600246
          0,           0,        4930,      -9.032546578,       -6.38293416,      -9.425876871,      -8.879566214
          0,           0,        4931,      -9.032572462,      -6.382942713,      -9.425959292,      -8.879532195
          0,           0,        4932,      -9.032598325,      -6.382951262,      -9.426041646,      -8.879498202
          0,           0,        4933,      -9.032624164,      -6.382959806,      -9.426123969,      -8.879464251
          0,           0,        4934,      -9.032649977,      -6.382968346,      -9.426206263,      -8.879430324
          0,           0,        4935,      -9.032675764,       -6.38297688,      -9.426288525,      -8.879396361
          0,           0,        4936,      -9.032701521,       -6.38298541,      -9.426370749,      -8.879362221
          0,           0,        4937,      -9.032727248,      -6.382993935,      -9.426452925,      -8.879328093
          0,           0,        4938,      -9.032752942,      -6.383002455,      -9.426535043,      -8.879293842
          0,           0,        4939,      -9.032778603,       -6.38301097,      -9.426617099,      -8.879259549
          0,           0,        4940,       -9.03280423,      -6.383019481,      -9.426699082,      -8.879225121
          0,           0,        4941,       -9.03282982,      -6.383027986,      -9.426780984,      -8.879190664
          0,           0,        4942,      -9.032855375,      -6.383036487,      -9.426862801,      -8.879156219
          0,           0,        4943,      -9.032880892,      -6.383044984,      -9.426944535,      -8.879121786
          0,           0,        4944,      -9.032906373,      -6.383053475,      -9.427026183,      -8.879087364
          0,           0,        4945,      -9.032931815,      -6.383061962,      -9.427107747,      -8.879052955
          0,           0,        4946,       -9.03295722,      -6.383070445,      -9.427189231,      -8.879018557
          0,           0,        4947,      -9.032982587,      -6.383078922,      -9.427270642,      -8.878984172
          0,           0,        4948,      -9.033007917,      -6.383087396,      -9.427351985,      -8.878949799
          0,           0,        4949,      -9.033033209,      -6.383095864,      -9.427433263,      -8.878915439
          0,           0,        4950,      -9.033058465,      -6.383104328,      -9.427514487,      -8.878881091
          0,           0,        4951,      -9.033083684,      -6.383112787,      -9.427595661,      -8.878846756
          0,           0,        4952,      -9.033108867,      -6.383121242,       -9.42767679,      -8.878812433
          0,           0,        4953,      -9.033134015,      -6.383129692,      -9.427757878,      -8.878778124
          0,           0,        4954,      -9.033159128,      -6.383138138,      -9.427838932,      -8.878743827
          0,           0,        4955,      -9.033184208,      -6.383146579,      -9.427919953,      -8.878709543
          0,           0,        4956,      -9.033209254,      -6.383155016,      -9.428000949,      -8.878675272
          0,           0,        4957,      -9.033234268,      -6.383163448,      -9.428081916,      -8.878641014
          0,           0,        4958,      -9.033259252,      -6.383171875,      -9.428162855,      -8.878606769
          0,           0,        4959,      -9.033284205,      -6.383180298,      -9.428243768,      -8.878572538
          0,           0,        4960,       -9.03330913,      -6.383188717,      -9.428324649,       -8.87853832
          0,           0,        4961,      -9.033334026,      -6.383197131,        -9.4284055,      -8.878504115
          0,           0,        4962,      -9.033358897,      -6.383205541,      -9.428486319,      -8.878469923
          0,           0,        4963,      -9.033383741,      -6.383213946,      -9.428567104,      -8.878435745
          0,           0,        4964,      -9.033408562,      -6.383222347,      -9.428647857,      -8.878401581
          0,           0,        4965,       -9.03343336,      -6.383230743,      -9.428728571,       -8.87836743
          0,           0,        4966,      -9.033458137,      -6.383239135,      -9.428809243,      -8.878333293
          0,           0,        4967,      -9.033482893,      -6.383247523,      -9.428889868,       -8.87829917
          0,           0,        4968,      -9.033507632,      -6.383255906,       -9.42897045,       -8.87826506
          0,           0,        4969,      -9.033532353,      -6.383264285,       -9.42905099,      -8.878230964
          0,           0,        4970,      -9.033557058,      -6.383272659,      -9.429131487,      -8.878196883
          0,           0,        4971,      -9.033581749,       -6.38328103,      -9.429211935,      -8.878162817
          0,           0,        4972,      -9.033606427,      -6.383289395,      -9.429292339,      -8.878128747
          0,           0,        4973,      -9.033631093,      -6.383297757,      -9.429372701,      -8.878094673
          0,           0,        4974,       -9.03365575,      -6.383306114,       -9.42945302,      -8.878060614
          0,           0,        4975,      -9.033680398,      -6.383314467,      -9.429533301,      -8.878026555
          0,           0,        4976,      -9.033705039,      -6.383322816,      -9.429613547,      -8.877992504
          0,           0,        4977,      -9.033729673,      -6.383331161,      -9.429693761,      -8.877958476
          0,           0,        4978,      -9.033754303,      -6.383339502,      -9.429773946,      -8.877924469
          0,           0,        4979,       -9.03377893,      -6.383347838,      -9.429854102,      -8.877890481
          0,           0,        4980,      -9.033803554,       -6.38335617,       -9.42993423,      -8.877856512
          0,           0,        4981,      -9.033828177,      -6.383364498,      -9.430014336,      -8.877822562
          0,           0,        4982,      -9.033852799,      -6.383372822,      -9.430094414,       -8.87778863
          0,           0,        4983,      -9.033877423,      -6.383381142,      -9.430174467,      -8.877754748
          0,           0,        4984,      -9.033902048,      -6.383389458,      -9.430254492,      -8.877720899
          0,           0,        4985,      -9.033926675,       -6.38339777,      -9.430334491,      -8.877687073
          0,           0,        4986,      -9.033951306,      -6.383406077,       -9.43041446,      -8.877653267
          0,           0,        4987,      -9.033975941,      -6.383414381,      -9.430494401,      -8.877619477
          0,           0,        4988,      -9.034000579,       -6.38342268,      -9.430574311,      -8.877585705
          0,           0,        4989,      -9.034025223,      -6.383430975,       -9.43065419,      -8.877551949
          0,           0,        4990,      -9.034049872,      -6.383439266,       -9.43073404,      -8.877518208
          0,           0,        4991,      -9.034074526,      -6.383447553,      -9.430813858,      -8.877484482
          0,           0,        4992,      -9.034099186,      -6.383455836,      -9.430893642,      -8.877450774
          0,           0,        4993,      -9.034123851,      -6.383464114,      -9.430973388,      -8.877417083
          0,           0,        4994,      -9.034148523,      -6.383472389,        -9.4310531,      -8.877383409
          0,           0,        4995,      -9.034173201,      -6.383480659,      -9.431132776,      -8.877349752
          0,           0,        4996,      -9.034197884,      -6.383488926,      -9.431212418,      -8.877316111
          0,           0,        4997,      -9.034222573,      -6.383497188,      -9.431292022,      -8.877282488
          0,           0,        4998,      -9.034247268,      -6.383505447,      -9.431371599,      -8.877248882
          0,           0,        4999,      -9.034271969,      -6.383513701,      -9.431451149,      -8.877215293
          0,           0,        5000,      -9.034296676,      -6.383521951,      -9.431530681,      -8.877181721
          0,           0,        5001,      -9.034321389,      -6.383530198,      -9.431610196,      -8.877148166
          0,           0,        5002,      -9.034346108,       -6.38353844,        -9.4316897,      -8.877114627
          0,           0,        5003,      -9.034370833,      -6.383546678,      -9.431769194,      -8.877081103
          0,           0,        5004,      -9.034395563,      -6.383554912,      -9.431848672,      -8.877047596
          0,           0,        5005,      -9.034420299,      -6.383563143,      -9.431928133,      -8.877014105
          0,           0,        5006,       -9.03444504,      -6.383571369,      -9.432007587,      -8.876980639
          0,           0,        5007,      -9.034469786,      -6.383579591,      -9.432087029,      -8.876947142
          0,           0,        5008,      -9.034494537,       -6.38358781,      -9.432166441,      -8.876913604
          0,           0,        5009,      -9.034519294,      -6.383596024,      -9.432245829,      -8.876880089
          0,           0,        5010,      -9.034544059,      -6.383604235,        -9.4323252,      -8.876846593
          0,           0,        5011,       -9.03456883,      -6.383612442,      -9.432404559,      -8.876813117
          0,           0,        5012,       -9.03459361,      -6.383620645,      -9.432483906,      -8.876779659
          0,           0,        5013,      -9.034618397,      -6.383628844,      -9.432563241,      -8.876746218
          0,           0,        5014,      -9.034643193,      -6.383637039,      -9.432642553,      -8.876712796
          0,           0,        5015,      -9.034667995,       -6.38364523,      -9.432721845,      -8.876679389
          0,           0,        5016,      -9.034692807,      -6.383653417,      -9.432801129,      -8.876645998
          0,           0,        5017,      -9.034717627,        -6.3836616,      -9.432880435,      -8.876612624
          0,           0,        5018,      -9.034742455,       -6.38366978,      -9.432959801,      -8.876579265
          0,           0,        5019,       -9.03476729,      -6.383677956,      -9.433039194,      -8.876545922
          0,           0,        5020,       -9.03479213,      -6.383686127,      -9.433118435,      -8.876512594
          0,           0,        5021,      -9.034816975,      -6.383694295,      -9.433197455,      -8.876479282
          0,           0,        5022,      -9.034841825,      -6.383702459,      -9.433276356,      -8.876445985
          0,           0,        5023,      -9.034866679,      -6.383710619,      -9.433355226,      -8.876412703
          0,           0,        5024,      -9.034891536,      -6.383718776,      -9.433434097,      -8.876379436
          0,           0,        5025,      -9.034916395,      -6.383726928,      -9.433512999,      -8.876346184
          0,           0,        5026,      -9.034941257,      -6.383735076,      -9.433591963,      -8.876312946
          0,           0,        5027,      -9.034966119,      -6.383743221,      -9.433671056,      -8.876279724
          0,           0,        5028,      -9.034990981,      -6.383751362,      -9.433750411,      -8.876246516
          0,           0,        5029,      -9.035015841,      -6.383759499,      -9.433830185,      -8.876213324
          0,           0,        5030,      -9.035040695,      -6.383767632,      -9.433909614,      -8.876180146
          0,           0,        5031,      -9.035065544,      -6.383775761,      -9.433988401,      -8.876146984
          0,           0,        5032,      -9.035090389,      -6.383783886,      -9.434067017,      -8.876113836
          0,           0,        5033,      -9.035115231,      -6.383792008,      -9.434145616,      -8.876080704
          0,           0,        5034,       -9.03514007,      -6.383800126,      -9.434223879,      -8.876047587
          0,           0,        5035,      -9.035164904,       -6.38380824,      -9.434301788,      -8.876014485
          0,           0,        5036,      -9.035189732,       -6.38381635,      -9.434379544,      -8.875981398
          0,           0,        5037,      -9.035214554,      -6.383824456,      -9.434457156,      -8.875948324
          0,           0,        5038,      -9.035239368,      -6.383832559,      -9.434534719,      -8.875915219
          0,           0,        5039,      -9.035264174,      -6.383840658,      -9.434612269,      -8.875882126
          0,           0,        5040,       -9.03528897,      -6.383848753,      -9.434689822,      -8.875849047
          0,           0,        5041,      -9.035313756,      -6.383856844,      -9.434767369,      -8.875815984
          0,           0,        5042,       -9.03533853,      -6.383864931,      -9.434844883,      -8.875782936
          0,           0,        5043,      -9.035363291,      -6.383873014,      -9.434921854,      -8.875749929
          0,           0,        5044,      -9.035388042,      -6.383881094,      -9.434998134,      -8.875716955
          0,           0,        5045,      -9.035412784,       -6.38388917,      -9.435074524,      -8.875684007
          0,           0,        5046,      -9.035437518,      -6.383897241,      -9.435151305,      -8.875651079
          0,           0,        5047,       -9.03546224,      -6.383905309,      -9.435228458,       -8.87561817
          0,           0,        5048,       -9.03548695,      -6.383913372,      -9.435305854,      -8.875585278
          0,           0,        5049,      -9.035511647,      -6.383921432,      -9.435383375,      -8.875552403
          0,           0,        5050,       -9.03553633,      -6.383929487,      -9.435460968,      -8.875519543
          0,           0,        5051,         -9.035561,      -6.383937538,      -9.435538651,      -8.875486699
          0,           0,        5052,      -9.035585656,      -6.383945585,      -9.435616428,       -8.87545387
          0,           0,        5053,      -9.035610297,      -6.383953627,       -9.43569379,      -8.875421057
          0,           0,        5054,      -9.035634923,      -6.383961665,      -9.435770554,      -8.875388257
          0,           0,        5055,      -9.035659539,      -6.383969698,      -9.435846812,      -8.875355475
          0,           0,        5056,      -9.035684147,      -6.383977728,      -9.435923015,       -8.87532271
          0,           0,        5057,      -9.035708749,      -6.383985752,      -9.435999342,      -8.875289961
          0,           0,        5058,      -9.035733344,      -6.383993773,      -9.436075732,      -8.875257229
          0,           0,        5059,      -9.035757933,      -6.384001789,      -9.436152143,      -8.875224513
          0,           0,        5060,      -9.035782517,        -6.3840098,      -9.436228558,      -8.875191813
          0,           0,        5061,      -9.035807094,      -6.384017807,      -9.436304964,      -8.875159129
          0,           0,        5062,      -9.035831665,      -6.384025809,        -9.4363813,      -8.875126461
          0,           0,        5063,      -9.035856228,      -6.384033807,      -9.436457291,      -8.875093808
          0,           0,        5064,      -9.035880785,      -6.384041801,      -9.436533385,      -8.875061171
          0,           0,        5065,      -9.035905336,       -6.38404979,      -9.436609736,      -8.875028549
          0,           0,        5066,      -9.035929878,      -6.384057774,      -9.436686276,      -8.874995942
          0,           0,        5067,      -9.035954407,      -6.384065754,       -9.43676294,        -8.8749633
          0,           0,        5068,      -9.035978921,      -6.384073729,      -9.436839682,      -8.874930471
          0,           0,        5069,      -9.036003417,        -6.3840817,       -9.43691648,       -8.87489756
          0,           0,        5070,      -9.036027894,      -6.384089666,      -9.436993318,      -8.874864665
          0,           0,        5071,      -9.036052349,      -6.384097628,       -9.43707019,      -8.874831782
          0,           0,        5072,      -9.036076783,      -6.384105585,      -9.437147088,      -8.874798911
          0,           0,        5073,      -9.036101195,      -6.384113538,      -9.437224008,      -8.874766051
          0,           0,        5074,      -9.036125584,      -6.384121486,      -9.437300951,      -8.874733204
          0,           0,        5075,      -9.036149952,       -6.38412943,      -9.437377908,      -8.874700369
          0,           0,        5076,      -9.036174299,      -6.384137369,       -9.43745487,      -8.874667545
          0,           0,        5077,      -9.036198628,      -6.384145304,      -9.437531832,      -8.874634734
          0,           0,        5078,      -9.036222941,      -6.384153235,      -9.437608785,      -8.874601935
          0,           0,        5079,       -9.03624724,      -6.384161161,      -9.437685725,      -8.874569149
          0,           0,        5080,      -9.036271529,      -6.384169082,      -9.437762648,      -8.874536375
          0,           0,        5081,      -9.036295811,         -6.384177,       -9.43783955,      -8.874503614
          0,           0,        5082,       -9.03632009,      -6.384184912,      -9.437916426,      -8.874470866
          0,           0,        5083,      -9.036344369,      -6.384192821,      -9.437993274,       -8.87443813
          0,           0,        5084,      -9.036368653,      -6.384200725,      -9.438070099,      -8.874405408
          0,           0,        5085,      -9.036392945,      -6.384208624,      -9.438146896,      -8.874372698
          0,           0,        5086,      -9.036417251,      -6.384216519,      -9.438223663,          -8.87434
          0,           0,        5087,      -9.036441574,       -6.38422441,      -9.438300408,      -8.874307316
          0,           0,        5088,      -9.036465917,      -6.384232296,      -9.438377128,      -8.874274644
          0,           0,        5089,      -9.036490286,      -6.384240178,      -9.438453829,      -8.874241985
          0,           0,        5090,      -9.036514684,      -6.384248056,      -9.438530508,      -8.874209339
          0,           0,        5091,      -9.036539115,      -6.384255929,      -9.438607171,      -8.874176705
          0,           0,        5092,      -9.036563581,      -6.384263798,      -9.438683821,      -8.874144084
          0,           0,        5093,      -9.036588088,      -6.384271663,       -9.43876046,      -8.874111476
          0,           0,        5094,      -9.036612637,      -6.384279523,      -9.438837085,       -8.87407888
          0,           0,        5095,      -9.036637232,      -6.384287379,      -9.438913709,      -8.874046296
          0,           0,        5096,      -9.036661876,      -6.384295231,      -9.438990331,      -8.874013725
          0,           0,        5097,       -9.03668657,      -6.384303079,      -9.439066949,      -8.873981167
          0,           0,        5098,      -9.036711318,      -6.384310922,       -9.43914357,      -8.873948621
          0,           0,        5099,      -9.036736122,      -6.384318761,      -9.439220187,      -8.873916087
          0,           0,        5100,      -9.036760984,      -6.384326596,      -9.439296807,      -8.873883566
          0,           0,        5101,      -9.036785904,      -6.384334427,      -9.439373425,      -8.873851057
          0,           0,        5102,      -9.036810886,      -6.384342254,      -9.439450048,      -8.873818561
          0,           0,        5103,      -9.036835931,      -6.384350076,      -9.439526674,      -8.873786094
          0,           0,        5104,      -9.036861039,      -6.384357895,      -9.439603309,      -8.873753638
          0,           0,        5105,      -9.036886212,      -6.384365709,      -9.439679948,      -8.873721192
          0,           0,        5106,      -9.036911452,       -6.38437352,      -9.439756595,      -8.873688755
          0,           0,        5107,      -9.036936758,      -6.384381326,      -9.439833252,      -8.873656329
          0,           0,        5108,      -9.036962131,      -6.384389129,      -9.439909928,      -8.873623913
          0,           0,        5109,      -9.036987573,      -6.384396927,      -9.439986622,      -8.873591507
          0,           0,        5110,      -9.037013083,      -6.384404722,      -9.440063339,      -8.873559113
          0,           0,        5111,      -9.037038662,      -6.384412512,      -9.440140082,      -8.873526728
          0,           0,        5112,      -9.037064309,      -6.384420299,      -9.440216856,      -8.873494353
          0,           0,        5113,      -9.037090026,      -6.384428082,      -9.440293665,      -8.873461988
          0,           0,        5114,      -9.037115811,      -6.384435861,       -9.44037051,      -8.873429634
          0,           0,        5115,      -9.037141664,      -6.384443636,      -9.440447395,      -8.873397297
          0,           0,        5116,      -9.037167585,      -6.384451408,      -9.440524318,      -8.873364993
          0,           0,        5117,      -9.037193574,      -6.384459176,       -9.44060128,      -8.873332712
          0,           0,        5118,      -9.037219629,       -6.38446694,      -9.440678279,      -8.873300452
          0,           0,        5119,       -9.03724575,      -6.384474701,      -9.440755313,      -8.873268209
          0,           0,        5120,      -9.037271937,      -6.384482458,      -9.440832378,       -8.87323598
          0,           0,        5121,      -9.037298187,      -6.384490211,      -9.440909471,      -8.873203766
          0,           0,        5122,        -9.0373245,       -6.38449796,      -9.440986585,      -8.873171565
          0,           0,        5123,      -9.037350875,      -6.384505706,      -9.441063715,      -8.873139376
          0,           0,        5124,       -9.03737731,      -6.384513449,       -9.44114086,      -8.873107199
          0,           0,        5125,      -9.037403804,      -6.384521187,      -9.441218012,      -8.873075034
          0,           0,        5126,      -9.037430357,      -6.384528923,       -9.44129517,      -8.873042881
          0,           0,        5127,      -9.037456965,      -6.384536654,       -9.44137233,      -8.873010739
          0,           0,        5128,      -9.037483629,      -6.384544382,      -9.441449491,      -8.872978608
          0,           0,        5129,      -9.037510345,      -6.384552107,      -9.441526655,      -8.872946489
          0,           0,        5130,      -9.037537114,      -6.384559828,      -9.441603819,      -8.872914381
          0,           0,        5131,      -9.037563932,      -6.384567546,      -9.441680987,      -8.872882291
          0,           0,        5132,      -9.037590799,       -6.38457526,      -9.441758159,      -8.872850221
          0,           0,        5133,      -9.037617713,      -6.384582971,      -9.441835337,      -8.872818169
          0,           0,        5134,      -9.037644672,      -6.384590678,      -9.441912518,      -8.872786135
          0,           0,        5135,      -9.037671674,      -6.384598382,      -9.441989699,      -8.872754117
          0,           0,        5136,      -9.037698717,      -6.384606083,      -9.442066874,      -8.872722114
          0,           0,        5137,      -9.037725801,      -6.384613781,      -9.442144044,      -8.872690126
          0,           0,        5138,      -9.037752922,      -6.384621475,      -9.442221196,      -8.872658151
          0,           0,        5139,       -9.03778008,      -6.384629166,      -9.442298323,      -8.872626207
          0,           0,        5140,      -9.037807272,      -6.384636854,      -9.442375416,      -8.872594283
          0,           0,        5141,      -9.037834496,      -6.384644538,      -9.442452464,      -8.872562372
          0,           0,        5142,      -9.037861751,      -6.384652219,      -9.442529455,       -8.87253047
          0,           0,        5143,      -9.037889034,      -6.384659897,      -9.442606379,      -8.872498579
          0,           0,        5144,      -9.037916344,      -6.384667571,      -9.442683224,      -8.872466699
          0,           0,        5145,       -9.03794368,      -6.384675243,      -9.442759981,      -8.872434828
          0,           0,        5146,      -9.037971038,      -6.384682911,      -9.442836644,      -8.872402968
          0,           0,        5147,      -9.037998416,      -6.384690576,      -9.442913203,      -8.872371085
          0,           0,        5148,      -9.038025814,      -6.384698237,      -9.442989655,      -8.872339183
          0,           0,        5149,      -9.038053229,      -6.384705896,      -9.443065998,      -8.872307229
          0,           0,        5150,      -9.038080659,      -6.384713551,       -9.44314223,      -8.872275286
          0,           0,        5151,      -9.038108102,      -6.384721203,      -9.443218349,      -8.872243352
          0,           0,        5152,      -9.038135557,      -6.384728851,      -9.443294354,      -8.872211429
          0,           0,        5153,       -9.03816302,      -6.384736497,      -9.443370249,      -8.872179516
          0,           0,        5154,      -9.038190491,      -6.384744139,      -9.443446032,      -8.872147613
          0,           0,        5155,      -9.038217967,      -6.384751779,      -9.443521708,      -8.872115726
          0,           0,        5156,      -9.038245446,      -6.384759415,      -9.443597277,      -8.872083854
          0,           0,        5157,      -9.038272927,      -6.384767048,      -9.443672742,      -8.872051995
          0,           0,        5158,      -9.038300407,      -6.384774678,      -9.443748103,      -8.872020151
          0,           0,        5159,      -9.038327885,      -6.384782305,      -9.443823363,       -8.87198832
          0,           0,        5160,      -9.038355359,      -6.384789929,      -9.443898521,      -8.871956503
          0,           0,        5161,      -9.038382826,       -6.38479755,      -9.443973581,      -8.871924698
          0,           0,        5162,      -9.038410285,      -6.384805168,      -9.444048541,      -8.871892906
          0,           0,        5163,      -9.038437735,      -6.384812782,      -9.444123407,      -8.871861127
          0,           0,        5164,      -9.038465172,      -6.384820394,      -9.444198178,       -8.87182936
          0,           0,        5165,      -9.038492596,      -6.384828002,      -9.444272851,      -8.871797605
          0,           0,        5166,      -9.038520005,      -6.384835608,      -9.444347431,       -8.87176568
          0,           0,        5167,      -9.038547397,       -6.38484321,      -9.444421926,      -8.871733661
          0,           0,        5168,       -9.03857477,      -6.384850809,      -9.444496335,      -8.871701519
          0,           0,        5169,      -9.038602122,      -6.384858405,      -9.444570663,       -8.87166939
          0,           0,        5170,      -9.038629453,      -6.384865998,      -9.444644912,      -8.871637272
          0,           0,        5171,       -9.03865676,      -6.384873588,      -9.444719102,      -8.871605166
          0,           0,        5172,      -9.038684042,      -6.384881175,      -9.444793249,      -8.871573072
          0,           0,        5173,      -9.038711296,      -6.384888759,      -9.444867382,       -8.87154099
          0,           0,        5174,      -9.038738522,       -6.38489634,      -9.444941577,       -8.87150892
          0,           0,        5175,      -9.038765716,      -6.384903917,         -9.445016,      -8.871476861
          0,           0,        5176,      -9.038792876,      -6.384911492,      -9.445090532,      -8.871444815
          0,           0,        5177,      -9.038819997,      -6.384919064,      -9.445164293,       -8.87141278
          0,           0,        5178,      -9.038847081,      -6.384926632,       -9.44523754,      -8.871380757
          0,           0,        5179,      -9.038874129,      -6.384934198,      -9.445310611,      -8.871348746
          0,           0,        5180,      -9.038901141,       -6.38494176,      -9.445383641,      -8.871316778
          0,           0,        5181,      -9.038928114,       -6.38494932,      -9.445456672,      -8.871284833
          0,           0,        5182,      -9.038955048,      -6.384956877,      -9.445529711,      -8.871252901
          0,           0,        5183,       -9.03898194,      -6.384964431,       -9.44560266,      -8.871220981
          0,           0,        5184,      -9.039008788,      -6.384971982,      -9.445675574,      -8.871189071
          0,           0,        5185,      -9.039035593,       -6.38497953,      -9.445748489,      -8.871157172
          0,           0,        5186,       -9.03906235,      -6.384987076,      -9.445821418,      -8.871125283
          0,           0,        5187,       -9.03908906,      -6.384994618,      -9.445894358,      -8.871093404
          0,           0,        5188,      -9.039115719,      -6.385002158,      -9.445967249,      -8.871061537
          0,           0,        5189,      -9.039142327,      -6.385009694,      -9.446039486,       -8.87102968
          0,           0,        5190,      -9.039168886,      -6.385017228,      -9.446111588,      -8.870997834
          0,           0,        5191,      -9.039195397,      -6.385024759,      -9.446184152,       -8.87096594
          0,           0,        5192,      -9.039221859,      -6.385032286,      -9.446257127,      -8.870933862
          0,           0,        5193,      -9.039248269,      -6.385039811,      -9.446330343,      -8.870901795
          0,           0,        5194,      -9.039274627,      -6.385047333,      -9.446403671,      -8.870869738
          0,           0,        5195,      -9.039300932,      -6.385054852,      -9.446477032,      -8.870837692
          0,           0,        5196,      -9.039327186,      -6.385062367,      -9.446550388,      -8.870805656
          0,           0,        5197,       -9.03935339,       -6.38506988,      -9.446623722,       -8.87077363
          0,           0,        5198,      -9.039379545,      -6.385077389,      -9.446697018,      -8.870741616
          0,           0,        5199,      -9.039405655,      -6.385084896,      -9.446770269,      -8.870709612
          0,           0,        5200,      -9.039431721,      -6.385092399,      -9.446843476,      -8.870677617
          0,           0,        5201,      -9.039457748,      -6.385099899,       -9.44691663,      -8.870645633
          0,           0,        5202,      -9.039483739,      -6.385107396,      -9.446989722,       -8.87061366
          0,           0,        5203,      -9.039509697,      -6.385114889,      -9.447062755,      -8.870581697
          0,           0,        5204,      -9.039535626,      -6.385122379,      -9.447135736,      -8.870549751
          0,           0,        5205,      -9.039561529,      -6.385129866,      -9.447208681,       -8.87051783
          0,           0,        5206,      -9.039587411,       -6.38513735,      -9.447281644,      -8.870485929
          0,           0,        5207,      -9.039613275,       -6.38514483,      -9.447354751,      -8.870454047
          0,           0,        5208,      -9.039639121,      -6.385152308,      -9.447427744,      -8.870422181
          0,           0,        5209,      -9.039664952,      -6.385159781,      -9.447500173,      -8.870390328
          0,           0,        5210,      -9.039690774,      -6.385167252,      -9.447572286,      -8.870358489
          0,           0,        5211,      -9.039716592,      -6.385174719,      -9.447644268,      -8.870326664
          0,           0,        5212,       -9.03974241,      -6.385182184,      -9.447716193,      -8.870294852
          0,           0,        5213,      -9.039768231,      -6.385189644,      -9.447788079,      -8.870263052
          0,           0,        5214,      -9.039794056,      -6.385197102,      -9.447859879,      -8.870231265
          0,           0,        5215,      -9.039819888,      -6.385204556,      -9.447931638,      -8.870199489
          0,           0,        5216,      -9.039845728,      -6.385212008,       -9.44800338,      -8.870167726
          0,           0,        5217,      -9.039871577,      -6.385219456,      -9.448075111,      -8.870135974
          0,           0,        5218,      -9.039897436,        -6.3852269,      -9.448146822,      -8.870104235
          0,           0,        5219,      -9.039923304,      -6.385234342,      -9.448218134,      -8.870072506
          0,           0,        5220,      -9.039949185,      -6.385241781,      -9.448289305,       -8.87004079
          0,           0,        5221,       -9.03997508,      -6.385249216,      -9.448360797,       -8.87000908
          0,           0,        5222,      -9.040000988,      -6.385256648,      -9.448432589,      -8.869977378
          0,           0,        5223,      -9.040026909,      -6.385264077,      -9.448504566,      -8.869945687
          0,           0,        5224,      -9.040052838,      -6.385271503,      -9.448576648,      -8.869914008
          0,           0,        5225,      -9.040078776,      -6.385278926,      -9.448648785,      -8.869882111
          0,           0,        5226,      -9.040104722,      -6.385286346,      -9.448720951,      -8.869850179
          0,           0,        5227,      -9.040130675,      -6.385293762,      -9.448793131,      -8.869818284
          0,           0,        5228,      -9.040156637,      -6.385301176,      -9.448865323,      -8.869786405
          0,           0,        5229,      -9.040182607,      -6.385308586,      -9.448937526,       -8.86975453
          0,           0,        5230,      -9.040208586,      -6.385315994,      -9.449009741,      -8.869722662
          0,           0,        5231,      -9.040234576,      -6.385323398,      -9.449081965,      -8.869690806
          0,           0,        5232,      -9.040260579,      -6.385330799,      -9.449154194,       -8.86965896
          0,           0,        5233,      -9.040286595,      -6.385338196,      -9.449226434,      -8.869627124
          0,           0,        5234,      -9.040312628,      -6.385345591,      -9.449298678,      -8.869595296
          0,           0,        5235,      -9.040338679,      -6.385352982,      -9.449370931,      -8.869563473
          0,           0,        5236,       -9.04036475,       -6.38536037,      -9.449443201,      -8.869531661
          0,           0,        5237,      -9.040390844,      -6.385367755,      -9.449515494,      -8.869499859
          0,           0,        5238,      -9.040416962,      -6.385375137,      -9.449587826,      -8.869468068
          0,           0,        5239,      -9.040443108,      -6.385382515,      -9.449660228,      -8.869436288
          0,           0,        5240,      -9.040469282,       -6.38538989,      -9.449732776,      -8.869404518
          0,           0,        5241,      -9.040495484,      -6.385397262,      -9.449805623,      -8.869372736
          0,           0,        5242,      -9.040521716,       -6.38540463,      -9.449878458,      -8.869340836
          0,           0,        5243,      -9.040547977,      -6.385411995,      -9.449950706,      -8.869308894
          0,           0,        5244,       -9.04057427,      -6.385419357,      -9.450022674,      -8.869276962
          0,           0,        5245,        -9.0406006,      -6.385426716,        -9.4500946,       -8.86924504
          0,           0,        5246,      -9.040626967,      -6.385434071,      -9.450166578,      -8.869213129
          0,           0,        5247,      -9.040653373,      -6.385441423,      -9.450238625,      -8.869181228
          0,           0,        5248,      -9.040679817,      -6.385448772,      -9.450310704,      -8.869149337
          0,           0,        5249,      -9.040706299,      -6.385456118,       -9.45038281,      -8.869117457
          0,           0,        5250,      -9.040732818,      -6.385463461,      -9.450454984,      -8.869085585
          0,           0,        5251,      -9.040759375,        -6.3854708,      -9.450527249,      -8.869053721
          0,           0,        5252,      -9.040785967,      -6.385478137,      -9.450599613,      -8.869021868
          0,           0,        5253,      -9.040812594,       -6.38548547,      -9.450672029,      -8.868990026
          0,           0,        5254,      -9.040839254,        -6.3854928,      -9.450743975,      -8.868958193
          0,           0,        5255,       -9.04086595,      -6.385500128,      -9.450815975,      -8.868926372
          0,           0,        5256,      -9.040892681,      -6.385507452,      -9.450888454,      -8.868894559
          0,           0,        5257,      -9.040919446,      -6.385514773,      -9.450961318,      -8.868862758
          0,           0,        5258,      -9.040946241,      -6.385522091,      -9.451034436,      -8.868830967
          0,           0,        5259,      -9.040973062,      -6.385529406,      -9.451107724,      -8.868799186
          0,           0,        5260,       -9.04099991,      -6.385536717,      -9.451181128,      -8.868767417
          0,           0,        5261,      -9.041026782,      -6.385544026,      -9.451254624,      -8.868735658
          0,           0,        5262,      -9.041053679,      -6.385551332,      -9.451328208,       -8.86870391
          0,           0,        5263,      -9.041080602,      -6.385558634,       -9.45140188,      -8.868672174
          0,           0,        5264,      -9.041107549,      -6.385565933,      -9.451475619,      -8.868640448
          0,           0,        5265,      -9.041134524,      -6.385573229,      -9.451549417,      -8.868608734
          0,           0,        5266,      -9.041161526,      -6.385580522,      -9.451623271,      -8.868577031
          0,           0,        5267,      -9.041188559,      -6.385587812,       -9.45169718,      -8.868545339
          0,           0,        5268,      -9.041215623,      -6.385595098,      -9.451771134,      -8.868513659
          0,           0,        5269,      -9.041242721,      -6.385602381,      -9.451845141,       -8.86848199
          0,           0,        5270,      -9.041269855,      -6.385609661,      -9.451919223,      -8.868450332
          0,           0,        5271,      -9.041297028,      -6.385616938,      -9.451993438,      -8.868418685
          0,           0,        5272,      -9.041324239,      -6.385624211,      -9.452067897,       -8.86838705
          0,           0,        5273,      -9.041351492,      -6.385631481,      -9.452142575,      -8.868355426
          0,           0,        5274,      -9.041378786,      -6.385638748,      -9.452216721,      -8.868323814
          0,           0,        5275,      -9.041406124,      -6.385646012,      -9.452290238,      -8.868292213
          0,           0,        5276,       -9.04143351,      -6.385653272,      -9.452363496,      -8.868260624
          0,           0,        5277,      -9.041460944,      -6.385660529,      -9.452436698,      -8.868229046
          0,           0,        5278,      -9.041488429,      -6.385667783,      -9.452509892,      -8.868197478
          0,           0,        5279,      -9.041515965,      -6.385675034,      -9.452583083,      -8.868165921
          0,           0,        5280,      -9.041543553,      -6.385682282,      -9.452656256,      -8.868134375
          0,           0,        5281,      -9.041571195,      -6.385689526,      -9.452729408,       -8.86810284
          0,           0,        5282,       -9.04159889,      -6.385696767,      -9.452802475,      -8.868071347
          0,           0,        5283,       -9.04162664,      -6.385704006,      -9.452875459,      -8.868039882
          0,           0,        5284,      -9.041654444,      -6.385711241,      -9.452948399,      -8.868008436
          0,           0,        5285,      -9.041682304,      -6.385718473,       -9.45302131,      -8.867977005
          0,           0,        5286,      -9.041710217,      -6.385725702,      -9.453094191,      -8.867945588
          0,           0,        5287,      -9.041738185,      -6.385732928,      -9.453167032,      -8.867914183
          0,           0,        5288,      -9.041766207,      -6.385740151,      -9.453239831,      -8.867882795
          0,           0,        5289,      -9.041794281,      -6.385747371,      -9.453312523,      -8.867851424
          0,           0,        5290,      -9.041822407,      -6.385754588,      -9.453384644,      -8.867820069
          0,           0,        5291,      -9.041850585,      -6.385761802,       -9.45345623,       -8.86778873
          0,           0,        5292,      -9.041878815,      -6.385769013,      -9.453527955,      -8.867757406
          0,           0,        5293,      -9.041907094,      -6.385776221,      -9.453600005,      -8.867726097
          0,           0,        5294,       -9.04193542,      -6.385783426,      -9.453672289,      -8.867694802
          0,           0,        5295,      -9.041963792,      -6.385790627,      -9.453744687,       -8.86766352
          0,           0,        5296,      -9.041992207,      -6.385797826,      -9.453817125,      -8.867632252
          0,           0,        5297,      -9.042020663,      -6.385805021,      -9.453889562,      -8.867600997
          0,           0,        5298,      -9.042049158,      -6.385812214,      -9.453961977,      -8.867569755
          0,           0,        5299,       -9.04207769,      -6.385819403,      -9.454034361,      -8.867538525
          0,           0,        5300,      -9.042106256,      -6.385826589,      -9.454106705,      -8.867507308
          0,           0,        5301,      -9.042134853,      -6.385833772,      -9.454179005,      -8.867476104
          0,           0,        5302,      -9.042163478,      -6.385840952,      -9.454251258,      -8.867444912
          0,           0,        5303,      -9.042192129,      -6.385848129,      -9.454323467,      -8.867413733
          0,           0,        5304,      -9.042220802,      -6.385855302,      -9.454395632,      -8.867382566
          0,           0,        5305,      -9.042249496,      -6.385862473,      -9.454467763,      -8.867351411
          0,           0,        5306,      -9.042278206,       -6.38586964,      -9.454539862,      -8.867320269
          0,           0,        5307,       -9.04230693,      -6.385876804,      -9.454611939,       -8.86728914
          0,           0,        5308,      -9.042335666,      -6.385883965,      -9.454683999,      -8.867258025
          0,           0,        5309,       -9.04236441,      -6.385891123,      -9.454756042,      -8.867226923
          0,           0,        5310,      -9.042393159,      -6.385898279,      -9.454828072,      -8.867195834
          0,           0,        5311,      -9.042421912,      -6.385905431,      -9.454900087,      -8.867164759
          0,           0,        5312,      -9.042450666,       -6.38591258,      -9.454972089,      -8.867133696
          0,           0,        5313,      -9.042479418,      -6.385919726,      -9.455044097,      -8.867102646
          0,           0,        5314,      -9.042508166,      -6.385926869,      -9.455116107,       -8.86707161
          0,           0,        5315,      -9.042536909,       -6.38593401,      -9.455188132,      -8.867040599
          0,           0,        5316,      -9.042565646,      -6.385941147,      -9.455260178,      -8.867009609
          0,           0,        5317,      -9.042594374,      -6.385948282,      -9.455332239,       -8.86697864
          0,           0,        5318,      -9.042623092,      -6.385955414,      -9.455404319,       -8.86694769
          0,           0,        5319,        -9.0426518,      -6.385962544,      -9.455476413,      -8.866916758
          0,           0,        5320,      -9.042680496,       -6.38596967,      -9.455548523,      -8.866885842
          0,           0,        5321,       -9.04270918,      -6.385976794,       -9.45562064,      -8.866854942
          0,           0,        5322,      -9.042737851,      -6.385983915,      -9.455692756,      -8.866824058
          0,           0,        5323,      -9.042766509,      -6.385991034,      -9.455764869,       -8.86679319
          0,           0,        5324,      -9.042795153,      -6.385998149,      -9.455836963,      -8.866762338
          0,           0,        5325,      -9.042823784,      -6.386005262,      -9.455909041,        -8.8667315
          0,           0,        5326,        -9.0428524,      -6.386012373,      -9.455981094,      -8.866700677
          0,           0,        5327,      -9.042881003,      -6.386019481,      -9.456053118,      -8.866669869
          0,           0,        5328,      -9.042909593,      -6.386026586,      -9.456125107,      -8.866639076
          0,           0,        5329,      -9.042938168,      -6.386033688,      -9.456197054,      -8.866608298
          0,           0,        5330,      -9.042966731,      -6.386040788,      -9.456268957,      -8.866577534
          0,           0,        5331,       -9.04299528,      -6.386047886,      -9.456340812,      -8.866546785
          0,           0,        5332,      -9.043023817,      -6.386054981,      -9.456412617,       -8.86651605
          0,           0,        5333,      -9.043052342,      -6.386062073,      -9.456484371,      -8.866485329
          0,           0,        5334,      -9.043080855,      -6.386069162,      -9.456556074,      -8.866454622
          0,           0,        5335,      -9.043109357,      -6.386076249,      -9.456627724,      -8.866423929
          0,           0,        5336,      -9.043137848,      -6.386083334,      -9.456699325,      -8.866393249
          0,           0,        5337,      -9.043166328,      -6.386090416,      -9.456770873,      -8.866362583
          0,           0,        5338,      -9.043194798,      -6.386097495,      -9.456842369,      -8.866331929
          0,           0,        5339,      -9.043223259,      -6.386104572,      -9.456913816,      -8.866301286
          0,           0,        5340,       -9.04325171,      -6.386111646,      -9.456985218,      -8.866270656
          0,           0,        5341,      -9.043280152,      -6.386118718,       -9.45705657,       -8.86624004
          0,           0,        5342,      -9.043308586,      -6.386125787,      -9.457127872,      -8.866209437
          0,           0,        5343,      -9.043337011,      -6.386132853,      -9.457199127,      -8.866178848
          0,           0,        5344,      -9.043365427,      -6.386139917,      -9.457270336,      -8.866148274
          0,           0,        5345,      -9.043393834,      -6.386146979,      -9.457341498,      -8.866117713
          0,           0,        5346,      -9.043422234,      -6.386154038,      -9.457412611,      -8.866087167
          0,           0,        5347,      -9.043450625,      -6.386161094,      -9.457483675,      -8.866056642
          0,           0,        5348,      -9.043479007,      -6.386168149,      -9.457554691,      -8.866026155
          0,           0,        5349,       -9.04350738,        -6.3861752,      -9.457625656,      -8.865995696
          0,           0,        5350,      -9.043535744,       -6.38618225,      -9.457696572,      -8.865965258
          0,           0,        5351,      -9.043564099,      -6.386189297,      -9.457767443,      -8.865934839
          0,           0,        5352,      -9.043592445,      -6.386196341,      -9.457838265,      -8.865904436
          0,           0,        5353,       -9.04362078,      -6.386203383,      -9.457909044,      -8.865874043
          0,           0,        5354,      -9.043649105,      -6.386210423,      -9.457979774,      -8.865843661
          0,           0,        5355,      -9.043677419,       -6.38621746,       -9.45805046,      -8.865813292
          0,           0,        5356,      -9.043705722,      -6.386224494,      -9.458121102,      -8.865782936
          0,           0,        5357,      -9.043734014,      -6.386231526,      -9.458191697,      -8.865752586
          0,           0,        5358,      -9.043762292,      -6.386238556,      -9.458262251,      -8.865722247
          0,           0,        5359,      -9.043790557,      -6.386245583,      -9.458332765,      -8.865691921
          0,           0,        5360,      -9.043818809,      -6.386252608,      -9.458403239,      -8.865661608
          0,           0,        5361,      -9.043847045,       -6.38625963,      -9.458473672,      -8.865631306
          0,           0,        5362,      -9.043875266,       -6.38626665,      -9.458544065,      -8.865601018
          0,           0,        5363,      -9.043903471,      -6.386273667,      -9.458614422,      -8.865570742
          0,           0,        5364,      -9.043931658,      -6.386280682,      -9.458684741,      -8.865540469
          0,           0,        5365,      -9.043959826,      -6.386287695,      -9.458755034,      -8.865510208
          0,           0,        5366,      -9.043987976,      -6.386294705,      -9.458825311,       -8.86547996
          0,           0,        5367,      -9.044016105,      -6.386301712,       -9.45889558,      -8.865449724
          0,           0,        5368,      -9.044044214,      -6.386308717,      -9.458965851,        -8.8654195
          0,           0,        5369,      -9.044072302,       -6.38631572,      -9.459036126,      -8.865389288
          0,           0,        5370,      -9.044100367,       -6.38632272,      -9.459106406,       -8.86535909
          0,           0,        5371,       -9.04412841,      -6.386329717,      -9.459176695,      -8.865328904
          0,           0,        5372,      -9.044156428,      -6.386336712,      -9.459246981,      -8.865298728
          0,           0,        5373,      -9.044184423,      -6.386343705,      -9.459317269,      -8.865268562
          0,           0,        5374,      -9.044212392,      -6.386350695,      -9.459387552,      -8.865238406
          0,           0,        5375,      -9.044240335,      -6.386357683,      -9.459457824,      -8.865208259
          0,           0,        5376,      -9.044268252,      -6.386364668,      -9.459528074,      -8.865178123
          0,           0,        5377,      -9.044296142,       -6.38637165,      -9.459598309,      -8.865147986
          0,           0,        5378,      -9.044324003,      -6.386378631,      -9.459668518,      -8.865117859
          0,           0,        5379,      -9.044351836,      -6.386385608,        -9.4597387,      -8.865087742
          0,           0,        5380,       -9.04437964,      -6.386392584,       -9.45980885,      -8.865057636
          0,           0,        5381,      -9.044407415,      -6.386399556,      -9.459878969,       -8.86502754
          0,           0,        5382,       -9.04443516,      -6.386406527,      -9.459949054,      -8.864997455
          0,           0,        5383,      -9.044462874,      -6.386413494,      -9.460019104,       -8.86496738
          0,           0,        5384,      -9.044490558,       -6.38642046,      -9.460089121,      -8.864937318
          0,           0,        5385,       -9.04451821,      -6.386427423,      -9.460159103,      -8.864907269
          0,           0,        5386,      -9.044545831,      -6.386434383,       -9.46022905,      -8.864877233
          0,           0,        5387,       -9.04457342,      -6.386441341,      -9.460298957,       -8.86484721
          0,           0,        5388,      -9.044600977,      -6.386448297,      -9.460368828,        -8.8648172
          0,           0,        5389,      -9.044628501,       -6.38645525,      -9.460438658,      -8.864787203
          0,           0,        5390,      -9.044655993,      -6.386462201,      -9.460508446,      -8.864757218
          0,           0,        5391,      -9.044683451,      -6.386469149,      -9.460578189,      -8.864727245
          0,           0,        5392,      -9.044710876,      -6.386476095,      -9.460647888,      -8.864697284
          0,           0,        5393,      -9.044738267,      -6.386483039,      -9.460717538,      -8.864667335
          0,           0,        5394,      -9.044765624,       -6.38648998,      -9.460787139,      -8.864637398
          0,           0,        5395,      -9.044792947,      -6.386496918,      -9.460856689,      -8.864607473
          0,           0,        5396,      -9.044820234,      -6.386503854,      -9.460926187,      -8.864577559
          0,           0,        5397,      -9.044847488,      -6.386510788,      -9.460995634,      -8.864547655
          0,           0,        5398,      -9.044874706,      -6.386517719,      -9.461065031,      -8.864517763
          0,           0,        5399,      -9.044901889,      -6.386524648,       -9.46113438,      -8.864487881
          0,           0,        5400,      -9.044929037,      -6.386531574,      -9.461203682,      -8.864458011
          0,           0,        5401,       -9.04495615,      -6.386538498,       -9.46127294,      -8.864428152
          0,           0,        5402,      -9.044983226,      -6.386545419,      -9.461342164,      -8.864398305
          0,           0,        5403,      -9.045010267,      -6.386552338,      -9.461411352,      -8.864368468
          0,           0,        5404,      -9.045037273,      -6.386559254,      -9.461480513,      -8.864338643
          0,           0,        5405,      -9.045064242,      -6.386566168,      -9.461549655,      -8.864308828
          0,           0,        5406,      -9.045091176,      -6.386573079,      -9.461618775,      -8.864279034
          0,           0,        5407,      -9.045118074,      -6.386579988,      -9.461687886,      -8.864249257
          0,           0,        5408,      -9.045144937,      -6.386586895,      -9.461756987,      -8.864219488
          0,           0,        5409,      -9.045171765,      -6.386593798,      -9.461826092,      -8.864189729
          0,           0,        5410,      -9.045198558,        -6.3866007,        -9.4618952,      -8.864159978
          0,           0,        5411,      -9.045225315,      -6.386607599,      -9.461964314,      -8.864130236
          0,           0,        5412,      -9.045252039,      -6.386614495,      -9.462033429,      -8.864100503
          0,           0,        5413,      -9.045278728,      -6.386621389,      -9.462102556,      -8.864070621
          0,           0,        5414,      -9.045305383,       -6.38662828,        -9.4621717,      -8.864040637
          0,           0,        5415,      -9.045332005,      -6.386635169,      -9.462240856,      -8.864010506
          0,           0,        5416,      -9.045358595,      -6.386642055,      -9.462310023,      -8.863980178
          0,           0,        5417,      -9.045385152,      -6.386648939,      -9.462379206,      -8.863949857
          0,           0,        5418,      -9.045411677,       -6.38665582,        -9.4624484,      -8.863919546
          0,           0,        5419,       -9.04543817,      -6.386662699,      -9.462517605,      -8.863889244
          0,           0,        5420,      -9.045464634,      -6.386669575,      -9.462586816,      -8.863858951
          0,           0,        5421,      -9.045491067,      -6.386676449,      -9.462656041,      -8.863828666
          0,           0,        5422,      -9.045517471,       -6.38668332,      -9.462725273,      -8.863798391
          0,           0,        5423,      -9.045543846,      -6.386690188,      -9.462794509,      -8.863768124
          0,           0,        5424,      -9.045570193,      -6.386697054,      -9.462863749,      -8.863737867
          0,           0,        5425,      -9.045596513,      -6.386703918,      -9.462932995,      -8.863707619
          0,           0,        5426,      -9.045622807,      -6.386710779,      -9.463002245,       -8.86367738
          0,           0,        5427,      -9.045649075,      -6.386717638,        -9.4630715,      -8.863647164
          0,           0,        5428,      -9.045675317,      -6.386724494,      -9.463140759,      -8.863616973
          0,           0,        5429,      -9.045701536,      -6.386731347,      -9.463210026,        -8.8635868
          0,           0,        5430,      -9.045727732,      -6.386738199,      -9.463279302,      -8.863556643
          0,           0,        5431,      -9.045753905,      -6.386745047,      -9.463348591,        -8.8635265
          0,           0,        5432,      -9.045780056,      -6.386751894,      -9.463417892,      -8.863496369
          0,           0,        5433,      -9.045806186,      -6.386758737,       -9.46348722,       -8.86346625
          0,           0,        5434,      -9.045832297,      -6.386765579,      -9.463556578,      -8.863436141
          0,           0,        5435,      -9.045858388,      -6.386772417,      -9.463625984,      -8.863406043
          0,           0,        5436,      -9.045884461,      -6.386779254,      -9.463695447,      -8.863375955
          0,           0,        5437,      -9.045910518,      -6.386786088,       -9.46376495,      -8.863345876
          0,           0,        5438,      -9.045936558,      -6.386792919,      -9.463834407,      -8.863315807
          0,           0,        5439,      -9.045962583,      -6.386799748,      -9.463903762,      -8.863285748
          0,           0,        5440,      -9.045988593,      -6.386806574,      -9.463973056,      -8.863255698
          0,           0,        5441,      -9.046014589,      -6.386813398,      -9.464042329,      -8.863225658
          0,           0,        5442,      -9.046040571,       -6.38682022,      -9.464111613,      -8.863195627
          0,           0,        5443,      -9.046066541,      -6.386827039,      -9.464180917,      -8.863165607
          0,           0,        5444,      -9.046092499,      -6.386833855,       -9.46425025,      -8.863135596
          0,           0,        5445,      -9.046118446,       -6.38684067,      -9.464319616,      -8.863105595
          0,           0,        5446,      -9.046144383,      -6.386847481,      -9.464389015,      -8.863075631
          0,           0,        5447,      -9.046170311,      -6.386854291,      -9.464458448,      -8.863045679
          0,           0,        5448,      -9.046196229,      -6.386861097,      -9.464527909,      -8.863015735
          0,           0,        5449,       -9.04622214,      -6.386867902,      -9.464597393,      -8.862985799
          0,           0,        5450,      -9.046248043,      -6.386874704,      -9.464666887,      -8.862955871
          0,           0,        5451,      -9.046273939,      -6.386881503,      -9.464736385,      -8.862925952
          0,           0,        5452,      -9.046299829,      -6.386888301,      -9.464805873,      -8.862896049
          0,           0,        5453,      -9.046325714,      -6.386895095,       -9.46487533,      -8.862866163
          0,           0,        5454,      -9.046351593,      -6.386901888,       -9.46494476,      -8.862836291
          0,           0,        5455,      -9.046377468,      -6.386908678,      -9.465014163,      -8.862806433
          0,           0,        5456,      -9.046403338,      -6.386915465,      -9.465083533,      -8.862776589
          0,           0,        5457,      -9.046429204,      -6.386922251,      -9.465152872,      -8.862746757
          0,           0,        5458,      -9.046455066,      -6.386929033,      -9.465222164,      -8.862716937
          0,           0,        5459,      -9.046480925,      -6.386935814,      -9.465291412,      -8.862687128
          0,           0,        5460,      -9.046506781,      -6.386942592,      -9.465360616,      -8.862657331
          0,           0,        5461,      -9.046532633,      -6.386949367,      -9.465429777,      -8.862627545
          0,           0,        5462,      -9.046558482,       -6.38695614,      -9.465498891,      -8.862597769
          0,           0,        5463,      -9.046584327,      -6.386962911,       -9.46556796,      -8.862568004
          0,           0,        5464,      -9.046610169,      -6.386969679,      -9.465636988,      -8.862538249
          0,           0,        5465,      -9.046636008,      -6.386976444,      -9.465705952,      -8.862508503
          0,           0,        5466,      -9.046661842,      -6.386983208,      -9.465774802,      -8.862478768
          0,           0,        5467,      -9.046687672,      -6.386989968,      -9.465843515,      -8.862449043
          0,           0,        5468,      -9.046713496,      -6.386996726,      -9.465912158,      -8.862419328
          0,           0,        5469,      -9.046739313,      -6.387003482,      -9.465980809,      -8.862389623
          0,           0,        5470,      -9.046765124,      -6.387010235,      -9.466049494,      -8.862359928
          0,           0,        5471,      -9.046790928,      -6.387016986,       -9.46611821,      -8.862330242
          0,           0,        5472,      -9.046816724,      -6.387023734,      -9.466186954,      -8.862300566
          0,           0,        5473,      -9.046842512,      -6.387030479,      -9.466255717,        -8.8622709
          0,           0,        5474,       -9.04686829,      -6.387037222,      -9.466324494,      -8.862241244
          0,           0,        5475,      -9.046894057,      -6.387043963,      -9.466393278,      -8.862211597
          0,           0,        5476,      -9.046919814,      -6.387050701,      -9.466462058,      -8.862181961
          0,           0,        5477,      -9.046945558,      -6.387057436,      -9.466530825,      -8.862152334
          0,           0,        5478,       -9.04697129,      -6.387064169,      -9.466599581,      -8.862122717
          0,           0,        5479,      -9.046997007,        -6.3870709,      -9.466668325,      -8.862093042
          0,           0,        5480,       -9.04702271,      -6.387077627,       -9.46673706,      -8.862063352
          0,           0,        5481,      -9.047048397,      -6.387084353,       -9.46680579,      -8.862033672
          0,           0,        5482,      -9.047074068,      -6.387091075,      -9.466874517,      -8.862004001
          0,           0,        5483,       -9.04709972,      -6.387097795,      -9.466943255,      -8.861974341
          0,           0,        5484,      -9.047125355,      -6.387104513,      -9.467012017,      -8.861944691
          0,           0,        5485,      -9.047150969,      -6.387111228,      -9.467080823,      -8.861915051
          0,           0,        5486,      -9.047176564,       -6.38711794,      -9.467149698,      -8.861885425
          0,           0,        5487,      -9.047202137,      -6.387124651,      -9.467218694,      -8.861855812
          0,           0,        5488,      -9.047227689,      -6.387131358,      -9.467287885,      -8.861826213
          0,           0,        5489,      -9.047253218,      -6.387138063,      -9.467357274,      -8.861796628
          0,           0,        5490,      -9.047278723,      -6.387144766,      -9.467426453,       -8.86176707
          0,           0,        5491,      -9.047304204,      -6.387151466,      -9.467495233,      -8.861737546
          0,           0,        5492,      -9.047329662,      -6.387158164,      -9.467563843,      -8.861708039
          0,           0,        5493,      -9.047355096,      -6.387164859,      -9.467632455,      -8.861678544
          0,           0,        5494,      -9.047380506,      -6.387171552,      -9.467701123,      -8.861649061
          0,           0,        5495,      -9.047405893,      -6.387178243,      -9.467769845,      -8.861619587
          0,           0,        5496,      -9.047431257,      -6.387184931,       -9.46783862,      -8.861590124
          0,           0,        5497,      -9.047456598,      -6.387191616,      -9.467907446,      -8.861560671
          0,           0,        5498,      -9.047481919,      -6.387198299,      -9.467976312,      -8.861531228
          0,           0,        5499,      -9.047507219,       -6.38720498,      -9.468045207,      -8.861501795
          0,           0,        5500,        -9.0475325,      -6.387211658,      -9.468114071,      -8.861472372
          0,           0,        5501,      -9.047557762,      -6.387218333,      -9.468182932,      -8.861442959
          0,           0,        5502,      -9.047583008,      -6.387225006,      -9.468251801,      -8.861413557
          0,           0,        5503,      -9.047608237,      -6.387231676,      -9.468320684,      -8.861384164
          0,           0,        5504,      -9.047633452,      -6.387238344,      -9.468389564,      -8.861354782
          0,           0,        5505,      -9.047658652,      -6.387245009,      -9.468458435,       -8.86132541
          0,           0,        5506,       -9.04768384,      -6.387251672,      -9.468527291,      -8.861296048
          0,           0,        5507,      -9.047709016,      -6.387258332,      -9.468596123,      -8.861266696
          0,           0,        5508,      -9.047734181,      -6.387264989,      -9.468664889,      -8.861237355
          0,           0,        5509,      -9.047759335,      -6.387271644,      -9.468733333,      -8.861208024
          0,           0,        5510,       -9.04778448,      -6.387278296,      -9.468801373,      -8.861178703
          0,           0,        5511,      -9.047809616,      -6.387284945,      -9.468869439,      -8.861149393
          0,           0,        5512,      -9.047834745,      -6.387291592,       -9.46893772,      -8.861120093
          0,           0,        5513,      -9.047859866,      -6.387298236,      -9.469006186,      -8.861090804
          0,           0,        5514,      -9.047884979,      -6.387304878,      -9.469074751,      -8.861061525
          0,           0,        5515,      -9.047910085,      -6.387311516,      -9.469143357,      -8.861032257
          0,           0,        5516,      -9.047935183,      -6.387318152,      -9.469211965,      -8.861002999
          0,           0,        5517,      -9.047960273,      -6.387324786,      -9.469280562,      -8.860973752
          0,           0,        5518,      -9.047985355,      -6.387331416,      -9.469349142,      -8.860944516
          0,           0,        5519,      -9.048010428,      -6.387338044,      -9.469417698,       -8.86091529
          0,           0,        5520,      -9.048035492,      -6.387344669,      -9.469486231,      -8.860886063
          0,           0,        5521,      -9.048060546,      -6.387351291,      -9.469554752,      -8.860856801
          0,           0,        5522,      -9.048085588,       -6.38735791,      -9.469623266,       -8.86082755
          0,           0,        5523,      -9.048110619,      -6.387364527,      -9.469691786,      -8.860798309
          0,           0,        5524,      -9.048135638,      -6.387371141,      -9.469760323,      -8.860769083
          0,           0,        5525,      -9.048160643,      -6.387377752,      -9.469828904,      -8.860739848
          0,           0,        5526,      -9.048185635,       -6.38738436,      -9.469897565,      -8.860710611
          0,           0,        5527,      -9.048210613,      -6.387390966,      -9.469966337,      -8.860681392
          0,           0,        5528,      -9.048235577,      -6.387397569,      -9.470035159,      -8.860652189
          0,           0,        5529,      -9.048260527,       -6.38740417,      -9.470103811,      -8.860623002
          0,           0,        5530,      -9.048285462,      -6.387410768,      -9.470172258,      -8.860593829
          0,           0,        5531,      -9.048310383,      -6.387417363,      -9.470240631,      -8.860564669
          0,           0,        5532,      -9.048335291,      -6.387423955,      -9.470309009,      -8.860535522
          0,           0,        5533,      -9.048360184,      -6.387430545,      -9.470377426,      -8.860506388
          0,           0,        5534,      -9.048385066,      -6.387437132,      -9.470445889,      -8.860477216
          0,           0,        5535,      -9.048409936,      -6.387443716,      -9.470514408,         -8.860448
          0,           0,        5536,      -9.048434796,      -6.387450298,      -9.470582984,      -8.860418796
          0,           0,        5537,      -9.048459647,      -6.387456877,       -9.47065162,      -8.860389603
          0,           0,        5538,      -9.048484491,      -6.387463453,       -9.47072031,      -8.860360318
          0,           0,        5539,      -9.048509328,      -6.387470026,      -9.470789051,      -8.860331046
          0,           0,        5540,      -9.048534161,      -6.387476597,      -9.470857828,      -8.860301785
          0,           0,        5541,      -9.048558991,      -6.387483165,      -9.470926616,      -8.860272543
          0,           0,        5542,      -9.048583819,      -6.387489731,      -9.470995427,      -8.860243341
          0,           0,        5543,      -9.048608648,      -6.387496294,      -9.471064261,      -8.860214161
          0,           0,        5544,      -9.048633478,      -6.387502854,      -9.471133119,      -8.860184997
          0,           0,        5545,      -9.048658311,      -6.387509412,      -9.471201992,      -8.860155796
          0,           0,        5546,      -9.048683149,      -6.387515967,      -9.471270876,       -8.86012659
          0,           0,        5547,      -9.048707992,      -6.387522519,      -9.471339762,      -8.860097394
          0,           0,        5548,      -9.048732842,      -6.387529069,       -9.47140865,      -8.860068209
          0,           0,        5549,      -9.048757699,      -6.387535615,      -9.471477532,      -8.860039036
          0,           0,        5550,      -9.048782566,       -6.38754216,      -9.471546399,      -8.860009873
          0,           0,        5551,      -9.048807442,      -6.387548701,      -9.471615185,      -8.859980722
          0,           0,        5552,      -9.048832327,       -6.38755524,      -9.471683742,      -8.859951582
          0,           0,        5553,      -9.048857223,      -6.387561776,       -9.47175213,      -8.859922453
          0,           0,        5554,       -9.04888213,      -6.387568309,      -9.471820552,      -8.859893335
          0,           0,        5555,      -9.048907047,      -6.387574839,      -9.471889083,      -8.859864228
          0,           0,        5556,      -9.048931974,      -6.387581367,      -9.471957711,      -8.859835132
          0,           0,        5557,      -9.048956912,      -6.387587892,      -9.472026397,      -8.859806046
          0,           0,        5558,      -9.048981861,      -6.387594414,      -9.472095111,      -8.859776972
          0,           0,        5559,      -9.049006819,      -6.387600934,      -9.472163835,       -8.85974791
          0,           0,        5560,      -9.049031786,      -6.387607451,      -9.472232552,       -8.85971886
          0,           0,        5561,      -9.049056762,      -6.387613965,      -9.472301248,      -8.859689821
          0,           0,        5562,      -9.049081745,      -6.387620476,      -9.472369914,      -8.859660645
          0,           0,        5563,      -9.049106735,      -6.387626984,      -9.472438553,      -8.859631347
          0,           0,        5564,       -9.04913173,       -6.38763349,      -9.472507158,      -8.859602061
          0,           0,        5565,      -9.049156729,      -6.387639993,      -9.472575732,      -8.859572785
          0,           0,        5566,      -9.049181731,      -6.387646493,       -9.47264428,      -8.859543521
          0,           0,        5567,      -9.049206736,      -6.387652991,      -9.472712805,      -8.859514269
          0,           0,        5568,      -9.049231741,      -6.387659486,      -9.472781315,      -8.859485028
          0,           0,        5569,      -9.049256746,      -6.387665978,      -9.472849815,      -8.859455799
          0,           0,        5570,      -9.049281749,      -6.387672467,      -9.472918313,      -8.859426581
          0,           0,        5571,       -9.04930675,      -6.387678954,       -9.47298682,      -8.859397375
          0,           0,        5572,      -9.049331748,      -6.387685438,       -9.47305533,       -8.85936818
          0,           0,        5573,       -9.04935674,      -6.387691919,      -9.473123853,      -8.859338997
          0,           0,        5574,      -9.049381728,      -6.387698397,      -9.473192391,      -8.859309826
          0,           0,        5575,       -9.04940671,      -6.387704873,       -9.47326095,      -8.859280667
          0,           0,        5576,      -9.049431684,      -6.387711346,      -9.473329528,       -8.85925152
          0,           0,        5577,      -9.049456652,      -6.387717816,      -9.473398128,      -8.859222385
          0,           0,        5578,      -9.049481612,      -6.387724283,      -9.473466747,      -8.859193261
          0,           0,        5579,      -9.049506563,      -6.387730748,      -9.473535388,      -8.859164149
          0,           0,        5580,      -9.049531506,       -6.38773721,      -9.473604048,      -8.859135049
          0,           0,        5581,      -9.049556442,      -6.387743669,      -9.473672729,      -8.859105961
          0,           0,        5582,      -9.049581368,      -6.387750126,      -9.473741431,      -8.859076886
          0,           0,        5583,      -9.049606286,       -6.38775658,      -9.473810156,      -8.859047822
          0,           0,        5584,      -9.049631196,      -6.387763031,      -9.473878902,      -8.859018771
          0,           0,        5585,      -9.049656099,      -6.387769479,       -9.47394767,      -8.858989732
          0,           0,        5586,      -9.049680994,      -6.387775925,      -9.474016462,      -8.858960706
          0,           0,        5587,      -9.049705882,      -6.387782368,      -9.474085284,      -8.858931692
          0,           0,        5588,      -9.049730763,      -6.387788809,      -9.474154135,       -8.85890269
          0,           0,        5589,      -9.049755638,      -6.387795246,      -9.474223014,      -8.858873701
          0,           0,        5590,      -9.049780509,      -6.387801681,      -9.474291925,      -8.858844723
          0,           0,        5591,      -9.049805374,      -6.387808113,       -9.47436087,      -8.858815758
          0,           0,        5592,      -9.049830236,      -6.387814542,      -9.474429848,      -8.858786805
          0,           0,        5593,      -9.049855095,      -6.387820969,       -9.47449886,      -8.858757865
          0,           0,        5594,      -9.049879951,      -6.387827393,      -9.474567903,      -8.858728938
          0,           0,        5595,      -9.049904807,      -6.387833814,      -9.474636978,      -8.858700023
          0,           0,        5596,      -9.049929661,      -6.387840233,      -9.474706071,      -8.858671122
          0,           0,        5597,      -9.049954516,      -6.387846649,      -9.474775165,      -8.858642233
          0,           0,        5598,      -9.049979371,      -6.387853062,      -9.474844242,      -8.858613357
          0,           0,        5599,      -9.050004227,      -6.387859472,      -9.474913295,      -8.858584494
          0,           0,        5600,      -9.050029085,       -6.38786588,       -9.47498233,      -8.858555644
          0,           0,        5601,      -9.050053945,      -6.387872285,      -9.475051357,      -8.858526808
          0,           0,        5602,      -9.050078809,      -6.387878687,      -9.475120395,      -8.858498014
          0,           0,        5603,      -9.050103678,      -6.387885087,      -9.475189454,      -8.858469246
          0,           0,        5604,      -9.050128552,      -6.387891484,      -9.475258545,      -8.858440497
          0,           0,        5605,      -9.050153433,      -6.387897878,       -9.47532767,      -8.858411765
          0,           0,        5606,       -9.05017832,       -6.38790427,      -9.475396836,      -8.858383047
          0,           0,        5607,      -9.050203216,      -6.387910659,      -9.475466044,      -8.858354343
          0,           0,        5608,      -9.050228121,      -6.387917045,      -9.475535284,      -8.858325652
          0,           0,        5609,      -9.050253036,      -6.387923428,      -9.475604557,      -8.858296974
          0,           0,        5610,      -9.050277962,      -6.387929809,      -9.475673855,      -8.858268309
          0,           0,        5611,      -9.050302899,      -6.387936187,      -9.475743168,      -8.858239657
          0,           0,        5612,      -9.050327848,      -6.387942562,      -9.475812488,      -8.858211018
          0,           0,        5613,       -9.05035281,      -6.387948935,      -9.475881785,      -8.858182392
          0,           0,        5614,      -9.050377784,      -6.387955305,      -9.475951065,      -8.858153779
          0,           0,        5615,      -9.050402772,      -6.387961672,      -9.476020384,      -8.858125179
          0,           0,        5616,      -9.050427774,      -6.387968036,      -9.476089697,      -8.858096591
          0,           0,        5617,       -9.05045279,      -6.387974398,      -9.476158995,      -8.858068018
          0,           0,        5618,      -9.050477823,      -6.387980757,      -9.476228304,      -8.858039457
          0,           0,        5619,      -9.050502871,      -6.387987114,      -9.476297664,       -8.85801091
          0,           0,        5620,      -9.050527935,      -6.387993468,      -9.476367177,      -8.857982377
          0,           0,        5621,      -9.050553013,      -6.387999819,      -9.476436998,      -8.857953856
          0,           0,        5622,      -9.050578106,      -6.388006167,       -9.47650674,       -8.85792535
          0,           0,        5623,      -9.050603213,      -6.388012513,       -9.47657573,      -8.857896857
          0,           0,        5624,      -9.050628336,      -6.388018856,      -9.476644287,      -8.857868381
          0,           0,        5625,      -9.050653475,      -6.388025197,       -9.47671274,      -8.857839924
          0,           0,        5626,       -9.05067863,      -6.388031535,      -9.476781211,      -8.857811486
          0,           0,        5627,      -9.050703799,      -6.388037871,      -9.476849733,      -8.857783049
          0,           0,        5628,      -9.050728981,      -6.388044204,      -9.476918295,      -8.857754618
          0,           0,        5629,      -9.050754177,      -6.388050535,      -9.476986891,      -8.857726203
          0,           0,        5630,      -9.050779384,      -6.388056863,      -9.477055451,      -8.857697805
          0,           0,        5631,      -9.050804603,      -6.388063189,      -9.477123988,      -8.857669422
          0,           0,        5632,      -9.050829833,      -6.388069512,       -9.47719255,      -8.857641056
          0,           0,        5633,      -9.050855072,      -6.388075832,       -9.47726115,      -8.857612705
          0,           0,        5634,       -9.05088032,       -6.38808215,      -9.477329794,      -8.857584369
          0,           0,        5635,      -9.050905575,      -6.388088465,      -9.477398474,      -8.857556048
          0,           0,        5636,      -9.050930838,      -6.388094778,      -9.477467178,      -8.857527741
          0,           0,        5637,      -9.050956106,      -6.388101088,      -9.477535675,       -8.85749945
          0,           0,        5638,       -9.05098138,      -6.388107395,      -9.477603492,      -8.857471173
          0,           0,        5639,      -9.051006661,      -6.388113699,      -9.477671298,      -8.857442911
          0,           0,        5640,      -9.051031949,      -6.388120001,      -9.477739514,      -8.857414663
          0,           0,        5641,      -9.051057241,        -6.3881263,      -9.477808098,       -8.85738643
          0,           0,        5642,      -9.051082537,      -6.388132596,      -9.477876912,      -8.857358211
          0,           0,        5643,      -9.051107837,      -6.388138889,      -9.477945841,      -8.857330007
          0,           0,        5644,      -9.051133139,      -6.388145179,       -9.47801483,      -8.857301817
          0,           0,        5645,      -9.051158443,      -6.388151466,      -9.478083851,      -8.857273647
          0,           0,        5646,       -9.05118375,      -6.388157751,      -9.478152892,      -8.857245501
          0,           0,        5647,      -9.051209057,      -6.388164032,      -9.478221949,      -8.857217377
          0,           0,        5648,      -9.051234366,       -6.38817031,      -9.478291008,      -8.857189274
          0,           0,        5649,      -9.051259676,      -6.388176585,      -9.478360074,      -8.857161191
          0,           0,        5650,      -9.051284985,      -6.388182857,      -9.478429136,      -8.857133125
          0,           0,        5651,      -9.051310295,      -6.388189126,      -9.478498191,      -8.857105078
          0,           0,        5652,      -9.051335604,      -6.388195392,      -9.478567242,      -8.857077047
          0,           0,        5653,      -9.051360913,      -6.388201655,      -9.478636283,      -8.857049032
          0,           0,        5654,      -9.051386221,      -6.388207914,      -9.478705324,      -8.857021034
          0,           0,        5655,      -9.051411527,       -6.38821417,      -9.478774357,      -8.856993046
          0,           0,        5656,      -9.051436832,      -6.388220423,      -9.478843384,      -8.856965063
          0,           0,        5657,      -9.051462134,      -6.388226673,      -9.478912406,      -8.856937096
          0,           0,        5658,      -9.051487435,       -6.38823292,      -9.478981425,      -8.856909144
          0,           0,        5659,      -9.051512733,      -6.388239163,      -9.479050436,      -8.856881206
          0,           0,        5660,      -9.051538029,      -6.388245403,      -9.479119443,      -8.856853284
          0,           0,        5661,      -9.051563322,      -6.388251639,      -9.479188446,      -8.856825377
          0,           0,        5662,      -9.051588613,      -6.388257873,      -9.479257446,      -8.856797484
          0,           0,        5663,      -9.051613901,      -6.388264103,      -9.479326452,      -8.856769606
          0,           0,        5664,      -9.051639187,       -6.38827033,      -9.479395464,      -8.856741708
          0,           0,        5665,       -9.05166447,      -6.388276554,      -9.479464483,      -8.856713825
          0,           0,        5666,      -9.051689752,      -6.388282774,      -9.479533519,      -8.856685956
          0,           0,        5667,      -9.051715033,      -6.388288992,      -9.479602567,      -8.856658097
          0,           0,        5668,      -9.051740312,      -6.388295206,      -9.479671633,      -8.856630222
          0,           0,        5669,      -9.051765591,      -6.388301417,      -9.479740729,      -8.856602361
          0,           0,        5670,      -9.051790869,      -6.388307625,      -9.479809856,      -8.856574515
          0,           0,        5671,      -9.051816146,      -6.388313829,      -9.479878912,      -8.856546644
          0,           0,        5672,      -9.051841422,      -6.388320031,        -9.4799479,       -8.85651862
          0,           0,        5673,        -9.0518667,       -6.38832623,      -9.480016841,      -8.856490444
          0,           0,        5674,      -9.051891982,      -6.388332425,       -9.48008576,      -8.856462305
          0,           0,        5675,      -9.051917268,      -6.388338618,      -9.480154663,      -8.856434144
          0,           0,        5676,      -9.051942559,      -6.388344807,      -9.480223559,      -8.856405798
          0,           0,        5677,      -9.051967857,      -6.388350994,       -9.48029247,      -8.856377471
          0,           0,        5678,      -9.051993162,      -6.388357178,      -9.480361395,      -8.856349161
          0,           0,        5679,      -9.052018475,      -6.388363358,      -9.480430266,      -8.856320866
          0,           0,        5680,      -9.052043798,      -6.388369536,      -9.480499124,      -8.856292588
          0,           0,        5681,      -9.052069131,      -6.388375711,      -9.480568062,      -8.856264326
          0,           0,        5682,      -9.052094477,      -6.388381883,      -9.480637073,       -8.85623608
          0,           0,        5683,      -9.052119833,      -6.388388052,      -9.480706153,      -8.856207849
          0,           0,        5684,        -9.0521452,      -6.388394218,       -9.48077529,      -8.856179633
          0,           0,        5685,      -9.052170575,      -6.388400381,      -9.480844471,      -8.856151432
          0,           0,        5686,      -9.052195961,      -6.388406542,      -9.480913686,      -8.856123246
          0,           0,        5687,      -9.052221355,      -6.388412699,      -9.480982938,      -8.856095075
          0,           0,        5688,      -9.052246759,      -6.388418853,      -9.481052227,      -8.856066918
          0,           0,        5689,      -9.052272171,      -6.388425005,      -9.481121557,      -8.856038775
          0,           0,        5690,      -9.052297591,      -6.388431153,      -9.481190931,      -8.856010647
          0,           0,        5691,      -9.052323021,      -6.388437299,      -9.481260351,      -8.855982534
          0,           0,        5692,      -9.052348458,      -6.388443442,      -9.481329826,      -8.855954435
          0,           0,        5693,      -9.052373905,      -6.388449581,      -9.481399361,      -8.855926348
          0,           0,        5694,       -9.05239936,      -6.388455718,      -9.481468958,      -8.855898271
          0,           0,        5695,      -9.052424824,      -6.388461851,      -9.481538618,      -8.855870166
          0,           0,        5696,      -9.052450298,      -6.388467982,       -9.48160834,      -8.855842067
          0,           0,        5697,      -9.052475781,      -6.388474109,       -9.48167813,      -8.855813982
          0,           0,        5698,      -9.052501276,      -6.388480234,      -9.481747988,      -8.855785908
          0,           0,        5699,      -9.052526781,      -6.388486355,      -9.481817923,      -8.855757847
          0,           0,        5700,      -9.052552298,      -6.388492473,      -9.481887933,      -8.855729798
          0,           0,        5701,      -9.052577827,      -6.388498589,      -9.481958018,      -8.855701762
          0,           0,        5702,       -9.05260337,      -6.388504701,       -9.48202818,      -8.855673737
          0,           0,        5703,      -9.052628927,       -6.38851081,      -9.482098418,      -8.855645725
          0,           0,        5704,      -9.052654498,      -6.388516915,       -9.48216874,      -8.855617726
          0,           0,        5705,      -9.052680085,      -6.388523018,      -9.482239141,      -8.855589738
          0,           0,        5706,      -9.052705688,      -6.388529117,       -9.48230962,      -8.855561763
          0,           0,        5707,      -9.052731308,      -6.388535214,      -9.482380171,      -8.855533801
          0,           0,        5708,      -9.052756946,      -6.388541307,      -9.482450792,       -8.85550585
          0,           0,        5709,      -9.052782603,      -6.388547397,      -9.482521483,      -8.855477913
          0,           0,        5710,      -9.052808278,      -6.388553484,      -9.482592239,      -8.855449987
          0,           0,        5711,      -9.052833972,      -6.388559567,      -9.482663055,      -8.855422074
          0,           0,        5712,      -9.052859687,      -6.388565647,      -9.482733926,      -8.855394174
          0,           0,        5713,      -9.052885422,      -6.388571725,      -9.482804843,      -8.855366286
          0,           0,        5714,      -9.052911178,      -6.388577799,      -9.482875806,      -8.855338409
          0,           0,        5715,      -9.052936955,      -6.388583869,      -9.482946807,      -8.855310545
          0,           0,        5716,      -9.052962754,      -6.388589937,       -9.48301784,      -8.855282692
          0,           0,        5717,      -9.052988574,      -6.388596001,      -9.483088895,      -8.855254853
          0,           0,        5718,      -9.053014416,      -6.388602063,      -9.483159971,      -8.855227026
          0,           0,        5719,      -9.053040281,      -6.388608121,      -9.483231058,      -8.855199213
          0,           0,        5720,      -9.053066167,      -6.388614176,      -9.483302152,      -8.855171414
          0,           0,        5721,      -9.053092075,      -6.388620227,      -9.483373248,      -8.855143628
          0,           0,        5722,      -9.053118006,      -6.388626276,      -9.483444339,      -8.855115855
          0,           0,        5723,      -9.053143959,      -6.388632322,      -9.483515418,      -8.855088096
          0,           0,        5724,      -9.053169934,      -6.388638364,      -9.483586488,      -8.855060351
          0,           0,        5725,       -9.05319593,      -6.388644403,      -9.483657542,      -8.855032619
          0,           0,        5726,      -9.053221949,       -6.38865044,      -9.483728583,      -8.855004901
          0,           0,        5727,       -9.05324799,      -6.388656473,      -9.483799607,      -8.854977197
          0,           0,        5728,      -9.053274052,      -6.388662503,      -9.483870615,      -8.854949506
          0,           0,        5729,      -9.053300135,       -6.38866853,      -9.483941608,      -8.854921829
          0,           0,        5730,      -9.053326239,      -6.388674554,      -9.484012585,      -8.854894172
          0,           0,        5731,      -9.053352365,      -6.388680575,      -9.484083546,      -8.854866536
          0,           0,        5732,      -9.053378511,      -6.388686592,      -9.484154493,      -8.854838912
          0,           0,        5733,      -9.053404677,      -6.388692607,      -9.484225428,        -8.8548113
          0,           0,        5734,      -9.053430862,      -6.388698619,      -9.484296352,      -8.854783699
          0,           0,        5735,      -9.053457068,      -6.388704628,      -9.484367263,       -8.85475611
          0,           0,        5736,      -9.053483292,      -6.388710633,      -9.484438161,      -8.854728534
          0,           0,        5737,      -9.053509535,      -6.388716636,      -9.484509049,       -8.85470097
          0,           0,        5738,      -9.053535796,      -6.388722636,      -9.484579919,      -8.854673418
          0,           0,        5739,      -9.053562074,      -6.388728633,      -9.484650774,      -8.854645881
          0,           0,        5740,       -9.05358837,      -6.388734626,      -9.484721608,      -8.854618359
          0,           0,        5741,      -9.053614682,      -6.388740617,      -9.484792418,      -8.854590852
          0,           0,        5742,       -9.05364101,      -6.388746605,      -9.484863209,      -8.854563359
          0,           0,        5743,      -9.053667353,       -6.38875259,      -9.484933972,      -8.854535881
          0,           0,        5744,      -9.053693711,      -6.388758572,      -9.485004711,      -8.854508418
          0,           0,        5745,      -9.053720083,      -6.388764551,      -9.485075428,      -8.854480969
          0,           0,        5746,      -9.053746468,      -6.388770528,      -9.485146119,      -8.854453534
          0,           0,        5747,      -9.053772866,      -6.388776501,      -9.485216789,      -8.854426113
          0,           0,        5748,      -9.053799276,      -6.388782472,      -9.485287438,      -8.854398706
          0,           0,        5749,      -9.053825698,      -6.388788439,      -9.485358072,      -8.854371312
          0,           0,        5750,      -9.053852131,      -6.388794404,      -9.485428698,      -8.854343871
          0,           0,        5751,      -9.053878573,      -6.388800365,      -9.485499321,      -8.854316319
          0,           0,        5752,      -9.053905025,      -6.388806324,       -9.48556994,      -8.854288759
          0,           0,        5753,      -9.053931485,       -6.38881228,      -9.485640563,      -8.854261049
          0,           0,        5754,      -9.053957954,      -6.388818233,      -9.485711189,      -8.854233354
          0,           0,        5755,       -9.05398443,      -6.388824183,      -9.485781824,      -8.854205672
          0,           0,        5756,      -9.054010912,      -6.388830131,       -9.48585247,      -8.854178004
          0,           0,        5757,      -9.054037401,      -6.388836075,      -9.485923135,       -8.85415035
          0,           0,        5758,      -9.054063894,      -6.388842016,      -9.485993816,       -8.85412271
          0,           0,        5759,      -9.054090392,      -6.388847955,      -9.486064521,      -8.854095082
          0,           0,        5760,      -9.054116895,       -6.38885389,      -9.486135238,      -8.854067469
          0,           0,        5761,        -9.0541434,      -6.388859823,      -9.486205975,      -8.854039887
          0,           0,        5762,      -9.054169908,      -6.388865753,      -9.486276734,      -8.854012329
          0,           0,        5763,      -9.054196418,      -6.388871681,      -9.486347508,      -8.853984792
          0,           0,        5764,       -9.05422293,      -6.388877605,      -9.486418302,      -8.853957275
          0,           0,        5765,      -9.054249442,      -6.388883527,      -9.486489118,      -8.853929775
          0,           0,        5766,      -9.054275955,      -6.388889445,      -9.486559947,      -8.853902291
          0,           0,        5767,      -9.054302468,      -6.388895361,      -9.486630797,      -8.853874824
          0,           0,        5768,      -9.054328981,      -6.388901274,      -9.486701661,      -8.853847372
          0,           0,        5769,      -9.054355493,      -6.388907185,      -9.486772547,      -8.853819935
          0,           0,        5770,      -9.054382004,      -6.388913092,      -9.486843448,      -8.853792512
          0,           0,        5771,      -9.054408513,      -6.388918997,      -9.486914365,      -8.853765104
          0,           0,        5772,       -9.05443502,      -6.388924898,      -9.486985303,      -8.853737711
          0,           0,        5773,      -9.054461526,      -6.388930797,      -9.487056254,      -8.853710339
          0,           0,        5774,      -9.054488028,      -6.388936693,      -9.487127219,      -8.853682999
          0,           0,        5775,      -9.054514528,      -6.388942586,      -9.487198198,      -8.853655675
          0,           0,        5776,      -9.054541025,      -6.388948477,      -9.487269188,      -8.853628364
          0,           0,        5777,      -9.054567519,      -6.388954364,      -9.487340185,      -8.853601065
          0,           0,        5778,      -9.054594009,      -6.388960249,      -9.487411187,      -8.853573779
          0,           0,        5779,      -9.054620496,      -6.388966131,       -9.48748219,      -8.853546506
          0,           0,        5780,      -9.054646978,       -6.38897201,      -9.487553197,      -8.853519245
          0,           0,        5781,      -9.054673457,      -6.388977886,      -9.487624201,      -8.853491998
          0,           0,        5782,      -9.054699931,       -6.38898376,      -9.487695198,      -8.853464763
          0,           0,        5783,        -9.0547264,       -6.38898963,      -9.487766183,      -8.853437541
          0,           0,        5784,      -9.054752865,      -6.388995498,      -9.487837155,      -8.853410331
          0,           0,        5785,      -9.054779325,      -6.389001363,      -9.487908114,      -8.853383136
          0,           0,        5786,      -9.054805779,      -6.389007225,      -9.487979056,      -8.853355953
          0,           0,        5787,      -9.054832228,      -6.389013084,      -9.488049976,      -8.853328785
          0,           0,        5788,      -9.054858672,       -6.38901894,      -9.488120879,      -8.853301629
          0,           0,        5789,      -9.054885109,      -6.389024794,      -9.488191758,      -8.853274487
          0,           0,        5790,      -9.054911541,      -6.389030644,      -9.488262611,      -8.853247359
          0,           0,        5791,      -9.054937966,      -6.389036492,      -9.488333446,      -8.853220244
          0,           0,        5792,      -9.054964385,      -6.389042337,       -9.48840426,      -8.853193143
          0,           0,        5793,      -9.054990797,       -6.38904818,      -9.488475053,      -8.853166057
          0,           0,        5794,      -9.055017203,      -6.389054019,      -9.488545823,      -8.853138984
          0,           0,        5795,      -9.055043601,      -6.389059855,      -9.488616573,      -8.853111925
          0,           0,        5796,      -9.055069993,      -6.389065689,      -9.488687304,      -8.853084886
          0,           0,        5797,      -9.055096376,       -6.38907152,      -9.488758015,      -8.853057867
          0,           0,        5798,      -9.055122752,      -6.389077348,      -9.488828713,      -8.853030869
          0,           0,        5799,      -9.055149121,      -6.389083174,      -9.488899392,       -8.85300389
          0,           0,        5800,      -9.055175481,      -6.389088996,      -9.488970057,      -8.852976929
          0,           0,        5801,      -9.055201834,      -6.389094816,      -9.489040711,      -8.852949987
          0,           0,        5802,      -9.055228178,      -6.389100634,       -9.48911135,      -8.852923061
          0,           0,        5803,      -9.055254513,      -6.389106448,      -9.489181979,      -8.852896152
          0,           0,        5804,       -9.05528084,      -6.389112259,      -9.489252604,      -8.852869259
          0,           0,        5805,      -9.055307158,      -6.389118068,      -9.489323216,      -8.852842383
          0,           0,        5806,      -9.055333468,      -6.389123874,      -9.489393822,      -8.852815522
          0,           0,        5807,      -9.055359768,      -6.389129677,      -9.489464416,      -8.852788677
          0,           0,        5808,      -9.055386059,      -6.389135478,      -9.489535007,      -8.852761848
          0,           0,        5809,      -9.055412342,      -6.389141275,      -9.489605595,      -8.852735034
          0,           0,        5810,      -9.055438615,       -6.38914707,      -9.489676179,      -8.852708236
          0,           0,        5811,      -9.055464878,      -6.389152862,      -9.489746762,      -8.852681388
          0,           0,        5812,      -9.055491133,      -6.389158651,      -9.489817351,      -8.852654527
          0,           0,        5813,      -9.055517378,      -6.389164437,      -9.489887938,      -8.852627681
          0,           0,        5814,      -9.055543614,      -6.389170221,      -9.489958534,       -8.85260085
          0,           0,        5815,       -9.05556984,      -6.389176001,      -9.490029132,      -8.852574034
          0,           0,        5816,      -9.055596057,      -6.389181779,       -9.49009974,      -8.852547234
          0,           0,        5817,      -9.055622264,      -6.389187554,       -9.49017036,      -8.852520449
          0,           0,        5818,      -9.055648463,      -6.389193326,      -9.490240994,      -8.852493679
          0,           0,        5819,      -9.055674651,      -6.389199096,      -9.490311643,      -8.852466925
          0,           0,        5820,       -9.05570083,      -6.389204862,       -9.49038231,      -8.852440186
          0,           0,        5821,         -9.055727,      -6.389210626,      -9.490452999,      -8.852413461
          0,           0,        5822,       -9.05575316,      -6.389216387,      -9.490523707,      -8.852386768
          0,           0,        5823,      -9.055779312,      -6.389222145,      -9.490594433,      -8.852360085
          0,           0,        5824,      -9.055805453,      -6.389227901,      -9.490665187,      -8.852333366
          0,           0,        5825,      -9.055831586,      -6.389233653,      -9.490735966,      -8.852306663
          0,           0,        5826,      -9.055857709,      -6.389239403,      -9.490806778,      -8.852279974
          0,           0,        5827,      -9.055883824,       -6.38924515,      -9.490877621,      -8.852253298
          0,           0,        5828,      -9.055909929,      -6.389250894,      -9.490948496,      -8.852226637
          0,           0,        5829,      -9.055936025,      -6.389256635,      -9.491019405,       -8.85219999
          0,           0,        5830,      -9.055962113,      -6.389262374,      -9.491090358,      -8.852173357
          0,           0,        5831,      -9.055988192,       -6.38926811,      -9.491161353,      -8.852146738
          0,           0,        5832,      -9.056014263,      -6.389273842,        -9.4912324,      -8.852120132
          0,           0,        5833,      -9.056040326,      -6.389279573,      -9.491303497,      -8.852093539
          0,           0,        5834,      -9.056066381,        -6.3892853,      -9.491374609,      -8.852066961
          0,           0,        5835,      -9.056092428,      -6.389291024,      -9.491445701,      -8.852040399
          0,           0,        5836,      -9.056118467,      -6.389296746,      -9.491516763,      -8.852013852
          0,           0,        5837,      -9.056144497,      -6.389302465,      -9.491587808,       -8.85198732
          0,           0,        5838,       -9.05617052,      -6.389308181,      -9.491658856,      -8.851960804
          0,           0,        5839,      -9.056196535,      -6.389313894,       -9.49172992,      -8.851934303
          0,           0,        5840,      -9.056222542,      -6.389319605,      -9.491801014,      -8.851907819
          0,           0,        5841,      -9.056248542,      -6.389325313,      -9.491872139,       -8.85188135
          0,           0,        5842,      -9.056274535,      -6.389331018,      -9.491943304,      -8.851854897
          0,           0,        5843,       -9.05630052,       -6.38933672,      -9.492014509,      -8.851828464
          0,           0,        5844,      -9.056326498,       -6.38934242,      -9.492085757,      -8.851802051
          0,           0,        5845,       -9.05635247,      -6.389348116,      -9.492157045,      -8.851775656
          0,           0,        5846,      -9.056378435,       -6.38935381,       -9.49222836,      -8.851749281
          0,           0,        5847,      -9.056404394,      -6.389359502,      -9.492299705,      -8.851722921
          0,           0,        5848,      -9.056430348,       -6.38936519,      -9.492371069,      -8.851696579
          0,           0,        5849,      -9.056456295,      -6.389370876,      -9.492442451,      -8.851670255
          0,           0,        5850,      -9.056482238,      -6.389376559,      -9.492513844,      -8.851643948
          0,           0,        5851,      -9.056508175,      -6.389382239,      -9.492585237,      -8.851617658
          0,           0,        5852,      -9.056534108,      -6.389387917,      -9.492656625,      -8.851591386
          0,           0,        5853,      -9.056560037,      -6.389393591,      -9.492728005,      -8.851565131
          0,           0,        5854,      -9.056585962,      -6.389399263,      -9.492799384,      -8.851538894
          0,           0,        5855,      -9.056611883,      -6.389404932,      -9.492870749,      -8.851512673
          0,           0,        5856,        -9.0566378,      -6.389410598,      -9.492942107,       -8.85148647
          0,           0,        5857,      -9.056663715,      -6.389416262,      -9.493013459,      -8.851460283
          0,           0,        5858,      -9.056689626,      -6.389421923,      -9.493084803,      -8.851434114
          0,           0,        5859,      -9.056715535,       -6.38942758,      -9.493156134,       -8.85140796
          0,           0,        5860,      -9.056741441,      -6.389433236,      -9.493227459,       -8.85138182
          0,           0,        5861,      -9.056767345,      -6.389438888,      -9.493298778,      -8.851355696
          0,           0,        5862,      -9.056793246,      -6.389444537,      -9.493370091,      -8.851329589
          0,           0,        5863,      -9.056819145,      -6.389450184,      -9.493441402,      -8.851303499
          0,           0,        5864,      -9.056845041,      -6.389455828,      -9.493512706,      -8.851277426
          0,           0,        5865,      -9.056870935,      -6.389461469,       -9.49358401,      -8.851251371
          0,           0,        5866,      -9.056896826,      -6.389467108,      -9.493655297,      -8.851225332
          0,           0,        5867,      -9.056922714,      -6.389472743,      -9.493726553,      -8.851199313
          0,           0,        5868,      -9.056948599,      -6.389478376,      -9.493797761,      -8.851173326
          0,           0,        5869,      -9.056974479,      -6.389484006,       -9.49386894,      -8.851147365
          0,           0,        5870,      -9.057000355,      -6.389489634,      -9.493940129,      -8.851121428
          0,           0,        5871,      -9.057026226,      -6.389495259,      -9.494011353,      -8.851095514
          0,           0,        5872,      -9.057052091,      -6.389500881,      -9.494082621,      -8.851069622
          0,           0,        5873,      -9.057077952,        -6.3895065,      -9.494153932,      -8.851043749
          0,           0,        5874,      -9.057103806,      -6.389512116,       -9.49422528,      -8.851017896
          0,           0,        5875,      -9.057129654,       -6.38951773,      -9.494296655,       -8.85099206
          0,           0,        5876,      -9.057155495,      -6.389523341,       -9.49436805,      -8.850966242
          0,           0,        5877,      -9.057181328,      -6.389528949,      -9.494439457,      -8.850940442
          0,           0,        5878,      -9.057207153,      -6.389534554,      -9.494510863,      -8.850914678
          0,           0,        5879,       -9.05723297,      -6.389540157,      -9.494582262,      -8.850888951
          0,           0,        5880,      -9.057258777,      -6.389545757,      -9.494653654,      -8.850863247
          0,           0,        5881,      -9.057284575,      -6.389551354,      -9.494725032,      -8.850837564
          0,           0,        5882,      -9.057310363,      -6.389556948,      -9.494796399,      -8.850811898
          0,           0,        5883,      -9.057336139,      -6.389562539,      -9.494867754,       -8.85078625
          0,           0,        5884,      -9.057361905,      -6.389568128,      -9.494939101,      -8.850760619
          0,           0,        5885,      -9.057387659,      -6.389573714,       -9.49501044,      -8.850735004
          0,           0,        5886,        -9.0574134,      -6.389579297,      -9.495081777,      -8.850709406
          0,           0,        5887,      -9.057439129,      -6.389584877,      -9.495153111,      -8.850683825
          0,           0,        5888,      -9.057464844,      -6.389590455,      -9.495224449,      -8.850658261
          0,           0,        5889,      -9.057490546,      -6.389596029,       -9.49529579,      -8.850632714
          0,           0,        5890,      -9.057516233,      -6.389601601,       -9.49536714,      -8.850607184
          0,           0,        5891,      -9.057541906,       -6.38960717,      -9.495438497,      -8.850581671
          0,           0,        5892,      -9.057567563,      -6.389612736,      -9.495509867,      -8.850556175
          0,           0,        5893,      -9.057593205,        -6.3896183,      -9.495581255,      -8.850530696
          0,           0,        5894,      -9.057618831,       -6.38962386,      -9.495652662,      -8.850505235
          0,           0,        5895,      -9.057644441,      -6.389629418,      -9.495724083,      -8.850479791
          0,           0,        5896,      -9.057670035,      -6.389634973,      -9.495795519,      -8.850454364
          0,           0,        5897,      -9.057695612,      -6.389640525,      -9.495866973,      -8.850428955
          0,           0,        5898,      -9.057721172,      -6.389646075,      -9.495938449,      -8.850403563
          0,           0,        5899,      -9.057746715,      -6.389651621,      -9.496009941,      -8.850378189
          0,           0,        5900,      -9.057772241,      -6.389657165,       -9.49608145,      -8.850352832
          0,           0,        5901,      -9.057797751,      -6.389662705,      -9.496152975,      -8.850327494
          0,           0,        5902,      -9.057823243,      -6.389668243,      -9.496224514,      -8.850302172
          0,           0,        5903,       -9.05784872,      -6.389673779,      -9.496296065,      -8.850276869
          0,           0,        5904,       -9.05787418,      -6.389679311,       -9.49636763,      -8.850251584
          0,           0,        5905,      -9.057899623,      -6.389684841,      -9.496439206,      -8.850226316
          0,           0,        5906,      -9.057925052,      -6.389690367,      -9.496510788,      -8.850201067
          0,           0,        5907,      -9.057950464,      -6.389695891,      -9.496582378,      -8.850175835
          0,           0,        5908,      -9.057975862,      -6.389701412,      -9.496653978,      -8.850150621
          0,           0,        5909,      -9.058001246,       -6.38970693,      -9.496725586,      -8.850125426
          0,           0,        5910,      -9.058026615,      -6.389712446,      -9.496797202,      -8.850100248
          0,           0,        5911,      -9.058051971,      -6.389717958,      -9.496868823,      -8.850075088
          0,           0,        5912,      -9.058077315,      -6.389723468,      -9.496940451,      -8.850049947
          0,           0,        5913,      -9.058102646,      -6.389728975,      -9.497012088,      -8.850024824
          0,           0,        5914,      -9.058127966,      -6.389734479,      -9.497083735,      -8.849999719
          0,           0,        5915,      -9.058153274,      -6.389739981,      -9.497155393,      -8.849974633
          0,           0,        5916,      -9.058178573,      -6.389745479,       -9.49722706,      -8.849949566
          0,           0,        5917,      -9.058203861,      -6.389750975,       -9.49729874,      -8.849924517
          0,           0,        5918,      -9.058229141,      -6.389756468,      -9.497370441,      -8.849899486
          0,           0,        5919,      -9.058254413,      -6.389761958,      -9.497442156,      -8.849874475
          0,           0,        5920,      -9.058279677,      -6.389767445,      -9.497513894,      -8.849849482
          0,           0,        5921,      -9.058304933,      -6.389772929,      -9.497585653,      -8.849824504
          0,           0,        5922,      -9.058330184,      -6.389778411,      -9.497657433,        -8.8497995
          0,           0,        5923,      -9.058355428,       -6.38978389,      -9.497729236,      -8.849774368
          0,           0,        5924,      -9.058380668,      -6.389789366,      -9.497801061,      -8.849749136
          0,           0,        5925,      -9.058405902,      -6.389794839,      -9.497872906,      -8.849723923
          0,           0,        5926,      -9.058431131,      -6.389800309,      -9.497944774,      -8.849698728
          0,           0,        5927,      -9.058456356,      -6.389805777,      -9.498016677,      -8.849673552
          0,           0,        5928,      -9.058481577,      -6.389811241,      -9.498088646,      -8.849648395
          0,           0,        5929,      -9.058506793,      -6.389816703,      -9.498160749,      -8.849623257
          0,           0,        5930,      -9.058532005,      -6.389822162,      -9.498233119,      -8.849598137
          0,           0,        5931,      -9.058557211,      -6.389827619,       -9.49830589,      -8.849573036
          0,           0,        5932,       -9.05858241,      -6.389833073,       -9.49837842,      -8.849547954
          0,           0,        5933,      -9.058607604,      -6.389838524,      -9.498450402,      -8.849522879
          0,           0,        5934,      -9.058632793,      -6.389843972,      -9.498522263,      -8.849497635
          0,           0,        5935,      -9.058657979,      -6.389849417,      -9.498594344,      -8.849472356
          0,           0,        5936,      -9.058683162,       -6.38985486,      -9.498666631,      -8.849447095
          0,           0,        5937,       -9.05870834,        -6.3898603,      -9.498738604,      -8.849421853
          0,           0,        5938,      -9.058733516,      -6.389865738,      -9.498810273,       -8.84939663
          0,           0,        5939,      -9.058758689,      -6.389871173,      -9.498881841,      -8.849371425
          0,           0,        5940,      -9.058783861,      -6.389876605,      -9.498953417,      -8.849346239
          0,           0,        5941,      -9.058809032,      -6.389882035,      -9.499025083,      -8.849321072
          0,           0,        5942,      -9.058834202,      -6.389887462,      -9.499096858,      -8.849295923
          0,           0,        5943,      -9.058859374,      -6.389892887,      -9.499168735,      -8.849270793
          0,           0,        5944,      -9.058884546,      -6.389898309,      -9.499240711,      -8.849245704
          0,           0,        5945,       -9.05890972,      -6.389903728,      -9.499312748,      -8.849220649
          0,           0,        5946,      -9.058934897,      -6.389909145,       -9.49938442,      -8.849195621
          0,           0,        5947,       -9.05896008,      -6.389914559,      -9.499455504,      -8.849170614
          0,           0,        5948,      -9.058985271,      -6.389919971,      -9.499526811,      -8.849145629
          0,           0,        5949,      -9.059010472,      -6.389925379,      -9.499598594,      -8.849120663
          0,           0,        5950,      -9.059035682,      -6.389930786,      -9.499670742,      -8.849095716
          0,           0,        5951,      -9.059060902,      -6.389936189,      -9.499743086,      -8.849070789
          0,           0,        5952,      -9.059086131,      -6.389941589,      -9.499815507,       -8.84904588
          0,           0,        5953,      -9.059111371,      -6.389946987,      -9.499887939,       -8.84902099
          0,           0,        5954,      -9.059136622,      -6.389952382,      -9.499960217,      -8.848996119
          0,           0,        5955,      -9.059161884,      -6.389957774,      -9.500031997,      -8.848971267
          0,           0,        5956,      -9.059187159,      -6.389963163,        -9.5001036,      -8.848946434
          0,           0,        5957,      -9.059212448,      -6.389968549,      -9.500175406,       -8.84892162
          0,           0,        5958,       -9.05923775,      -6.389973932,      -9.500247458,      -8.848896826
          0,           0,        5959,      -9.059263066,      -6.389979312,      -9.500319651,       -8.84887205
          0,           0,        5960,      -9.059288394,      -6.389984689,      -9.500391926,      -8.848847293
          0,           0,        5961,      -9.059313736,      -6.389990063,      -9.500464249,      -8.848822556
          0,           0,        5962,      -9.059339089,      -6.389995433,      -9.500536587,      -8.848797837
          0,           0,        5963,      -9.059364455,      -6.390000801,       -9.50060892,      -8.848773138
          0,           0,        5964,      -9.059389831,      -6.390006165,      -9.500681241,      -8.848748459
          0,           0,        5965,      -9.059415217,      -6.390011527,       -9.50075356,      -8.848723798
          0,           0,        5966,      -9.059440612,      -6.390016885,      -9.500825875,      -8.848699157
          0,           0,        5967,      -9.059466015,       -6.39002224,      -9.500898159,      -8.848674536
          0,           0,        5968,      -9.059491424,      -6.390027592,      -9.500970416,      -8.848649935
          0,           0,        5969,       -9.05951684,       -6.39003294,      -9.501042662,      -8.848625353
          0,           0,        5970,       -9.05954226,      -6.390038286,      -9.501114913,      -8.848600791
          0,           0,        5971,      -9.059567683,      -6.390043628,      -9.501187168,      -8.848576249
          0,           0,        5972,      -9.059593108,      -6.390048967,      -9.501259438,      -8.848551727
          0,           0,        5973,      -9.059618535,      -6.390054304,      -9.501331714,      -8.848527225
          0,           0,        5974,      -9.059643963,      -6.390059637,      -9.501404001,      -8.848502741
          0,           0,        5975,       -9.05966939,      -6.390064967,      -9.501476292,      -8.848478277
          0,           0,        5976,      -9.059694817,      -6.390070294,      -9.501548595,      -8.848453832
          0,           0,        5977,      -9.059720243,      -6.390075618,      -9.501620914,      -8.848429407
          0,           0,        5978,      -9.059745668,      -6.390080939,      -9.501693257,      -8.848405003
          0,           0,        5979,      -9.059771092,      -6.390086256,       -9.50176563,      -8.848380619
          0,           0,        5980,      -9.059796516,      -6.390091571,      -9.501838034,      -8.848356255
          0,           0,        5981,       -9.05982194,      -6.390096883,       -9.50191047,      -8.848331669
          0,           0,        5982,      -9.059847364,      -6.390102193,      -9.501982934,      -8.848307057
          0,           0,        5983,       -9.05987279,      -6.390107499,      -9.502055424,      -8.848282465
          0,           0,        5984,      -9.059898217,      -6.390112802,       -9.50212793,      -8.848257894
          0,           0,        5985,      -9.059923647,      -6.390118102,      -9.502200447,      -8.848233341
          0,           0,        5986,      -9.059949081,        -6.3901234,      -9.502272978,      -8.848208814
          0,           0,        5987,      -9.059974519,      -6.390128695,      -9.502345516,      -8.848184311
          0,           0,        5988,      -9.059999964,      -6.390133987,      -9.502418058,      -8.848159832
          0,           0,        5989,      -9.060025415,      -6.390139276,       -9.50249061,      -8.848135377
          0,           0,        5990,      -9.060050874,      -6.390144563,      -9.502563185,      -8.848110945
          0,           0,        5991,      -9.060076343,      -6.390149847,       -9.50263579,      -8.848086535
          0,           0,        5992,      -9.060101822,      -6.390155128,      -9.502708445,      -8.848062148
          0,           0,        5993,      -9.060127313,      -6.390160406,      -9.502781144,      -8.848037783
          0,           0,        5994,      -9.060152817,      -6.390165681,      -9.502853815,      -8.848013439
          0,           0,        5995,      -9.060178336,      -6.390170954,      -9.502926361,      -8.847989117
          0,           0,        5996,      -9.060203869,      -6.390176224,      -9.502998808,      -8.847964817
          0,           0,        5997,      -9.060229418,      -6.390181492,      -9.503071218,      -8.847940538
          0,           0,        5998,      -9.060254985,      -6.390186756,      -9.503143634,       -8.84791628
          0,           0,        5999,      -9.060280569,      -6.390192018,      -9.503216078,      -8.847892043
          0,           0,        6000,      -9.060306172,      -6.390197277,       -9.50328856,      -8.847867804
          0,           0,        6001,      -9.060331794,      -6.390202534,      -9.503361092,      -8.847843515
          0,           0,        6002,      -9.060357437,      -6.390207788,      -9.503433677,      -8.847819255
          0,           0,        6003,      -9.060383101,      -6.390213039,      -9.503506314,       -8.84779502
          0,           0,        6004,      -9.060408787,      -6.390218288,      -9.503579009,      -8.847770811
          0,           0,        6005,      -9.060434495,      -6.390223534,       -9.50365176,      -8.847746625
          0,           0,        6006,      -9.060460226,      -6.390228777,      -9.503724559,      -8.847722463
          0,           0,        6007,       -9.06048598,      -6.390234018,      -9.503797401,      -8.847698323
          0,           0,        6008,      -9.060511757,      -6.390239256,      -9.503870263,      -8.847674205
          0,           0,        6009,      -9.060537558,      -6.390244491,      -9.503943152,       -8.84765011
          0,           0,        6010,      -9.060563384,      -6.390249724,      -9.504016072,      -8.847626036
          0,           0,        6011,      -9.060589234,      -6.390254954,      -9.504089019,      -8.847601983
          0,           0,        6012,      -9.060615108,      -6.390260181,      -9.504161997,      -8.847577952
          0,           0,        6013,      -9.060641006,      -6.390265405,      -9.504235004,      -8.847553941
          0,           0,        6014,      -9.060666929,      -6.390270627,      -9.504308041,      -8.847529952
          0,           0,        6015,      -9.060692876,      -6.390275846,      -9.504381101,      -8.847505982
          0,           0,        6016,      -9.060718848,      -6.390281062,       -9.50445419,      -8.847482033
          0,           0,        6017,      -9.060744843,      -6.390286276,      -9.504527302,      -8.847458104
          0,           0,        6018,      -9.060770862,      -6.390291487,      -9.504600445,      -8.847434195
          0,           0,        6019,      -9.060796904,      -6.390296695,      -9.504673607,      -8.847410306
          0,           0,        6020,      -9.060822969,        -6.3903019,      -9.504746743,      -8.847386438
          0,           0,        6021,      -9.060849056,      -6.390307103,      -9.504819779,       -8.84736259
          0,           0,        6022,      -9.060875164,      -6.390312303,      -9.504892756,      -8.847338767
          0,           0,        6023,      -9.060901292,      -6.390317501,      -9.504965774,      -8.847314984
          0,           0,        6024,      -9.060927439,      -6.390322696,      -9.505038884,      -8.847291232
          0,           0,        6025,      -9.060953605,      -6.390327888,      -9.505112085,      -8.847267507
          0,           0,        6026,      -9.060979788,      -6.390333077,      -9.505185348,      -8.847243805
          0,           0,        6027,      -9.061005987,      -6.390338264,      -9.505258648,      -8.847219945
          0,           0,        6028,      -9.061032201,      -6.390343449,      -9.505331958,      -8.847196058
          0,           0,        6029,      -9.061058429,       -6.39034863,      -9.505405352,      -8.847172058
          0,           0,        6030,      -9.061084669,      -6.390353809,      -9.505478789,      -8.847148079
          0,           0,        6031,       -9.06111092,      -6.390358986,       -9.50555222,      -8.847124121
          0,           0,        6032,      -9.061137182,      -6.390364159,      -9.505625649,      -8.847100185
          0,           0,        6033,      -9.061163452,       -6.39036933,      -9.505699068,      -8.847076269
          0,           0,        6034,       -9.06118973,      -6.390374499,      -9.505772474,      -8.847052375
          0,           0,        6035,      -9.061216015,      -6.390379665,      -9.505845916,      -8.847028502
          0,           0,        6036,      -9.061242304,      -6.390384828,      -9.505919388,      -8.847004648
          0,           0,        6037,      -9.061268598,      -6.390389989,      -9.505992827,      -8.846980814
          0,           0,        6038,      -9.061294894,      -6.390395147,      -9.506066274,      -8.846956999
          0,           0,        6039,      -9.061321193,      -6.390400302,      -9.506139783,      -8.846933204
          0,           0,        6040,      -9.061347491,      -6.390405455,      -9.506213387,      -8.846909429
          0,           0,        6041,      -9.061373788,      -6.390410605,      -9.506287134,      -8.846885674
          0,           0,        6042,      -9.061400083,      -6.390415753,      -9.506360945,      -8.846861938
          0,           0,        6043,      -9.061426374,      -6.390420898,      -9.506434537,      -8.846838222
          0,           0,        6044,      -9.061452662,      -6.390426041,        -9.5065079,      -8.846814526
          0,           0,        6045,      -9.061478944,      -6.390431181,      -9.506581183,       -8.84679085
          0,           0,        6046,      -9.061505221,      -6.390436319,      -9.506654472,      -8.846767193
          0,           0,        6047,      -9.061531492,      -6.390441454,      -9.506727798,      -8.846743557
          0,           0,        6048,      -9.061557757,      -6.390446587,       -9.50680117,      -8.846719941
          0,           0,        6049,      -9.061584014,      -6.390451717,      -9.506874585,      -8.846696344
          0,           0,        6050,      -9.061610266,      -6.390456845,      -9.506948038,      -8.846672768
          0,           0,        6051,       -9.06163651,       -6.39046197,      -9.507021525,      -8.846649212
          0,           0,        6052,      -9.061662747,      -6.390467092,      -9.507095039,      -8.846625676
          0,           0,        6053,      -9.061688978,      -6.390472212,      -9.507168564,       -8.84660216
          0,           0,        6054,      -9.061715201,       -6.39047733,      -9.507242053,      -8.846578665
          0,           0,        6055,      -9.061741418,      -6.390482445,      -9.507315518,      -8.846555189
          0,           0,        6056,      -9.061767629,      -6.390487558,      -9.507388959,      -8.846531734
          0,           0,        6057,      -9.061793833,      -6.390492668,      -9.507462365,        -8.8465083
          0,           0,        6058,      -9.061820031,      -6.390497775,      -9.507535727,      -8.846484885
          0,           0,        6059,      -9.061846224,       -6.39050288,       -9.50760904,      -8.846461491
          0,           0,        6060,       -9.06187241,      -6.390507983,      -9.507682288,      -8.846438117
          0,           0,        6061,       -9.06189859,      -6.390513082,      -9.507755468,      -8.846414764
          0,           0,        6062,      -9.061924764,       -6.39051818,      -9.507828573,      -8.846391431
          0,           0,        6063,      -9.061950931,      -6.390523274,      -9.507901567,       -8.84636812
          0,           0,        6064,      -9.061977093,      -6.390528366,       -9.50797431,       -8.84634483
          0,           0,        6065,      -9.062003248,      -6.390533456,       -9.50804671,      -8.846321564
          0,           0,        6066,      -9.062029396,      -6.390538543,      -9.508119012,      -8.846298321
          0,           0,        6067,      -9.062055537,      -6.390543628,      -9.508191383,      -8.846275101
          0,           0,        6068,       -9.06208167,       -6.39054871,      -9.508263836,      -8.846251904
          0,           0,        6069,      -9.062107795,      -6.390553789,      -9.508336332,       -8.84622873
          0,           0,        6070,      -9.062133911,      -6.390558866,      -9.508408833,      -8.846205579
          0,           0,        6071,      -9.062160017,       -6.39056394,      -9.508481315,       -8.84618245
          0,           0,        6072,      -9.062186112,      -6.390569012,      -9.508553773,      -8.846159345
          0,           0,        6073,      -9.062212195,      -6.390574081,      -9.508626195,      -8.846136262
          0,           0,        6074,      -9.062238266,      -6.390579147,      -9.508698583,      -8.846113201
          0,           0,        6075,      -9.062264322,      -6.390584211,      -9.508770933,      -8.846090163
          0,           0,        6076,      -9.062290363,      -6.390589272,      -9.508843253,      -8.846067148
          0,           0,        6077,      -9.062316388,      -6.390594331,      -9.508915541,      -8.846044167
          0,           0,        6078,      -9.062342396,      -6.390599387,      -9.508987809,      -8.846021207
          0,           0,        6079,      -9.062368385,       -6.39060444,       -9.50906006,      -8.845998267
          0,           0,        6080,      -9.062394354,      -6.390609491,      -9.509132308,      -8.845975348
          0,           0,        6081,      -9.062420302,      -6.390614539,      -9.509204555,      -8.845952448
          0,           0,        6082,      -9.062446229,      -6.390619584,      -9.509276811,      -8.845929565
          0,           0,        6083,      -9.062472132,      -6.390624627,      -9.509349076,      -8.845906702
          0,           0,        6084,      -9.062498012,      -6.390629667,      -9.509421359,      -8.845883859
          0,           0,        6085,      -9.062523868,      -6.390634705,      -9.509493664,      -8.845861033
          0,           0,        6086,        -9.0625497,       -6.39063974,      -9.509565998,      -8.845838228
          0,           0,        6087,      -9.062575505,      -6.390644772,      -9.509638363,      -8.845815443
          0,           0,        6088,      -9.062601286,      -6.390649802,       -9.50971076,      -8.845792679
          0,           0,        6089,       -9.06262704,      -6.390654829,      -9.509783193,      -8.845769936
          0,           0,        6090,      -9.062652768,      -6.390659853,      -9.509855665,      -8.845747214
          0,           0,        6091,      -9.062678471,      -6.390664875,      -9.509928178,      -8.845724514
          0,           0,        6092,      -9.062704148,      -6.390669894,      -9.510000732,      -8.845701834
          0,           0,        6093,      -9.062729799,      -6.390674911,      -9.510073329,      -8.845679175
          0,           0,        6094,      -9.062755425,      -6.390679925,      -9.510145977,      -8.845656537
          0,           0,        6095,      -9.062781027,      -6.390684937,      -9.510218668,      -8.845633921
          0,           0,        6096,      -9.062806605,      -6.390689946,      -9.510291406,      -8.845611326
          0,           0,        6097,       -9.06283216,      -6.390694952,       -9.51036419,      -8.845588752
          0,           0,        6098,      -9.062857693,      -6.390699956,      -9.510437022,      -8.845566197
          0,           0,        6099,      -9.062883204,      -6.390704957,      -9.510509897,      -8.845543664
          0,           0,        6100,      -9.062908695,      -6.390709956,      -9.510582814,      -8.845521151
          0,           0,        6101,      -9.062934167,      -6.390714952,       -9.51065577,       -8.84549866
          0,           0,        6102,       -9.06295962,      -6.390719946,      -9.510728765,       -8.84547619
          0,           0,        6103,      -9.062985057,      -6.390724937,      -9.510801797,      -8.845453741
          0,           0,        6104,      -9.063010477,      -6.390729926,      -9.510874857,      -8.845431314
          0,           0,        6105,      -9.063035882,      -6.390734912,       -9.51094794,      -8.845408908
          0,           0,        6106,      -9.063061274,      -6.390739896,      -9.511021037,      -8.845386524
          0,           0,        6107,      -9.063086654,      -6.390744877,      -9.511094144,      -8.845364161
          0,           0,        6108,      -9.063112022,      -6.390749856,       -9.51116726,       -8.84534182
          0,           0,        6109,       -9.06313738,      -6.390754832,      -9.511240371,      -8.845319501
          0,           0,        6110,       -9.06316273,      -6.390759806,      -9.511313472,      -8.845297203
          0,           0,        6111,      -9.063188072,      -6.390764778,      -9.511386558,       -8.84527492
          0,           0,        6112,      -9.063213407,      -6.390769747,      -9.511459626,      -8.845252657
          0,           0,        6113,      -9.063238737,      -6.390774713,      -9.511532678,      -8.845230416
          0,           0,        6114,      -9.063264063,      -6.390779677,      -9.511605708,      -8.845208197
          0,           0,        6115,      -9.063289386,      -6.390784639,      -9.511678737,         -8.845186
          0,           0,        6116,      -9.063314706,      -6.390789599,       -9.51175182,      -8.845163817
          0,           0,        6117,      -9.063340024,      -6.390794556,       -9.51182488,      -8.845141655
          0,           0,        6118,      -9.063365339,       -6.39079951,      -9.511897709,      -8.845119529
          0,           0,        6119,      -9.063390653,      -6.390804463,      -9.511970366,      -8.845097437
          0,           0,        6120,      -9.063415969,      -6.390809413,      -9.512042921,      -8.845075375
          0,           0,        6121,      -9.063441289,      -6.390814361,      -9.512115422,      -8.845053343
          0,           0,        6122,      -9.063466613,      -6.390819307,      -9.512187874,      -8.845031339
          0,           0,        6123,      -9.063491944,      -6.390824251,       -9.51226029,      -8.845009362
          0,           0,        6124,       -9.06351728,      -6.390829192,       -9.51233269,      -8.844987434
          0,           0,        6125,      -9.063542623,      -6.390834132,      -9.512405082,      -8.844965534
          0,           0,        6126,      -9.063567974,      -6.390839069,      -9.512477412,      -8.844943658
          0,           0,        6127,      -9.063593333,      -6.390844004,      -9.512549531,      -8.844921805
          0,           0,        6128,      -9.063618701,      -6.390848937,      -9.512621709,      -8.844899936
          0,           0,        6129,      -9.063644079,      -6.390853868,      -9.512694028,      -8.844878002
          0,           0,        6130,      -9.063669467,      -6.390858797,      -9.512766459,      -8.844856049
          0,           0,        6131,      -9.063694862,      -6.390863724,      -9.512838963,      -8.844834119
          0,           0,        6132,      -9.063720263,      -6.390868648,       -9.51291151,      -8.844812211
          0,           0,        6133,       -9.06374567,      -6.390873571,       -9.51298408,      -8.844790325
          0,           0,        6134,      -9.063771081,      -6.390878491,      -9.513056667,      -8.844768462
          0,           0,        6135,      -9.063796496,      -6.390883409,      -9.513129266,      -8.844746621
          0,           0,        6136,      -9.063821915,      -6.390888325,      -9.513201883,      -8.844724801
          0,           0,        6137,      -9.063847336,      -6.390893239,      -9.513274518,      -8.844703004
          0,           0,        6138,       -9.06387276,       -6.39089815,      -9.513347181,      -8.844681229
          0,           0,        6139,      -9.063898187,       -6.39090306,      -9.513419872,      -8.844659476
          0,           0,        6140,      -9.063923616,      -6.390907967,      -9.513492594,      -8.844637744
          0,           0,        6141,      -9.063949047,      -6.390912872,      -9.513565345,      -8.844616036
          0,           0,        6142,      -9.063974482,      -6.390917774,      -9.513638136,      -8.844594349
          0,           0,        6143,      -9.063999919,      -6.390922675,       -9.51371096,      -8.844572684
          0,           0,        6144,      -9.064025361,      -6.390927573,      -9.513783825,      -8.844551041
          0,           0,        6145,      -9.064050807,      -6.390932469,      -9.513856734,       -8.84452942
          0,           0,        6146,      -9.064076258,      -6.390937362,      -9.513929686,      -8.844507822
          0,           0,        6147,      -9.064101715,      -6.390942253,       -9.51400268,      -8.844486244
          0,           0,        6148,      -9.064127179,      -6.390947142,      -9.514075717,      -8.844464688
          0,           0,        6149,      -9.064152651,      -6.390952029,      -9.514148789,      -8.844443155
          0,           0,        6150,      -9.064178131,      -6.390956913,      -9.514221905,      -8.844421643
          0,           0,        6151,       -9.06420362,      -6.390961794,       -9.51429505,      -8.844400154
          0,           0,        6152,      -9.064229119,      -6.390966674,      -9.514368227,      -8.844378688
          0,           0,        6153,      -9.064254629,      -6.390971551,      -9.514441435,      -8.844357243
          0,           0,        6154,      -9.064280151,      -6.390976425,      -9.514514673,      -8.844335821
          0,           0,        6155,      -9.064305685,      -6.390981297,      -9.514587945,      -8.844314421
          0,           0,        6156,      -9.064331233,      -6.390986167,      -9.514661253,      -8.844293044
          0,           0,        6157,      -9.064356795,      -6.390991034,      -9.514734594,      -8.844271689
          0,           0,        6158,      -9.064382372,      -6.390995899,      -9.514807966,      -8.844250357
          0,           0,        6159,      -9.064407964,      -6.391000761,      -9.514881368,      -8.844229046
          0,           0,        6160,      -9.064433573,      -6.391005621,      -9.514954796,      -8.844207756
          0,           0,        6161,      -9.064459198,      -6.391010479,      -9.515028249,      -8.844186489
          0,           0,        6162,       -9.06448484,      -6.391015334,      -9.515101723,      -8.844165244
          0,           0,        6163,        -9.0645105,      -6.391020187,      -9.515175215,       -8.84414402
          0,           0,        6164,      -9.064536178,      -6.391025037,      -9.515248717,      -8.844122818
          0,           0,        6165,      -9.064561874,      -6.391029885,      -9.515322227,      -8.844101639
          0,           0,        6166,      -9.064587589,      -6.391034731,      -9.515395736,      -8.844080488
          0,           0,        6167,      -9.064613323,      -6.391039574,      -9.515469241,      -8.844059367
          0,           0,        6168,      -9.064639076,      -6.391044415,      -9.515542737,      -8.844038273
          0,           0,        6169,      -9.064664848,      -6.391049254,      -9.515616215,      -8.844017207
          0,           0,        6170,      -9.064690641,       -6.39105409,      -9.515689673,      -8.843996167
          0,           0,        6171,      -9.064716453,      -6.391058925,      -9.515763097,      -8.843975153
          0,           0,        6172,      -9.064742285,      -6.391063757,      -9.515836485,      -8.843954164
          0,           0,        6173,      -9.064768137,      -6.391068587,      -9.515909818,      -8.843933201
          0,           0,        6174,      -9.064794009,      -6.391073414,      -9.515983098,      -8.843912262
          0,           0,        6175,        -9.0648199,      -6.391078239,      -9.516056399,      -8.843891347
          0,           0,        6176,      -9.064845812,      -6.391083062,      -9.516129681,      -8.843870457
          0,           0,        6177,      -9.064871742,      -6.391087883,       -9.51620292,      -8.843849614
          0,           0,        6178,      -9.064897693,      -6.391092702,      -9.516276121,      -8.843828804
          0,           0,        6179,      -9.064923663,      -6.391097519,      -9.516349284,       -8.84380802
          0,           0,        6180,      -9.064949653,      -6.391102333,      -9.516422434,      -8.843787258
          0,           0,        6181,      -9.064975661,      -6.391107146,      -9.516495571,       -8.84376652
          0,           0,        6182,      -9.065001689,      -6.391111956,      -9.516568642,      -8.843745804
          0,           0,        6183,      -9.065027735,      -6.391116764,      -9.516641658,      -8.843725111
          0,           0,        6184,      -9.065053799,       -6.39112157,      -9.516714644,       -8.84370444
          0,           0,        6185,       -9.06507988,      -6.391126374,      -9.516787622,      -8.843683793
          0,           0,        6186,      -9.065105978,      -6.391131175,      -9.516860611,      -8.843663168
          0,           0,        6187,      -9.065132092,      -6.391135975,      -9.516933646,      -8.843642565
          0,           0,        6188,      -9.065158221,      -6.391140773,      -9.517006828,      -8.843621986
          0,           0,        6189,      -9.065184363,      -6.391145568,      -9.517080324,       -8.84360143
          0,           0,        6190,      -9.065210516,      -6.391150362,      -9.517153796,      -8.843580897
          0,           0,        6191,      -9.065236679,      -6.391155154,      -9.517226558,      -8.843560387
          0,           0,        6192,      -9.065262852,      -6.391159943,      -9.517298896,      -8.843539901
          0,           0,        6193,      -9.065289037,      -6.391164731,      -9.517371115,      -8.843519437
          0,           0,        6194,      -9.065315233,      -6.391169517,      -9.517443343,      -8.843498997
          0,           0,        6195,      -9.065341438,      -6.391174301,      -9.517515609,       -8.84347858
          0,           0,        6196,      -9.065367652,      -6.391179083,      -9.517587921,      -8.843458187
          0,           0,        6197,      -9.065393874,      -6.391183863,      -9.517660215,      -8.843437817
          0,           0,        6198,      -9.065420102,      -6.391188641,      -9.517732486,      -8.843417471
          0,           0,        6199,      -9.065446336,      -6.391193418,      -9.517804778,      -8.843397148
          0,           0,        6200,      -9.065472575,      -6.391198192,      -9.517877108,      -8.843376848
          0,           0,        6201,      -9.065498817,      -6.391202965,      -9.517949485,      -8.843356572
          0,           0,        6202,      -9.065525062,      -6.391207736,      -9.518021906,       -8.84333632
          0,           0,        6203,      -9.065551308,      -6.391212505,      -9.518094227,       -8.84331609
          0,           0,        6204,      -9.065577554,      -6.391217272,      -9.518165889,      -8.843295884
          0,           0,        6205,      -9.065603804,      -6.391222037,      -9.518237519,      -8.843275702
          0,           0,        6206,      -9.065630056,        -6.3912268,      -9.518309593,      -8.843255544
          0,           0,        6207,       -9.06565631,      -6.391231562,      -9.518382074,       -8.84323541
          0,           0,        6208,      -9.065682563,      -6.391236321,      -9.518454811,        -8.8432153
          0,           0,        6209,      -9.065708815,      -6.391241079,      -9.518527675,      -8.843195214
          0,           0,        6210,      -9.065735065,      -6.391245834,      -9.518600586,      -8.843175153
          0,           0,        6211,      -9.065761314,      -6.391250588,      -9.518673514,      -8.843155116
          0,           0,        6212,       -9.06578756,      -6.391255339,       -9.51874643,      -8.843135103
          0,           0,        6213,      -9.065813804,      -6.391260089,      -9.518819308,      -8.843115113
          0,           0,        6214,      -9.065840047,      -6.391264837,      -9.518892136,      -8.843095148
          0,           0,        6215,      -9.065866288,      -6.391269582,      -9.518964911,      -8.843075206
          0,           0,        6216,      -9.065892527,      -6.391274325,      -9.519037651,      -8.843055289
          0,           0,        6217,      -9.065918766,      -6.391279067,      -9.519110363,      -8.843035397
          0,           0,        6218,      -9.065945005,      -6.391283806,      -9.519183063,      -8.843015529
          0,           0,        6219,      -9.065971246,      -6.391288543,      -9.519255755,      -8.842995685
          0,           0,        6220,      -9.065997488,      -6.391293278,      -9.519328448,      -8.842975866
          0,           0,        6221,      -9.066023733,      -6.391298011,       -9.51940115,      -8.842956072
          0,           0,        6222,      -9.066049981,      -6.391302741,      -9.519473862,      -8.842936303
          0,           0,        6223,      -9.066076235,       -6.39130747,      -9.519546578,      -8.842916558
          0,           0,        6224,      -9.066102494,      -6.391312196,      -9.519619304,      -8.842896837
          0,           0,        6225,       -9.06612876,       -6.39131692,      -9.519692034,      -8.842877142
          0,           0,        6226,      -9.066155034,      -6.391321642,      -9.519764761,      -8.842857473
          0,           0,        6227,      -9.066181316,      -6.391326362,      -9.519837478,      -8.842837833
          0,           0,        6228,      -9.066207608,       -6.39133108,      -9.519910185,      -8.842818158
          0,           0,        6229,      -9.066233911,      -6.391335796,      -9.519982874,      -8.842798427
          0,           0,        6230,      -9.066260226,      -6.391340509,      -9.520055541,      -8.842778723
          0,           0,        6231,      -9.066286552,      -6.391345221,      -9.520128179,      -8.842759045
          0,           0,        6232,      -9.066312893,       -6.39134993,      -9.520200773,      -8.842739393
          0,           0,        6233,      -9.066339247,      -6.391354638,      -9.520273316,      -8.842719768
          0,           0,        6234,      -9.066365616,      -6.391359343,      -9.520345812,      -8.842700169
          0,           0,        6235,      -9.066392001,      -6.391364047,      -9.520418255,      -8.842680601
          0,           0,        6236,      -9.066418402,      -6.391368748,      -9.520490644,       -8.84266107
          0,           0,        6237,       -9.06644482,      -6.391373448,      -9.520562971,      -8.842641573
          0,           0,        6238,      -9.066471256,      -6.391378146,      -9.520635237,      -8.842622124
          0,           0,        6239,      -9.066497709,      -6.391382842,      -9.520707442,      -8.842602721
          0,           0,        6240,      -9.066524181,      -6.391387536,      -9.520779585,      -8.842583352
          0,           0,        6241,      -9.066550672,      -6.391392228,      -9.520851658,      -8.842564013
          0,           0,        6242,      -9.066577182,      -6.391396918,      -9.520923665,      -8.842544701
          0,           0,        6243,       -9.06660371,      -6.391401607,      -9.520995606,      -8.842525415
          0,           0,        6244,      -9.066630258,      -6.391406293,      -9.521067476,      -8.842506155
          0,           0,        6245,      -9.066656825,      -6.391410978,      -9.521139287,      -8.842486919
          0,           0,        6246,      -9.066683411,      -6.391415661,       -9.52121105,      -8.842467709
          0,           0,        6247,      -9.066710017,      -6.391420342,      -9.521282774,      -8.842448523
          0,           0,        6248,      -9.066736642,      -6.391425021,      -9.521354467,      -8.842429362
          0,           0,        6249,      -9.066763285,      -6.391429698,      -9.521426136,      -8.842410225
          0,           0,        6250,      -9.066789948,      -6.391434374,      -9.521497774,      -8.842391113
          0,           0,        6251,      -9.066816629,      -6.391439048,      -9.521569385,      -8.842372026
          0,           0,        6252,      -9.066843327,       -6.39144372,      -9.521640972,      -8.842352963
          0,           0,        6253,      -9.066870043,       -6.39144839,      -9.521712543,      -8.842333924
          0,           0,        6254,      -9.066896776,      -6.391453059,      -9.521784125,      -8.842314911
          0,           0,        6255,      -9.066923526,      -6.391457726,       -9.52185573,      -8.842295921
          0,           0,        6256,      -9.066950291,      -6.391462391,      -9.521927363,      -8.842276957
          0,           0,        6257,      -9.066977073,      -6.391467054,      -9.521999027,      -8.842258017
          0,           0,        6258,      -9.067003869,      -6.391471716,      -9.522070716,      -8.842239103
          0,           0,        6259,       -9.06703068,      -6.391476376,       -9.52214242,      -8.842220214
          0,           0,        6260,      -9.067057506,      -6.391481035,      -9.522214132,       -8.84220135
          0,           0,        6261,      -9.067084344,      -6.391485691,       -9.52228584,      -8.842182511
          0,           0,        6262,      -9.067111195,      -6.391490347,      -9.522357535,      -8.842163698
          0,           0,        6263,      -9.067138058,         -6.391495,      -9.522429214,       -8.84214491
          0,           0,        6264,      -9.067164933,      -6.391499652,      -9.522500863,      -8.842126147
          0,           0,        6265,      -9.067191818,      -6.391504302,      -9.522572479,       -8.84210741
          0,           0,        6266,      -9.067218713,      -6.391508951,      -9.522644065,      -8.842088698
          0,           0,        6267,      -9.067245616,      -6.391513598,      -9.522715613,      -8.842070012
          0,           0,        6268,      -9.067272528,      -6.391518244,      -9.522787127,      -8.842051352
          0,           0,        6269,      -9.067299448,      -6.391522888,      -9.522858609,      -8.842032716
          0,           0,        6270,      -9.067326373,       -6.39152753,       -9.52293006,      -8.842014107
          0,           0,        6271,      -9.067353305,      -6.391532171,      -9.523001485,      -8.841995523
          0,           0,        6272,       -9.06738024,       -6.39153681,      -9.523072889,      -8.841976963
          0,           0,        6273,      -9.067407179,      -6.391541448,      -9.523144273,      -8.841958428
          0,           0,        6274,      -9.067434121,      -6.391546085,      -9.523215644,      -8.841939918
          0,           0,        6275,      -9.067461064,      -6.391550719,      -9.523287007,      -8.841921434
          0,           0,        6276,      -9.067488007,      -6.391555353,      -9.523358362,      -8.841902975
          0,           0,        6277,      -9.067514949,      -6.391559984,      -9.523429714,      -8.841884541
          0,           0,        6278,      -9.067541889,      -6.391564615,      -9.523501063,      -8.841866134
          0,           0,        6279,      -9.067568826,      -6.391569244,       -9.52357241,      -8.841847752
          0,           0,        6280,      -9.067595759,      -6.391573871,      -9.523643753,      -8.841829396
          0,           0,        6281,      -9.067622686,      -6.391578497,      -9.523715093,      -8.841811066
          0,           0,        6282,      -9.067649607,      -6.391583121,      -9.523786419,      -8.841792762
          0,           0,        6283,       -9.06767652,      -6.391587745,      -9.523857726,      -8.841774483
          0,           0,        6284,      -9.067703425,      -6.391592366,      -9.523929023,      -8.841756231
          0,           0,        6285,       -9.06773032,      -6.391596986,      -9.524000296,      -8.841738004
          0,           0,        6286,      -9.067757204,      -6.391601605,       -9.52407154,      -8.841719803
          0,           0,        6287,      -9.067784077,      -6.391606222,      -9.524142758,      -8.841701628
          0,           0,        6288,      -9.067810938,      -6.391610838,      -9.524213941,      -8.841683479
          0,           0,        6289,      -9.067837786,      -6.391615453,       -9.52428509,      -8.841665357
          0,           0,        6290,      -9.067864619,      -6.391620066,      -9.524356206,       -8.84164726
          0,           0,        6291,      -9.067891439,      -6.391624678,      -9.524427287,      -8.841629189
          0,           0,        6292,      -9.067918243,      -6.391629288,       -9.52449833,      -8.841611145
          0,           0,        6293,      -9.067945032,      -6.391633897,      -9.524569336,      -8.841593126
          0,           0,        6294,      -9.067971805,      -6.391638504,      -9.524640312,      -8.841575134
          0,           0,        6295,      -9.067998562,      -6.391643111,      -9.524711255,      -8.841557168
          0,           0,        6296,      -9.068025302,      -6.391647716,       -9.52478217,      -8.841539228
          0,           0,        6297,      -9.068052025,      -6.391652319,      -9.524853054,      -8.841521315
          0,           0,        6298,       -9.06807873,      -6.391656921,      -9.524923905,      -8.841503427
          0,           0,        6299,      -9.068105419,      -6.391661522,       -9.52499472,      -8.841485567
          0,           0,        6300,      -9.068132089,      -6.391666121,      -9.525065502,      -8.841467732
          0,           0,        6301,      -9.068158742,       -6.39167072,      -9.525136242,      -8.841449924
          0,           0,        6302,      -9.068185378,      -6.391675316,      -9.525206948,      -8.841432142
          0,           0,        6303,      -9.068211995,      -6.391679912,      -9.525277617,      -8.841414387
          0,           0,        6304,      -9.068238595,      -6.391684506,       -9.52534825,      -8.841396659
          0,           0,        6305,      -9.068265178,      -6.391689099,      -9.525418849,      -8.841378957
          0,           0,        6306,      -9.068291743,      -6.391693691,      -9.525489414,      -8.841361282
          0,           0,        6307,      -9.068318291,      -6.391698281,      -9.525559945,      -8.841343633
          0,           0,        6308,      -9.068344823,       -6.39170287,      -9.525630438,      -8.841326012
          0,           0,        6309,      -9.068371338,      -6.391707458,      -9.525700885,      -8.841308417
          0,           0,        6310,      -9.068397837,      -6.391712044,      -9.525771286,      -8.841290865
          0,           0,        6311,       -9.06842432,       -6.39171663,      -9.525841638,      -8.841273356
          0,           0,        6312,      -9.068450787,      -6.391721214,      -9.525911938,      -8.841255881
          0,           0,        6313,      -9.068477238,      -6.391725797,      -9.525982185,      -8.841238436
          0,           0,        6314,      -9.068503674,      -6.391730379,      -9.526052375,      -8.841221021
          0,           0,        6315,      -9.068530095,      -6.391734959,      -9.526122507,      -8.841203633
          0,           0,        6316,      -9.068556501,      -6.391739539,      -9.526192594,      -8.841186272
          0,           0,        6317,      -9.068582893,      -6.391744117,      -9.526262622,      -8.841168938
          0,           0,        6318,       -9.06860927,      -6.391748694,      -9.526332599,      -8.841151631
          0,           0,        6319,      -9.068635633,      -6.391753269,      -9.526402528,        -8.8411343
          0,           0,        6320,      -9.068661981,      -6.391757844,       -9.52647242,      -8.841116944
          0,           0,        6321,      -9.068688316,      -6.391762417,      -9.526542274,      -8.841099523
          0,           0,        6322,      -9.068714637,      -6.391766989,      -9.526612092,      -8.841082128
          0,           0,        6323,      -9.068740944,       -6.39177156,      -9.526681882,      -8.841064759
          0,           0,        6324,      -9.068767237,       -6.39177613,      -9.526751649,      -8.841047417
          0,           0,        6325,      -9.068793517,      -6.391780698,      -9.526821398,      -8.841030101
          0,           0,        6326,      -9.068819784,      -6.391785265,      -9.526891128,      -8.841012811
          0,           0,        6327,      -9.068846037,      -6.391789832,      -9.526960844,      -8.840995548
          0,           0,        6328,      -9.068872277,      -6.391794397,      -9.527030555,      -8.840978312
          0,           0,        6329,      -9.068898503,       -6.39179896,      -9.527100259,      -8.840960933
          0,           0,        6330,      -9.068924716,      -6.391803523,      -9.527169947,      -8.840943497
          0,           0,        6331,      -9.068950916,      -6.391808085,       -9.52723963,      -8.840925974
          0,           0,        6332,      -9.068977102,      -6.391812645,      -9.527309306,      -8.840908478
          0,           0,        6333,      -9.069003275,      -6.391817204,       -9.52737898,      -8.840891008
          0,           0,        6334,      -9.069029435,      -6.391821762,      -9.527448646,      -8.840873565
          0,           0,        6335,      -9.069055581,      -6.391826319,        -9.5275183,      -8.840856148
          0,           0,        6336,      -9.069081713,      -6.391830875,       -9.52758794,      -8.840838758
          0,           0,        6337,      -9.069107833,      -6.391835429,      -9.527657572,      -8.840821395
          0,           0,        6338,      -9.069133938,      -6.391839983,      -9.527727195,      -8.840804058
          0,           0,        6339,      -9.069160031,      -6.391844535,      -9.527796805,      -8.840786624
          0,           0,        6340,       -9.06918611,      -6.391849086,      -9.527866399,      -8.840769041
          0,           0,        6341,      -9.069212176,      -6.391853636,      -9.527935977,      -8.840751485
          0,           0,        6342,      -9.069238228,      -6.391858185,      -9.528005543,      -8.840733955
          0,           0,        6343,      -9.069264268,      -6.391862733,      -9.528075096,      -8.840716452
          0,           0,        6344,      -9.069290294,       -6.39186728,      -9.528144629,      -8.840698975
          0,           0,        6345,      -9.069316308,      -6.391871826,      -9.528214145,      -8.840681523
          0,           0,        6346,      -9.069342308,       -6.39187637,      -9.528283645,      -8.840664096
          0,           0,        6347,      -9.069368296,      -6.391880914,      -9.528353134,      -8.840646694
          0,           0,        6348,      -9.069394272,      -6.391885456,      -9.528422606,      -8.840629318
          0,           0,        6349,      -9.069420235,      -6.391889998,      -9.528492057,      -8.840611969
          0,           0,        6350,      -9.069446186,      -6.391894538,      -9.528561495,      -8.840594646
          0,           0,        6351,      -9.069472126,      -6.391899077,      -9.528630913,      -8.840577351
          0,           0,        6352,      -9.069498053,      -6.391903615,      -9.528700311,      -8.840560081
          0,           0,        6353,       -9.06952397,      -6.391908152,      -9.528769689,      -8.840542839
          0,           0,        6354,      -9.069549874,      -6.391912689,      -9.528839051,      -8.840525623
          0,           0,        6355,      -9.069575768,      -6.391917224,       -9.52890839,      -8.840508432
          0,           0,        6356,      -9.069601651,      -6.391921758,      -9.528977705,      -8.840491268
          0,           0,        6357,      -9.069627524,      -6.391926291,      -9.529046997,      -8.840474129
          0,           0,        6358,      -9.069653386,      -6.391930823,      -9.529116274,      -8.840457018
          0,           0,        6359,      -9.069679237,      -6.391935353,      -9.529185541,      -8.840439933
          0,           0,        6360,      -9.069705079,      -6.391939883,      -9.529254817,      -8.840422875
          0,           0,        6361,      -9.069730911,      -6.391944412,      -9.529324129,      -8.840405844
          0,           0,        6362,      -9.069756733,       -6.39194894,      -9.529393534,       -8.84038884
          0,           0,        6363,      -9.069782545,      -6.391953467,      -9.529463135,      -8.840371864
          0,           0,        6364,      -9.069808347,      -6.391957993,      -9.529532838,      -8.840354914
          0,           0,        6365,      -9.069834138,      -6.391962519,      -9.529602029,      -8.840337991
          0,           0,        6366,       -9.06985992,      -6.391967043,      -9.529670742,      -8.840321095
          0,           0,        6367,      -9.069885693,      -6.391971566,      -9.529739267,      -8.840304227
          0,           0,        6368,      -9.069911458,      -6.391976088,      -9.529807743,      -8.840287386
          0,           0,        6369,      -9.069937215,       -6.39198061,      -9.529876216,      -8.840270572
          0,           0,        6370,      -9.069962966,       -6.39198513,      -9.529944682,      -8.840253785
          0,           0,        6371,       -9.06998871,       -6.39198965,      -9.530013136,      -8.840237025
          0,           0,        6372,      -9.070014448,      -6.391994169,      -9.530081573,      -8.840220293
          0,           0,        6373,       -9.07004018,      -6.391998687,      -9.530149954,      -8.840203588
          0,           0,        6374,      -9.070065908,      -6.392003204,      -9.530218261,      -8.840186912
          0,           0,        6375,      -9.070091631,       -6.39200772,      -9.530286539,      -8.840170268
          0,           0,        6376,      -9.070117351,      -6.392012236,      -9.530354803,      -8.840153655
          0,           0,        6377,      -9.070143066,      -6.392016751,      -9.530423055,      -8.840137073
          0,           0,        6378,      -9.070168779,      -6.392021265,      -9.530491313,      -8.840120522
          0,           0,        6379,      -9.070194488,      -6.392025778,      -9.530559597,      -8.840103999
          0,           0,        6380,      -9.070220193,       -6.39203029,      -9.530627977,      -8.840087506
          0,           0,        6381,      -9.070245894,      -6.392034802,      -9.530696404,       -8.84007105
          0,           0,        6382,      -9.070271588,      -6.392039312,      -9.530764637,       -8.84005463
          0,           0,        6383,      -9.070297275,      -6.392043823,      -9.530832361,      -8.840038243
          0,           0,        6384,      -9.070322953,      -6.392048332,       -9.53089957,      -8.840021887
          0,           0,        6385,      -9.070348624,      -6.392052841,      -9.530966617,      -8.840005562
          0,           0,        6386,      -9.070374292,      -6.392057348,      -9.531033688,      -8.839989268
          0,           0,        6387,      -9.070399954,      -6.392061856,      -9.531100825,      -8.839973004
          0,           0,        6388,       -9.07042561,      -6.392066362,      -9.531168011,      -8.839956769
          0,           0,        6389,       -9.07045126,      -6.392070868,      -9.531235119,      -8.839940564
          0,           0,        6390,        -9.0704769,      -6.392075373,      -9.531302184,      -8.839924387
          0,           0,        6391,       -9.07050253,      -6.392079877,      -9.531369248,      -8.839908238
          0,           0,        6392,      -9.070528147,      -6.392084381,      -9.531436333,      -8.839892117
          0,           0,        6393,      -9.070553748,      -6.392088883,      -9.531503347,      -8.839876024
          0,           0,        6394,      -9.070579332,      -6.392093385,      -9.531570029,      -8.839859959
          0,           0,        6395,      -9.070604898,      -6.392097887,      -9.531636337,      -8.839843921
          0,           0,        6396,      -9.070630446,      -6.392102387,      -9.531702529,      -8.839827922
          0,           0,        6397,      -9.070655975,      -6.392106887,      -9.531769236,      -8.839811966
          0,           0,        6398,       -9.07068148,      -6.392111386,      -9.531836484,      -8.839795967
          0,           0,        6399,      -9.070706956,      -6.392115884,      -9.531904084,       -8.83977997
          0,           0,        6400,      -9.070732401,      -6.392120382,      -9.531971868,      -8.839764005
          0,           0,        6401,      -9.070757812,      -6.392124878,      -9.532039741,      -8.839748039
          0,           0,        6402,      -9.070783188,      -6.392129374,      -9.532107651,      -8.839732023
          0,           0,        6403,      -9.070808528,      -6.392133869,      -9.532175568,      -8.839716034
          0,           0,        6404,      -9.070833831,      -6.392138362,      -9.532243489,      -8.839700072
          0,           0,        6405,      -9.070859099,      -6.392142855,       -9.53231141,      -8.839684137
          0,           0,        6406,      -9.070884332,      -6.392147347,      -9.532379321,      -8.839668228
          0,           0,        6407,      -9.070909532,      -6.392151837,      -9.532447211,      -8.839652346
          0,           0,        6408,        -9.0709347,      -6.392156326,      -9.532515077,       -8.83963649
          0,           0,        6409,      -9.070959839,      -6.392160815,      -9.532582902,      -8.839620661
          0,           0,        6410,      -9.070984953,      -6.392165301,      -9.532650687,      -8.839604858
          0,           0,        6411,      -9.071010045,      -6.392169787,      -9.532718428,      -8.839589079
          0,           0,        6412,      -9.071035117,      -6.392174272,      -9.532786113,      -8.839573323
          0,           0,        6413,      -9.071060173,      -6.392178755,      -9.532853743,      -8.839557595
          0,           0,        6414,      -9.071085219,      -6.392183237,      -9.532921311,      -8.839541892
          0,           0,        6415,      -9.071110256,      -6.392187717,      -9.532988813,      -8.839526172
          0,           0,        6416,       -9.07113529,      -6.392192196,      -9.533056252,      -8.839510475
          0,           0,        6417,      -9.071160325,      -6.392196674,      -9.533123627,      -8.839494804
          0,           0,        6418,      -9.071185364,      -6.392201151,      -9.533190949,       -8.83947916
          0,           0,        6419,      -9.071210411,      -6.392205626,      -9.533258215,      -8.839463543
          0,           0,        6420,       -9.07123547,        -6.3922101,      -9.533325427,      -8.839447924
          0,           0,        6421,      -9.071260544,      -6.392214572,      -9.533392584,      -8.839432312
          0,           0,        6422,      -9.071285638,      -6.392219043,      -9.533459692,      -8.839416727
          0,           0,        6423,      -9.071310754,      -6.392223513,      -9.533526752,      -8.839401168
          0,           0,        6424,      -9.071335896,      -6.392227981,      -9.533593766,      -8.839385636
          0,           0,        6425,      -9.071361066,      -6.392232448,      -9.533660739,      -8.839370131
          0,           0,        6426,      -9.071386268,      -6.392236914,      -9.533727664,      -8.839354652
          0,           0,        6427,      -9.071411504,      -6.392241378,      -9.533794546,      -8.839339198
          0,           0,        6428,      -9.071436777,      -6.392245842,      -9.533861396,      -8.839323771
          0,           0,        6429,      -9.071462088,      -6.392250304,      -9.533928212,      -8.839308371
          0,           0,        6430,      -9.071487441,      -6.392254764,      -9.533995002,      -8.839292998
          0,           0,        6431,      -9.071512838,      -6.392259224,      -9.534061773,      -8.839277652
          0,           0,        6432,      -9.071538279,      -6.392263682,      -9.534128526,      -8.839262333
          0,           0,        6433,      -9.071563768,      -6.392268139,       -9.53419527,      -8.839247041
          0,           0,        6434,      -9.071589306,      -6.392272596,      -9.534261967,      -8.839231775
          0,           0,        6435,      -9.071614895,      -6.392277051,      -9.534328572,      -8.839216537
          0,           0,        6436,      -9.071640534,      -6.392281504,      -9.534395069,      -8.839201324
          0,           0,        6437,      -9.071666226,      -6.392285957,      -9.534461476,      -8.839186138
          0,           0,        6438,      -9.071691971,      -6.392290409,      -9.534527823,       -8.83917098
          0,           0,        6439,      -9.071717771,       -6.39229486,      -9.534594136,      -8.839155848
          0,           0,        6440,      -9.071743626,       -6.39229931,      -9.534660429,      -8.839140734
          0,           0,        6441,      -9.071769536,      -6.392303759,      -9.534726707,      -8.839125646
          0,           0,        6442,      -9.071795503,      -6.392308207,      -9.534792989,      -8.839110585
          0,           0,        6443,      -9.071821526,      -6.392312654,      -9.534859278,      -8.839095551
          0,           0,        6444,      -9.071847607,        -6.3923171,      -9.534925576,      -8.839080545
          0,           0,        6445,      -9.071873744,      -6.392321545,       -9.53499189,      -8.839065565
          0,           0,        6446,      -9.071899939,      -6.392325989,      -9.535058219,      -8.839050614
          0,           0,        6447,      -9.071926192,      -6.392330433,      -9.535124563,      -8.839035702
          0,           0,        6448,      -9.071952502,      -6.392334876,      -9.535190922,      -8.839020815
          0,           0,        6449,      -9.071978868,      -6.392339318,      -9.535257289,      -8.839005954
          0,           0,        6450,      -9.072005292,      -6.392343759,      -9.535323655,      -8.838991118
          0,           0,        6451,      -9.072031772,      -6.392348199,       -9.53539001,      -8.838976308
          0,           0,        6452,      -9.072058308,      -6.392352639,      -9.535456357,      -8.838961525
          0,           0,        6453,      -9.072084899,      -6.392357078,      -9.535522693,      -8.838946768
          0,           0,        6454,      -9.072111545,      -6.392361516,      -9.535589018,      -8.838932037
          0,           0,        6455,      -9.072138246,      -6.392365954,      -9.535655324,      -8.838917332
          0,           0,        6456,      -9.072164999,      -6.392370391,      -9.535721612,      -8.838902654
          0,           0,        6457,      -9.072191805,      -6.392374827,      -9.535787876,      -8.838888003
          0,           0,        6458,      -9.072218662,      -6.392379262,       -9.53585412,      -8.838873378
          0,           0,        6459,      -9.072245569,      -6.392383697,      -9.535920342,      -8.838858779
          0,           0,        6460,      -9.072272526,      -6.392388132,      -9.535986542,      -8.838844208
          0,           0,        6461,      -9.072299531,      -6.392392565,      -9.536052721,      -8.838829663
          0,           0,        6462,      -9.072326582,      -6.392396999,      -9.536118885,      -8.838815145
          0,           0,        6463,      -9.072353679,      -6.392401431,      -9.536185033,      -8.838800653
          0,           0,        6464,       -9.07238082,      -6.392405863,      -9.536251149,      -8.838786188
          0,           0,        6465,      -9.072408002,      -6.392410295,      -9.536317209,       -8.83877175
          0,           0,        6466,      -9.072435225,      -6.392414726,      -9.536383205,      -8.838757339
          0,           0,        6467,      -9.072462486,      -6.392419156,      -9.536449178,      -8.838742954
          0,           0,        6468,      -9.072489783,      -6.392423586,      -9.536515176,      -8.838728596
          0,           0,        6469,      -9.072517115,      -6.392428016,       -9.53658122,      -8.838714265
          0,           0,        6470,      -9.072544481,      -6.392432445,      -9.536647303,      -8.838699961
          0,           0,        6471,      -9.072571877,      -6.392436873,       -9.53671342,      -8.838685683
          0,           0,        6472,      -9.072599303,      -6.392441301,       -9.53677956,      -8.838671433
          0,           0,        6473,      -9.072626755,      -6.392445729,      -9.536845711,       -8.83865721
          0,           0,        6474,      -9.072654233,      -6.392450156,      -9.536911857,      -8.838643014
          0,           0,        6475,      -9.072681734,      -6.392454583,      -9.536977978,      -8.838628845
          0,           0,        6476,      -9.072709256,      -6.392459009,      -9.537044061,      -8.838614704
          0,           0,        6477,      -9.072736796,      -6.392463435,        -9.5371101,       -8.83860059
          0,           0,        6478,      -9.072764354,      -6.392467861,       -9.53717608,      -8.838586503
          0,           0,        6479,      -9.072791926,      -6.392472286,       -9.53724199,      -8.838572401
          0,           0,        6480,      -9.072819512,      -6.392476711,      -9.537307827,      -8.838558302
          0,           0,        6481,      -9.072847107,      -6.392481136,      -9.537373581,      -8.838544233
          0,           0,        6482,      -9.072874712,       -6.39248556,      -9.537439256,      -8.838530192
          0,           0,        6483,      -9.072902323,      -6.392489984,      -9.537504852,       -8.83851618
          0,           0,        6484,      -9.072929939,      -6.392494408,      -9.537570374,      -8.838502197
          0,           0,        6485,      -9.072957557,      -6.392498831,      -9.537635826,      -8.838488243
          0,           0,        6486,      -9.072985176,      -6.392503255,      -9.537701204,      -8.838474317
          0,           0,        6487,      -9.073012793,      -6.392507678,       -9.53776653,      -8.838460421
          0,           0,        6488,      -9.073040407,      -6.392512101,      -9.537831818,      -8.838446555
          0,           0,        6489,      -9.073068016,      -6.392516523,      -9.537897098,      -8.838432718
          0,           0,        6490,      -9.073095616,      -6.392520946,      -9.537962447,       -8.83841891
          0,           0,        6491,      -9.073123207,      -6.392525368,      -9.538028022,      -8.838405131
          0,           0,        6492,      -9.073150784,       -6.39252979,      -9.538093535,      -8.838391381
          0,           0,        6493,      -9.073178345,      -6.392534212,      -9.538158431,       -8.83837766
          0,           0,        6494,      -9.073205889,      -6.392538634,      -9.538222947,      -8.838363968
          0,           0,        6495,      -9.073233418,      -6.392543056,      -9.538287315,      -8.838350305
          0,           0,        6496,       -9.07326093,      -6.392547478,      -9.538351642,      -8.838336671
          0,           0,        6497,      -9.073288423,        -6.3925519,      -9.538415983,      -8.838323065
          0,           0,        6498,      -9.073315895,      -6.392556322,      -9.538480369,        -8.8383095
          0,           0,        6499,      -9.073343343,      -6.392560744,      -9.538544913,      -8.838295974
          0,           0,        6500,      -9.073370766,      -6.392565166,      -9.538609159,      -8.838282475
          0,           0,        6501,       -9.07339816,      -6.392569587,      -9.538672934,      -8.838269018
          0,           0,        6502,      -9.073425526,       -6.39257401,      -9.538736446,      -8.838255599
          0,           0,        6503,      -9.073452864,      -6.392578432,        -9.5387998,      -8.838242214
          0,           0,        6504,      -9.073480174,      -6.392582854,      -9.538862562,       -8.83822886
          0,           0,        6505,      -9.073507454,      -6.392587276,      -9.538925115,      -8.838215537
          0,           0,        6506,      -9.073534706,      -6.392591699,      -9.538987916,      -8.838202243
          0,           0,        6507,      -9.073561928,      -6.392596121,      -9.539050992,      -8.838188978
          0,           0,        6508,      -9.073589116,      -6.392600544,      -9.539114228,      -8.838175741
          0,           0,        6509,      -9.073616268,      -6.392604967,      -9.539177531,      -8.838162532
          0,           0,        6510,      -9.073643382,      -6.392609389,      -9.539240769,      -8.838149351
          0,           0,        6511,      -9.073670457,      -6.392613812,      -9.539303502,      -8.838136197
          0,           0,        6512,      -9.073697492,      -6.392618235,      -9.539366212,      -8.838123071
          0,           0,        6513,      -9.073724489,      -6.392622657,      -9.539429156,      -8.838109972
          0,           0,        6514,      -9.073751448,       -6.39262708,      -9.539492285,      -8.838096901
          0,           0,        6515,      -9.073778367,      -6.392631502,       -9.53955552,      -8.838083857
          0,           0,        6516,      -9.073805245,      -6.392635925,      -9.539618782,      -8.838070841
          0,           0,        6517,      -9.073832085,      -6.392640347,      -9.539682043,      -8.838057731
          0,           0,        6518,      -9.073858885,      -6.392644769,      -9.539745284,      -8.838044573
          0,           0,        6519,      -9.073885648,       -6.39264919,       -9.53980849,      -8.838031442
          0,           0,        6520,      -9.073912376,      -6.392653611,       -9.53987165,      -8.838018334
          0,           0,        6521,      -9.073939071,      -6.392658032,      -9.539934777,      -8.838005252
          0,           0,        6522,      -9.073965736,      -6.392662453,      -9.539997886,      -8.837992197
          0,           0,        6523,      -9.073992373,      -6.392666873,      -9.540060985,      -8.837979169
          0,           0,        6524,      -9.074018984,      -6.392671293,      -9.540124068,      -8.837966167
          0,           0,        6525,      -9.074045572,      -6.392675712,      -9.540187123,      -8.837953192
          0,           0,        6526,       -9.07407214,      -6.392680131,      -9.540250147,      -8.837940245
          0,           0,        6527,       -9.07409869,      -6.392684549,       -9.54031313,      -8.837927324
          0,           0,        6528,      -9.074125225,      -6.392688967,      -9.540376069,       -8.83791443
          0,           0,        6529,       -9.07415175,      -6.392693384,       -9.54043896,      -8.837901562
          0,           0,        6530,      -9.074178267,      -6.392697801,      -9.540501808,      -8.837888722
          0,           0,        6531,      -9.074204779,      -6.392702216,      -9.540564619,      -8.837875909
          0,           0,        6532,      -9.074231289,      -6.392706631,      -9.540627395,      -8.837863122
          0,           0,        6533,        -9.0742578,      -6.392711046,      -9.540690135,      -8.837850365
          0,           0,        6534,      -9.074284315,       -6.39271546,      -9.540752848,      -8.837837637
          0,           0,        6535,      -9.074310838,      -6.392719873,      -9.540815535,      -8.837824937
          0,           0,        6536,       -9.07433737,      -6.392724285,      -9.540878197,      -8.837812266
          0,           0,        6537,      -9.074363915,      -6.392728697,      -9.540940831,      -8.837799624
          0,           0,        6538,      -9.074390475,      -6.392733108,      -9.541003449,      -8.837787011
          0,           0,        6539,      -9.074417052,      -6.392737518,      -9.541066048,      -8.837774426
          0,           0,        6540,       -9.07444365,      -6.392741928,      -9.541128633,      -8.837761869
          0,           0,        6541,       -9.07447027,      -6.392746336,      -9.541191204,       -8.83774934
          0,           0,        6542,      -9.074496914,      -6.392750745,      -9.541253767,      -8.837736839
          0,           0,        6543,      -9.074523585,      -6.392755152,      -9.541316324,      -8.837724359
          0,           0,        6544,      -9.074550284,      -6.392759559,      -9.541378878,      -8.837711885
          0,           0,        6545,      -9.074577014,      -6.392763965,      -9.541441427,      -8.837699438
          0,           0,        6546,      -9.074603775,       -6.39276837,      -9.541503977,      -8.837687019
          0,           0,        6547,       -9.07463057,      -6.392772775,      -9.541566537,      -8.837674628
          0,           0,        6548,        -9.0746574,      -6.392777179,      -9.541629105,      -8.837662259
          0,           0,        6549,      -9.074684265,      -6.392781583,      -9.541691695,      -8.837649894
          0,           0,        6550,      -9.074711168,      -6.392785986,      -9.541754313,      -8.837637556
          0,           0,        6551,      -9.074738109,      -6.392790388,         -9.541817,      -8.837625245
          0,           0,        6552,      -9.074765089,      -6.392794789,      -9.541879805,      -8.837612962
          0,           0,        6553,      -9.074792109,       -6.39279919,       -9.54194269,      -8.837600707
          0,           0,        6554,      -9.074819171,      -6.392803591,      -9.542005326,      -8.837588479
          0,           0,        6555,      -9.074846274,      -6.392807991,       -9.54206764,      -8.837576279
          0,           0,        6556,      -9.074873421,       -6.39281239,      -9.542129804,      -8.837564113
          0,           0,        6557,      -9.074900611,      -6.392816789,      -9.542191951,      -8.837551977
          0,           0,        6558,      -9.074927847,      -6.392821188,      -9.542254133,      -8.837539872
          0,           0,        6559,      -9.074955129,      -6.392825586,      -9.542316385,      -8.837527795
          0,           0,        6560,      -9.074982458,      -6.392829984,      -9.542378691,      -8.837515744
          0,           0,        6561,      -9.075009836,      -6.392834381,      -9.542440925,      -8.837503719
          0,           0,        6562,      -9.075037262,      -6.392838778,      -9.542502981,      -8.837491721
          0,           0,        6563,      -9.075064737,      -6.392843174,      -9.542564916,      -8.837479757
          0,           0,        6564,      -9.075092262,      -6.392847571,      -9.542626764,      -8.837467825
          0,           0,        6565,      -9.075119837,      -6.392851967,       -9.54268856,      -8.837455925
          0,           0,        6566,      -9.075147463,      -6.392856363,      -9.542750337,      -8.837444055
          0,           0,        6567,      -9.075175141,      -6.392860758,      -9.542812105,      -8.837432216
          0,           0,        6568,       -9.07520287,      -6.392865154,      -9.542873866,      -8.837420407
          0,           0,        6569,       -9.07523065,      -6.392869549,      -9.542935616,      -8.837408628
          0,           0,        6570,      -9.075258482,      -6.392873944,      -9.542997357,      -8.837396877
          0,           0,        6571,      -9.075286364,      -6.392878339,      -9.543059081,      -8.837385156
          0,           0,        6572,      -9.075314298,      -6.392882733,      -9.543120785,      -8.837373463
          0,           0,        6573,      -9.075342281,      -6.392887127,      -9.543182403,      -8.837361798
          0,           0,        6574,      -9.075370313,      -6.392891522,      -9.543243682,       -8.83735016
          0,           0,        6575,      -9.075398394,      -6.392895916,      -9.543304663,      -8.837338551
          0,           0,        6576,       -9.07542652,      -6.392900309,      -9.543365659,       -8.83732697
          0,           0,        6577,      -9.075454692,      -6.392904703,      -9.543426776,      -8.837315416
          0,           0,        6578,      -9.075482907,      -6.392909097,      -9.543487996,       -8.83730389
          0,           0,        6579,      -9.075511163,       -6.39291349,      -9.543549268,      -8.837292392
          0,           0,        6580,      -9.075539457,      -6.392917883,       -9.54361055,      -8.837280922
          0,           0,        6581,      -9.075567789,      -6.392922276,       -9.54367182,      -8.837269479
          0,           0,        6582,      -9.075596155,      -6.392926669,      -9.543733069,      -8.837258064
          0,           0,        6583,      -9.075624551,      -6.392931062,      -9.543794283,      -8.837246676
          0,           0,        6584,      -9.075652976,      -6.392935455,      -9.543855438,      -8.837235316
          0,           0,        6585,      -9.075681427,      -6.392939847,      -9.543916486,      -8.837223983
          0,           0,        6586,      -9.075709899,       -6.39294424,      -9.543977327,      -8.837212678
          0,           0,        6587,       -9.07573839,      -6.392948632,      -9.544038031,        -8.8372014
          0,           0,        6588,      -9.075766896,      -6.392953024,      -9.544098734,      -8.837190149
          0,           0,        6589,      -9.075795415,      -6.392957417,       -9.54415948,      -8.837178927
          0,           0,        6590,      -9.075823941,      -6.392961809,      -9.544220266,      -8.837167731
          0,           0,        6591,      -9.075852474,      -6.392966201,      -9.544281078,      -8.837156563
          0,           0,        6592,      -9.075881008,      -6.392970593,       -9.54434189,      -8.837145423
          0,           0,        6593,      -9.075909541,      -6.392974985,      -9.544402693,       -8.83713431
          0,           0,        6594,      -9.075938069,      -6.392979377,      -9.544463472,      -8.837123224
          0,           0,        6595,       -9.07596659,      -6.392983769,      -9.544524218,      -8.837112166
          0,           0,        6596,        -9.0759951,      -6.392988161,      -9.544584923,      -8.837101136
          0,           0,        6597,      -9.076023596,      -6.392992553,      -9.544645585,      -8.837090132
          0,           0,        6598,      -9.076052076,      -6.392996945,      -9.544706195,      -8.837079157
          0,           0,        6599,      -9.076080536,      -6.393001337,      -9.544766753,      -8.837068208
          0,           0,        6600,      -9.076108976,       -6.39300573,      -9.544827263,      -8.837057287
          0,           0,        6601,      -9.076137391,      -6.393010122,      -9.544887727,      -8.837046394
          0,           0,        6602,       -9.07616578,      -6.393014514,      -9.544948146,      -8.837035528
          0,           0,        6603,      -9.076194141,      -6.393018907,      -9.545008516,       -8.83702469
          0,           0,        6604,      -9.076222471,        -6.3930233,      -9.545068852,       -8.83701388
          0,           0,        6605,      -9.076250771,      -6.393027693,      -9.545129144,      -8.837003097
          0,           0,        6606,      -9.076279036,      -6.393032085,      -9.545189397,      -8.836992341
          0,           0,        6607,      -9.076307268,      -6.393036479,      -9.545249599,      -8.836981614
          0,           0,        6608,      -9.076335463,      -6.393040872,      -9.545309754,      -8.836970913
          0,           0,        6609,      -9.076363622,      -6.393045265,      -9.545369859,      -8.836960241
          0,           0,        6610,      -9.076391743,      -6.393049659,      -9.545429916,      -8.836949596
          0,           0,        6611,      -9.076419825,      -6.393054053,      -9.545489913,      -8.836938979
          0,           0,        6612,      -9.076447869,      -6.393058447,       -9.54554985,       -8.83692839
          0,           0,        6613,      -9.076475873,      -6.393062842,      -9.545609721,      -8.836917828
          0,           0,        6614,      -9.076503837,      -6.393067236,      -9.545669519,      -8.836907294
          0,           0,        6615,      -9.076531761,      -6.393071631,      -9.545729244,      -8.836896788
          0,           0,        6616,      -9.076559645,      -6.393076027,       -9.54578888,      -8.836886309
          0,           0,        6617,      -9.076587489,      -6.393080422,      -9.545848429,      -8.836875857
          0,           0,        6618,      -9.076615293,      -6.393084818,      -9.545907879,      -8.836865434
          0,           0,        6619,      -9.076643057,      -6.393089214,      -9.545967216,      -8.836855038
          0,           0,        6620,      -9.076670782,       -6.39309361,      -9.546026433,       -8.83684467
          0,           0,        6621,      -9.076698466,      -6.393098007,      -9.546085523,       -8.83683433
          0,           0,        6622,      -9.076726113,      -6.393102404,      -9.546144486,      -8.836824018
          0,           0,        6623,      -9.076753721,      -6.393106801,      -9.546203337,      -8.836813747
          0,           0,        6624,      -9.076781291,      -6.393111199,      -9.546262084,       -8.83680352
          0,           0,        6625,      -9.076808825,      -6.393115597,      -9.546320729,      -8.836793184
          0,           0,        6626,      -9.076836324,      -6.393119995,      -9.546379277,      -8.836782781
          0,           0,        6627,      -9.076863788,      -6.393124394,      -9.546437732,      -8.836772318
          0,           0,        6628,      -9.076891218,      -6.393128793,      -9.546496086,      -8.836761883
          0,           0,        6629,      -9.076918615,      -6.393133192,      -9.546554337,      -8.836751478
          0,           0,        6630,       -9.07694598,      -6.393137592,      -9.546612481,      -8.836741111
          0,           0,        6631,      -9.076973315,      -6.393141992,      -9.546670517,      -8.836730779
          0,           0,        6632,      -9.077000619,      -6.393146393,       -9.54672844,      -8.836720479
          0,           0,        6633,      -9.077027895,      -6.393150794,      -9.546786247,      -8.836710211
          0,           0,        6634,      -9.077055142,      -6.393155195,      -9.546843938,      -8.836699972
          0,           0,        6635,      -9.077082363,      -6.393159597,       -9.54690152,      -8.836689763
          0,           0,        6636,      -9.077109556,      -6.393163999,      -9.546958991,      -8.836679582
          0,           0,        6637,      -9.077136725,      -6.393168402,      -9.547016357,      -8.836669429
          0,           0,        6638,      -9.077163868,      -6.393172804,      -9.547073617,      -8.836659303
          0,           0,        6639,      -9.077190988,      -6.393177208,      -9.547130777,      -8.836649208
          0,           0,        6640,      -9.077218084,      -6.393181611,      -9.547187841,      -8.836639143
          0,           0,        6641,      -9.077245158,      -6.393186016,      -9.547244819,      -8.836629109
          0,           0,        6642,      -9.077272209,       -6.39319042,      -9.547301719,      -8.836619104
          0,           0,        6643,       -9.07729924,      -6.393194825,      -9.547358544,      -8.836609129
          0,           0,        6644,      -9.077326249,       -6.39319923,      -9.547415297,      -8.836599182
          0,           0,        6645,      -9.077353238,      -6.393203636,      -9.547471988,      -8.836589263
          0,           0,        6646,      -9.077380206,      -6.393208042,      -9.547528622,      -8.836579374
          0,           0,        6647,      -9.077407155,      -6.393212449,      -9.547585206,      -8.836569513
          0,           0,        6648,      -9.077434084,      -6.393216856,      -9.547641745,       -8.83655968
          0,           0,        6649,      -9.077460994,      -6.393221263,      -9.547698247,      -8.836549875
          0,           0,        6650,      -9.077487885,      -6.393225671,      -9.547754718,      -8.836540099
          0,           0,        6651,      -9.077514757,      -6.393230079,      -9.547811162,       -8.83653035
          0,           0,        6652,      -9.077541611,      -6.393234487,      -9.547867583,       -8.83652063
          0,           0,        6653,      -9.077568445,      -6.393238896,      -9.547923986,      -8.836510938
          0,           0,        6654,      -9.077595261,      -6.393243305,       -9.54798038,      -8.836501273
          0,           0,        6655,      -9.077622059,      -6.393247715,      -9.548036763,      -8.836491636
          0,           0,        6656,      -9.077648838,      -6.393252125,      -9.548093148,      -8.836482027
          0,           0,        6657,      -9.077675599,      -6.393256536,      -9.548149537,      -8.836472446
          0,           0,        6658,      -9.077702342,      -6.393260947,      -9.548205932,      -8.836462892
          0,           0,        6659,      -9.077729066,      -6.393265358,      -9.548262337,      -8.836453367
          0,           0,        6660,      -9.077755772,       -6.39326977,      -9.548318748,      -8.836443869
          0,           0,        6661,       -9.07778246,      -6.393274182,      -9.548375175,      -8.836434398
          0,           0,        6662,       -9.07780913,      -6.393278594,      -9.548431614,      -8.836424956
          0,           0,        6663,      -9.077835783,      -6.393283007,      -9.548488072,      -8.836415541
          0,           0,        6664,      -9.077862417,       -6.39328742,      -9.548544547,      -8.836406154
          0,           0,        6665,      -9.077889034,      -6.393291834,      -9.548601037,      -8.836396795
          0,           0,        6666,      -9.077915634,      -6.393296248,      -9.548657543,      -8.836387463
          0,           0,        6667,      -9.077942216,      -6.393300663,      -9.548714055,      -8.836378159
          0,           0,        6668,      -9.077968782,      -6.393305078,      -9.548770567,      -8.836368882
          0,           0,        6669,      -9.077995331,      -6.393309493,       -9.54882709,      -8.836359634
          0,           0,        6670,      -9.078021864,      -6.393313909,      -9.548883612,      -8.836350412
          0,           0,        6671,      -9.078048381,      -6.393318325,      -9.548940132,      -8.836341217
          0,           0,        6672,      -9.078074881,      -6.393322742,      -9.548996636,       -8.83633205
          0,           0,        6673,      -9.078101367,      -6.393327159,      -9.549053118,      -8.836322911
          0,           0,        6674,      -9.078127838,      -6.393331576,      -9.549109575,      -8.836313799
          0,           0,        6675,      -9.078154294,      -6.393335994,      -9.549166005,      -8.836304715
          0,           0,        6676,      -9.078180736,      -6.393340413,      -9.549222396,      -8.836295658
          0,           0,        6677,      -9.078207164,      -6.393344832,      -9.549278743,       -8.83628663
          0,           0,        6678,      -9.078233579,      -6.393349251,      -9.549335042,      -8.836277629
          0,           0,        6679,      -9.078259981,      -6.393353671,      -9.549391287,      -8.836268654
          0,           0,        6680,      -9.078286371,      -6.393358091,      -9.549447469,      -8.836259706
          0,           0,        6681,      -9.078312749,      -6.393362511,      -9.549503586,      -8.836250785
          0,           0,        6682,      -9.078339115,      -6.393366932,      -9.549559636,      -8.836241892
          0,           0,        6683,      -9.078365471,      -6.393371354,      -9.549615614,      -8.836233026
          0,           0,        6684,      -9.078391815,      -6.393375776,      -9.549671518,      -8.836224096
          0,           0,        6685,       -9.07841815,      -6.393380198,      -9.549727347,      -8.836215139
          0,           0,        6686,      -9.078444475,      -6.393384621,      -9.549783092,      -8.836206193
          0,           0,        6687,      -9.078470791,      -6.393389045,      -9.549838757,      -8.836197146
          0,           0,        6688,      -9.078497098,      -6.393393469,       -9.54989434,      -8.836188126
          0,           0,        6689,      -9.078523396,      -6.393397893,      -9.549949839,      -8.836179135
          0,           0,        6690,      -9.078549686,      -6.393402318,      -9.550005262,      -8.836170173
          0,           0,        6691,      -9.078575968,      -6.393406743,      -9.550060605,      -8.836161238
          0,           0,        6692,      -9.078602243,      -6.393411169,      -9.550115872,      -8.836152331
          0,           0,        6693,       -9.07862851,      -6.393415595,      -9.550171062,      -8.836143453
          0,           0,        6694,      -9.078654771,      -6.393420022,      -9.550226177,      -8.836134602
          0,           0,        6695,      -9.078681024,       -6.39342445,      -9.550281223,       -8.83612578
          0,           0,        6696,       -9.07870727,      -6.393428877,      -9.550336212,      -8.836116986
          0,           0,        6697,       -9.07873351,      -6.393433306,       -9.55039114,       -8.83610822
          0,           0,        6698,      -9.078759744,      -6.393437734,      -9.550446011,      -8.836099482
          0,           0,        6699,      -9.078785971,      -6.393442164,      -9.550500832,      -8.836090773
          0,           0,        6700,      -9.078812192,      -6.393446594,      -9.550555608,      -8.836082091
          0,           0,        6701,      -9.078838407,      -6.393451024,      -9.550610345,      -8.836073438
          0,           0,        6702,      -9.078864615,      -6.393455455,      -9.550665048,      -8.836064831
          0,           0,        6703,      -9.078890817,      -6.393459886,      -9.550719714,      -8.836056265
          0,           0,        6704,      -9.078917012,      -6.393464318,      -9.550774353,      -8.836047734
          0,           0,        6705,      -9.078943201,      -6.393468751,      -9.550828969,      -8.836039233
          0,           0,        6706,      -9.078969383,      -6.393473184,      -9.550883557,      -8.836030763
          0,           0,        6707,      -9.078995559,      -6.393477618,      -9.550938124,      -8.836022127
          0,           0,        6708,      -9.079021728,      -6.393482052,      -9.550992671,      -8.836013433
          0,           0,        6709,       -9.07904789,      -6.393486487,      -9.551047198,      -8.836004767
          0,           0,        6710,      -9.079074044,      -6.393490922,      -9.551101708,      -8.835996129
          0,           0,        6711,      -9.079100192,      -6.393495357,      -9.551156206,      -8.835987518
          0,           0,        6712,      -9.079126332,      -6.393499794,      -9.551210687,      -8.835978934
          0,           0,        6713,      -9.079152465,       -6.39350423,      -9.551265155,      -8.835970378
          0,           0,        6714,      -9.079178589,      -6.393508668,       -9.55131961,       -8.83596185
          0,           0,        6715,      -9.079204707,      -6.393513105,      -9.551374052,      -8.835953349
          0,           0,        6716,      -9.079230816,      -6.393517544,      -9.551428481,      -8.835944876
          0,           0,        6717,      -9.079256917,      -6.393521982,      -9.551482897,      -8.835936432
          0,           0,        6718,       -9.07928301,      -6.393526422,      -9.551537306,      -8.835928015
          0,           0,        6719,      -9.079309095,      -6.393530862,      -9.551591704,      -8.835919626
          0,           0,        6720,      -9.079335172,      -6.393535302,      -9.551646087,      -8.835911265
          0,           0,        6721,       -9.07936124,      -6.393539743,      -9.551700454,      -8.835902932
          0,           0,        6722,        -9.0793873,      -6.393544185,      -9.551754807,      -8.835894627
          0,           0,        6723,      -9.079413351,      -6.393548627,      -9.551809143,      -8.835886351
          0,           0,        6724,      -9.079439394,      -6.393553069,      -9.551863461,      -8.835878102
          0,           0,        6725,      -9.079465428,      -6.393557512,      -9.551917759,      -8.835869881
          0,           0,        6726,      -9.079491454,      -6.393561956,       -9.55197203,      -8.835861688
          0,           0,        6727,      -9.079517471,        -6.3935664,      -9.552026277,      -8.835853524
          0,           0,        6728,      -9.079543479,      -6.393570845,      -9.552080491,      -8.835845387
          0,           0,        6729,      -9.079569479,       -6.39357529,      -9.552134675,      -8.835837278
          0,           0,        6730,       -9.07959547,      -6.393579735,      -9.552188824,      -8.835829198
          0,           0,        6731,      -9.079621452,      -6.393584182,      -9.552242935,      -8.835821145
          0,           0,        6732,      -9.079647425,      -6.393588629,      -9.552297008,       -8.83581312
          0,           0,        6733,       -9.07967339,      -6.393593076,      -9.552351036,      -8.835805123
          0,           0,        6734,      -9.079699346,      -6.393597524,      -9.552405012,      -8.835797155
          0,           0,        6735,      -9.079725293,      -6.393601972,      -9.552458939,      -8.835789154
          0,           0,        6736,      -9.079751231,      -6.393606421,      -9.552512818,       -8.83578117
          0,           0,        6737,      -9.079777161,       -6.39361087,      -9.552566643,      -8.835773213
          0,           0,        6738,      -9.079803081,       -6.39361532,      -9.552620413,      -8.835765212
          0,           0,        6739,      -9.079828993,      -6.393619771,      -9.552674123,      -8.835757239
          0,           0,        6740,      -9.079854896,      -6.393624222,      -9.552727772,      -8.835749294
          0,           0,        6741,      -9.079880791,      -6.393628674,      -9.552781355,      -8.835741376
          0,           0,        6742,      -9.079906677,      -6.393633126,      -9.552834876,      -8.835733486
          0,           0,        6743,      -9.079932554,      -6.393637578,      -9.552888332,      -8.835725624
          0,           0,        6744,      -9.079958422,      -6.393642032,      -9.552941725,      -8.835717789
          0,           0,        6745,      -9.079984281,      -6.393646485,      -9.552995046,      -8.835709982
          0,           0,        6746,      -9.080010132,      -6.393650939,      -9.553048302,      -8.835702198
          0,           0,        6747,      -9.080035974,      -6.393655394,      -9.553101486,      -8.835694416
          0,           0,        6748,      -9.080061807,       -6.39365985,      -9.553154607,       -8.83568666
          0,           0,        6749,      -9.080087631,      -6.393664305,      -9.553207655,      -8.835678933
          0,           0,        6750,      -9.080113447,      -6.393668762,      -9.553260634,      -8.835671233
          0,           0,        6751,      -9.080139254,      -6.393673219,      -9.553313542,      -8.835663561
          0,           0,        6752,      -9.080165052,      -6.393677676,      -9.553366382,      -8.835655916
          0,           0,        6753,      -9.080190842,      -6.393682134,      -9.553419158,      -8.835648299
          0,           0,        6754,      -9.080216622,      -6.393686593,       -9.55347187,       -8.83564071
          0,           0,        6755,      -9.080242394,      -6.393691052,      -9.553524521,      -8.835633148
          0,           0,        6756,      -9.080268157,      -6.393695511,      -9.553577112,      -8.835625614
          0,           0,        6757,      -9.080293911,      -6.393699971,      -9.553629656,      -8.835618108
          0,           0,        6758,      -9.080319656,      -6.393704432,       -9.55368216,      -8.835610629
          0,           0,        6759,      -9.080345393,      -6.393708893,      -9.553734642,      -8.835603178
          0,           0,        6760,       -9.08037112,      -6.393713355,      -9.553787139,      -8.835595754
          0,           0,        6761,      -9.080396838,      -6.393717817,      -9.553839708,      -8.835588358
          0,           0,        6762,      -9.080422546,       -6.39372228,      -9.553892466,      -8.835580989
          0,           0,        6763,      -9.080448244,      -6.393726743,      -9.553945399,      -8.835573648
          0,           0,        6764,      -9.080473931,      -6.393731207,      -9.553997862,      -8.835566335
          0,           0,        6765,      -9.080499607,      -6.393735672,      -9.554049796,      -8.835559049
          0,           0,        6766,      -9.080525275,      -6.393740137,      -9.554101498,      -8.835551791
          0,           0,        6767,      -9.080550934,      -6.393744603,      -9.554153148,      -8.835544561
          0,           0,        6768,      -9.080576584,      -6.393749069,      -9.554204802,      -8.835537358
          0,           0,        6769,      -9.080602225,      -6.393753536,      -9.554256469,      -8.835530182
          0,           0,        6770,      -9.080627859,      -6.393758004,      -9.554308146,      -8.835523033
          0,           0,        6771,      -9.080653484,      -6.393762472,      -9.554359819,      -8.835515911
          0,           0,        6772,      -9.080679103,      -6.393766941,      -9.554411413,      -8.835508816
          0,           0,        6773,      -9.080704714,       -6.39377141,      -9.554462975,      -8.835501749
          0,           0,        6774,      -9.080730318,       -6.39377588,      -9.554514529,      -8.835494709
          0,           0,        6775,      -9.080755915,       -6.39378035,      -9.554566076,      -8.835487696
          0,           0,        6776,      -9.080781507,      -6.393784822,      -9.554617618,       -8.83548071
          0,           0,        6777,      -9.080807092,      -6.393789293,       -9.55466915,      -8.835473751
          0,           0,        6778,      -9.080832671,      -6.393793766,      -9.554720652,       -8.83546682
          0,           0,        6779,      -9.080858244,      -6.393798239,      -9.554771894,      -8.835459915
          0,           0,        6780,      -9.080883811,      -6.393802712,      -9.554822548,      -8.835453038
          0,           0,        6781,      -9.080909375,      -6.393807186,      -9.554873171,      -8.835446188
          0,           0,        6782,      -9.080934934,      -6.393811661,      -9.554924097,      -8.835439366
          0,           0,        6783,      -9.080960488,      -6.393816136,      -9.554975288,       -8.83543257
          0,           0,        6784,      -9.080986037,      -6.393820611,      -9.555026621,      -8.835425802
          0,           0,        6785,      -9.081011579,      -6.393825087,      -9.555077997,      -8.835419061
          0,           0,        6786,      -9.081037114,      -6.393829564,       -9.55512935,      -8.835412348
          0,           0,        6787,      -9.081062642,      -6.393834041,      -9.555180655,      -8.835405662
          0,           0,        6788,      -9.081088162,      -6.393838518,      -9.555231901,      -8.835399004
          0,           0,        6789,      -9.081113672,      -6.393842996,      -9.555283086,      -8.835392379
          0,           0,        6790,      -9.081139172,      -6.393847474,      -9.555334204,      -8.835385788
          0,           0,        6791,      -9.081164662,      -6.393851953,      -9.555385248,      -8.835379232
          0,           0,        6792,       -9.08119014,      -6.393856433,      -9.555436225,      -8.835372712
          0,           0,        6793,      -9.081215605,      -6.393860912,      -9.555487139,      -8.835366225
          0,           0,        6794,      -9.081241057,      -6.393865393,      -9.555537997,      -8.835359771
          0,           0,        6795,      -9.081266495,      -6.393869874,      -9.555588794,      -8.835353348
          0,           0,        6796,      -9.081291918,      -6.393874355,      -9.555639541,      -8.835346965
          0,           0,        6797,      -9.081317326,      -6.393878837,      -9.555690238,      -8.835340627
          0,           0,        6798,      -9.081342718,      -6.393883319,      -9.555740885,      -8.835334326
          0,           0,        6799,      -9.081368093,      -6.393887802,      -9.555791492,      -8.835328059
          0,           0,        6800,      -9.081393452,      -6.393892285,      -9.555842052,      -8.835321824
          0,           0,        6801,      -9.081418793,      -6.393896769,      -9.555892579,      -8.835315618
          0,           0,        6802,      -9.081444118,      -6.393901253,      -9.555943068,       -8.83530944
          0,           0,        6803,      -9.081469424,      -6.393905737,       -9.55599352,      -8.835303291
          0,           0,        6804,      -9.081494714,      -6.393910222,      -9.556043935,      -8.835297168
          0,           0,        6805,      -9.081519987,      -6.393914708,      -9.556094319,      -8.835291073
          0,           0,        6806,      -9.081545242,      -6.393919194,      -9.556144676,      -8.835285004
          0,           0,        6807,      -9.081570482,       -6.39392368,      -9.556195002,      -8.835278962
          0,           0,        6808,      -9.081595705,      -6.393928167,      -9.556245297,      -8.835272947
          0,           0,        6809,      -9.081620913,      -6.393932654,      -9.556295558,      -8.835266958
          0,           0,        6810,      -9.081646106,      -6.393937142,      -9.556345785,      -8.835260954
          0,           0,        6811,      -9.081671285,       -6.39394163,       -9.55639598,      -8.835254792
          0,           0,        6812,       -9.08169645,      -6.393946119,       -9.55644614,      -8.835248655
          0,           0,        6813,      -9.081721603,      -6.393950608,      -9.556496267,      -8.835242544
          0,           0,        6814,      -9.081746744,      -6.393955098,      -9.556546354,      -8.835236458
          0,           0,        6815,      -9.081771874,      -6.393959588,      -9.556596403,      -8.835230398
          0,           0,        6816,      -9.081796994,      -6.393964079,      -9.556646421,      -8.835224363
          0,           0,        6817,      -9.081822105,       -6.39396857,        -9.5566964,      -8.835218352
          0,           0,        6818,      -9.081847207,      -6.393973062,       -9.55674634,      -8.835212367
          0,           0,        6819,      -9.081872303,      -6.393977555,      -9.556796246,      -8.835206406
          0,           0,        6820,      -9.081897392,      -6.393982047,      -9.556846112,       -8.83520047
          0,           0,        6821,      -9.081922476,      -6.393986541,      -9.556895944,       -8.83519456
          0,           0,        6822,      -9.081947555,      -6.393991035,      -9.556945736,      -8.835188676
          0,           0,        6823,      -9.081972631,      -6.393995529,      -9.556995496,      -8.835182817
          0,           0,        6824,      -9.081997704,      -6.394000024,       -9.55704522,      -8.835176984
          0,           0,        6825,      -9.082022776,      -6.394004519,      -9.557094907,      -8.835171176
          0,           0,        6826,      -9.082047846,      -6.394009015,      -9.557144559,      -8.835165394
          0,           0,        6827,      -9.082072916,      -6.394013512,      -9.557194179,      -8.835159637
          0,           0,        6828,      -9.082097986,      -6.394018009,      -9.557243761,      -8.835153906
          0,           0,        6829,      -9.082123058,      -6.394022507,      -9.557293315,      -8.835148201
          0,           0,        6830,      -9.082148131,      -6.394027005,      -9.557342834,      -8.835142521
          0,           0,        6831,      -9.082173206,      -6.394031504,      -9.557392319,      -8.835136866
          0,           0,        6832,      -9.082198285,      -6.394036003,      -9.557441771,      -8.835131237
          0,           0,        6833,      -9.082223367,      -6.394040503,      -9.557491186,      -8.835125634
          0,           0,        6834,      -9.082248453,      -6.394045003,      -9.557540574,      -8.835120056
          0,           0,        6835,      -9.082273543,      -6.394049504,      -9.557589926,      -8.835114504
          0,           0,        6836,      -9.082298638,      -6.394054006,      -9.557639247,      -8.835108977
          0,           0,        6837,      -9.082323739,      -6.394058508,       -9.55768853,      -8.835103475
          0,           0,        6838,      -9.082348844,      -6.394063011,      -9.557737783,         -8.835098
          0,           0,        6839,      -9.082373955,      -6.394067514,      -9.557787002,      -8.835092549
          0,           0,        6840,      -9.082399073,      -6.394072017,      -9.557836191,      -8.835087124
          0,           0,        6841,      -9.082424196,      -6.394076522,      -9.557885353,      -8.835081724
          0,           0,        6842,      -9.082449326,      -6.394081027,       -9.55793449,      -8.835076357
          0,           0,        6843,      -9.082474462,      -6.394085532,      -9.557983602,      -8.835071019
          0,           0,        6844,      -9.082499606,      -6.394090038,      -9.558032695,      -8.835065703
          0,           0,        6845,      -9.082524756,      -6.394094544,      -9.558081774,       -8.83506041
          0,           0,        6846,      -9.082549913,      -6.394099051,      -9.558130843,      -8.835055141
          0,           0,        6847,      -9.082575077,      -6.394103559,      -9.558179897,      -8.835049896
          0,           0,        6848,      -9.082600248,      -6.394108067,      -9.558228941,      -8.835044676
          0,           0,        6849,      -9.082625427,      -6.394112576,      -9.558277982,      -8.835039481
          0,           0,        6850,      -9.082650612,      -6.394117085,      -9.558327026,       -8.83503431
          0,           0,        6851,      -9.082675806,      -6.394121595,      -9.558376074,      -8.835029163
          0,           0,        6852,      -9.082701006,      -6.394126105,       -9.55842512,      -8.835024041
          0,           0,        6853,      -9.082726214,      -6.394130616,       -9.55847414,      -8.835018944
          0,           0,        6854,      -9.082751429,      -6.394135127,      -9.558523106,      -8.835013871
          0,           0,        6855,       -9.08277665,      -6.394139639,      -9.558572029,      -8.835008823
          0,           0,        6856,      -9.082801878,      -6.394144152,      -9.558620913,        -8.8350038
          0,           0,        6857,      -9.082827113,      -6.394148665,      -9.558669776,      -8.834998801
          0,           0,        6858,      -9.082852354,      -6.394153179,      -9.558718627,      -8.834993827
          0,           0,        6859,      -9.082877601,      -6.394157693,       -9.55876748,      -8.834988878
          0,           0,        6860,      -9.082902855,      -6.394162208,      -9.558816343,      -8.834983953
          0,           0,        6861,      -9.082928115,      -6.394166723,      -9.558865214,      -8.834979053
          0,           0,        6862,      -9.082953381,      -6.394171239,        -9.5589141,      -8.834974178
          0,           0,        6863,      -9.082978653,      -6.394175755,      -9.558962996,      -8.834969327
          0,           0,        6864,      -9.083003931,      -6.394180272,      -9.559011911,      -8.834964501
          0,           0,        6865,      -9.083029215,      -6.394184789,      -9.559060832,        -8.8349597
          0,           0,        6866,      -9.083054505,      -6.394189307,      -9.559109753,      -8.834954923
          0,           0,        6867,      -9.083079801,      -6.394193826,      -9.559158669,      -8.834950171
          0,           0,        6868,      -9.083105103,      -6.394198345,      -9.559207583,      -8.834945443
          0,           0,        6869,       -9.08313041,      -6.394202864,      -9.559256492,      -8.834940739
          0,           0,        6870,      -9.083155724,      -6.394207385,      -9.559305386,      -8.834936061
          0,           0,        6871,      -9.083181043,      -6.394211905,      -9.559354259,      -8.834931406
          0,           0,        6872,      -9.083206369,      -6.394216426,      -9.559403105,      -8.834926776
          0,           0,        6873,        -9.0832317,      -6.394220948,      -9.559451925,       -8.83492217
          0,           0,        6874,      -9.083257038,      -6.394225471,      -9.559500714,      -8.834917589
          0,           0,        6875,      -9.083282381,      -6.394229993,      -9.559549472,      -8.834913033
          0,           0,        6876,      -9.083307731,      -6.394234517,      -9.559598196,      -8.834908501
          0,           0,        6877,      -9.083333086,      -6.394239041,      -9.559646885,      -8.834903911
          0,           0,        6878,      -9.083358448,      -6.394243565,      -9.559695538,      -8.834899261
          0,           0,        6879,      -9.083383815,       -6.39424809,       -9.55974415,      -8.834894568
          0,           0,        6880,      -9.083409189,      -6.394252616,      -9.559792712,        -8.8348899
          0,           0,        6881,      -9.083434568,      -6.394257142,      -9.559841225,      -8.834885256
          0,           0,        6882,      -9.083459953,      -6.394261669,      -9.559889691,      -8.834880637
          0,           0,        6883,      -9.083485344,      -6.394266196,      -9.559938099,      -8.834876041
          0,           0,        6884,       -9.08351074,      -6.394270724,      -9.559986447,       -8.83487147
          0,           0,        6885,      -9.083536141,      -6.394275252,      -9.560034732,      -8.834866923
          0,           0,        6886,      -9.083561546,      -6.394279781,       -9.56008295,        -8.8348624
          0,           0,        6887,      -9.083586956,      -6.394284311,      -9.560131087,      -8.834857902
          0,           0,        6888,       -9.08361237,      -6.394288841,      -9.560179131,      -8.834853427
          0,           0,        6889,      -9.083637787,      -6.394293372,      -9.560227072,      -8.834848977
          0,           0,        6890,      -9.083663207,      -6.394297903,      -9.560274905,      -8.834844551
          0,           0,        6891,      -9.083688629,      -6.394302435,      -9.560322658,       -8.83484015
          0,           0,        6892,      -9.083714053,      -6.394306967,      -9.560370348,      -8.834835772
          0,           0,        6893,      -9.083739478,        -6.3943115,      -9.560417984,      -8.834831419
          0,           0,        6894,      -9.083764903,      -6.394316033,      -9.560465569,       -8.83482709
          0,           0,        6895,      -9.083790329,      -6.394320567,       -9.56051311,      -8.834822785
          0,           0,        6896,      -9.083815755,      -6.394325102,      -9.560560601,      -8.834818504
          0,           0,        6897,      -9.083841179,      -6.394329637,      -9.560608037,      -8.834814248
          0,           0,        6898,      -9.083866602,      -6.394334173,      -9.560655413,      -8.834810024
          0,           0,        6899,      -9.083892022,      -6.394338709,      -9.560702726,      -8.834805835
          0,           0,        6900,       -9.08391744,      -6.394343246,      -9.560749977,      -8.834801671
          0,           0,        6901,      -9.083942854,      -6.394347783,      -9.560797163,      -8.834797529
          0,           0,        6902,      -9.083968264,      -6.394352321,      -9.560844285,       -8.83479341
          0,           0,        6903,      -9.083993669,       -6.39435686,      -9.560891334,      -8.834789314
          0,           0,        6904,      -9.084019069,      -6.394361399,      -9.560938317,      -8.834785241
          0,           0,        6905,      -9.084044462,      -6.394365939,      -9.560985243,      -8.834781191
          0,           0,        6906,      -9.084069848,      -6.394370479,      -9.561032109,      -8.834777162
          0,           0,        6907,      -9.084095227,       -6.39437502,      -9.561078922,      -8.834773156
          0,           0,        6908,      -9.084120597,      -6.394379561,      -9.561125687,      -8.834769174
          0,           0,        6909,      -9.084145958,      -6.394384103,      -9.561172403,      -8.834765214
          0,           0,        6910,      -9.084171309,      -6.394388645,      -9.561219086,      -8.834761273
          0,           0,        6911,       -9.08419665,      -6.394393188,      -9.561265738,      -8.834757366
          0,           0,        6912,       -9.08422198,      -6.394397732,      -9.561312356,      -8.834753493
          0,           0,        6913,      -9.084247297,      -6.394402276,      -9.561358951,      -8.834749649
          0,           0,        6914,      -9.084272603,      -6.394406821,      -9.561405526,      -8.834745834
          0,           0,        6915,      -9.084297895,      -6.394411367,      -9.561452086,      -8.834742045
          0,           0,        6916,      -9.084323173,      -6.394415913,      -9.561498633,      -8.834738281
          0,           0,        6917,      -9.084348438,      -6.394420459,      -9.561545171,      -8.834734542
          0,           0,        6918,      -9.084373687,      -6.394425006,      -9.561591708,      -8.834730828
          0,           0,        6919,      -9.084398921,      -6.394429554,      -9.561638239,      -8.834727137
          0,           0,        6920,       -9.08442414,      -6.394434102,      -9.561684767,      -8.834723471
          0,           0,        6921,      -9.084449342,      -6.394438651,      -9.561731281,      -8.834719828
          0,           0,        6922,      -9.084474529,        -6.3944432,      -9.561777792,      -8.834716209
          0,           0,        6923,      -9.084499698,       -6.39444775,      -9.561824287,      -8.834712613
          0,           0,        6924,      -9.084524851,      -6.394452301,      -9.561870769,      -8.834709041
          0,           0,        6925,      -9.084549986,      -6.394456851,      -9.561917232,      -8.834705491
          0,           0,        6926,      -9.084575103,      -6.394461403,      -9.561963663,      -8.834701964
          0,           0,        6927,      -9.084600203,      -6.394465955,      -9.562010074,       -8.83469846
          0,           0,        6928,      -9.084625286,      -6.394470508,      -9.562056469,      -8.834694981
          0,           0,        6929,       -9.08465035,      -6.394475061,      -9.562102851,      -8.834691526
          0,           0,        6930,      -9.084675397,      -6.394479614,      -9.562149225,      -8.834688095
          0,           0,        6931,      -9.084700427,      -6.394484169,      -9.562195586,      -8.834684689
          0,           0,        6932,       -9.08472544,      -6.394488724,      -9.562241942,      -8.834681308
          0,           0,        6933,      -9.084750436,      -6.394493279,      -9.562288292,       -8.83467795
          0,           0,        6934,      -9.084775416,      -6.394497835,      -9.562334632,      -8.834674617
          0,           0,        6935,       -9.08480038,      -6.394502391,      -9.562380963,      -8.834671308
          0,           0,        6936,      -9.084825329,      -6.394506948,      -9.562427281,      -8.834668023
          0,           0,        6937,      -9.084850262,      -6.394511506,      -9.562473586,      -8.834664762
          0,           0,        6938,      -9.084875182,      -6.394516064,      -9.562519873,      -8.834661525
          0,           0,        6939,      -9.084900087,      -6.394520623,      -9.562566137,      -8.834658311
          0,           0,        6940,       -9.08492498,      -6.394525182,      -9.562612383,      -8.834655121
          0,           0,        6941,       -9.08494986,      -6.394529742,      -9.562658605,      -8.834651955
          0,           0,        6942,      -9.084974729,      -6.394534302,      -9.562704804,      -8.834648813
          0,           0,        6943,      -9.084999587,      -6.394538863,      -9.562750971,      -8.834645695
          0,           0,        6944,      -9.085024435,      -6.394543424,      -9.562797101,      -8.834642601
          0,           0,        6945,      -9.085049274,      -6.394547986,      -9.562843202,      -8.834639531
          0,           0,        6946,      -9.085074104,      -6.394552549,      -9.562889268,      -8.834636486
          0,           0,        6947,      -9.085098927,      -6.394557112,      -9.562935291,      -8.834633465
          0,           0,        6948,      -9.085123743,      -6.394561675,      -9.562981269,      -8.834630468
          0,           0,        6949,      -9.085148552,       -6.39456624,      -9.563027206,      -8.834627495
          0,           0,        6950,      -9.085173357,      -6.394570804,      -9.563073098,      -8.834624547
          0,           0,        6951,      -9.085198157,       -6.39457537,      -9.563118941,      -8.834621622
          0,           0,        6952,      -9.085222952,      -6.394579935,      -9.563164743,      -8.834618722
          0,           0,        6953,      -9.085247745,      -6.394584502,      -9.563210498,      -8.834615845
          0,           0,        6954,      -9.085272535,      -6.394589069,       -9.56325621,      -8.834612993
          0,           0,        6955,      -9.085297323,      -6.394593636,      -9.563301881,      -8.834610164
          0,           0,        6956,      -9.085322109,      -6.394598204,      -9.563347515,      -8.834607319
          0,           0,        6957,      -9.085346895,      -6.394602773,       -9.56339311,      -8.834604492
          0,           0,        6958,       -9.08537168,      -6.394607342,      -9.563438672,      -8.834601689
          0,           0,        6959,      -9.085396466,      -6.394611911,      -9.563484208,      -8.834598909
          0,           0,        6960,      -9.085421252,      -6.394616481,      -9.563529718,      -8.834596154
          0,           0,        6961,      -9.085446038,      -6.394621052,      -9.563575198,      -8.834593421
          0,           0,        6962,      -9.085470827,      -6.394625623,      -9.563620654,      -8.834590735
          0,           0,        6963,      -9.085495617,      -6.394630195,      -9.563666097,      -8.834588079
          0,           0,        6964,      -9.085520408,      -6.394634768,      -9.563711525,      -8.834585447
          0,           0,        6965,      -9.085545202,       -6.39463934,      -9.563756942,      -8.834582838
          0,           0,        6966,      -9.085569998,      -6.394643914,      -9.563802353,      -8.834580251
          0,           0,        6967,      -9.085594796,      -6.394648488,      -9.563847748,      -8.834577687
          0,           0,        6968,      -9.085619597,      -6.394653063,      -9.563893139,      -8.834575145
          0,           0,        6969,        -9.0856444,      -6.394657638,      -9.563938527,      -8.834572626
          0,           0,        6970,      -9.085669206,      -6.394662213,      -9.563983918,      -8.834570129
          0,           0,        6971,      -9.085694015,      -6.394666789,      -9.564029303,      -8.834567655
          0,           0,        6972,      -9.085718826,      -6.394671366,      -9.564074689,      -8.834565203
          0,           0,        6973,       -9.08574364,      -6.394675943,      -9.564120073,      -8.834562774
          0,           0,        6974,      -9.085768456,      -6.394680521,      -9.564165455,      -8.834560367
          0,           0,        6975,      -9.085793274,      -6.394685099,      -9.564210834,      -8.834557983
          0,           0,        6976,      -9.085818095,      -6.394689678,      -9.564256209,      -8.834555623
          0,           0,        6977,      -9.085842917,      -6.394694257,      -9.564301571,      -8.834553288
          0,           0,        6978,      -9.085867741,      -6.394698837,      -9.564346924,      -8.834550978
          0,           0,        6979,      -9.085892567,      -6.394703418,      -9.564392263,      -8.834548691
          0,           0,        6980,      -9.085917395,      -6.394707999,      -9.564437597,      -8.834546428
          0,           0,        6981,      -9.085942223,       -6.39471258,      -9.564482924,      -8.834544187
          0,           0,        6982,      -9.085967053,      -6.394717162,      -9.564528252,       -8.83454197
          0,           0,        6983,      -9.085991885,      -6.394721745,      -9.564573582,      -8.834539776
          0,           0,        6984,      -9.086016717,      -6.394726328,      -9.564618915,      -8.834537605
          0,           0,        6985,      -9.086041551,      -6.394730912,      -9.564664246,      -8.834535457
          0,           0,        6986,      -9.086066386,      -6.394735496,      -9.564709573,      -8.834533333
          0,           0,        6987,      -9.086091222,      -6.394740081,      -9.564754899,      -8.834531232
          0,           0,        6988,      -9.086116059,      -6.394744666,      -9.564800213,      -8.834529154
          0,           0,        6989,      -9.086140896,      -6.394749252,      -9.564845506,      -8.834527105
          0,           0,        6990,      -9.086165734,      -6.394753838,      -9.564890777,      -8.834525083
          0,           0,        6991,      -9.086190574,      -6.394758425,      -9.564936022,      -8.834523089
          0,           0,        6992,      -9.086215413,      -6.394763012,      -9.564981239,      -8.834521121
          0,           0,        6993,      -9.086240253,        -6.3947676,      -9.565026423,      -8.834519178
          0,           0,        6994,      -9.086265094,      -6.394772189,      -9.565071572,      -8.834517261
          0,           0,        6995,      -9.086289935,      -6.394776778,      -9.565116687,      -8.834515368
          0,           0,        6996,      -9.086314776,      -6.394781368,      -9.565161753,      -8.834513499
          0,           0,        6997,      -9.086339617,      -6.394785958,       -9.56520678,      -8.834511655
          0,           0,        6998,      -9.086364458,      -6.394790549,      -9.565251765,      -8.834509834
          0,           0,        6999,      -9.086389299,       -6.39479514,      -9.565296704,      -8.834508036
          0,           0,        7000,      -9.086414141,      -6.394799731,        -9.5653416,      -8.834506262
          0,           0,        7001,      -9.086438981,      -6.394804324,      -9.565386456,      -8.834504511
          0,           0,        7002,      -9.086463822,      -6.394808916,      -9.565431268,      -8.834502783
          0,           0,        7003,      -9.086488661,      -6.394813509,       -9.56547604,      -8.834501078
          0,           0,        7004,        -9.0865135,      -6.394818103,      -9.565520775,      -8.834499395
          0,           0,        7005,      -9.086538339,      -6.394822697,      -9.565565474,      -8.834497736
          0,           0,        7006,      -9.086563176,      -6.394827292,      -9.565610136,      -8.834496099
          0,           0,        7007,      -9.086588012,      -6.394831887,      -9.565654765,      -8.834494485
          0,           0,        7008,      -9.086612846,      -6.394836483,      -9.565699366,      -8.834492893
          0,           0,        7009,      -9.086637679,      -6.394841079,      -9.565743941,      -8.834491324
          0,           0,        7010,      -9.086662511,      -6.394845675,      -9.565788493,      -8.834489777
          0,           0,        7011,       -9.08668734,      -6.394850272,       -9.56583302,      -8.834488253
          0,           0,        7012,      -9.086712167,       -6.39485487,      -9.565877529,      -8.834486752
          0,           0,        7013,      -9.086736992,      -6.394859468,      -9.565922016,      -8.834485273
          0,           0,        7014,      -9.086761815,      -6.394864066,      -9.565966487,      -8.834483816
          0,           0,        7015,      -9.086786635,      -6.394868665,      -9.566010949,      -8.834482381
          0,           0,        7016,      -9.086811452,      -6.394873265,      -9.566055395,      -8.834480969
          0,           0,        7017,      -9.086836266,      -6.394877865,      -9.566099834,      -8.834479579
          0,           0,        7018,      -9.086861078,      -6.394882465,      -9.566144263,      -8.834478211
          0,           0,        7019,      -9.086885886,      -6.394887066,      -9.566188684,      -8.834476866
          0,           0,        7020,      -9.086910691,      -6.394891667,      -9.566233102,      -8.834475543
          0,           0,        7021,      -9.086935493,      -6.394896269,      -9.566277514,      -8.834474242
          0,           0,        7022,      -9.086960291,      -6.394900871,      -9.566321923,      -8.834472894
          0,           0,        7023,      -9.086985086,      -6.394905473,      -9.566366333,      -8.834471477
          0,           0,        7024,      -9.087009878,      -6.394910077,      -9.566410738,      -8.834470046
          0,           0,        7025,      -9.087034666,       -6.39491468,      -9.566455142,      -8.834468512
          0,           0,        7026,      -9.087059451,      -6.394919284,      -9.566499541,         -8.834467
          0,           0,        7027,      -9.087084232,      -6.394923888,      -9.566543946,       -8.83446551
          0,           0,        7028,       -9.08710901,      -6.394928493,      -9.566588351,      -8.834464042
          0,           0,        7029,      -9.087133785,      -6.394933098,      -9.566632757,      -8.834462596
          0,           0,        7030,      -9.087158557,      -6.394937704,      -9.566677156,      -8.834461172
          0,           0,        7031,      -9.087183325,       -6.39494231,      -9.566721555,       -8.83445977
          0,           0,        7032,      -9.087208091,      -6.394946917,      -9.566765957,       -8.83445839
          0,           0,        7033,      -9.087232854,      -6.394951524,       -9.56681036,      -8.834457032
          0,           0,        7034,      -9.087257614,      -6.394956131,      -9.566854761,      -8.834455697
          0,           0,        7035,      -9.087282372,      -6.394960739,      -9.566899155,      -8.834454401
          0,           0,        7036,      -9.087307128,      -6.394965347,      -9.566943544,      -8.834453141
          0,           0,        7037,      -9.087331882,      -6.394969956,      -9.566987934,      -8.834451908
          0,           0,        7038,      -9.087356633,      -6.394974565,      -9.567032323,      -8.834450699
          0,           0,        7039,      -9.087381383,      -6.394979175,      -9.567076706,      -8.834449513
          0,           0,        7040,      -9.087406132,      -6.394983785,      -9.567121085,      -8.834448349
          0,           0,        7041,      -9.087430879,      -6.394988396,      -9.567165459,      -8.834447206
          0,           0,        7042,      -9.087455625,      -6.394993007,      -9.567209832,      -8.834446085
          0,           0,        7043,      -9.087480371,      -6.394997618,      -9.567254202,      -8.834444984
          0,           0,        7044,      -9.087505116,       -6.39500223,      -9.567298573,      -8.834443904
          0,           0,        7045,      -9.087529862,      -6.395006843,       -9.56734295,      -8.834442846
          0,           0,        7046,      -9.087554607,      -6.395011455,      -9.567387345,       -8.83444181
          0,           0,        7047,      -9.087579354,      -6.395016069,      -9.567431769,      -8.834440795
          0,           0,        7048,      -9.087604101,      -6.395020682,       -9.56747624,      -8.834439801
          0,           0,        7049,       -9.08762885,      -6.395025296,      -9.567520736,      -8.834438829
          0,           0,        7050,      -9.087653602,      -6.395029911,      -9.567565212,      -8.834437879
          0,           0,        7051,      -9.087678356,      -6.395034526,      -9.567609676,      -8.834436951
          0,           0,        7052,      -9.087703112,      -6.395039141,      -9.567654212,      -8.834436056
          0,           0,        7053,      -9.087727871,      -6.395043758,      -9.567698867,       -8.83443519
          0,           0,        7054,      -9.087752633,      -6.395048374,      -9.567743332,      -8.834434351
          0,           0,        7055,      -9.087777399,      -6.395052991,      -9.567787431,      -8.834433538
          0,           0,        7056,       -9.08780217,      -6.395057609,      -9.567831349,       -8.83443275
          0,           0,        7057,      -9.087826946,      -6.395062226,      -9.567875245,      -8.834431986
          0,           0,        7058,       -9.08785173,      -6.395066845,      -9.567919176,      -8.834431245
          0,           0,        7059,       -9.08787652,      -6.395071464,      -9.567963157,      -8.834430527
          0,           0,        7060,      -9.087901319,      -6.395076083,      -9.568007191,      -8.834429831
          0,           0,        7061,      -9.087926127,      -6.395080703,      -9.568051266,      -8.834429157
          0,           0,        7062,      -9.087950945,      -6.395085323,      -9.568095382,      -8.834428505
          0,           0,        7063,      -9.087975774,      -6.395089944,      -9.568139516,      -8.834427875
          0,           0,        7064,      -9.088000614,      -6.395094565,      -9.568183612,      -8.834427266
          0,           0,        7065,      -9.088025467,      -6.395099187,      -9.568227692,      -8.834426679
          0,           0,        7066,      -9.088050332,      -6.395103809,      -9.568271774,      -8.834426114
          0,           0,        7067,      -9.088075212,      -6.395108432,      -9.568315851,       -8.83442557
          0,           0,        7068,      -9.088100105,      -6.395113055,      -9.568359914,      -8.834425048
          0,           0,        7069,      -9.088125012,      -6.395117678,      -9.568403953,      -8.834424547
          0,           0,        7070,      -9.088149934,      -6.395122302,      -9.568447963,      -8.834424067
          0,           0,        7071,      -9.088174871,      -6.395126926,      -9.568491934,      -8.834423556
          0,           0,        7072,      -9.088199823,      -6.395131551,      -9.568535776,      -8.834423016
          0,           0,        7073,      -9.088224789,      -6.395136175,      -9.568579222,      -8.834422486
          0,           0,        7074,      -9.088249769,      -6.395140801,      -9.568622445,      -8.834421952
          0,           0,        7075,      -9.088274764,      -6.395145426,      -9.568665764,       -8.83442142
          0,           0,        7076,      -9.088299772,      -6.395150052,      -9.568709241,       -8.83442091
          0,           0,        7077,      -9.088324792,      -6.395154679,      -9.568752799,       -8.83442042
          0,           0,        7078,      -9.088349823,      -6.395159305,      -9.568796326,      -8.834419951
          0,           0,        7079,      -9.088374863,      -6.395163932,      -9.568839766,      -8.834419503
          0,           0,        7080,      -9.088399911,       -6.39516856,      -9.568883151,      -8.834419069
          0,           0,        7081,      -9.088424965,      -6.395173187,       -9.56892652,      -8.834418623
          0,           0,        7082,      -9.088450023,      -6.395177815,      -9.568969885,      -8.834418201
          0,           0,        7083,      -9.088475084,      -6.395182443,      -9.569013234,      -8.834417803
          0,           0,        7084,      -9.088500145,      -6.395187072,      -9.569056554,      -8.834417428
          0,           0,        7085,      -9.088525204,      -6.395191701,      -9.569099846,      -8.834417077
          0,           0,        7086,      -9.088550258,       -6.39519633,      -9.569143099,      -8.834416748
          0,           0,        7087,      -9.088575307,      -6.395200959,      -9.569186304,      -8.834416443
          0,           0,        7088,      -9.088600347,      -6.395205589,      -9.569229456,       -8.83441616
          0,           0,        7089,      -9.088625376,      -6.395210219,      -9.569272555,      -8.834415899
          0,           0,        7090,      -9.088650393,       -6.39521485,      -9.569315605,       -8.83441566
          0,           0,        7091,      -9.088675395,       -6.39521948,      -9.569358607,      -8.834415444
          0,           0,        7092,       -9.08870038,      -6.395224111,      -9.569401558,       -8.83441525
          0,           0,        7093,      -9.088725346,      -6.395228743,       -9.56944447,      -8.834415077
          0,           0,        7094,      -9.088750292,      -6.395233374,      -9.569487344,      -8.834414926
          0,           0,        7095,      -9.088775216,      -6.395238006,      -9.569530186,      -8.834414796
          0,           0,        7096,      -9.088800116,      -6.395242638,      -9.569572999,      -8.834414688
          0,           0,        7097,      -9.088824992,      -6.395247271,      -9.569615793,      -8.834414601
          0,           0,        7098,      -9.088849841,      -6.395251904,      -9.569658568,      -8.834414535
          0,           0,        7099,      -9.088874663,      -6.395256537,      -9.569701335,      -8.834414491
          0,           0,        7100,      -9.088899457,       -6.39526117,      -9.569744091,      -8.834414468
          0,           0,        7101,      -9.088924221,      -6.395265804,      -9.569786845,      -8.834414466
          0,           0,        7102,      -9.088948956,      -6.395270438,      -9.569829593,      -8.834414485
          0,           0,        7103,       -9.08897366,      -6.395275072,      -9.569872341,      -8.834414525
          0,           0,        7104,      -9.088998334,      -6.395279707,      -9.569915094,      -8.834414586
          0,           0,        7105,      -9.089022977,      -6.395284342,      -9.569957851,      -8.834414668
          0,           0,        7106,      -9.089047589,      -6.395288978,      -9.570000607,      -8.834414771
          0,           0,        7107,      -9.089072171,      -6.395293613,      -9.570043368,      -8.834414895
          0,           0,        7108,      -9.089096721,      -6.395298249,       -9.57008613,       -8.83441504
          0,           0,        7109,      -9.089121242,      -6.395302886,      -9.570128893,      -8.834415206
          0,           0,        7110,      -9.089145732,      -6.395307523,      -9.570171655,      -8.834415393
          0,           0,        7111,      -9.089170193,       -6.39531216,      -9.570214416,      -8.834415596
          0,           0,        7112,      -9.089194626,      -6.395316797,      -9.570257174,      -8.834415817
          0,           0,        7113,      -9.089219031,      -6.395321435,      -9.570299932,      -8.834416058
          0,           0,        7114,      -9.089243409,      -6.395326073,      -9.570342683,       -8.83441632
          0,           0,        7115,       -9.08926776,      -6.395330712,      -9.570385425,      -8.834416602
          0,           0,        7116,      -9.089292087,      -6.395335351,      -9.570428173,      -8.834416905
          0,           0,        7117,       -9.08931639,       -6.39533999,      -9.570470931,      -8.834417228
          0,           0,        7118,      -9.089340669,      -6.395344629,      -9.570513702,      -8.834417568
          0,           0,        7119,      -9.089364927,      -6.395349269,      -9.570556513,      -8.834417926
          0,           0,        7120,      -9.089389165,       -6.39535391,      -9.570599427,      -8.834418304
          0,           0,        7121,      -9.089413383,       -6.39535855,      -9.570642563,      -8.834418714
          0,           0,        7122,      -9.089437581,      -6.395363191,      -9.570685925,      -8.834419161
          0,           0,        7123,       -9.08946176,      -6.395367833,      -9.570728827,      -8.834419635
          0,           0,        7124,      -9.089485924,      -6.395372475,      -9.570771232,      -8.834420133
          0,           0,        7125,      -9.089510074,      -6.395377117,      -9.570813438,      -8.834420653
          0,           0,        7126,      -9.089534212,       -6.39538176,       -9.57085562,      -8.834421195
          0,           0,        7127,       -9.08955834,      -6.395386403,      -9.570897847,      -8.834421758
          0,           0,        7128,      -9.089582459,      -6.395391047,      -9.570940151,       -8.83442234
          0,           0,        7129,      -9.089606571,      -6.395395691,      -9.570982551,      -8.834422943
          0,           0,        7130,      -9.089630678,      -6.395400335,      -9.571024996,      -8.834423567
          0,           0,        7131,      -9.089654782,       -6.39540498,      -9.571067329,       -8.83442421
          0,           0,        7132,      -9.089678884,      -6.395409625,      -9.571109452,      -8.834424873
          0,           0,        7133,      -9.089702987,      -6.395414271,      -9.571151458,      -8.834425556
          0,           0,        7134,       -9.08972709,      -6.395418917,       -9.57119344,       -8.83442626
          0,           0,        7135,      -9.089751197,      -6.395423563,      -9.571235435,      -8.834426983
          0,           0,        7136,      -9.089775309,       -6.39542821,      -9.571277447,      -8.834427726
          0,           0,        7137,      -9.089799426,      -6.395432857,      -9.571319198,      -8.834428489
          0,           0,        7138,      -9.089823552,      -6.395437504,      -9.571360454,      -8.834429272
          0,           0,        7139,      -9.089847689,      -6.395442152,      -9.571401834,      -8.834430075
          0,           0,        7140,      -9.089871839,        -6.3954468,      -9.571443599,      -8.834430897
          0,           0,        7141,         -9.089896,      -6.395451449,       -9.57148569,      -8.834431737
          0,           0,        7142,      -9.089920175,      -6.395456097,      -9.571527971,      -8.834432597
          0,           0,        7143,      -9.089944363,      -6.395460746,      -9.571570323,      -8.834433476
          0,           0,        7144,      -9.089968565,      -6.395465396,      -9.571612714,      -8.834434376
          0,           0,        7145,       -9.08999278,      -6.395470045,      -9.571655152,      -8.834435296
          0,           0,        7146,      -9.090017009,      -6.395474695,      -9.571697588,      -8.834436235
          0,           0,        7147,       -9.09004125,      -6.395479344,      -9.571739935,      -8.834437195
          0,           0,        7148,      -9.090065505,      -6.395483994,       -9.57178219,      -8.834438174
          0,           0,        7149,      -9.090089775,      -6.395488645,      -9.571824378,      -8.834439173
          0,           0,        7150,      -9.090114061,      -6.395493295,      -9.571866528,      -8.834440185
          0,           0,        7151,      -9.090138361,      -6.395497945,      -9.571908658,      -8.834441215
          0,           0,        7152,      -9.090162677,      -6.395502596,      -9.571950774,      -8.834442264
          0,           0,        7153,      -9.090187008,      -6.395507247,      -9.571992859,      -8.834443333
          0,           0,        7154,      -9.090211353,      -6.395511898,      -9.572034776,      -8.834444422
          0,           0,        7155,      -9.090235712,      -6.395516549,      -9.572076476,      -8.834445531
          0,           0,        7156,      -9.090260085,        -6.3955212,      -9.572118223,      -8.834446659
          0,           0,        7157,      -9.090284473,      -6.395525851,      -9.572160158,      -8.834447807
          0,           0,        7158,      -9.090308875,      -6.395530502,      -9.572202297,      -8.834448974
          0,           0,        7159,      -9.090333287,      -6.395535154,      -9.572244599,      -8.834450161
          0,           0,        7160,      -9.090357709,      -6.395539805,      -9.572287023,      -8.834451368
          0,           0,        7161,      -9.090382139,      -6.395544457,      -9.572329527,      -8.834452595
          0,           0,        7162,      -9.090406576,      -6.395549109,      -9.572372097,      -8.834453842
          0,           0,        7163,      -9.090431018,      -6.395553761,      -9.572414707,      -8.834455109
          0,           0,        7164,      -9.090455464,      -6.395558412,      -9.572457348,      -8.834456395
          0,           0,        7165,      -9.090479913,      -6.395563064,      -9.572500008,      -8.834457701
          0,           0,        7166,      -9.090504364,      -6.395567716,      -9.572542687,      -8.834459027
          0,           0,        7167,      -9.090528816,      -6.395572369,       -9.57258538,      -8.834460373
          0,           0,        7168,      -9.090553267,      -6.395577021,      -9.572628081,      -8.834461738
          0,           0,        7169,      -9.090577718,      -6.395581673,      -9.572670792,      -8.834463122
          0,           0,        7170,      -9.090602167,      -6.395586325,      -9.572713509,      -8.834464527
          0,           0,        7171,      -9.090626615,      -6.395590978,      -9.572756227,      -8.834465951
          0,           0,        7172,      -9.090651061,       -6.39559563,      -9.572798941,      -8.834467394
          0,           0,        7173,      -9.090675504,      -6.395600283,      -9.572841655,      -8.834468858
          0,           0,        7174,      -9.090699946,      -6.395604935,      -9.572884363,      -8.834470341
          0,           0,        7175,      -9.090724385,      -6.395609588,      -9.572927064,      -8.834471845
          0,           0,        7176,      -9.090748822,       -6.39561424,      -9.572969759,      -8.834473368
          0,           0,        7177,      -9.090773258,      -6.395618893,      -9.573012448,       -8.83447491
          0,           0,        7178,      -9.090797693,      -6.395623545,      -9.573055121,      -8.834476472
          0,           0,        7179,      -9.090822128,      -6.395628198,      -9.573097782,      -8.834478054
          0,           0,        7180,      -9.090846563,      -6.395632851,      -9.573140432,      -8.834479656
          0,           0,        7181,      -9.090870999,      -6.395637503,      -9.573183065,      -8.834481277
          0,           0,        7182,      -9.090895436,      -6.395642156,      -9.573225679,      -8.834482918
          0,           0,        7183,      -9.090919876,      -6.395646809,      -9.573268274,      -8.834484578
          0,           0,        7184,       -9.09094432,      -6.395651461,      -9.573310844,      -8.834486257
          0,           0,        7185,      -9.090968767,      -6.395656114,      -9.573353393,      -8.834487955
          0,           0,        7186,       -9.09099322,      -6.395660767,      -9.573395909,      -8.834489672
          0,           0,        7187,      -9.091017678,      -6.395665419,      -9.573438397,      -8.834491408
          0,           0,        7188,      -9.091042144,      -6.395670072,      -9.573480854,      -8.834493163
          0,           0,        7189,      -9.091066617,      -6.395674725,      -9.573523276,      -8.834494938
          0,           0,        7190,      -9.091091099,      -6.395679377,      -9.573565663,      -8.834496731
          0,           0,        7191,       -9.09111559,       -6.39568403,      -9.573608014,      -8.834498543
          0,           0,        7192,      -9.091140092,      -6.395688682,      -9.573650326,      -8.834500374
          0,           0,        7193,      -9.091164605,      -6.395693335,      -9.573692598,      -8.834502224
          0,           0,        7194,       -9.09118913,      -6.395697987,      -9.573734832,      -8.834504093
          0,           0,        7195,      -9.091213668,       -6.39570264,      -9.573777029,      -8.834505981
          0,           0,        7196,       -9.09123822,      -6.395707292,      -9.573819185,      -8.834507888
          0,           0,        7197,      -9.091262786,      -6.395711944,      -9.573861302,      -8.834509814
          0,           0,        7198,      -9.091287367,      -6.395716597,      -9.573903381,      -8.834511758
          0,           0,        7199,      -9.091311964,      -6.395721249,      -9.573945426,      -8.834513722
          0,           0,        7200,      -9.091336577,      -6.395725902,      -9.573987436,      -8.834515705
          0,           0,        7201,      -9.091361207,      -6.395730554,      -9.574029418,      -8.834517706
          0,           0,        7202,      -9.091385854,      -6.395735207,      -9.574071376,      -8.834519727
          0,           0,        7203,       -9.09141052,      -6.395739859,      -9.574113312,      -8.834521766
          0,           0,        7204,      -9.091435204,      -6.395744511,      -9.574155232,      -8.834523824
          0,           0,        7205,      -9.091459908,      -6.395749164,      -9.574197139,        -8.8345259
          0,           0,        7206,      -9.091484631,      -6.395753816,      -9.574239037,      -8.834527995
          0,           0,        7207,      -9.091509373,      -6.395758469,      -9.574280939,      -8.834530109
          0,           0,        7208,      -9.091534136,      -6.395763121,      -9.574322848,      -8.834532241
          0,           0,        7209,      -9.091558919,      -6.395767774,       -9.57436476,      -8.834534365
          0,           0,        7210,      -9.091583723,      -6.395772426,      -9.574406684,      -8.834536493
          0,           0,        7211,      -9.091608548,      -6.395777079,      -9.574448629,      -8.834538639
          0,           0,        7212,      -9.091633394,      -6.395781731,      -9.574490592,      -8.834540804
          0,           0,        7213,      -9.091658262,      -6.395786384,      -9.574532583,      -8.834542987
          0,           0,        7214,       -9.09168315,      -6.395791036,      -9.574574599,      -8.834545188
          0,           0,        7215,       -9.09170806,      -6.395795689,       -9.57461664,      -8.834547407
          0,           0,        7216,      -9.091732992,      -6.395800342,      -9.574658712,      -8.834549644
          0,           0,        7217,      -9.091757945,      -6.395804995,      -9.574700816,        -8.8345519
          0,           0,        7218,       -9.09178292,      -6.395809648,      -9.574742944,      -8.834554174
          0,           0,        7219,      -9.091807915,        -6.3958143,      -9.574785086,      -8.834556424
          0,           0,        7220,      -9.091832932,      -6.395818953,      -9.574827239,      -8.834558692
          0,           0,        7221,       -9.09185797,      -6.395823606,      -9.574869487,      -8.834560978
          0,           0,        7222,      -9.091883027,      -6.395828259,      -9.574911776,      -8.834563283
          0,           0,        7223,      -9.091908106,      -6.395832913,      -9.574954074,      -8.834565605
          0,           0,        7224,      -9.091933206,      -6.395837566,      -9.574996386,      -8.834567952
          0,           0,        7225,      -9.091958326,      -6.395842219,      -9.575038729,      -8.834570332
          0,           0,        7226,      -9.091983468,      -6.395846873,      -9.575081105,      -8.834572739
          0,           0,        7227,      -9.092008631,      -6.395851526,      -9.575123527,      -8.834575177
          0,           0,        7228,      -9.092033814,       -6.39585618,      -9.575166039,      -8.834577642
          0,           0,        7229,      -9.092059019,      -6.395860834,      -9.575208568,      -8.834580131
          0,           0,        7230,      -9.092084244,      -6.395865489,      -9.575251112,       -8.83458264
          0,           0,        7231,      -9.092109491,      -6.395870143,      -9.575293708,      -8.834585171
          0,           0,        7232,      -9.092134757,      -6.395874798,      -9.575336369,      -8.834587721
          0,           0,        7233,      -9.092160042,      -6.395879452,      -9.575379095,       -8.83459029
          0,           0,        7234,      -9.092185346,      -6.395884107,      -9.575421879,      -8.834592878
          0,           0,        7235,      -9.092210668,      -6.395888762,      -9.575464711,      -8.834595484
          0,           0,        7236,      -9.092236008,      -6.395893417,      -9.575507591,      -8.834598109
          0,           0,        7237,      -9.092261365,      -6.395898072,      -9.575550509,      -8.834600753
          0,           0,        7238,      -9.092286738,      -6.395902728,      -9.575593462,      -8.834603414
          0,           0,        7239,      -9.092312127,      -6.395907383,      -9.575636444,      -8.834606093
          0,           0,        7240,      -9.092337532,      -6.395912039,      -9.575679451,      -8.834608792
          0,           0,        7241,      -9.092362951,      -6.395916695,      -9.575722479,      -8.834611513
          0,           0,        7242,      -9.092388385,      -6.395921351,      -9.575765517,      -8.834614255
          0,           0,        7243,      -9.092413832,      -6.395926007,      -9.575808564,      -8.834617017
          0,           0,        7244,      -9.092439293,      -6.395930663,      -9.575851612,      -8.834619799
          0,           0,        7245,      -9.092464767,       -6.39593532,      -9.575894653,        -8.8346226
          0,           0,        7246,      -9.092490253,      -6.395939976,      -9.575937684,       -8.83462542
          0,           0,        7247,      -9.092515751,      -6.395944633,      -9.575980698,      -8.834628259
          0,           0,        7248,      -9.092541262,      -6.395949289,      -9.576023695,      -8.834631116
          0,           0,        7249,      -9.092566784,      -6.395953946,      -9.576066675,      -8.834633992
          0,           0,        7250,      -9.092592317,      -6.395958603,       -9.57610963,      -8.834636885
          0,           0,        7251,      -9.092617862,       -6.39596326,      -9.576152557,      -8.834639796
          0,           0,        7252,      -9.092643418,      -6.395967917,      -9.576195456,      -8.834642724
          0,           0,        7253,      -9.092668985,      -6.395972574,      -9.576238314,      -8.834645669
          0,           0,        7254,      -9.092694561,      -6.395977231,       -9.57628112,      -8.834648632
          0,           0,        7255,      -9.092720148,      -6.395981888,      -9.576323868,      -8.834651612
          0,           0,        7256,      -9.092745745,      -6.395986546,      -9.576366561,      -8.834654609
          0,           0,        7257,      -9.092771351,      -6.395991203,      -9.576409217,      -8.834657623
          0,           0,        7258,      -9.092796966,       -6.39599586,      -9.576451847,      -8.834660654
          0,           0,        7259,      -9.092822591,      -6.396000517,      -9.576494458,      -8.834663703
          0,           0,        7260,      -9.092848224,      -6.396005174,      -9.576537043,      -8.834666768
          0,           0,        7261,      -9.092873866,      -6.396009832,      -9.576579612,       -8.83466985
          0,           0,        7262,      -9.092899517,      -6.396014489,      -9.576622164,       -8.83467295
          0,           0,        7263,      -9.092925176,      -6.396019146,        -9.5766647,      -8.834676066
          0,           0,        7264,      -9.092950842,      -6.396023803,      -9.576707226,      -8.834679201
          0,           0,        7265,      -9.092976516,       -6.39602846,      -9.576749731,      -8.834682361
          0,           0,        7266,      -9.093002198,      -6.396033117,      -9.576792216,      -8.834685538
          0,           0,        7267,      -9.093027886,      -6.396037774,      -9.576834686,      -8.834688729
          0,           0,        7268,      -9.093053582,      -6.396042431,      -9.576877147,       -8.83469193
          0,           0,        7269,      -9.093079285,      -6.396047087,      -9.576919593,      -8.834695139
          0,           0,        7270,      -9.093104994,      -6.396051744,       -9.57696203,      -8.834698364
          0,           0,        7271,       -9.09313071,      -6.396056401,      -9.577004454,      -8.834701601
          0,           0,        7272,      -9.093156432,      -6.396061058,      -9.577046868,      -8.834704845
          0,           0,        7273,       -9.09318216,      -6.396065714,      -9.577089271,      -8.834708105
          0,           0,        7274,      -9.093207895,      -6.396070371,      -9.577131665,      -8.834711379
          0,           0,        7275,      -9.093233636,      -6.396075027,      -9.577174051,      -8.834714663
          0,           0,        7276,      -9.093259383,      -6.396079683,      -9.577216421,      -8.834717959
          0,           0,        7277,      -9.093285135,      -6.396084339,      -9.577258787,      -8.834721271
          0,           0,        7278,      -9.093310893,      -6.396088995,      -9.577301141,      -8.834724598
          0,           0,        7279,      -9.093336657,      -6.396093651,      -9.577343496,      -8.834727942
          0,           0,        7280,      -9.093362425,      -6.396098307,      -9.577385845,      -8.834731301
          0,           0,        7281,      -9.093388199,      -6.396102963,      -9.577428193,      -8.834734676
          0,           0,        7282,      -9.093413978,      -6.396107619,      -9.577470537,      -8.834738067
          0,           0,        7283,      -9.093439761,      -6.396112275,      -9.577512878,      -8.834741474
          0,           0,        7284,      -9.093465548,       -6.39611693,      -9.577555217,      -8.834744896
          0,           0,        7285,       -9.09349134,      -6.396121586,      -9.577597556,      -8.834748334
          0,           0,        7286,      -9.093517135,      -6.396126241,      -9.577639897,      -8.834751788
          0,           0,        7287,      -9.093542933,      -6.396130896,      -9.577682234,      -8.834755258
          0,           0,        7288,      -9.093568735,      -6.396135552,      -9.577724572,      -8.834758743
          0,           0,        7289,       -9.09359454,      -6.396140207,      -9.577766904,      -8.834762244
          0,           0,        7290,      -9.093620347,      -6.396144862,      -9.577809238,      -8.834765761
          0,           0,        7291,      -9.093646156,      -6.396149517,      -9.577851574,      -8.834769293
          0,           0,        7292,      -9.093671966,      -6.396154172,      -9.577893908,      -8.834772841
          0,           0,        7293,      -9.093697778,      -6.396158827,      -9.577936233,      -8.834776405
          0,           0,        7294,       -9.09372359,      -6.396163481,      -9.577978543,      -8.834779984
          0,           0,        7295,      -9.093749402,      -6.396168136,      -9.578020833,      -8.834783579
          0,           0,        7296,      -9.093775213,       -6.39617279,      -9.578063101,       -8.83478719
          0,           0,        7297,      -9.093801024,      -6.396177445,      -9.578105361,      -8.834790816
          0,           0,        7298,      -9.093826833,      -6.396182099,      -9.578147625,      -8.834794457
          0,           0,        7299,       -9.09385264,      -6.396186754,      -9.578189896,      -8.834798115
          0,           0,        7300,      -9.093878446,      -6.396191408,      -9.578232186,      -8.834801786
          0,           0,        7301,      -9.093904248,      -6.396196062,      -9.578274491,      -8.834805467
          0,           0,        7302,      -9.093930048,      -6.396200716,      -9.578316808,      -8.834809164
          0,           0,        7303,      -9.093955844,       -6.39620537,      -9.578359132,      -8.834812877
          0,           0,        7304,      -9.093981636,      -6.396210025,       -9.57840146,      -8.834816605
          0,           0,        7305,      -9.094007425,      -6.396214679,      -9.578443787,      -8.834820349
          0,           0,        7306,      -9.094033209,      -6.396219332,      -9.578486103,      -8.834824109
          0,           0,        7307,      -9.094058988,      -6.396223986,      -9.578528403,      -8.834827884
          0,           0,        7308,      -9.094084761,       -6.39622864,      -9.578570687,      -8.834831674
          0,           0,        7309,      -9.094110529,      -6.396233294,      -9.578612946,      -8.834835473
          0,           0,        7310,       -9.09413629,      -6.396237948,       -9.57865518,      -8.834839287
          0,           0,        7311,      -9.094162045,      -6.396242601,      -9.578697384,      -8.834843117
          0,           0,        7312,      -9.094187794,      -6.396247255,      -9.578739555,      -8.834846963
          0,           0,        7313,      -9.094213534,      -6.396251909,      -9.578781695,      -8.834850824
          0,           0,        7314,      -9.094239267,      -6.396256562,      -9.578823801,        -8.8348547
          0,           0,        7315,      -9.094264991,      -6.396261216,       -9.57886588,      -8.834858592
          0,           0,        7316,      -9.094290707,       -6.39626587,      -9.578907931,        -8.8348625
          0,           0,        7317,      -9.094316414,      -6.396270523,      -9.578949947,      -8.834866423
          0,           0,        7318,      -9.094342111,      -6.396275176,       -9.57899193,       -8.83487036
          0,           0,        7319,      -9.094367798,       -6.39627983,      -9.579033895,      -8.834874313
          0,           0,        7320,      -9.094393474,      -6.396284483,      -9.579075834,      -8.834878281
          0,           0,        7321,       -9.09441914,      -6.396289137,      -9.579117749,      -8.834882265
          0,           0,        7322,      -9.094444794,       -6.39629379,      -9.579159643,      -8.834886264
          0,           0,        7323,      -9.094470437,      -6.396298443,      -9.579201513,      -8.834890278
          0,           0,        7324,      -9.094496067,      -6.396303097,      -9.579243364,      -8.834894233
          0,           0,        7325,      -9.094521684,       -6.39630775,      -9.579285196,      -8.834898121
          0,           0,        7326,      -9.094547289,      -6.396312403,      -9.579327008,      -8.834901956
          0,           0,        7327,       -9.09457288,      -6.396317056,      -9.579368803,      -8.834905738
          0,           0,        7328,      -9.094598457,       -6.39632171,      -9.579410575,      -8.834909534
          0,           0,        7329,      -9.094624021,      -6.396326363,      -9.579452324,      -8.834913344
          0,           0,        7330,       -9.09464957,      -6.396331016,      -9.579494063,      -8.834917167
          0,           0,        7331,      -9.094675105,      -6.396335669,      -9.579535809,      -8.834921005
          0,           0,        7332,      -9.094700625,      -6.396340322,      -9.579577567,      -8.834924856
          0,           0,        7333,      -9.094726131,      -6.396344975,      -9.579619333,      -8.834928722
          0,           0,        7334,      -9.094751622,      -6.396349628,      -9.579661097,      -8.834932602
          0,           0,        7335,      -9.094777099,      -6.396354282,      -9.579702878,      -8.834936495
          0,           0,        7336,      -9.094802561,      -6.396358935,      -9.579744665,      -8.834940404
          0,           0,        7337,      -9.094828009,      -6.396363588,      -9.579786447,      -8.834944326
          0,           0,        7338,      -9.094853443,      -6.396368241,      -9.579828215,      -8.834948263
          0,           0,        7339,      -9.094878862,      -6.396372894,      -9.579869974,      -8.834952215
          0,           0,        7340,      -9.094904267,      -6.396377547,      -9.579911726,      -8.834956181
          0,           0,        7341,      -9.094929658,      -6.396382199,      -9.579953477,      -8.834960161
          0,           0,        7342,      -9.094955034,      -6.396386852,      -9.579995224,      -8.834964156
          0,           0,        7343,      -9.094980397,      -6.396391505,      -9.580036963,      -8.834968165
          0,           0,        7344,      -9.095005747,      -6.396396158,      -9.580078703,      -8.834972189
          0,           0,        7345,      -9.095031083,      -6.396400811,      -9.580120438,      -8.834976227
          0,           0,        7346,      -9.095056406,      -6.396405464,      -9.580162172,      -8.834980279
          0,           0,        7347,      -9.095081716,      -6.396410116,      -9.580203907,      -8.834984345
          0,           0,        7348,      -9.095107014,      -6.396414769,      -9.580245642,      -8.834988426
          0,           0,        7349,      -9.095132299,      -6.396419422,      -9.580287383,      -8.834992522
          0,           0,        7350,      -9.095157572,      -6.396424075,       -9.58032913,      -8.834996645
          0,           0,        7351,      -9.095182834,      -6.396428727,       -9.58037088,      -8.835000791
          0,           0,        7352,      -9.095208083,       -6.39643338,      -9.580412642,      -8.835004959
          0,           0,        7353,      -9.095233322,      -6.396438033,      -9.580454414,      -8.835009145
          0,           0,        7354,      -9.095258549,      -6.396442686,      -9.580496201,      -8.835013348
          0,           0,        7355,      -9.095283766,      -6.396447339,      -9.580538009,      -8.835017567
          0,           0,        7356,      -9.095308972,      -6.396451992,      -9.580579832,      -8.835021802
          0,           0,        7357,      -9.095334167,      -6.396456644,      -9.580621677,      -8.835026052
          0,           0,        7358,      -9.095359352,      -6.396461297,      -9.580663541,      -8.835030317
          0,           0,        7359,      -9.095384527,       -6.39646595,      -9.580705426,      -8.835034597
          0,           0,        7360,      -9.095409693,      -6.396470602,      -9.580747331,      -8.835038891
          0,           0,        7361,      -9.095434849,      -6.396475255,      -9.580789259,        -8.8350432
          0,           0,        7362,      -9.095459996,      -6.396479908,      -9.580831214,      -8.835047444
          0,           0,        7363,      -9.095485134,       -6.39648456,       -9.58087319,      -8.835051674
          0,           0,        7364,      -9.095510263,      -6.396489213,      -9.580915189,      -8.835055918
          0,           0,        7365,      -9.095535384,      -6.396493865,      -9.580957212,      -8.835060176
          0,           0,        7366,      -9.095560496,      -6.396498518,      -9.580999252,      -8.835064372
          0,           0,        7367,        -9.0955856,       -6.39650317,       -9.58104132,      -8.835068552
          0,           0,        7368,      -9.095610697,      -6.396507822,      -9.581083408,      -8.835072747
          0,           0,        7369,      -9.095635786,      -6.396512474,      -9.581125518,      -8.835076956
          0,           0,        7370,      -9.095660867,      -6.396517126,      -9.581167646,      -8.835081179
          0,           0,        7371,      -9.095685942,      -6.396521778,      -9.581209794,      -8.835085416
          0,           0,        7372,       -9.09571101,       -6.39652643,      -9.581251962,      -8.835089666
          0,           0,        7373,      -9.095736072,      -6.396531082,      -9.581294145,       -8.83509393
          0,           0,        7374,      -9.095761127,      -6.396535734,      -9.581336344,      -8.835098207
          0,           0,        7375,      -9.095786177,      -6.396540386,      -9.581378561,      -8.835102498
          0,           0,        7376,      -9.095811221,      -6.396545037,      -9.581420793,      -8.835106804
          0,           0,        7377,       -9.09583626,      -6.396549689,      -9.581463039,      -8.835111124
          0,           0,        7378,      -9.095861293,       -6.39655434,      -9.581505295,      -8.835115458
          0,           0,        7379,      -9.095886323,      -6.396558992,      -9.581547562,      -8.835119806
          0,           0,        7380,      -9.095911347,      -6.396563643,      -9.581589841,      -8.835124168
          0,           0,        7381,      -9.095936368,      -6.396568294,      -9.581632128,      -8.835128544
          0,           0,        7382,      -9.095961385,      -6.396572945,      -9.581674422,      -8.835132934
          0,           0,        7383,      -9.095986398,      -6.396577596,      -9.581716719,      -8.835137338
          0,           0,        7384,      -9.096011408,      -6.396582246,      -9.581759024,      -8.835141757
          0,           0,        7385,      -9.096036415,      -6.396586897,      -9.581801332,      -8.835146189
          0,           0,        7386,      -9.096061419,      -6.396591548,      -9.581843644,      -8.835150635
          0,           0,        7387,       -9.09608642,      -6.396596198,      -9.581885957,      -8.835155096
          0,           0,        7388,       -9.09611142,      -6.396600848,      -9.581928272,       -8.83515957
          0,           0,        7389,      -9.096136417,      -6.396605498,      -9.581970592,      -8.835164058
          0,           0,        7390,      -9.096161412,      -6.396610148,      -9.582012912,       -8.83516856
          0,           0,        7391,      -9.096186405,      -6.396614798,      -9.582055234,      -8.835173076
          0,           0,        7392,      -9.096211397,      -6.396619448,      -9.582097553,      -8.835177605
          0,           0,        7393,      -9.096236388,      -6.396624097,      -9.582139876,      -8.835182148
          0,           0,        7394,      -9.096261377,      -6.396628747,        -9.5821822,      -8.835186704
          0,           0,        7395,      -9.096286365,      -6.396633396,      -9.582224521,      -8.835191281
          0,           0,        7396,      -9.096311353,      -6.396638045,      -9.582266839,      -8.835195887
          0,           0,        7397,      -9.096336339,      -6.396642694,      -9.582309158,       -8.83520051
          0,           0,        7398,      -9.096361325,      -6.396647343,      -9.582351478,      -8.835205147
          0,           0,        7399,       -9.09638631,      -6.396651991,      -9.582393796,      -8.835209796
          0,           0,        7400,      -9.096411294,       -6.39665664,      -9.582436111,      -8.835214459
          0,           0,        7401,      -9.096436278,      -6.396661288,      -9.582478426,      -8.835219134
          0,           0,        7402,      -9.096461261,      -6.396665936,      -9.582520737,      -8.835223822
          0,           0,        7403,      -9.096486244,      -6.396670584,      -9.582563043,      -8.835228523
          0,           0,        7404,      -9.096511227,      -6.396675232,      -9.582605346,      -8.835233237
          0,           0,        7405,       -9.09653621,       -6.39667988,      -9.582647644,      -8.835237963
          0,           0,        7406,      -9.096561192,      -6.396684527,      -9.582689939,      -8.835242703
          0,           0,        7407,      -9.096586174,      -6.396689175,      -9.582732235,      -8.835247456
          0,           0,        7408,      -9.096611156,      -6.396693822,      -9.582774525,      -8.835252223
          0,           0,        7409,      -9.096636137,      -6.396698469,       -9.58281681,      -8.835257004
          0,           0,        7410,      -9.096661119,      -6.396703116,      -9.582859091,      -8.835261799
          0,           0,        7411,        -9.0966861,      -6.396707762,      -9.582901372,      -8.835266608
          0,           0,        7412,       -9.09671108,      -6.396712409,      -9.582943649,      -8.835271432
          0,           0,        7413,      -9.096736061,      -6.396717055,      -9.582985926,      -8.835276269
          0,           0,        7414,      -9.096761041,      -6.396721701,      -9.583028203,      -8.835281121
          0,           0,        7415,       -9.09678602,      -6.396726347,      -9.583070478,      -8.835285986
          0,           0,        7416,      -9.096810999,      -6.396730993,      -9.583112753,      -8.835290864
          0,           0,        7417,      -9.096835978,      -6.396735639,      -9.583155037,      -8.835295755
          0,           0,        7418,      -9.096860956,      -6.396740284,      -9.583197324,       -8.83530066
          0,           0,        7419,      -9.096885933,      -6.396744929,      -9.583239618,      -8.835305579
          0,           0,        7420,      -9.096910909,      -6.396749574,      -9.583281917,      -8.835310511
          0,           0,        7421,      -9.096935885,      -6.396754219,       -9.58332423,      -8.835315457
          0,           0,        7422,      -9.096960859,      -6.396758864,      -9.583366566,      -8.835320417
          0,           0,        7423,      -9.096985832,      -6.396763508,      -9.583408927,      -8.835325389
          0,           0,        7424,      -9.097010804,      -6.396768152,      -9.583451324,      -8.835330375
          0,           0,        7425,      -9.097035774,      -6.396772797,      -9.583493792,      -8.835335375
          0,           0,        7426,      -9.097060742,       -6.39677744,       -9.58353638,      -8.835340387
          0,           0,        7427,      -9.097085707,      -6.396782084,      -9.583579205,      -8.835345413
          0,           0,        7428,      -9.097110669,      -6.396786727,      -9.583622313,      -8.835350453
          0,           0,        7429,      -9.097135627,      -6.396791371,      -9.583665034,      -8.835355505
          0,           0,        7430,       -9.09716058,      -6.396796014,        -9.5837073,       -8.83536057
          0,           0,        7431,      -9.097185531,      -6.396800657,      -9.583749385,      -8.835365649
          0,           0,        7432,       -9.09721048,        -6.3968053,      -9.583791462,      -8.835370741
          0,           0,        7433,      -9.097235427,      -6.396809942,      -9.583833591,      -8.835375845
          0,           0,        7434,      -9.097260371,      -6.396814585,      -9.583875782,      -8.835380963
          0,           0,        7435,      -9.097285313,      -6.396819227,      -9.583918017,      -8.835386095
          0,           0,        7436,      -9.097310253,      -6.396823869,      -9.583960222,       -8.83539124
          0,           0,        7437,       -9.09733519,      -6.396828511,      -9.584002438,      -8.835396399
          0,           0,        7438,      -9.097360125,      -6.396833153,      -9.584044683,      -8.835401572
          0,           0,        7439,      -9.097385057,      -6.396837795,      -9.584086968,      -8.835406759
          0,           0,        7440,      -9.097409987,      -6.396842436,      -9.584129283,      -8.835411959
          0,           0,        7441,      -9.097434914,      -6.396847077,      -9.584171615,      -8.835417173
          0,           0,        7442,      -9.097459838,      -6.396851719,      -9.584213678,        -8.8354224
          0,           0,        7443,       -9.09748476,       -6.39685636,      -9.584255245,      -8.835427641
          0,           0,        7444,      -9.097509681,      -6.396861001,       -9.58429693,      -8.835432895
          0,           0,        7445,      -9.097534601,      -6.396865641,      -9.584338966,      -8.835438163
          0,           0,        7446,      -9.097559518,      -6.396870282,      -9.584381281,      -8.835443451
          0,           0,        7447,      -9.097584433,      -6.396874922,      -9.584423748,      -8.835448756
          0,           0,        7448,      -9.097609343,      -6.396879562,      -9.584466275,      -8.835454078
          0,           0,        7449,      -9.097634249,      -6.396884202,      -9.584508807,      -8.835459416
          0,           0,        7450,       -9.09765915,      -6.396888841,      -9.584551319,      -8.835464771
          0,           0,        7451,      -9.097684047,      -6.396893481,      -9.584593801,       -8.83547014
          0,           0,        7452,      -9.097708937,       -6.39689812,      -9.584636253,      -8.835475526
          0,           0,        7453,      -9.097733822,      -6.396902758,      -9.584678666,      -8.835480928
          0,           0,        7454,      -9.097758701,      -6.396907397,      -9.584721043,      -8.835486346
          0,           0,        7455,      -9.097783573,      -6.396912035,      -9.584763387,       -8.83549178
          0,           0,        7456,      -9.097808439,      -6.396916672,      -9.584805698,      -8.835497228
          0,           0,        7457,      -9.097833299,       -6.39692131,      -9.584847979,      -8.835502691
          0,           0,        7458,      -9.097858151,      -6.396925946,      -9.584890232,      -8.835508169
          0,           0,        7459,      -9.097882997,      -6.396930583,      -9.584932461,       -8.83551366
          0,           0,        7460,      -9.097907836,      -6.396935219,      -9.584974668,      -8.835519166
          0,           0,        7461,      -9.097932669,      -6.396939855,      -9.585016851,      -8.835524686
          0,           0,        7462,      -9.097957494,       -6.39694449,      -9.585059013,      -8.835530219
          0,           0,        7463,      -9.097982314,      -6.396949125,      -9.585101162,      -8.835535766
          0,           0,        7464,      -9.098007127,      -6.396953759,      -9.585143295,      -8.835541326
          0,           0,        7465,      -9.098031935,      -6.396958393,      -9.585185418,      -8.835546899
          0,           0,        7466,      -9.098056737,      -6.396963026,      -9.585227533,      -8.835552485
          0,           0,        7467,      -9.098081534,      -6.396967659,      -9.585269641,      -8.835558085
          0,           0,        7468,      -9.098106327,      -6.396972292,      -9.585311746,      -8.835563697
          0,           0,        7469,      -9.098131115,      -6.396976924,      -9.585353851,      -8.835569322
          0,           0,        7470,      -9.098155899,      -6.396981555,      -9.585395955,       -8.83557496
          0,           0,        7471,       -9.09818068,      -6.396986187,      -9.585438061,       -8.83558061
          0,           0,        7472,      -9.098205458,      -6.396990817,      -9.585480171,      -8.835586273
          0,           0,        7473,      -9.098230233,      -6.396995448,      -9.585522284,      -8.835591949
          0,           0,        7474,      -9.098255007,      -6.397000078,      -9.585564398,      -8.835597638
          0,           0,        7475,       -9.09827978,      -6.397004707,      -9.585606515,      -8.835603344
          0,           0,        7476,      -9.098304552,      -6.397009336,      -9.585648635,      -8.835609081
          0,           0,        7477,      -9.098329325,      -6.397013965,      -9.585690757,      -8.835614839
          0,           0,        7478,      -9.098354098,      -6.397018594,       -9.58573288,      -8.835620611
          0,           0,        7479,      -9.098378872,      -6.397023222,      -9.585775006,      -8.835626396
          0,           0,        7480,      -9.098403649,      -6.397027849,      -9.585817134,      -8.835632194
          0,           0,        7481,      -9.098428427,      -6.397032477,      -9.585859267,      -8.835638003
          0,           0,        7482,      -9.098453209,      -6.397037104,      -9.585901401,      -8.835643825
          0,           0,        7483,      -9.098477995,       -6.39704173,      -9.585943534,      -8.835649658
          0,           0,        7484,      -9.098502786,      -6.397046356,      -9.585985672,      -8.835655503
          0,           0,        7485,      -9.098527581,      -6.397050982,      -9.586027813,       -8.83566136
          0,           0,        7486,      -9.098552382,      -6.397055608,      -9.586069957,      -8.835667229
          0,           0,        7487,      -9.098577188,      -6.397060233,      -9.586112103,       -8.83567311
          0,           0,        7488,      -9.098602002,      -6.397064858,      -9.586154253,      -8.835679002
          0,           0,        7489,      -9.098626822,      -6.397069482,      -9.586196407,      -8.835684906
          0,           0,        7490,       -9.09865165,      -6.397074106,      -9.586238564,      -8.835690822
          0,           0,        7491,      -9.098676486,       -6.39707873,      -9.586280728,       -8.83569675
          0,           0,        7492,       -9.09870133,      -6.397083353,      -9.586322895,      -8.835702689
          0,           0,        7493,      -9.098726182,      -6.397087976,       -9.58636507,      -8.835708641
          0,           0,        7494,      -9.098751044,      -6.397092599,      -9.586407256,      -8.835714604
          0,           0,        7495,      -9.098775915,      -6.397097221,      -9.586449448,      -8.835720578
          0,           0,        7496,      -9.098800795,      -6.397101843,      -9.586491649,      -8.835726565
          0,           0,        7497,      -9.098825685,      -6.397106465,      -9.586533853,      -8.835732563
          0,           0,        7498,      -9.098850585,      -6.397111086,      -9.586576064,      -8.835738573
          0,           0,        7499,      -9.098875495,      -6.397115707,      -9.586618289,      -8.835744594
          0,           0,        7500,      -9.098900415,      -6.397120328,      -9.586660522,      -8.835750607
          0,           0,        7501,      -9.098925345,      -6.397124948,      -9.586702761,       -8.83575663
          0,           0,        7502,      -9.098950285,      -6.397129568,      -9.586745004,      -8.835762665
          0,           0,        7503,      -9.098975236,      -6.397134188,      -9.586787256,       -8.83576869
          0,           0,        7504,      -9.099000196,      -6.397138807,      -9.586829515,      -8.835774733
          0,           0,        7505,      -9.099025167,      -6.397143426,      -9.586871784,      -8.835780796
          0,           0,        7506,      -9.099050148,      -6.397148045,      -9.586914066,      -8.835786877
          0,           0,        7507,      -9.099075139,      -6.397152664,      -9.586956361,      -8.835792975
          0,           0,        7508,       -9.09910014,      -6.397157282,      -9.586998675,      -8.835799088
          0,           0,        7509,      -9.099125151,        -6.3971619,      -9.587041011,      -8.835805215
          0,           0,        7510,      -9.099150172,      -6.397166517,      -9.587083375,      -8.835811356
          0,           0,        7511,      -9.099175203,      -6.397171135,      -9.587125773,       -8.83581751
          0,           0,        7512,      -9.099200244,      -6.397175752,      -9.587168201,      -8.835823676
          0,           0,        7513,      -9.099225295,      -6.397180368,      -9.587210634,      -8.835829854
          0,           0,        7514,      -9.099250355,      -6.397184985,      -9.587253051,      -8.835836044
          0,           0,        7515,      -9.099275425,      -6.397189601,       -9.58729545,      -8.835842247
          0,           0,        7516,      -9.099300503,      -6.397194216,       -9.58733784,      -8.835848461
          0,           0,        7517,       -9.09932559,      -6.397198832,      -9.587380238,      -8.835854687
          0,           0,        7518,      -9.099350686,      -6.397203447,      -9.587422668,      -8.835860925
          0,           0,        7519,      -9.099375791,      -6.397208062,      -9.587465135,      -8.835867174
          0,           0,        7520,      -9.099400903,      -6.397212676,      -9.587507647,      -8.835873435
          0,           0,        7521,      -9.099426024,       -6.39721729,      -9.587550211,      -8.835879707
          0,           0,        7522,      -9.099451153,      -6.397221904,      -9.587592826,      -8.835885991
          0,           0,        7523,      -9.099476289,      -6.397226517,      -9.587635496,      -8.835892285
          0,           0,        7524,      -9.099501434,       -6.39723113,      -9.587678217,       -8.83589859
          0,           0,        7525,      -9.099526585,      -6.397235743,       -9.58772099,      -8.835904905
          0,           0,        7526,      -9.099551744,      -6.397240355,      -9.587763811,      -8.835911231
          0,           0,        7527,      -9.099576911,      -6.397244967,       -9.58780668,      -8.835917568
          0,           0,        7528,      -9.099602084,      -6.397249579,        -9.5878496,      -8.835923917
          0,           0,        7529,      -9.099627265,       -6.39725419,      -9.587892574,      -8.835930276
          0,           0,        7530,      -9.099652453,      -6.397258801,      -9.587935614,      -8.835936647
          0,           0,        7531,      -9.099677647,      -6.397263412,      -9.587978755,      -8.835943029
          0,           0,        7532,      -9.099702849,      -6.397268022,      -9.588022056,      -8.835949423
          0,           0,        7533,      -9.099728057,      -6.397272632,      -9.588065567,      -8.835955827
          0,           0,        7534,      -9.099753271,      -6.397277242,      -9.588108999,      -8.835962243
          0,           0,        7535,      -9.099778492,      -6.397281851,      -9.588152049,      -8.835968669
          0,           0,        7536,       -9.09980372,       -6.39728646,      -9.588194883,      -8.835975107
          0,           0,        7537,      -9.099828956,      -6.397291069,      -9.588237673,      -8.835981555
          0,           0,        7538,        -9.0998542,      -6.397295677,      -9.588280498,      -8.835988015
          0,           0,        7539,      -9.099879452,      -6.397300285,      -9.588323371,      -8.835994486
          0,           0,        7540,      -9.099904713,      -6.397304893,       -9.58836629,      -8.836000968
          0,           0,        7541,      -9.099929983,        -6.3973095,      -9.588409247,      -8.836007462
          0,           0,        7542,      -9.099955262,      -6.397314108,      -9.588452242,      -8.836013966
          0,           0,        7543,       -9.09998055,      -6.397318714,      -9.588495224,      -8.836020482
          0,           0,        7544,      -9.100005849,      -6.397323321,      -9.588538195,       -8.83602701
          0,           0,        7545,      -9.100031156,      -6.397327927,      -9.588581154,      -8.836033538
          0,           0,        7546,      -9.100056474,      -6.397332533,      -9.588624087,      -8.836040064
          0,           0,        7547,      -9.100081801,      -6.397337139,      -9.588666993,      -8.836046582
          0,           0,        7548,      -9.100107137,      -6.397341744,      -9.588709887,      -8.836053106
          0,           0,        7549,      -9.100132482,      -6.397346349,      -9.588752788,      -8.836059642
          0,           0,        7550,      -9.100157836,      -6.397350953,      -9.588795692,       -8.83606619
          0,           0,        7551,      -9.100183198,      -6.397355558,      -9.588838464,      -8.836072748
          0,           0,        7552,      -9.100208567,      -6.397360162,       -9.58888084,      -8.836079319
          0,           0,        7553,      -9.100233944,      -6.397364765,      -9.588923118,        -8.8360859
          0,           0,        7554,      -9.100259328,      -6.397369369,      -9.588965577,      -8.836092493
          0,           0,        7555,      -9.100284717,      -6.397373971,      -9.589008232,      -8.836099098
          0,           0,        7556,      -9.100310111,      -6.397378574,      -9.589050999,      -8.836105713
          0,           0,        7557,      -9.100335507,      -6.397383176,      -9.589093808,       -8.83611234
          0,           0,        7558,      -9.100360904,      -6.397387778,      -9.589136611,      -8.836118979
          0,           0,        7559,        -9.1003863,      -6.397392379,       -9.58917941,      -8.836125632
          0,           0,        7560,      -9.100411692,       -6.39739698,      -9.589222253,      -8.836132298
          0,           0,        7561,      -9.100437079,      -6.397401581,      -9.589264946,      -8.836138978
          0,           0,        7562,      -9.100462457,      -6.397406181,      -9.589307392,      -8.836145671
          0,           0,        7563,      -9.100487827,      -6.397410781,      -9.589349645,      -8.836152376
          0,           0,        7564,      -9.100513186,       -6.39741538,       -9.58939178,      -8.836159095
          0,           0,        7565,      -9.100538534,      -6.397419979,      -9.589433834,      -8.836165825
          0,           0,        7566,      -9.100563868,      -6.397424578,      -9.589475817,      -8.836172568
          0,           0,        7567,      -9.100589187,      -6.397429176,      -9.589517754,      -8.836179323
          0,           0,        7568,      -9.100614488,      -6.397433774,      -9.589559666,      -8.836186089
          0,           0,        7569,       -9.10063977,      -6.397438372,      -9.589601565,      -8.836192867
          0,           0,        7570,      -9.100665031,      -6.397442969,       -9.58964333,      -8.836199677
          0,           0,        7571,      -9.100690269,      -6.397447566,      -9.589684974,      -8.836206508
          0,           0,        7572,      -9.100715484,      -6.397452163,      -9.589726714,      -8.836213355
          0,           0,        7573,      -9.100740674,      -6.397456759,      -9.589768595,      -8.836220216
          0,           0,        7574,      -9.100765837,      -6.397461355,      -9.589810602,      -8.836227089
          0,           0,        7575,      -9.100790968,      -6.397465951,      -9.589852706,      -8.836233974
          0,           0,        7576,      -9.100816068,      -6.397470546,      -9.589894878,      -8.836240869
          0,           0,        7577,      -9.100841133,      -6.397475141,      -9.589937098,      -8.836247775
          0,           0,        7578,      -9.100866163,      -6.397479735,       -9.58997936,      -8.836254692
          0,           0,        7579,      -9.100891156,      -6.397484329,      -9.590021662,       -8.83626162
          0,           0,        7580,      -9.100916112,      -6.397488923,      -9.590064005,      -8.836268557
          0,           0,        7581,      -9.100941029,      -6.397493516,      -9.590106387,      -8.836275506
          0,           0,        7582,      -9.100965909,      -6.397498109,      -9.590148802,      -8.836282464
          0,           0,        7583,       -9.10099075,      -6.397502701,      -9.590191249,      -8.836289433
          0,           0,        7584,      -9.101015553,      -6.397507293,      -9.590233728,      -8.836296412
          0,           0,        7585,      -9.101040318,      -6.397511884,      -9.590276226,      -8.836303402
          0,           0,        7586,      -9.101065047,      -6.397516475,      -9.590318738,      -8.836310402
          0,           0,        7587,      -9.101089739,      -6.397521066,      -9.590361262,      -8.836317412
          0,           0,        7588,      -9.101114397,      -6.397525655,      -9.590403793,      -8.836324432
          0,           0,        7589,      -9.101139022,      -6.397530245,      -9.590446318,      -8.836331463
          0,           0,        7590,      -9.101163615,      -6.397534834,      -9.590488837,      -8.836338503
          0,           0,        7591,      -9.101188178,      -6.397539422,      -9.590531346,      -8.836345554
          0,           0,        7592,      -9.101212713,      -6.397544009,      -9.590573839,      -8.836352616
          0,           0,        7593,      -9.101237221,      -6.397548596,      -9.590616315,      -8.836359687
          0,           0,        7594,      -9.101261705,      -6.397553183,       -9.59065877,      -8.836366768
          0,           0,        7595,      -9.101286167,      -6.397557769,      -9.590701212,       -8.83637386
          0,           0,        7596,      -9.101310608,      -6.397562354,      -9.590743635,      -8.836380962
          0,           0,        7597,      -9.101335031,      -6.397566938,      -9.590786041,      -8.836388072
          0,           0,        7598,      -9.101359439,      -6.397571522,      -9.590828434,      -8.836395191
          0,           0,        7599,      -9.101383832,      -6.397576105,       -9.59087082,      -8.836402321
          0,           0,        7600,      -9.101408214,      -6.397580688,      -9.590913196,       -8.83640946
          0,           0,        7601,      -9.101432587,       -6.39758527,      -9.590955567,       -8.83641661
          0,           0,        7602,      -9.101456952,      -6.397589851,      -9.590997931,      -8.836423769
          0,           0,        7603,      -9.101481312,      -6.397594432,      -9.591040285,      -8.836430939
          0,           0,        7604,      -9.101505668,      -6.397599012,      -9.591082634,      -8.836438119
          0,           0,        7605,      -9.101530023,      -6.397603591,      -9.591124975,      -8.836445308
          0,           0,        7606,      -9.101554378,       -6.39760817,      -9.591167305,      -8.836452508
          0,           0,        7607,      -9.101578734,      -6.397612748,      -9.591209624,      -8.836459718
          0,           0,        7608,      -9.101603095,      -6.397617325,      -9.591251928,      -8.836466937
          0,           0,        7609,      -9.101627461,      -6.397621902,      -9.591294218,      -8.836474167
          0,           0,        7610,      -9.101651833,      -6.397626478,      -9.591336492,      -8.836481407
          0,           0,        7611,      -9.101676214,      -6.397631053,      -9.591378754,      -8.836488656
          0,           0,        7612,      -9.101700604,      -6.397635628,      -9.591421001,      -8.836495916
          0,           0,        7613,      -9.101725005,      -6.397640202,      -9.591463237,      -8.836503185
          0,           0,        7614,      -9.101749419,      -6.397644775,      -9.591505461,      -8.836510465
          0,           0,        7615,      -9.101773846,      -6.397649348,      -9.591547677,      -8.836517753
          0,           0,        7616,      -9.101798288,       -6.39765392,      -9.591589891,      -8.836525051
          0,           0,        7617,      -9.101822746,      -6.397658491,      -9.591632103,      -8.836532358
          0,           0,        7618,      -9.101847221,      -6.397663062,      -9.591674316,      -8.836539676
          0,           0,        7619,      -9.101871713,      -6.397667632,       -9.59171654,      -8.836547003
          0,           0,        7620,      -9.101896224,      -6.397672202,      -9.591758775,       -8.83655434
          0,           0,        7621,      -9.101920754,      -6.397676771,       -9.59180102,      -8.836561687
          0,           0,        7622,      -9.101945305,      -6.397681339,      -9.591843282,      -8.836569044
          0,           0,        7623,      -9.101969876,      -6.397685907,      -9.591885566,      -8.836576411
          0,           0,        7624,      -9.101994469,      -6.397690474,       -9.59192788,      -8.836583787
          0,           0,        7625,      -9.102019084,      -6.397695041,      -9.591970224,      -8.836591173
          0,           0,        7626,      -9.102043722,      -6.397699607,      -9.592012597,      -8.836598569
          0,           0,        7627,      -9.102068382,      -6.397704172,      -9.592054999,      -8.836605974
          0,           0,        7628,      -9.102093065,      -6.397708737,      -9.592097441,      -8.836613388
          0,           0,        7629,      -9.102117772,      -6.397713301,      -9.592139923,       -8.83662081
          0,           0,        7630,      -9.102142503,      -6.397717865,      -9.592182446,      -8.836628242
          0,           0,        7631,      -9.102167257,      -6.397722428,      -9.592225009,      -8.836635683
          0,           0,        7632,      -9.102192036,       -6.39772699,      -9.592267617,      -8.836643134
          0,           0,        7633,      -9.102216838,      -6.397731552,      -9.592310271,      -8.836650593
          0,           0,        7634,      -9.102241665,      -6.397736114,      -9.592352972,      -8.836658062
          0,           0,        7635,      -9.102266516,      -6.397740674,      -9.592395717,       -8.83666554
          0,           0,        7636,       -9.10229139,      -6.397745235,      -9.592438504,      -8.836673028
          0,           0,        7637,      -9.102316289,      -6.397749794,      -9.592481329,      -8.836680524
          0,           0,        7638,      -9.102341211,      -6.397754354,      -9.592524187,       -8.83668803
          0,           0,        7639,      -9.102366156,      -6.397758912,      -9.592567075,      -8.836695545
          0,           0,        7640,      -9.102391123,      -6.397763471,      -9.592609998,      -8.836703069
          0,           0,        7641,      -9.102416113,      -6.397768028,      -9.592652958,      -8.836710602
          0,           0,        7642,      -9.102441126,      -6.397772585,      -9.592695961,      -8.836718144
          0,           0,        7643,       -9.10246616,      -6.397777142,      -9.592739019,      -8.836725695
          0,           0,        7644,      -9.102491216,      -6.397781698,      -9.592782135,      -8.836733256
          0,           0,        7645,      -9.102516292,      -6.397786253,      -9.592825308,      -8.836740825
          0,           0,        7646,       -9.10254139,      -6.397790808,      -9.592868542,      -8.836748404
          0,           0,        7647,      -9.102566508,      -6.397795363,      -9.592911839,      -8.836755991
          0,           0,        7648,      -9.102591647,      -6.397799917,      -9.592955193,      -8.836763588
          0,           0,        7649,      -9.102616805,      -6.397804471,      -9.592998604,      -8.836771193
          0,           0,        7650,      -9.102641982,      -6.397809024,      -9.593042069,      -8.836778808
          0,           0,        7651,      -9.102667178,      -6.397813576,      -9.593085579,      -8.836786431
          0,           0,        7652,      -9.102692393,      -6.397818128,      -9.593129126,      -8.836794064
          0,           0,        7653,      -9.102717626,       -6.39782268,       -9.59317271,      -8.836801705
          0,           0,        7654,      -9.102742877,      -6.397827231,      -9.593216321,      -8.836809356
          0,           0,        7655,      -9.102768145,      -6.397831782,      -9.593259948,      -8.836817016
          0,           0,        7656,      -9.102793431,      -6.397836332,       -9.59330359,      -8.836824686
          0,           0,        7657,      -9.102818733,      -6.397840881,      -9.593347239,      -8.836832363
          0,           0,        7658,      -9.102844052,      -6.397845431,      -9.593390887,      -8.836840049
          0,           0,        7659,      -9.102869387,      -6.397849979,       -9.59343453,      -8.836847743
          0,           0,        7660,      -9.102894737,      -6.397854528,       -9.59347817,      -8.836855444
          0,           0,        7661,      -9.102920103,      -6.397859075,      -9.593521805,      -8.836863154
          0,           0,        7662,      -9.102945484,      -6.397863623,      -9.593565439,      -8.836870872
          0,           0,        7663,       -9.10297088,       -6.39786817,      -9.593609087,      -8.836878598
          0,           0,        7664,      -9.102996289,      -6.397872716,      -9.593652791,      -8.836886332
          0,           0,        7665,      -9.103021712,      -6.397877262,      -9.593696638,      -8.836894074
          0,           0,        7666,      -9.103047147,      -6.397881808,      -9.593740769,      -8.836901824
          0,           0,        7667,      -9.103072593,      -6.397886353,      -9.593784701,      -8.836909582
          0,           0,        7668,      -9.103098049,      -6.397890898,      -9.593828131,      -8.836917348
          0,           0,        7669,      -9.103123516,      -6.397895442,      -9.593871299,      -8.836925122
          0,           0,        7670,      -9.103148996,      -6.397899986,      -9.593914414,      -8.836932904
          0,           0,        7671,      -9.103174488,       -6.39790453,      -9.593957569,      -8.836940694
          0,           0,        7672,      -9.103199992,      -6.397909073,      -9.594000799,      -8.836948492
          0,           0,        7673,      -9.103225507,      -6.397913616,      -9.594044066,      -8.836956297
          0,           0,        7674,      -9.103251033,      -6.397918159,      -9.594087242,       -8.83696411
          0,           0,        7675,       -9.10327657,      -6.397922701,       -9.59413031,      -8.836971929
          0,           0,        7676,      -9.103302118,      -6.397927242,      -9.594173331,      -8.836979755
          0,           0,        7677,      -9.103327675,      -6.397931784,      -9.594216355,      -8.836987589
          0,           0,        7678,       -9.10335324,      -6.397936325,      -9.594259405,      -8.836995431
          0,           0,        7679,      -9.103378815,      -6.397940866,      -9.594302367,       -8.83700328
          0,           0,        7680,      -9.103404397,      -6.397945406,      -9.594344827,      -8.837011137
          0,           0,        7681,      -9.103429989,      -6.397949946,      -9.594387297,      -8.837019003
          0,           0,        7682,       -9.10345559,      -6.397954485,       -9.59443012,      -8.837026877
          0,           0,        7683,      -9.103481198,      -6.397959024,      -9.594473278,      -8.837034776
          0,           0,        7684,      -9.103506813,      -6.397963563,      -9.594516645,      -8.837042692
          0,           0,        7685,      -9.103532432,      -6.397968101,      -9.594560123,      -8.837050621
          0,           0,        7686,      -9.103558054,      -6.397972639,      -9.594603643,       -8.83705856
          0,           0,        7687,      -9.103583679,      -6.397977177,      -9.594647159,      -8.837066509
          0,           0,        7688,      -9.103609306,      -6.397981714,       -9.59469066,      -8.837074467
          0,           0,        7689,      -9.103634934,       -6.39798625,      -9.594734148,      -8.837082433
          0,           0,        7690,      -9.103660562,      -6.397990786,      -9.594777635,      -8.837090386
          0,           0,        7691,       -9.10368619,      -6.397995321,      -9.594821125,      -8.837098324
          0,           0,        7692,      -9.103711819,      -6.397999856,       -9.59486463,       -8.83710627
          0,           0,        7693,      -9.103737446,       -6.39800439,      -9.594908149,      -8.837114223
          0,           0,        7694,      -9.103763073,      -6.398008923,      -9.594951711,      -8.837122183
          0,           0,        7695,        -9.1037887,      -6.398013456,      -9.594995344,      -8.837130151
          0,           0,        7696,      -9.103814325,      -6.398017988,      -9.595039051,      -8.837138101
          0,           0,        7697,       -9.10383995,       -6.39802252,      -9.595082665,      -8.837146053
          0,           0,        7698,      -9.103865574,      -6.398027051,      -9.595126017,      -8.837154016
          0,           0,        7699,      -9.103891198,      -6.398031581,      -9.595169155,      -8.837161991
          0,           0,        7700,      -9.103916821,      -6.398036111,       -9.59521212,      -8.837169976
          0,           0,        7701,      -9.103942444,       -6.39804064,      -9.595254977,       -8.83717797
          0,           0,        7702,      -9.103968065,      -6.398045169,      -9.595297818,      -8.837185973
          0,           0,        7703,      -9.103993687,      -6.398049696,      -9.595340701,      -8.837193985
          0,           0,        7704,      -9.104019309,      -6.398054224,      -9.595383644,      -8.837202005
          0,           0,        7705,      -9.104044931,       -6.39805875,      -9.595426638,      -8.837210033
          0,           0,        7706,      -9.104070554,      -6.398063276,      -9.595469676,      -8.837218068
          0,           0,        7707,      -9.104096177,      -6.398067801,      -9.595512745,      -8.837226112
          0,           0,        7708,      -9.104121799,      -6.398072325,      -9.595555797,      -8.837234162
          0,           0,        7709,      -9.104147422,      -6.398076849,      -9.595598834,      -8.837242221
          0,           0,        7710,      -9.104173045,      -6.398081372,      -9.595641853,      -8.837250286
          0,           0,        7711,      -9.104198668,      -6.398085894,      -9.595684853,      -8.837258358
          0,           0,        7712,      -9.104224289,      -6.398090416,      -9.595727822,      -8.837266438
          0,           0,        7713,       -9.10424991,      -6.398094937,      -9.595770756,      -8.837274525
          0,           0,        7714,      -9.104275529,      -6.398099457,      -9.595813651,      -8.837282619
          0,           0,        7715,      -9.104301146,      -6.398103976,      -9.595856504,      -8.837290719
          0,           0,        7716,       -9.10432676,      -6.398108495,       -9.59589931,      -8.837298834
          0,           0,        7717,      -9.104352371,      -6.398113014,      -9.595942049,      -8.837306959
          0,           0,        7718,      -9.104377977,      -6.398117531,      -9.595984592,      -8.837315089
          0,           0,        7719,      -9.104403579,      -6.398122048,      -9.596026878,      -8.837323225
          0,           0,        7720,      -9.104429175,      -6.398126565,      -9.596069105,      -8.837331367
          0,           0,        7721,      -9.104454763,       -6.39813108,      -9.596111401,      -8.837339517
          0,           0,        7722,      -9.104480344,      -6.398135595,      -9.596153778,      -8.837347676
          0,           0,        7723,      -9.104505916,       -6.39814011,       -9.59619621,      -8.837355845
          0,           0,        7724,      -9.104531478,      -6.398144624,      -9.596238667,      -8.837364023
          0,           0,        7725,      -9.104557028,      -6.398149137,      -9.596281116,      -8.837372209
          0,           0,        7726,      -9.104582566,       -6.39815365,      -9.596323547,      -8.837380403
          0,           0,        7727,       -9.10460809,      -6.398158162,      -9.596365953,      -8.837388605
          0,           0,        7728,      -9.104633598,      -6.398162673,       -9.59640833,      -8.837396814
          0,           0,        7729,      -9.104659091,      -6.398167184,      -9.596450667,      -8.837405031
          0,           0,        7730,      -9.104684565,      -6.398171695,      -9.596492968,      -8.837413255
          0,           0,        7731,       -9.10471002,      -6.398176204,      -9.596535225,      -8.837421487
          0,           0,        7732,      -9.104735456,      -6.398180714,      -9.596577444,      -8.837429725
          0,           0,        7733,      -9.104760869,      -6.398185222,      -9.596619632,       -8.83743797
          0,           0,        7734,      -9.104786261,       -6.39818973,      -9.596661779,      -8.837446222
          0,           0,        7735,      -9.104811629,      -6.398194237,      -9.596703868,       -8.83745448
          0,           0,        7736,      -9.104836973,      -6.398198744,      -9.596745945,      -8.837462745
          0,           0,        7737,      -9.104862291,       -6.39820325,      -9.596788073,      -8.837471017
          0,           0,        7738,      -9.104887583,      -6.398207756,      -9.596830193,      -8.837479294
          0,           0,        7739,      -9.104912848,      -6.398212261,        -9.5968723,      -8.837487578
          0,           0,        7740,      -9.104938087,      -6.398216766,      -9.596914397,      -8.837495869
          0,           0,        7741,      -9.104963299,       -6.39822127,      -9.596956486,      -8.837504167
          0,           0,        7742,      -9.104988484,      -6.398225773,      -9.596998588,      -8.837512471
          0,           0,        7743,      -9.105013642,      -6.398230276,      -9.597040748,      -8.837520781
          0,           0,        7744,      -9.105038773,      -6.398234779,      -9.597082889,      -8.837529098
          0,           0,        7745,      -9.105063877,       -6.39823928,      -9.597125001,      -8.837537422
          0,           0,        7746,      -9.105088956,      -6.398243782,      -9.597167111,      -8.837545752
          0,           0,        7747,      -9.105114007,      -6.398248283,      -9.597209242,      -8.837554089
          0,           0,        7748,      -9.105139033,      -6.398252783,      -9.597251399,      -8.837562432
          0,           0,        7749,      -9.105164033,      -6.398257283,      -9.597293576,      -8.837570781
          0,           0,        7750,      -9.105189008,      -6.398261782,      -9.597335773,      -8.837579136
          0,           0,        7751,      -9.105213959,      -6.398266281,       -9.59737799,      -8.837587498
          0,           0,        7752,      -9.105238886,      -6.398270779,       -9.59742023,      -8.837595867
          0,           0,        7753,      -9.105263791,      -6.398275277,       -9.59746249,      -8.837604241
          0,           0,        7754,      -9.105288673,      -6.398279775,      -9.597504771,      -8.837612622
          0,           0,        7755,      -9.105313534,      -6.398284271,      -9.597547078,      -8.837621009
          0,           0,        7756,      -9.105338376,      -6.398288768,      -9.597589417,      -8.837629402
          0,           0,        7757,      -9.105363198,      -6.398293263,       -9.59763178,      -8.837637802
          0,           0,        7758,      -9.105388003,      -6.398297759,      -9.597674165,      -8.837646207
          0,           0,        7759,      -9.105412791,      -6.398302253,      -9.597716576,      -8.837654618
          0,           0,        7760,      -9.105437563,      -6.398306748,      -9.597759017,      -8.837663036
          0,           0,        7761,      -9.105462321,      -6.398311241,      -9.597801477,       -8.83767146
          0,           0,        7762,      -9.105487065,      -6.398315734,      -9.597843953,      -8.837679889
          0,           0,        7763,      -9.105511798,      -6.398320227,      -9.597886445,      -8.837688325
          0,           0,        7764,       -9.10553652,      -6.398324719,      -9.597928952,      -8.837696766
          0,           0,        7765,      -9.105561233,       -6.39832921,      -9.597971476,      -8.837705214
          0,           0,        7766,      -9.105585937,      -6.398333701,      -9.598014004,      -8.837713667
          0,           0,        7767,      -9.105610634,      -6.398338191,      -9.598056542,      -8.837722126
          0,           0,        7768,      -9.105635326,      -6.398342681,      -9.598099086,      -8.837730591
          0,           0,        7769,      -9.105660013,       -6.39834717,      -9.598141635,      -8.837739061
          0,           0,        7770,      -9.105684697,      -6.398351659,      -9.598184193,      -8.837747538
          0,           0,        7771,      -9.105709378,      -6.398356146,      -9.598226758,       -8.83775602
          0,           0,        7772,      -9.105734058,      -6.398360634,      -9.598269333,      -8.837764508
          0,           0,        7773,      -9.105758739,       -6.39836512,      -9.598311917,      -8.837773001
          0,           0,        7774,       -9.10578342,      -6.398369606,      -9.598354515,        -8.8377815
          0,           0,        7775,      -9.105808104,      -6.398374092,      -9.598397129,      -8.837790005
          0,           0,        7776,      -9.105832791,      -6.398378576,      -9.598439761,      -8.837798515
          0,           0,        7777,      -9.105857481,      -6.398383061,      -9.598482414,      -8.837807031
          0,           0,        7778,      -9.105882177,      -6.398387544,      -9.598525089,      -8.837815553
          0,           0,        7779,      -9.105906878,      -6.398392027,      -9.598567798,       -8.83782408
          0,           0,        7780,      -9.105931585,      -6.398396509,      -9.598610528,      -8.837832611
          0,           0,        7781,        -9.1059563,       -6.39840099,      -9.598653287,      -8.837841126
          0,           0,        7782,      -9.105981022,      -6.398405471,      -9.598696075,      -8.837849647
          0,           0,        7783,      -9.106005753,      -6.398409951,      -9.598738891,      -8.837858183
          0,           0,        7784,      -9.106030493,      -6.398414431,       -9.59878173,      -8.837866733
          0,           0,        7785,      -9.106055242,      -6.398418909,        -9.5988246,      -8.837875289
          0,           0,        7786,      -9.106080001,      -6.398423388,       -9.59886749,      -8.837883849
          0,           0,        7787,      -9.106104771,      -6.398427865,      -9.598910407,      -8.837892407
          0,           0,        7788,      -9.106129551,      -6.398432342,      -9.598953354,      -8.837900952
          0,           0,        7789,      -9.106154342,      -6.398436818,      -9.598996348,      -8.837909502
          0,           0,        7790,      -9.106179144,      -6.398441293,      -9.599039436,      -8.837918057
          0,           0,        7791,      -9.106203957,      -6.398445768,      -9.599082716,      -8.837926615
          0,           0,        7792,      -9.106228779,      -6.398450242,      -9.599125887,      -8.837935179
          0,           0,        7793,      -9.106253611,      -6.398454716,      -9.599168804,      -8.837943747
          0,           0,        7794,      -9.106278455,      -6.398459189,      -9.599211567,       -8.83795232
          0,           0,        7795,      -9.106303311,      -6.398463661,      -9.599254282,      -8.837960898
          0,           0,        7796,       -9.10632818,      -6.398468133,      -9.599297006,       -8.83796948
          0,           0,        7797,      -9.106353063,      -6.398472604,      -9.599339729,      -8.837978067
          0,           0,        7798,      -9.106377958,      -6.398477074,      -9.599382459,      -8.837986659
          0,           0,        7799,      -9.106402867,      -6.398481544,      -9.599425213,      -8.837995256
          0,           0,        7800,      -9.106427789,      -6.398486013,      -9.599467998,      -8.838003857
          0,           0,        7801,      -9.106452723,      -6.398490482,      -9.599510802,      -8.838012463
          0,           0,        7802,       -9.10647767,       -6.39849495,      -9.599553369,      -8.838021074
          0,           0,        7803,       -9.10650263,      -6.398499418,       -9.59959586,       -8.83802969
          0,           0,        7804,      -9.106527603,      -6.398503884,       -9.59963854,       -8.83803831
          0,           0,        7805,      -9.106552588,      -6.398508351,      -9.599681436,      -8.838046936
          0,           0,        7806,      -9.106577585,      -6.398512817,      -9.599724489,      -8.838055566
          0,           0,        7807,      -9.106602589,      -6.398517282,      -9.599767644,        -8.8380642
          0,           0,        7808,      -9.106627601,      -6.398521746,      -9.599810858,       -8.83807284
          0,           0,        7809,       -9.10665262,       -6.39852621,      -9.599854106,      -8.838081484
          0,           0,        7810,      -9.106677644,      -6.398530673,      -9.599897377,      -8.838090133
          0,           0,        7811,      -9.106702672,      -6.398535136,      -9.599940667,      -8.838098785
          0,           0,        7812,      -9.106727705,      -6.398539598,      -9.599983976,       -8.83810744
          0,           0,        7813,       -9.10675274,      -6.398544059,      -9.600027308,        -8.8381161
          0,           0,        7814,      -9.106777778,       -6.39854852,      -9.600070657,      -8.838124764
          0,           0,        7815,      -9.106802819,      -6.398552979,      -9.600114028,      -8.838133433
          0,           0,        7816,      -9.106827862,      -6.398557439,      -9.600157428,      -8.838142107
          0,           0,        7817,      -9.106852907,      -6.398561897,      -9.600200871,      -8.838150785
          0,           0,        7818,      -9.106877954,      -6.398566355,      -9.600244401,      -8.838159468
          0,           0,        7819,      -9.106903002,      -6.398570812,      -9.600288135,      -8.838168155
          0,           0,        7820,      -9.106928052,      -6.398575268,      -9.600332067,      -8.838176858
          0,           0,        7821,      -9.106953101,      -6.398579724,      -9.600375596,      -8.838185576
          0,           0,        7822,      -9.106978153,      -6.398584179,      -9.600418758,      -8.838194304
          0,           0,        7823,      -9.107003208,      -6.398588633,      -9.600461756,      -8.838203041
          0,           0,        7824,      -9.107028269,      -6.398593087,       -9.60050472,      -8.838211786
          0,           0,        7825,      -9.107053335,      -6.398597539,        -9.6005477,      -8.838220537
          0,           0,        7826,      -9.107078407,      -6.398601991,      -9.600590692,      -8.838229293
          0,           0,        7827,      -9.107103486,      -6.398606443,      -9.600633644,      -8.838238055
          0,           0,        7828,      -9.107128572,      -6.398610893,      -9.600676586,      -8.838246821
          0,           0,        7829,      -9.107153666,      -6.398615343,      -9.600719538,      -8.838255592
          0,           0,        7830,      -9.107178768,      -6.398619792,      -9.600762505,      -8.838264367
          0,           0,        7831,      -9.107203878,       -6.39862424,      -9.600805488,      -8.838273147
          0,           0,        7832,      -9.107228997,      -6.398628687,      -9.600848226,      -8.838281931
          0,           0,        7833,      -9.107254124,      -6.398633134,      -9.600890581,      -8.838290716
          0,           0,        7834,      -9.107279263,       -6.39863758,      -9.600933086,      -8.838299477
          0,           0,        7835,      -9.107304414,      -6.398642025,      -9.600975899,      -8.838308241
          0,           0,        7836,      -9.107329573,      -6.398646469,      -9.601018958,       -8.83831701
          0,           0,        7837,      -9.107354742,      -6.398650913,      -9.601062149,      -8.838325783
          0,           0,        7838,      -9.107379919,      -6.398655355,        -9.6011054,       -8.83833456
          0,           0,        7839,      -9.107405104,      -6.398659797,      -9.601148672,       -8.83834334
          0,           0,        7840,      -9.107430296,      -6.398664238,      -9.601191946,      -8.838352125
          0,           0,        7841,      -9.107455495,      -6.398668678,      -9.601235217,      -8.838360914
          0,           0,        7842,      -9.107480702,      -6.398673118,      -9.601278482,      -8.838369707
          0,           0,        7843,      -9.107505916,      -6.398677556,      -9.601321734,      -8.838378504
          0,           0,        7844,      -9.107531137,      -6.398681994,      -9.601364975,      -8.838387305
          0,           0,        7845,      -9.107556366,       -6.39868643,      -9.601408207,      -8.838396078
          0,           0,        7846,      -9.107581603,      -6.398690866,      -9.601451429,      -8.838404853
          0,           0,        7847,      -9.107606847,      -6.398695301,      -9.601494637,      -8.838413633
          0,           0,        7848,      -9.107632101,      -6.398699735,      -9.601537833,      -8.838422416
          0,           0,        7849,      -9.107657363,      -6.398704168,      -9.601581012,      -8.838431203
          0,           0,        7850,      -9.107682635,        -6.3987086,      -9.601624179,      -8.838439994
          0,           0,        7851,      -9.107707917,      -6.398713032,      -9.601667336,      -8.838448789
          0,           0,        7852,       -9.10773321,      -6.398717462,      -9.601710481,      -8.838457588
          0,           0,        7853,      -9.107758515,      -6.398721891,      -9.601753612,      -8.838466391
          0,           0,        7854,      -9.107783831,       -6.39872632,      -9.601796731,      -8.838475198
          0,           0,        7855,       -9.10780916,      -6.398730747,      -9.601839834,      -8.838484009
          0,           0,        7856,      -9.107834503,      -6.398735174,      -9.601882928,      -8.838492824
          0,           0,        7857,      -9.107859859,        -6.3987396,       -9.60192601,      -8.838501643
          0,           0,        7858,       -9.10788523,      -6.398744025,      -9.601969082,      -8.838510466
          0,           0,        7859,      -9.107910616,      -6.398748449,      -9.602012148,      -8.838519308
          0,           0,        7860,      -9.107936018,      -6.398752872,      -9.602055205,      -8.838528164
          0,           0,        7861,      -9.107961435,      -6.398757294,      -9.602098257,      -8.838537026
          0,           0,        7862,      -9.107986869,      -6.398761716,      -9.602141301,      -8.838545892
          0,           0,        7863,       -9.10801232,      -6.398766136,      -9.602184333,       -8.83855476
          0,           0,        7864,      -9.108037789,      -6.398770556,      -9.602227364,      -8.838563632
          0,           0,        7865,      -9.108063275,      -6.398774975,      -9.602270396,      -8.838572507
          0,           0,        7866,      -9.108088778,      -6.398779393,      -9.602313448,      -8.838581384
          0,           0,        7867,        -9.1081143,       -6.39878381,      -9.602356539,      -8.838590265
          0,           0,        7868,      -9.108139839,      -6.398788227,      -9.602399754,      -8.838599149
          0,           0,        7869,      -9.108165395,      -6.398792643,      -9.602443184,      -8.838608036
          0,           0,        7870,      -9.108190968,      -6.398797058,      -9.602486371,      -8.838616926
          0,           0,        7871,      -9.108216557,      -6.398801472,      -9.602529218,      -8.838625819
          0,           0,        7872,      -9.108242164,      -6.398805886,      -9.602571893,      -8.838634715
          0,           0,        7873,      -9.108267792,      -6.398810298,      -9.602614521,      -8.838643615
          0,           0,        7874,      -9.108293438,      -6.398814711,      -9.602657158,      -8.838652517
          0,           0,        7875,      -9.108319105,      -6.398819122,      -9.602699804,      -8.838661423
          0,           0,        7876,      -9.108344791,      -6.398823533,       -9.60274244,      -8.838670332
          0,           0,        7877,      -9.108370497,      -6.398827943,      -9.602785089,      -8.838679244
          0,           0,        7878,      -9.108396223,      -6.398832353,      -9.602827769,       -8.83868816
          0,           0,        7879,      -9.108421968,      -6.398836762,       -9.60287048,      -8.838697079
          0,           0,        7880,      -9.108447731,       -6.39884117,      -9.602913142,      -8.838706001
          0,           0,        7881,      -9.108473513,      -6.398845578,      -9.602955427,      -8.838714926
          0,           0,        7882,      -9.108499314,      -6.398849985,       -9.60299775,      -8.838723854
          0,           0,        7883,      -9.108525135,      -6.398854391,       -9.60304034,      -8.838732786
          0,           0,        7884,      -9.108550974,      -6.398858797,       -9.60308318,      -8.838741721
          0,           0,        7885,      -9.108576829,      -6.398863203,      -9.603126182,       -8.83875066
          0,           0,        7886,      -9.108602699,      -6.398867608,      -9.603169265,      -8.838759602
          0,           0,        7887,      -9.108628582,      -6.398872012,      -9.603212374,      -8.838768547
          0,           0,        7888,      -9.108654478,      -6.398876415,      -9.603255496,      -8.838777495
          0,           0,        7889,      -9.108680386,      -6.398880818,      -9.603298655,      -8.838786446
          0,           0,        7890,      -9.108706304,       -6.39888522,      -9.603341835,        -8.8387954
          0,           0,        7891,      -9.108732233,      -6.398889622,      -9.603385023,      -8.838804358
          0,           0,        7892,      -9.108758171,      -6.398894023,      -9.603428213,      -8.838813319
          0,           0,        7893,       -9.10878412,      -6.398898423,        -9.6034714,      -8.838822282
          0,           0,        7894,      -9.108810078,      -6.398902822,       -9.60351461,      -8.838831249
          0,           0,        7895,      -9.108836045,      -6.398907221,      -9.603557809,      -8.838840219
          0,           0,        7896,      -9.108862022,      -6.398911619,      -9.603600969,      -8.838849192
          0,           0,        7897,      -9.108888009,      -6.398916017,      -9.603644098,      -8.838858169
          0,           0,        7898,      -9.108914005,      -6.398920413,      -9.603687212,      -8.838867148
          0,           0,        7899,      -9.108940012,      -6.398924809,      -9.603730314,      -8.838876131
          0,           0,        7900,      -9.108966029,      -6.398929205,      -9.603773404,      -8.838885117
          0,           0,        7901,      -9.108992057,      -6.398933599,      -9.603816484,      -8.838894106
          0,           0,        7902,      -9.109018095,      -6.398937993,      -9.603859555,      -8.838903099
          0,           0,        7903,      -9.109044146,      -6.398942386,       -9.60390262,      -8.838912094
          0,           0,        7904,      -9.109070208,      -6.398946778,      -9.603945684,      -8.838921092
          0,           0,        7905,      -9.109096283,      -6.398951169,      -9.603988741,      -8.838930094
          0,           0,        7906,       -9.10912237,       -6.39895556,      -9.604031796,      -8.838939098
          0,           0,        7907,      -9.109148471,       -6.39895995,      -9.604074859,      -8.838948106
          0,           0,        7908,      -9.109174585,      -6.398964339,      -9.604117932,      -8.838957117
          0,           0,        7909,      -9.109200713,      -6.398968727,       -9.60416101,      -8.838966131
          0,           0,        7910,      -9.109226855,      -6.398973115,      -9.604204095,      -8.838975147
          0,           0,        7911,      -9.109253012,      -6.398977501,      -9.604247188,      -8.838984167
          0,           0,        7912,      -9.109279183,      -6.398981887,      -9.604290286,       -8.83899319
          0,           0,        7913,      -9.109305369,      -6.398986273,      -9.604333392,      -8.839002216
          0,           0,        7914,       -9.10933157,      -6.398990657,      -9.604376502,      -8.839011245
          0,           0,        7915,      -9.109357785,      -6.398995041,      -9.604419613,      -8.839020277
          0,           0,        7916,      -9.109384016,      -6.398999424,      -9.604462721,      -8.839029312
          0,           0,        7917,      -9.109410261,      -6.399003806,      -9.604505826,       -8.83903835
          0,           0,        7918,      -9.109436522,      -6.399008188,      -9.604548922,       -8.83904739
          0,           0,        7919,      -9.109462797,      -6.399012568,      -9.604592015,      -8.839056433
          0,           0,        7920,      -9.109489087,      -6.399016948,      -9.604635106,      -8.839065478
          0,           0,        7921,      -9.109515392,      -6.399021328,       -9.60467819,      -8.839074527
          0,           0,        7922,      -9.109541712,      -6.399025706,      -9.604721271,      -8.839083578
          0,           0,        7923,      -9.109568046,      -6.399030084,      -9.604764351,      -8.839092632
          0,           0,        7924,      -9.109594395,      -6.399034462,      -9.604807431,       -8.83910169
          0,           0,        7925,      -9.109620758,      -6.399038838,      -9.604850512,      -8.839110751
          0,           0,        7926,      -9.109647135,      -6.399043214,      -9.604893598,      -8.839119816
          0,           0,        7927,      -9.109673526,      -6.399047589,      -9.604936691,      -8.839128885
          0,           0,        7928,      -9.109699931,      -6.399051964,      -9.604979793,      -8.839137958
          0,           0,        7929,      -9.109726349,      -6.399056338,      -9.605022902,      -8.839147035
          0,           0,        7930,      -9.109752781,      -6.399060711,      -9.605066021,      -8.839156116
          0,           0,        7931,      -9.109779225,      -6.399065084,      -9.605109153,      -8.839165201
          0,           0,        7932,      -9.109805682,      -6.399069456,      -9.605152294,      -8.839174289
          0,           0,        7933,       -9.10983215,      -6.399073827,      -9.605195443,      -8.839183379
          0,           0,        7934,      -9.109858631,      -6.399078198,      -9.605238593,      -8.839192472
          0,           0,        7935,      -9.109885123,      -6.399082568,      -9.605281746,       -8.83920157
          0,           0,        7936,      -9.109911626,      -6.399086938,      -9.605324907,      -8.839210676
          0,           0,        7937,       -9.10993814,      -6.399091307,      -9.605368066,       -8.83921979
          0,           0,        7938,      -9.109964663,      -6.399095675,      -9.605411222,      -8.839228911
          0,           0,        7939,      -9.109991197,      -6.399100043,      -9.605454366,      -8.839238038
          0,           0,        7940,       -9.11001774,       -6.39910441,      -9.605497499,      -8.839247171
          0,           0,        7941,      -9.110044292,      -6.399108777,      -9.605540617,      -8.839256309
          0,           0,        7942,      -9.110070853,      -6.399113143,      -9.605583721,      -8.839265452
          0,           0,        7943,      -9.110097421,      -6.399117508,      -9.605626806,      -8.839274599
          0,           0,        7944,      -9.110123998,      -6.399121873,      -9.605669874,      -8.839283751
          0,           0,        7945,      -9.110150581,      -6.399126237,      -9.605712921,      -8.839292906
          0,           0,        7946,      -9.110177172,      -6.399130601,      -9.605755945,      -8.839302068
          0,           0,        7947,      -9.110203768,      -6.399134964,      -9.605798952,      -8.839311254
          0,           0,        7948,      -9.110230371,      -6.399139326,      -9.605841939,       -8.83932045
          0,           0,        7949,      -9.110256979,      -6.399143688,      -9.605884914,      -8.839329652
          0,           0,        7950,      -9.110283593,      -6.399148049,      -9.605927877,      -8.839338857
          0,           0,        7951,      -9.110310211,       -6.39915241,      -9.605970829,      -8.839348065
          0,           0,        7952,      -9.110336833,       -6.39915677,      -9.606013782,      -8.839357275
          0,           0,        7953,      -9.110363459,       -6.39916113,      -9.606056734,      -8.839366488
          0,           0,        7954,      -9.110390088,      -6.399165489,      -9.606099677,      -8.839375703
          0,           0,        7955,       -9.11041672,      -6.399169847,      -9.606142606,       -8.83938492
          0,           0,        7956,      -9.110443354,      -6.399174205,      -9.606185506,      -8.839394139
          0,           0,        7957,       -9.11046999,      -6.399178562,      -9.606228381,       -8.83940336
          0,           0,        7958,      -9.110496625,      -6.399182918,      -9.606271243,      -8.839412583
          0,           0,        7959,      -9.110523262,      -6.399187274,      -9.606314103,      -8.839421808
          0,           0,        7960,      -9.110549898,       -6.39919163,      -9.606356973,      -8.839431033
          0,           0,        7961,      -9.110576533,      -6.399195984,      -9.606399861,      -8.839440261
          0,           0,        7962,      -9.110603166,      -6.399200338,      -9.606442772,      -8.839449491
          0,           0,        7963,      -9.110629798,      -6.399204692,      -9.606485702,      -8.839458725
          0,           0,        7964,      -9.110656427,      -6.399209045,      -9.606528659,      -8.839467963
          0,           0,        7965,      -9.110683053,      -6.399213397,      -9.606571645,      -8.839477205
          0,           0,        7966,      -9.110709675,      -6.399217749,      -9.606614654,      -8.839486452
          0,           0,        7967,      -9.110736294,      -6.399222101,      -9.606657686,      -8.839495703
          0,           0,        7968,      -9.110762908,      -6.399226451,      -9.606700735,      -8.839504958
          0,           0,        7969,      -9.110789517,      -6.399230801,      -9.606743801,      -8.839514218
          0,           0,        7970,      -9.110816122,      -6.399235151,      -9.606786882,      -8.839523481
          0,           0,        7971,      -9.110842721,        -6.3992395,      -9.606829979,      -8.839532747
          0,           0,        7972,      -9.110869314,      -6.399243849,      -9.606873087,      -8.839542017
          0,           0,        7973,      -9.110895901,      -6.399248197,      -9.606916199,      -8.839551291
          0,           0,        7974,      -9.110922481,      -6.399252544,      -9.606959318,      -8.839560567
          0,           0,        7975,      -9.110949056,      -6.399256891,      -9.607002436,      -8.839569847
          0,           0,        7976,      -9.110975623,      -6.399261237,      -9.607045561,      -8.839579129
          0,           0,        7977,      -9.111002183,      -6.399265583,      -9.607088691,      -8.839588415
          0,           0,        7978,      -9.111028736,      -6.399269928,      -9.607131832,      -8.839597703
          0,           0,        7979,      -9.111055282,      -6.399274272,      -9.607174994,      -8.839606993
          0,           0,        7980,       -9.11108182,      -6.399278616,      -9.607218189,      -8.839616287
          0,           0,        7981,      -9.111108351,       -6.39928296,      -9.607261452,      -8.839625583
          0,           0,        7982,      -9.111134873,      -6.399287302,      -9.607304844,      -8.839634881
          0,           0,        7983,      -9.111161387,      -6.399291645,      -9.607348441,      -8.839644182
          0,           0,        7984,      -9.111187892,      -6.399295986,      -9.607391998,      -8.839653486
          0,           0,        7985,      -9.111214388,      -6.399300328,      -9.607435121,      -8.839662792
          0,           0,        7986,      -9.111240876,      -6.399304668,      -9.607477932,        -8.8396721
          0,           0,        7987,      -9.111267356,      -6.399309008,       -9.60752066,       -8.83968141
          0,           0,        7988,      -9.111293827,      -6.399313348,      -9.607563434,      -8.839690722
          0,           0,        7989,      -9.111320291,      -6.399317687,      -9.607606243,      -8.839700047
          0,           0,        7990,      -9.111346748,      -6.399322025,      -9.607649072,      -8.839709382
          0,           0,        7991,      -9.111373197,      -6.399326363,       -9.60769191,      -8.839718723
          0,           0,        7992,      -9.111399639,      -6.399330701,      -9.607734723,      -8.839728071
          0,           0,        7993,      -9.111426074,      -6.399335038,      -9.607777496,      -8.839737424
          0,           0,        7994,      -9.111452502,      -6.399339375,      -9.607820253,      -8.839746782
          0,           0,        7995,      -9.111478924,      -6.399343711,      -9.607862956,      -8.839756143
          0,           0,        7996,      -9.111505339,      -6.399348046,      -9.607905634,      -8.839765507
          0,           0,        7997,      -9.111531747,      -6.399352381,      -9.607948317,      -8.839774874
          0,           0,        7998,      -9.111558148,      -6.399356716,      -9.607991001,      -8.839784245
          0,           0,        7999,      -9.111584542,       -6.39936105,      -9.608033675,      -8.839793617
