
-------------------------------------------------------------------------
|    ___ _   _ ___                                                      |
|   / __| | | |_  )   Release 8.5.0 "Harrier"                           |
|   \__ \ |_| |/ /                                                      |
|   |___/\___//___|   Suite (Computational Fluid Dynamics Code)         |
|                                                                       |
-------------------------------------------------------------------------
| SU2 Project Website: https://su2code.github.io                        |
|                                                                       |
| The SU2 Project is maintained by the SU2 Foundation                   |
| (http://su2foundation.org)                                            |
-------------------------------------------------------------------------
| Copyright 2012-2026, SU2 Contributors                                 |
|                                                                       |
| SU2 is free software; you can redistribute it and/or                  |
| modify it under the terms of the GNU Lesser General Public            |
| License as published by the Free Software Foundation; either          |
| version 2.1 of the License, or (at your option) any later version.    |
|                                                                       |
| SU2 is distributed in the hope that it will be useful,                |
| but WITHOUT ANY WARRANTY; without even the implied warranty of        |
| MERCHANTABILITY or FITNESS FOR A PARTICULAR PURPOSE. See the GNU      |
| Lesser General Public License for more details.                       |
|                                                                       |
| You should have received a copy of the GNU Lesser General Public      |
| License along with SU2. If not, see <http://www.gnu.org/licenses/>.   |
-------------------------------------------------------------------------

Parsing config file for zone 0

----------------- Physical Case Definition ( Zone 0 ) -------------------
Incompressible RANS equations.
Turbulence model: Spalart-Allmaras-noft2
Hybrid RANS/LES: No Hybrid RANS/LES
No restart solution, use the values at infinity (freestream).
Non-Dimensional simulation using intialization values.
The reference area is 1 m^2.
The semi-span will be computed using the max y(3D) value.
The reference length is 1 m.
Reference origin for moment evaluation is (0.25, 0, 0).
Surface(s) where the force coefficients are evaluated: airfoil.

Surface(s) plotted in the output file: airfoil.
Input mesh file name: n0012_449-129.su2

--------------- Space Numerical Integration ( Zone 0 ) ------------------
Flux difference splitting (FDS) upwind scheme for the flow inviscid terms.
Second order integration in space, with slope limiter.
No slope-limiting method. 
Average of gradients with correction (viscous flow terms).
Average of gradients with correction (viscous turbulence terms).
Gradient for upwind reconstruction: Green-Gauss.
Gradient for viscous and source terms: Green-Gauss.

--------------- Time Numerical Integration  ( Zone 0 ) ------------------
Local time stepping (steady state simulation).
Euler implicit method for the flow equations.
FGMRES is used for solving the linear system.
Using a ILU(0) preconditioning.
Convergence criteria of the linear solver: 1e-10.
Max number of linear iterations: 10.
No CFL adaptation.
Courant-Friedrichs-Lewy number:       25
Euler implicit time integration for the turbulence model.

------------------ Convergence Criteria  ( Zone 0 ) ---------------------
Maximum number of solver subiterations: 8000.
Begin convergence monitoring at iteration 10.
Residual minimum value: 1e-14.
Cauchy series min. value: 1e-06.
Number of Cauchy elements: 100.
Begin windowed time average at iteration 0.

-------------------- Output Information ( Zone 0 ) ----------------------
File writing frequency: 
+------------------------------------+
|                     File| Frequency|
+------------------------------------+
|                  RESTART|       250|
|                 PARAVIEW|       250|
|         SURFACE_PARAVIEW|       250|
+------------------------------------+
Writing the convergence history file every 1 inner iterations.
Writing the screen convergence history every 1 inner iterations.
The tabular file format is CSV (.csv).
Convergence history file name: history_alpha0_449x129.
Forces breakdown file name: forces_breakdown.dat.
Surface file name: surface_flow_alpha0_449x129.
Volume file name: flow_alpha0_449x129.
Restart file name: restart_flow_alpha0_449x129.

------------- Config File Boundary Information ( Zone 0 ) ---------------
+-----------------------------------------------------------------------+
|                        Marker Type|                        Marker Name|
+-----------------------------------------------------------------------+
|                          Far-field|                           farfield|
+-----------------------------------------------------------------------+
|                     Heat flux wall|                            airfoil|
+-----------------------------------------------------------------------+

-------------------- Output Preprocessing ( Zone 0 ) --------------------

WARNING: SURFACE_PRESSURE_DROP can only be computed for at least 2 surfaces (outlet, inlet, ...)

Screen output fields: INNER_ITER, ITER_TIME, WALL_TIME, RMS_PRESSURE, RMS_NU_TILDE, LIFT, DRAG
History output group(s): ITER, RMS_RES
Convergence field(s): RMS_PRESSURE
Warning: No (valid) fields chosen for time convergence monitoring. Time convergence monitoring inactive.
Volume output fields: COORDINATES, SOLUTION, PRIMITIVE

------------------- Geometry Preprocessing ( Zone 0 ) -------------------
Two dimensional problem.
57824 grid points.
57344 volume elements.
2 surface markers.
256 boundary elements in index 0 (Marker = airfoil).
704 boundary elements in index 1 (Marker = farfield).
57344 quadrilaterals.
Setting point connectivity.
Renumbering points (Reverse Cuthill McKee Ordering).
Recomputing point connectivity.
Setting element connectivity.
Checking the numerical grid orientation.
All volume elements are correctly oriented.
There has been a re-orientation of 576 LINE surface elements.
Identifying edges and vertices.
Setting the control volume structure.
Area of the computational grid: 875555.
Searching for the closest normal neighbors to the surfaces.
Storing a mapping from global to local point index.
Compute the surface curvature.
Max K: 963.857. Mean K: 4.61892. Standard deviation K: 33.5427.
Computing mesh quality statistics for the dual control volumes.
+--------------------------------------------------------------+
|           Mesh Quality Metric|        Minimum|        Maximum|
+--------------------------------------------------------------+
|    Orthogonality Angle (deg.)|        89.2715|             90|
|     CV Face Area Aspect Ratio|        1.00213|    2.83928e+07|
|           CV Sub-Volume Ratio|              1|        2.77414|
+--------------------------------------------------------------+
Finding max control volume width.
Wetted area = 2.0373 m.
Area projection in the x-plane = 0.11894 m, y-plane = 0.998982 m.
Max. coordinate in the x-direction = 1 m, y-direction = 0.0594727 m.
Min. coordinate in the x-direction = 0 m, y-direction = -0.0594727 m.
Computing wall distances.

-------------------- Solver Preprocessing ( Zone 0 ) --------------------
Incompressible flow: rho_ref, vel_ref, and temp_ref
are based on the initial values, p_ref = rho_ref*vel_ref^2.
Force coefficients computed using initial values.
The reference area for force coeffs. is 1 m^2.
The reference length for force coeffs. is 1 m.
The pressure is decomposed into thermodynamic and dynamic components.
The initial value of the dynamic pressure is 0.
Mach number: 0.202081, computed using the Bulk modulus.
For external flows, the initial state is imposed at the far-field.
Angle of attack (deg): 0, computed using the initial velocity.
Side slip angle (deg): 0, computed using the initial velocity.
Reynolds number per meter: 5.99999e+06, computed using initial values.
Reynolds number is a byproduct of inputs only (not used internally).
SI units only. The grid should be dimensional (meters).
No energy equation.

-- Models:
+------------------------------------------------------------------------------+
|          Viscosity Model|        Conductivity Model|              Fluid Model|
+------------------------------------------------------------------------------+
|       CONSTANT_VISCOSITY|          CONSTANT_PRANDTL|         CONSTANT_DENSITY|
+------------------------------------------------------------------------------+
-- Fluid properties:
+------------------------------------------------------------------------------+
|                  Name|    Dim. value|    Ref. value|      Unit|Non-dim. value|
+------------------------------------------------------------------------------+
|             Viscosity|     1.853e-05|        111.18|   N.s/m^2|   1.66667e-07|
+------------------------------------------------------------------------------+
|        Prandtl (Lam.)|             -|             -|         -|          0.72|
|       Prandtl (Turb.)|             -|             -|         -|           0.9|
+------------------------------------------------------------------------------+
|          Bulk Modulus|        142000|             1|        Pa|        142000|
+------------------------------------------------------------------------------+
-- Initial and free-stream conditions:
+------------------------------------------------------------------------------+
|                  Name|    Dim. value|    Ref. value|      Unit|Non-dim. value|
+------------------------------------------------------------------------------+
|      Dynamic Pressure|             0|       5798.83|        Pa|             0|
|        Total Pressure|       2899.41|       5798.83|        Pa|           0.5|
|               Density|       2.13163|       2.13163|    kg/m^3|             1|
|            Velocity-X|       52.1572|       52.1572|       m/s|             1|
|            Velocity-Y|             0|       52.1572|       m/s|             0|
|    Velocity Magnitude|       52.1572|       52.1572|       m/s|             1|
+------------------------------------------------------------------------------+
|             Viscosity|     1.853e-05|        111.18|   N.s/m^2|   1.66667e-07|
|          Conductivity|             -|       1049.63|   W/m^2.K|             -|
|     Turb. Kin. Energy|       10.2014|       2720.37|   m^2/s^2|       0.00375|
|     Spec. Dissipation|        117354|       52.1572|       1/s|          2250|
+------------------------------------------------------------------------------+
|           Mach Number|             -|             -|         -|      0.202081|
|       Reynolds Number|             -|             -|         -|   5.99999e+06|
+------------------------------------------------------------------------------+
WARNING: On 1 MPI ranks the coloring efficiency was less than 0.875 (min value was 0.781033).
         Those ranks will now use a fallback strategy, better performance may be possible
         with a different value of config option EDGE_COLORING_GROUP_SIZE (default 512).
Initialize Jacobian structure (Navier-Stokes). MG level: 0.
Initialize Jacobian structure (SA model).

------------------- Numerics Preprocessing ( Zone 0 ) -------------------

----------------- Integration Preprocessing ( Zone 0 ) ------------------

------------------- Iteration Preprocessing ( Zone 0 ) ------------------
Euler/Navier-Stokes/RANS fluid iteration.

------------------------------ Begin Solver -----------------------------

Simulation Run using the Single-zone Driver
+------------------------------------------------------------------------------------------+
|  Inner_Iter|   Time(sec)|   Time(sec)|      rms[P]|     rms[nu]|          CL|          CD|
+------------------------------------------------------------------------------------------+
|           0|    0.140000|  1.4000e-01|   -4.164141|   -9.128938|   -0.000003|    0.976828|
|           1|    0.098000|  1.1900e-01|   -4.528958|   -9.543064|    0.000014|    0.743439|
|           2|    0.078000|  1.0533e-01|   -4.640958|  -10.213088|    0.000036|    0.680732|
|           3|    0.078000|  9.8500e-02|   -4.996010|  -10.442504|    0.000342|    1.051244|
|           4|    0.077000|  9.4200e-02|   -5.025045|  -10.590837|    0.000803|    1.292763|
|           5|    0.075000|  9.1000e-02|   -5.089745|  -10.702312|    0.001195|    1.326636|
|           6|    0.080000|  8.9429e-02|   -5.098010|  -10.772710|    0.001446|    1.246999|
|           7|    0.075000|  8.7625e-02|   -5.072034|  -10.825898|    0.001542|    1.130151|
|           8|    0.075000|  8.6222e-02|   -5.039398|  -10.876854|    0.001546|    1.004054|
|           9|    0.073000|  8.4900e-02|   -5.006403|  -10.911861|    0.001470|    0.874094|
|          10|    0.074000|  8.3909e-02|   -4.972926|  -10.935795|    0.001310|    0.742176|
|          11|    0.074000|  8.3083e-02|   -4.937436|  -10.950866|    0.001079|    0.610903|
|          12|    0.080000|  8.2846e-02|   -4.899353|  -10.957540|    0.000809|    0.482567|
|          13|    0.075000|  8.2286e-02|   -4.859244|  -10.952030|    0.000532|    0.358839|
|          14|    0.075000|  8.1800e-02|   -4.818557|  -10.940177|    0.000273|    0.241223|
|          15|    0.077000|  8.1500e-02|   -4.779242|  -10.924976|    0.000041|    0.131328|
|          16|    0.078000|  8.1294e-02|   -4.743232|  -10.910342|   -0.000157|    0.030817|
|          17|    0.080000|  8.1222e-02|   -4.711929|  -10.896862|   -0.000316|   -0.058750|
|          18|    0.080000|  8.1158e-02|   -4.685936|  -10.884675|   -0.000432|   -0.136012|
|          19|    0.081000|  8.1150e-02|   -4.665019|  -10.873961|   -0.000502|   -0.199866|
|          20|    0.082000|  8.1190e-02|   -4.648248|  -10.864350|   -0.000530|   -0.249535|
|          21|    0.081000|  8.1182e-02|   -4.634245|  -10.854201|   -0.000522|   -0.284609|
|          22|    0.080000|  8.1130e-02|   -4.621502|  -10.842148|   -0.000491|   -0.305093|
|          23|    0.077000|  8.0958e-02|   -4.608721|  -10.827414|   -0.000452|   -0.311424|
|          24|    0.075000|  8.0720e-02|   -4.595052|  -10.810931|   -0.000417|   -0.304463|
|          25|    0.096000|  8.1308e-02|   -4.580167|  -10.792775|   -0.000399|   -0.285471|
|          26|    0.140000|  8.3481e-02|   -4.564185|  -10.773837|   -0.000402|   -0.256070|
|          27|    0.166000|  8.6429e-02|   -4.547498|  -10.755362|   -0.000424|   -0.218173|
|          28|    0.152000|  8.8690e-02|   -4.530599|  -10.737570|   -0.000457|   -0.173880|
|          29|    0.148000|  9.0667e-02|   -4.513951|  -10.720643|   -0.000493|   -0.125370|
|          30|    0.134000|  9.2065e-02|   -4.497901|  -10.704233|   -0.000523|   -0.074786|
|          31|    0.140000|  9.3562e-02|   -4.482625|  -10.688234|   -0.000544|   -0.024157|
|          32|    0.137000|  9.4879e-02|   -4.468122|  -10.672519|   -0.000553|    0.024686|
|          33|    0.142000|  9.6265e-02|   -4.454230|  -10.656892|   -0.000548|    0.070154|
|          34|    0.148000|  9.7743e-02|   -4.440676|  -10.641087|   -0.000528|    0.110945|
|          35|    0.136000|  9.8806e-02|   -4.427151|  -10.624797|   -0.000494|    0.146065|
|          36|    0.158000|  1.0041e-01|   -4.413390|  -10.607832|   -0.000450|    0.174832|
|          37|    0.155000|  1.0184e-01|   -4.399245|  -10.590155|   -0.000400|    0.196870|
|          38|    0.161000|  1.0336e-01|   -4.384713|  -10.571783|   -0.000347|    0.212094|
|          39|    0.153000|  1.0460e-01|   -4.369946|  -10.553038|   -0.000294|    0.220680|
|          40|    0.172000|  1.0624e-01|   -4.355204|  -10.534257|   -0.000246|    0.223034|
|          41|    0.136000|  1.0695e-01|   -4.340800|  -10.515923|   -0.000202|    0.219757|
|          42|    0.159000|  1.0816e-01|   -4.327037|  -10.498447|   -0.000164|    0.211603|
|          43|    0.140000|  1.0889e-01|   -4.314156|  -10.482262|   -0.000132|    0.199435|
|          44|    0.146000|  1.0971e-01|   -4.302300|  -10.467607|   -0.000103|    0.184158|
|          45|    0.150000|  1.1059e-01|   -4.291499|  -10.454629|   -0.000070|    0.166674|
|          46|    0.157000|  1.1157e-01|   -4.281675|  -10.443169|   -0.000031|    0.147845|
|          47|    0.149000|  1.1235e-01|   -4.272656|  -10.433229|    0.000016|    0.128468|
|          48|    0.149000|  1.1310e-01|   -4.264209|  -10.424328|    0.000069|    0.109254|
|          49|    0.136000|  1.1356e-01|   -4.256081|  -10.416070|    0.000127|    0.090818|
|          50|    0.133000|  1.1394e-01|   -4.248039|  -10.407614|    0.000189|    0.073662|
|          51|    0.141000|  1.1446e-01|   -4.239935|  -10.398948|    0.000254|    0.058042|
|          52|    0.152000|  1.1517e-01|   -4.232053|  -10.389174|    0.000321|    0.044211|
|          53|    0.138000|  1.1559e-01|   -4.224630|  -10.378514|    0.000389|    0.032367|
|          54|    0.143000|  1.1609e-01|   -4.217738|  -10.366392|    0.000454|    0.022605|
|          55|    0.144000|  1.1659e-01|   -4.211404|  -10.353358|    0.000516|    0.014932|
|          56|    0.129000|  1.1681e-01|   -4.205641|  -10.339742|    0.000571|    0.009277|
|          57|    0.161000|  1.1757e-01|   -4.200466|  -10.325699|    0.000618|    0.005500|
|          58|    0.176000|  1.1856e-01|   -4.195888|  -10.312077|    0.000653|    0.003407|
|          59|    0.161000|  1.1927e-01|   -4.191903|  -10.298432|    0.000676|    0.002767|
|          60|    0.160000|  1.1993e-01|   -4.188481|  -10.285195|    0.000685|    0.003325|
|          61|    0.160000|  1.2058e-01|   -4.185556|  -10.271839|    0.000680|    0.004814|
|          62|    0.154000|  1.2111e-01|   -4.183024|  -10.257776|    0.000660|    0.006966|
|          63|    0.148000|  1.2153e-01|   -4.180737|  -10.243507|    0.000625|    0.009526|
|          64|    0.150000|  1.2197e-01|   -4.178515|  -10.228299|    0.000575|    0.012261|
|          65|    0.144000|  1.2230e-01|   -4.176152|  -10.213034|    0.000510|    0.014969|
|          66|    0.148000|  1.2269e-01|   -4.173437|  -10.197078|    0.000432|    0.017489|
|          67|    0.145000|  1.2301e-01|   -4.170167|  -10.181207|    0.000341|    0.019701|
|          68|    0.143000|  1.2330e-01|   -4.166167|  -10.165224|    0.000241|    0.021533|
|          69|    0.149000|  1.2367e-01|   -4.161307|  -10.149169|    0.000136|    0.022958|
|          70|    0.149000|  1.2403e-01|   -4.155517|  -10.133834|    0.000030|    0.023989|
|          71|    0.148000|  1.2436e-01|   -4.148788|  -10.117801|   -0.000075|    0.024680|
|          72|    0.141000|  1.2459e-01|   -4.141179|  -10.102632|   -0.000174|    0.025106|
|          73|    0.145000|  1.2486e-01|   -4.132806|  -10.087350|   -0.000265|    0.025361|
|          74|    0.131000|  1.2495e-01|   -4.123838|  -10.072201|   -0.000346|    0.025545|
|          75|    0.132000|  1.2504e-01|   -4.114489|  -10.057283|   -0.000415|    0.025761|
|          76|    0.138000|  1.2521e-01|   -4.105006|  -10.042314|   -0.000472|    0.026103|
|          77|    0.135000|  1.2533e-01|   -4.095666|  -10.027883|   -0.000516|    0.026656|
|          78|    0.131000|  1.2541e-01|   -4.086765|  -10.012882|   -0.000547|    0.027482|
|          79|    0.133000|  1.2550e-01|   -4.078608|   -9.998472|   -0.000568|    0.028626|
|          80|    0.139000|  1.2567e-01|   -4.071489|   -9.983984|   -0.000579|    0.030105|
|          81|    0.144000|  1.2589e-01|   -4.065672|   -9.968763|   -0.000581|    0.031913|
|          82|    0.147000|  1.2614e-01|   -4.061358|   -9.954156|   -0.000574|    0.034016|
|          83|    0.146000|  1.2638e-01|   -4.058661|   -9.939043|   -0.000558|    0.036361|
|          84|    0.132000|  1.2645e-01|   -4.057577|   -9.924119|   -0.000532|    0.038874|
|          85|    0.133000|  1.2652e-01|   -4.057959|   -9.910521|   -0.000496|    0.041467|
|          86|    0.141000|  1.2669e-01|   -4.059508|   -9.896956|   -0.000448|    0.044044|
|          87|    0.152000|  1.2698e-01|   -4.061778|   -9.884579|   -0.000391|    0.046501|
|          88|    0.183000|  1.2761e-01|   -4.064219|   -9.873259|   -0.000325|    0.048742|
|          89|    0.164000|  1.2801e-01|   -4.066250|   -9.862335|   -0.000252|    0.050672|
|          90|    0.153000|  1.2829e-01|   -4.067357|   -9.851700|   -0.000175|    0.052211|
|          91|    0.154000|  1.2857e-01|   -4.067212|   -9.841732|   -0.000098|    0.053293|
|          92|    0.179000|  1.2911e-01|   -4.065749|   -9.831721|   -0.000023|    0.053872|
|          93|    0.173000|  1.2957e-01|   -4.063194|   -9.820900|    0.000046|    0.053919|
|          94|    0.146000|  1.2975e-01|   -4.060022|   -9.810271|    0.000107|    0.053428|
|          95|    0.141000|  1.2986e-01|   -4.056865|   -9.799734|    0.000160|    0.052410|
|          96|    0.162000|  1.3020e-01|   -4.054403|   -9.788335|    0.000204|    0.050896|
|          97|    0.149000|  1.3039e-01|   -4.053269|   -9.777279|    0.000238|    0.048931|
|          98|    0.142000|  1.3051e-01|   -4.053979|   -9.766430|    0.000263|    0.046573|
|          99|    0.150000|  1.3070e-01|   -4.056890|   -9.755814|    0.000282|    0.043890|
|         100|    0.145000|  1.3084e-01|   -4.062180|   -9.745978|    0.000295|    0.040953|
|         101|    0.133000|  1.3086e-01|   -4.069827|   -9.736051|    0.000303|    0.037840|
|         102|    0.147000|  1.3102e-01|   -4.079600|   -9.726785|    0.000305|    0.034627|
|         103|    0.135000|  1.3106e-01|   -4.091038|   -9.718847|    0.000304|    0.031389|
|         104|    0.130000|  1.3105e-01|   -4.103453|   -9.710437|    0.000297|    0.028194|
|         105|    0.145000|  1.3118e-01|   -4.115946|   -9.701660|    0.000286|    0.025109|
|         106|    0.144000|  1.3130e-01|   -4.127484|   -9.693830|    0.000270|    0.022189|
|         107|    0.138000|  1.3136e-01|   -4.137041|   -9.685645|    0.000249|    0.019484|
|         108|    0.140000|  1.3144e-01|   -4.143800|   -9.677682|    0.000222|    0.017034|
|         109|    0.145000|  1.3156e-01|   -4.147363|   -9.669966|    0.000190|    0.014871|
|         110|    0.147000|  1.3170e-01|   -4.147869|   -9.662323|    0.000154|    0.013021|
|         111|    0.149000|  1.3186e-01|   -4.145983|   -9.654236|    0.000114|    0.011497|
|         112|    0.152000|  1.3204e-01|   -4.142741|   -9.646703|    0.000072|    0.010308|
|         113|    0.166000|  1.3233e-01|   -4.139337|   -9.639925|    0.000029|    0.009455|
|         114|    0.161000|  1.3258e-01|   -4.136934|   -9.633713|   -0.000011|    0.008934|
|         115|    0.144000|  1.3268e-01|   -4.136535|   -9.627195|   -0.000049|    0.008732|
|         116|    0.133000|  1.3268e-01|   -4.138924|   -9.621025|   -0.000081|    0.008835|
|         117|    0.137000|  1.3272e-01|   -4.144638|   -9.615539|   -0.000108|    0.009222|
|         118|    0.141000|  1.3279e-01|   -4.153960|   -9.610703|   -0.000128|    0.009871|
|         119|    0.135000|  1.3281e-01|   -4.166898|   -9.606170|   -0.000141|    0.010757|
|         120|    0.140000|  1.3287e-01|   -4.183141|   -9.601409|   -0.000150|    0.011853|
|         121|    0.147000|  1.3298e-01|   -4.201995|   -9.597266|   -0.000155|    0.013131|
|         122|    0.133000|  1.3298e-01|   -4.222306|   -9.593249|   -0.000157|    0.014563|
|         123|    0.139000|  1.3303e-01|   -4.242429|   -9.589271|   -0.000156|    0.016118|
|         124|    0.158000|  1.3323e-01|   -4.260334|   -9.585794|   -0.000154|    0.017768|
|         125|    0.135000|  1.3325e-01|   -4.273952|   -9.582375|   -0.000151|    0.019485|
|         126|    0.139000|  1.3329e-01|   -4.281734|   -9.579052|   -0.000147|    0.021244|
|         127|    0.169000|  1.3357e-01|   -4.283337|   -9.576405|   -0.000143|    0.023018|
|         128|    0.179000|  1.3392e-01|   -4.279663|   -9.573782|   -0.000138|    0.024779|
|         129|    0.176000|  1.3425e-01|   -4.272528|   -9.570803|   -0.000131|    0.026498|
|         130|    0.188000|  1.3466e-01|   -4.264084|   -9.567980|   -0.000124|    0.028149|
|         131|    0.166000|  1.3489e-01|   -4.256310|   -9.565819|   -0.000114|    0.029703|
|         132|    0.162000|  1.3510e-01|   -4.250758|   -9.563987|   -0.000102|    0.031135|
|         133|    0.143000|  1.3516e-01|   -4.248492|   -9.562095|   -0.000087|    0.032418|
|         134|    0.128000|  1.3510e-01|   -4.250146|   -9.560191|   -0.000071|    0.033529|
|         135|    0.130000|  1.3507e-01|   -4.255981|   -9.558467|   -0.000052|    0.034445|
|         136|    0.133000|  1.3505e-01|   -4.265927|   -9.556874|   -0.000033|    0.035148|
|         137|    0.134000|  1.3504e-01|   -4.279593|   -9.555071|   -0.000015|    0.035620|
|         138|    0.141000|  1.3509e-01|   -4.296247|   -9.553319|    0.000002|    0.035850|
|         139|    0.141000|  1.3513e-01|   -4.314784|   -9.551860|    0.000015|    0.035828|
|         140|    0.135000|  1.3513e-01|   -4.333743|   -9.550883|    0.000025|    0.035551|
|         141|    0.132000|  1.3511e-01|   -4.351403|   -9.549368|    0.000031|    0.035020|
|         142|    0.134000|  1.3510e-01|   -4.366046|   -9.547671|    0.000036|    0.034241|
|         143|    0.135000|  1.3510e-01|   -4.376350|   -9.546138|    0.000039|    0.033225|
|         144|    0.143000|  1.3515e-01|   -4.381774|   -9.544757|    0.000042|    0.031989|
|         145|    0.168000|  1.3538e-01|   -4.382719|   -9.543797|    0.000045|    0.030554|
|         146|    0.174000|  1.3564e-01|   -4.380358|   -9.542929|    0.000048|    0.028946|
|         147|    0.154000|  1.3576e-01|   -4.376245|   -9.541901|    0.000052|    0.027195|
|         148|    0.132000|  1.3574e-01|   -4.371923|   -9.540710|    0.000056|    0.025335|
|         149|    0.138000|  1.3575e-01|   -4.368659|   -9.540053|    0.000060|    0.023401|
|         150|    0.137000|  1.3576e-01|   -4.367349|   -9.539326|    0.000064|    0.021431|
|         151|    0.132000|  1.3574e-01|   -4.368516|   -9.539064|    0.000067|    0.019466|
|         152|    0.130000|  1.3570e-01|   -4.372358|   -9.539054|    0.000069|    0.017544|
|         153|    0.139000|  1.3572e-01|   -4.378800|   -9.538875|    0.000069|    0.015703|
|         154|    0.137000|  1.3573e-01|   -4.387557|   -9.538588|    0.000066|    0.013982|
|         155|    0.137000|  1.3574e-01|   -4.398173|   -9.538661|    0.000061|    0.012413|
|         156|    0.138000|  1.3575e-01|   -4.410079|   -9.538689|    0.000053|    0.011029|
|         157|    0.135000|  1.3575e-01|   -4.422655|   -9.539085|    0.000044|    0.009857|
|         158|    0.138000|  1.3576e-01|   -4.435298|   -9.539922|    0.000034|    0.008918|
|         159|    0.128000|  1.3571e-01|   -4.447500|   -9.540938|    0.000025|    0.008228|
|         160|    0.136000|  1.3571e-01|   -4.458913|   -9.541827|    0.000018|    0.007799|
|         161|    0.133000|  1.3570e-01|   -4.469382|   -9.542486|    0.000011|    0.007634|
|         162|    0.129000|  1.3566e-01|   -4.478941|   -9.544074|    0.000004|    0.007732|
|         163|    0.136000|  1.3566e-01|   -4.487763|   -9.545362|   -0.000002|    0.008084|
|         164|    0.127000|  1.3561e-01|   -4.496094|   -9.546898|   -0.000008|    0.008676|
|         165|    0.135000|  1.3560e-01|   -4.504178|   -9.548202|   -0.000015|    0.009490|
|         166|    0.147000|  1.3567e-01|   -4.512201|   -9.549796|   -0.000022|    0.010500|
|         167|    0.159000|  1.3581e-01|   -4.520259|   -9.551172|   -0.000030|    0.011679|
|         168|    0.142000|  1.3585e-01|   -4.528358|   -9.552429|   -0.000038|    0.012994|
|         169|    0.135000|  1.3584e-01|   -4.536436|   -9.554185|   -0.000047|    0.014412|
|         170|    0.129000|  1.3580e-01|   -4.544411|   -9.555789|   -0.000055|    0.015897|
|         171|    0.150000|  1.3588e-01|   -4.552224|   -9.557164|   -0.000062|    0.017412|
|         172|    0.146000|  1.3594e-01|   -4.559895|   -9.558847|   -0.000068|    0.018920|
|         173|    0.142000|  1.3598e-01|   -4.567548|   -9.560255|   -0.000071|    0.020385|
|         174|    0.141000|  1.3601e-01|   -4.575417|   -9.561642|   -0.000072|    0.021774|
|         175|    0.134000|  1.3599e-01|   -4.583832|   -9.562619|   -0.000071|    0.023056|
|         176|    0.137000|  1.3600e-01|   -4.593171|   -9.563207|   -0.000068|    0.024200|
|         177|    0.148000|  1.3607e-01|   -4.603819|   -9.563776|   -0.000063|    0.025184|
|         178|    0.159000|  1.3620e-01|   -4.616109|   -9.564756|   -0.000058|    0.025986|
|         179|    0.170000|  1.3638e-01|   -4.630278|   -9.565684|   -0.000053|    0.026592|
|         180|    0.164000|  1.3654e-01|   -4.646411|   -9.566631|   -0.000047|    0.026990|
|         181|    0.164000|  1.3669e-01|   -4.664407|   -9.567205|   -0.000041|    0.027176|
|         182|    0.128000|  1.3664e-01|   -4.683937|   -9.568086|   -0.000036|    0.027149|
|         183|    0.140000|  1.3666e-01|   -4.704417|   -9.568876|   -0.000030|    0.026915|
|         184|    0.151000|  1.3674e-01|   -4.725015|   -9.569247|   -0.000024|    0.026482|
|         185|    0.148000|  1.3680e-01|   -4.744711|   -9.569602|   -0.000017|    0.025865|
|         186|    0.141000|  1.3682e-01|   -4.762437|   -9.569880|   -0.000010|    0.025082|
|         187|    0.137000|  1.3682e-01|   -4.777295|   -9.570293|   -0.000003|    0.024153|
|         188|    0.147000|  1.3687e-01|   -4.788791|   -9.570827|    0.000005|    0.023104|
|         189|    0.143000|  1.3691e-01|   -4.797002|   -9.571381|    0.000013|    0.021959|
|         190|    0.141000|  1.3693e-01|   -4.802579|   -9.572170|    0.000021|    0.020746|
|         191|    0.145000|  1.3697e-01|   -4.806592|   -9.572943|    0.000028|    0.019494|
|         192|    0.137000|  1.3697e-01|   -4.810300|   -9.573620|    0.000034|    0.018231|
|         193|    0.154000|  1.3706e-01|   -4.814936|   -9.574123|    0.000038|    0.016984|
|         194|    0.140000|  1.3707e-01|   -4.821569|   -9.574684|    0.000040|    0.015780|
|         195|    0.140000|  1.3709e-01|   -4.831035|   -9.575537|    0.000040|    0.014644|
|         196|    0.146000|  1.3713e-01|   -4.843925|   -9.575847|    0.000039|    0.013598|
|         197|    0.137000|  1.3713e-01|   -4.860581|   -9.576520|    0.000036|    0.012661|
|         198|    0.136000|  1.3713e-01|   -4.881095|   -9.577446|    0.000032|    0.011850|
|         199|    0.137000|  1.3712e-01|   -4.905282|   -9.578317|    0.000027|    0.011178|
|         200|    0.139000|  1.3713e-01|   -4.932616|   -9.579286|    0.000021|    0.010651|
|         201|    0.135000|  1.3712e-01|   -4.962160|   -9.580129|    0.000016|    0.010277|
|         202|    0.141000|  1.3714e-01|   -4.992482|   -9.580841|    0.000011|    0.010056|
|         203|    0.151000|  1.3721e-01|   -5.021657|   -9.581506|    0.000006|    0.009984|
|         204|    0.147000|  1.3726e-01|   -5.047465|   -9.582546|    0.000001|    0.010057|
|         205|    0.141000|  1.3728e-01|   -5.067849|   -9.583505|   -0.000003|    0.010264|
|         206|    0.139000|  1.3729e-01|   -5.081563|   -9.584128|   -0.000006|    0.010594|
|         207|    0.136000|  1.3728e-01|   -5.088658|   -9.584904|   -0.000010|    0.011031|
|         208|    0.141000|  1.3730e-01|   -5.090470|   -9.585626|   -0.000013|    0.011560|
|         209|    0.142000|  1.3732e-01|   -5.089111|   -9.586584|   -0.000016|    0.012163|
|         210|    0.138000|  1.3732e-01|   -5.086835|   -9.587371|   -0.000018|    0.012821|
|         211|    0.138000|  1.3733e-01|   -5.085592|   -9.587939|   -0.000021|    0.013514|
|         212|    0.139000|  1.3733e-01|   -5.086898|   -9.588787|   -0.000023|    0.014225|
|         213|    0.141000|  1.3735e-01|   -5.091787|   -9.589629|   -0.000026|    0.014934|
|         214|    0.138000|  1.3735e-01|   -5.100868|   -9.590412|   -0.000028|    0.015625|
|         215|    0.141000|  1.3737e-01|   -5.114474|   -9.591147|   -0.000030|    0.016281|
|         216|    0.139000|  1.3738e-01|   -5.132718|   -9.592083|   -0.000032|    0.016888|
|         217|    0.141000|  1.3739e-01|   -5.155521|   -9.593094|   -0.000034|    0.017432|
|         218|    0.147000|  1.3744e-01|   -5.182591|   -9.594087|   -0.000035|    0.017902|
|         219|    0.144000|  1.3747e-01|   -5.213363|   -9.595024|   -0.000036|    0.018291|
|         220|    0.137000|  1.3747e-01|   -5.246903|   -9.595866|   -0.000036|    0.018592|
|         221|    0.144000|  1.3750e-01|   -5.281785|   -9.596821|   -0.000035|    0.018800|
|         222|    0.147000|  1.3754e-01|   -5.316019|   -9.597906|   -0.000034|    0.018916|
|         223|    0.141000|  1.3755e-01|   -5.347120|   -9.599007|   -0.000032|    0.018938|
|         224|    0.143000|  1.3758e-01|   -5.372489|   -9.600090|   -0.000030|    0.018871|
|         225|    0.143000|  1.3760e-01|   -5.390129|   -9.601210|   -0.000028|    0.018719|
|         226|    0.127000|  1.3756e-01|   -5.399383|   -9.602426|   -0.000025|    0.018489|
|         227|    0.126000|  1.3750e-01|   -5.401197|   -9.603677|   -0.000022|    0.018189|
|         228|    0.132000|  1.3748e-01|   -5.397694|   -9.604949|   -0.000020|    0.017828|
|         229|    0.131000|  1.3745e-01|   -5.391391|   -9.606190|   -0.000017|    0.017417|
|         230|    0.129000|  1.3742e-01|   -5.384568|   -9.607421|   -0.000015|    0.016966|
|         231|    0.139000|  1.3742e-01|   -5.378986|   -9.608535|   -0.000013|    0.016488|
|         232|    0.156000|  1.3750e-01|   -5.375867|   -9.609548|   -0.000012|    0.015994|
|         233|    0.152000|  1.3756e-01|   -5.376000|   -9.610524|   -0.000010|    0.015494|
|         234|    0.137000|  1.3756e-01|   -5.379870|   -9.611469|   -0.000009|    0.015000|
|         235|    0.137000|  1.3756e-01|   -5.387751|   -9.612384|   -0.000008|    0.014521|
|         236|    0.146000|  1.3759e-01|   -5.399776|   -9.613270|   -0.000006|    0.014066|
|         237|    0.146000|  1.3763e-01|   -5.415961|   -9.614094|   -0.000004|    0.013643|
|         238|    0.145000|  1.3766e-01|   -5.436205|   -9.614913|   -0.000002|    0.013259|
|         239|    0.136000|  1.3765e-01|   -5.460252|   -9.615669|   -0.000000|    0.012918|
|         240|    0.133000|  1.3763e-01|   -5.487619|   -9.616371|    0.000002|    0.012624|
|         241|    0.127000|  1.3759e-01|   -5.517484|   -9.617005|    0.000004|    0.012380|
|         242|    0.141000|  1.3760e-01|   -5.548550|   -9.617639|    0.000006|    0.012187|
|         243|    0.126000|  1.3756e-01|   -5.578936|   -9.618112|    0.000007|    0.012045|
|         244|    0.158000|  1.3764e-01|   -5.606210|   -9.618553|    0.000008|    0.011952|
|         245|    0.157000|  1.3772e-01|   -5.627740|   -9.618917|    0.000008|    0.011907|
|         246|    0.149000|  1.3777e-01|   -5.641414|   -9.619181|    0.000008|    0.011905|
|         247|    0.147000|  1.3780e-01|   -5.646471|   -9.619421|    0.000007|    0.011943|
|         248|    0.171000|  1.3794e-01|   -5.643859|   -9.619515|    0.000006|    0.012016|
|         249|    0.148000|  1.3798e-01|   -5.635831|   -9.619555|    0.000005|    0.012120|
|         250|    0.135000|  1.3796e-01|   -5.625108|   -9.619606|    0.000004|    0.012250|
+-----------------------------------------------------------------------+
|        File Writing Summary       |              Filename             |
+-----------------------------------------------------------------------+
|SU2 binary restart                 |restart_flow_alpha0_449x129.dat    |
|Paraview                           |flow_alpha0_449x129.vtu            |
|Paraview surface                   |surface_flow_alpha0_449x129.vtu    |
+-----------------------------------------------------------------------+
+------------------------------------------------------------------------------------------+
|  Inner_Iter|   Time(sec)|   Time(sec)|      rms[P]|     rms[nu]|          CL|          CD|
+------------------------------------------------------------------------------------------+
|         251|    0.244000|  1.3838e-01|   -5.614167|   -9.619642|    0.000003|    0.012399|
|         252|    0.131000|  1.3836e-01|   -5.604906|   -9.619518|    0.000002|    0.012563|
|         253|    0.138000|  1.3835e-01|   -5.598621|   -9.619308|    0.000001|    0.012736|
|         254|    0.143000|  1.3837e-01|   -5.596098|   -9.619051|    0.000000|    0.012914|
|         255|    0.142000|  1.3839e-01|   -5.597742|   -9.618620|   -0.000000|    0.013093|
|         256|    0.134000|  1.3837e-01|   -5.603670|   -9.618159|   -0.000001|    0.013268|
|         257|    0.145000|  1.3840e-01|   -5.613760|   -9.617612|   -0.000002|    0.013437|
|         258|    0.149000|  1.3844e-01|   -5.627666|   -9.616990|   -0.000003|    0.013596|
|         259|    0.149000|  1.3848e-01|   -5.644811|   -9.616305|   -0.000005|    0.013743|
|         260|    0.145000|  1.3850e-01|   -5.664297|   -9.615492|   -0.000006|    0.013877|
|         261|    0.128000|  1.3846e-01|   -5.684888|   -9.614544|   -0.000007|    0.013995|
|         262|    0.126000|  1.3841e-01|   -5.705063|   -9.613447|   -0.000008|    0.014098|
|         263|    0.139000|  1.3842e-01|   -5.723139|   -9.612340|   -0.000009|    0.014185|
|         264|    0.138000|  1.3842e-01|   -5.737535|   -9.611110|   -0.000009|    0.014255|
|         265|    0.138000|  1.3841e-01|   -5.747150|   -9.609755|   -0.000010|    0.014309|
|         266|    0.153000|  1.3847e-01|   -5.751688|   -9.608481|   -0.000009|    0.014347|
|         267|    0.156000|  1.3853e-01|   -5.751730|   -9.607123|   -0.000009|    0.014369|
|         268|    0.159000|  1.3861e-01|   -5.748521|   -9.605676|   -0.000008|    0.014376|
|         269|    0.135000|  1.3860e-01|   -5.743593|   -9.604186|   -0.000007|    0.014369|
|         270|    0.130000|  1.3856e-01|   -5.738417|   -9.602600|   -0.000006|    0.014348|
|         271|    0.134000|  1.3855e-01|   -5.734198|   -9.600951|   -0.000005|    0.014313|
|         272|    0.132000|  1.3852e-01|   -5.731802|   -9.599262|   -0.000005|    0.014265|
|         273|    0.129000|  1.3849e-01|   -5.731764|   -9.597490|   -0.000004|    0.014206|
|         274|    0.141000|  1.3850e-01|   -5.734338|   -9.595775|   -0.000004|    0.014134|
|         275|    0.135000|  1.3849e-01|   -5.739549|   -9.593999|   -0.000004|    0.014051|
|         276|    0.138000|  1.3848e-01|   -5.747229|   -9.592274|   -0.000004|    0.013956|
|         277|    0.144000|  1.3850e-01|   -5.757054|   -9.590558|   -0.000005|    0.013851|
|         278|    0.139000|  1.3851e-01|   -5.768571|   -9.588815|   -0.000005|    0.013736|
|         279|    0.140000|  1.3851e-01|   -5.781223|   -9.587083|   -0.000006|    0.013610|
|         280|    0.141000|  1.3852e-01|   -5.794388|   -9.585325|   -0.000006|    0.013476|
|         281|    0.138000|  1.3852e-01|   -5.807423|   -9.583504|   -0.000007|    0.013333|
|         282|    0.131000|  1.3849e-01|   -5.819727|   -9.581733|   -0.000007|    0.013182|
|         283|    0.129000|  1.3846e-01|   -5.830800|   -9.579924|   -0.000008|    0.013025|
|         284|    0.135000|  1.3845e-01|   -5.840296|   -9.578102|   -0.000009|    0.012862|
|         285|    0.132000|  1.3842e-01|   -5.848058|   -9.576324|   -0.000009|    0.012696|
|         286|    0.137000|  1.3842e-01|   -5.854107|   -9.574569|   -0.000010|    0.012528|
|         287|    0.131000|  1.3839e-01|   -5.858616|   -9.572783|   -0.000011|    0.012360|
|         288|    0.140000|  1.3840e-01|   -5.861856|   -9.571008|   -0.000013|    0.012193|
|         289|    0.135000|  1.3839e-01|   -5.864138|   -9.569195|   -0.000014|    0.012031|
|         290|    0.126000|  1.3834e-01|   -5.865780|   -9.567346|   -0.000016|    0.011874|
|         291|    0.144000|  1.3836e-01|   -5.867075|   -9.565465|   -0.000018|    0.011727|
|         292|    0.163000|  1.3845e-01|   -5.868289|   -9.563564|   -0.000020|    0.011590|
|         293|    0.167000|  1.3854e-01|   -5.869662|   -9.561640|   -0.000022|    0.011467|
|         294|    0.165000|  1.3863e-01|   -5.871418|   -9.559783|   -0.000023|    0.011359|
|         295|    0.140000|  1.3864e-01|   -5.873770|   -9.557936|   -0.000023|    0.011269|
|         296|    0.137000|  1.3863e-01|   -5.876920|   -9.556100|   -0.000023|    0.011197|
|         297|    0.145000|  1.3865e-01|   -5.881068|   -9.554238|   -0.000022|    0.011146|
|         298|    0.139000|  1.3866e-01|   -5.886394|   -9.552373|   -0.000020|    0.011116|
|         299|    0.135000|  1.3864e-01|   -5.893048|   -9.550440|   -0.000019|    0.011107|
|         300|    0.138000|  1.3864e-01|   -5.901134|   -9.548484|   -0.000017|    0.011120|
|         301|    0.130000|  1.3861e-01|   -5.910688|   -9.546482|   -0.000014|    0.011154|
|         302|    0.135000|  1.3860e-01|   -5.921656|   -9.544485|   -0.000012|    0.011208|
|         303|    0.149000|  1.3863e-01|   -5.933871|   -9.542533|   -0.000010|    0.011282|
|         304|    0.140000|  1.3864e-01|   -5.947033|   -9.540578|   -0.000008|    0.011372|
|         305|    0.137000|  1.3863e-01|   -5.960696|   -9.538604|   -0.000006|    0.011477|
|         306|    0.160000|  1.3870e-01|   -5.974283|   -9.536603|   -0.000004|    0.011595|
|         307|    0.155000|  1.3876e-01|   -5.987113|   -9.534655|   -0.000002|    0.011722|
|         308|    0.152000|  1.3880e-01|   -5.998485|   -9.532722|   -0.000000|    0.011856|
|         309|    0.155000|  1.3885e-01|   -6.007781|   -9.530824|    0.000002|    0.011993|
|         310|    0.150000|  1.3889e-01|   -6.014588|   -9.528899|    0.000003|    0.012130|
|         311|    0.145000|  1.3891e-01|   -6.018791|   -9.526945|    0.000005|    0.012264|
|         312|    0.145000|  1.3893e-01|   -6.020613|   -9.525009|    0.000007|    0.012391|
|         313|    0.150000|  1.3896e-01|   -6.020567|   -9.523093|    0.000008|    0.012510|
|         314|    0.143000|  1.3897e-01|   -6.019357|   -9.521170|    0.000010|    0.012615|
|         315|    0.151000|  1.3901e-01|   -6.017756|   -9.519279|    0.000012|    0.012706|
|         316|    0.151000|  1.3905e-01|   -6.016494|   -9.517426|    0.000013|    0.012780|
|         317|    0.150000|  1.3908e-01|   -6.016185|   -9.515614|    0.000014|    0.012835|
|         318|    0.153000|  1.3913e-01|   -6.017284|   -9.513895|    0.000014|    0.012870|
|         319|    0.173000|  1.3923e-01|   -6.020077|   -9.512248|    0.000013|    0.012884|
|         320|    0.162000|  1.3931e-01|   -6.024677|   -9.510616|    0.000012|    0.012877|
|         321|    0.148000|  1.3933e-01|   -6.031037|   -9.508957|    0.000011|    0.012848|
|         322|    0.150000|  1.3937e-01|   -6.038957|   -9.507250|    0.000009|    0.012800|
|         323|    0.154000|  1.3941e-01|   -6.048108|   -9.505518|    0.000007|    0.012732|
|         324|    0.158000|  1.3947e-01|   -6.058051|   -9.503810|    0.000005|    0.012647|
|         325|    0.151000|  1.3950e-01|   -6.068277|   -9.502155|    0.000002|    0.012546|
|         326|    0.148000|  1.3953e-01|   -6.078260|   -9.500556|    0.000000|    0.012432|
|         327|    0.145000|  1.3955e-01|   -6.087526|   -9.498990|   -0.000002|    0.012307|
|         328|    0.153000|  1.3959e-01|   -6.095717|   -9.497439|   -0.000004|    0.012174|
|         329|    0.151000|  1.3962e-01|   -6.102655|   -9.495978|   -0.000006|    0.012036|
|         330|    0.133000|  1.3960e-01|   -6.108359|   -9.494557|   -0.000007|    0.011896|
|         331|    0.149000|  1.3963e-01|   -6.113036|   -9.493141|   -0.000009|    0.011756|
|         332|    0.131000|  1.3960e-01|   -6.117027|   -9.491758|   -0.000010|    0.011619|
|         333|    0.131000|  1.3958e-01|   -6.120737|   -9.490394|   -0.000011|    0.011488|
|         334|    0.135000|  1.3956e-01|   -6.124567|   -9.488991|   -0.000013|    0.011365|
|         335|    0.150000|  1.3960e-01|   -6.128851|   -9.487632|   -0.000014|    0.011252|
|         336|    0.133000|  1.3958e-01|   -6.133810|   -9.486311|   -0.000016|    0.011151|
|         337|    0.143000|  1.3959e-01|   -6.139536|   -9.484987|   -0.000017|    0.011063|
|         338|    0.131000|  1.3956e-01|   -6.145977|   -9.483678|   -0.000017|    0.010990|
|         339|    0.140000|  1.3956e-01|   -6.152954|   -9.482390|   -0.000018|    0.010931|
|         340|    0.152000|  1.3960e-01|   -6.160184|   -9.481135|   -0.000018|    0.010888|
|         341|    0.153000|  1.3964e-01|   -6.167324|   -9.479923|   -0.000018|    0.010860|
|         342|    0.136000|  1.3963e-01|   -6.174024|   -9.478767|   -0.000017|    0.010846|
|         343|    0.130000|  1.3960e-01|   -6.179991|   -9.477646|   -0.000016|    0.010847|
|         344|    0.143000|  1.3961e-01|   -6.185054|   -9.476550|   -0.000015|    0.010860|
|         345|    0.143000|  1.3962e-01|   -6.189194|   -9.475477|   -0.000014|    0.010884|
|         346|    0.150000|  1.3965e-01|   -6.192566|   -9.474374|   -0.000013|    0.010918|
|         347|    0.142000|  1.3966e-01|   -6.195471|   -9.473266|   -0.000012|    0.010961|
|         348|    0.137000|  1.3965e-01|   -6.198312|   -9.472120|   -0.000011|    0.011010|
|         349|    0.129000|  1.3962e-01|   -6.201532|   -9.470948|   -0.000009|    0.011063|
|         350|    0.137000|  1.3961e-01|   -6.205558|   -9.469772|   -0.000008|    0.011120|
|         351|    0.134000|  1.3959e-01|   -6.210741|   -9.468627|   -0.000007|    0.011177|
|         352|    0.147000|  1.3961e-01|   -6.217319|   -9.467496|   -0.000006|    0.011234|
|         353|    0.153000|  1.3965e-01|   -6.225383|   -9.466389|   -0.000005|    0.011288|
|         354|    0.147000|  1.3967e-01|   -6.234848|   -9.465282|   -0.000004|    0.011339|
|         355|    0.144000|  1.3969e-01|   -6.245435|   -9.464193|   -0.000003|    0.011385|
|         356|    0.128000|  1.3965e-01|   -6.256660|   -9.463118|   -0.000002|    0.011424|
|         357|    0.149000|  1.3968e-01|   -6.267844|   -9.462063|   -0.000002|    0.011458|
|         358|    0.132000|  1.3966e-01|   -6.278151|   -9.461023|   -0.000001|    0.011484|
|         359|    0.133000|  1.3964e-01|   -6.286683|   -9.459981|   -0.000000|    0.011502|
|         360|    0.133000|  1.3962e-01|   -6.292623|   -9.458880|    0.000001|    0.011512|
|         361|    0.144000|  1.3963e-01|   -6.295397|   -9.457724|    0.000001|    0.011515|
|         362|    0.139000|  1.3963e-01|   -6.294817|   -9.456596|    0.000002|    0.011510|
|         363|    0.129000|  1.3960e-01|   -6.291126|   -9.455508|    0.000002|    0.011498|
|         364|    0.135000|  1.3959e-01|   -6.284943|   -9.454413|    0.000002|    0.011479|
|         365|    0.137000|  1.3958e-01|   -6.277115|   -9.453322|    0.000002|    0.011454|
|         366|    0.135000|  1.3957e-01|   -6.268556|   -9.452266|    0.000002|    0.011424|
|         367|    0.139000|  1.3957e-01|   -6.260117|   -9.451231|    0.000002|    0.011389|
|         368|    0.138000|  1.3956e-01|   -6.252502|   -9.450210|    0.000001|    0.011351|
|         369|    0.141000|  1.3957e-01|   -6.246236|   -9.449233|    0.000001|    0.011311|
|         370|    0.139000|  1.3957e-01|   -6.241659|   -9.448285|    0.000000|    0.011268|
|         371|    0.138000|  1.3956e-01|   -6.238941|   -9.447394|   -0.000000|    0.011225|
|         372|    0.124000|  1.3952e-01|   -6.238098|   -9.446556|   -0.000001|    0.011181|
|         373|    0.135000|  1.3951e-01|   -6.239013|   -9.445751|   -0.000001|    0.011139|
|         374|    0.136000|  1.3950e-01|   -6.241445|   -9.444904|   -0.000002|    0.011097|
|         375|    0.137000|  1.3949e-01|   -6.245049|   -9.444056|   -0.000002|    0.011058|
|         376|    0.151000|  1.3952e-01|   -6.249397|   -9.443239|   -0.000003|    0.011022|
|         377|    0.132000|  1.3950e-01|   -6.254000|   -9.442447|   -0.000003|    0.010988|
|         378|    0.144000|  1.3951e-01|   -6.258353|   -9.441679|   -0.000003|    0.010957|
|         379|    0.131000|  1.3949e-01|   -6.261983|   -9.440937|   -0.000004|    0.010931|
|         380|    0.132000|  1.3947e-01|   -6.264509|   -9.440227|   -0.000004|    0.010907|
|         381|    0.132000|  1.3945e-01|   -6.265693|   -9.439578|   -0.000005|    0.010888|
|         382|    0.145000|  1.3947e-01|   -6.265472|   -9.438973|   -0.000005|    0.010873|
|         383|    0.134000|  1.3945e-01|   -6.263966|   -9.438396|   -0.000006|    0.010861|
|         384|    0.143000|  1.3946e-01|   -6.261457|   -9.437862|   -0.000006|    0.010852|
|         385|    0.137000|  1.3946e-01|   -6.258336|   -9.437377|   -0.000007|    0.010848|
|         386|    0.136000|  1.3945e-01|   -6.255055|   -9.436936|   -0.000007|    0.010846|
|         387|    0.132000|  1.3943e-01|   -6.252075|   -9.436532|   -0.000007|    0.010847|
|         388|    0.147000|  1.3945e-01|   -6.249823|   -9.436173|   -0.000008|    0.010850|
|         389|    0.135000|  1.3944e-01|   -6.248664|   -9.435784|   -0.000008|    0.010856|
|         390|    0.135000|  1.3942e-01|   -6.248893|   -9.435344|   -0.000008|    0.010863|
|         391|    0.137000|  1.3942e-01|   -6.250720|   -9.434864|   -0.000008|    0.010872|
|         392|    0.132000|  1.3940e-01|   -6.254267|   -9.434399|   -0.000008|    0.010881|
|         393|    0.143000|  1.3941e-01|   -6.259571|   -9.433944|   -0.000008|    0.010891|
|         394|    0.138000|  1.3941e-01|   -6.266572|   -9.433463|   -0.000008|    0.010902|
|         395|    0.132000|  1.3939e-01|   -6.275110|   -9.432977|   -0.000007|    0.010912|
|         396|    0.145000|  1.3940e-01|   -6.284917|   -9.432502|   -0.000007|    0.010921|
|         397|    0.149000|  1.3942e-01|   -6.295609|   -9.432050|   -0.000007|    0.010930|
|         398|    0.140000|  1.3943e-01|   -6.306688|   -9.431617|   -0.000007|    0.010937|
|         399|    0.141000|  1.3943e-01|   -6.317556|   -9.431199|   -0.000006|    0.010943|
|         400|    0.137000|  1.3942e-01|   -6.327555|   -9.430783|   -0.000006|    0.010948|
|         401|    0.142000|  1.3943e-01|   -6.336033|   -9.430393|   -0.000006|    0.010950|
|         402|    0.135000|  1.3942e-01|   -6.342435|   -9.430016|   -0.000005|    0.010950|
|         403|    0.141000|  1.3942e-01|   -6.346404|   -9.429656|   -0.000005|    0.010948|
|         404|    0.164000|  1.3948e-01|   -6.347854|   -9.429301|   -0.000005|    0.010944|
|         405|    0.171000|  1.3956e-01|   -6.347000|   -9.428912|   -0.000004|    0.010938|
|         406|    0.175000|  1.3965e-01|   -6.344323|   -9.428471|   -0.000004|    0.010929|
|         407|    0.162000|  1.3970e-01|   -6.340494|   -9.428059|   -0.000004|    0.010918|
|         408|    0.170000|  1.3978e-01|   -6.336273|   -9.427617|   -0.000003|    0.010904|
|         409|    0.166000|  1.3984e-01|   -6.332426|   -9.427194|   -0.000003|    0.010889|
|         410|    0.166000|  1.3991e-01|   -6.329660|   -9.426786|   -0.000003|    0.010872|
|         411|    0.164000|  1.3996e-01|   -6.328594|   -9.426393|   -0.000002|    0.010853|
|         412|    0.170000|  1.4004e-01|   -6.329746|   -9.426012|   -0.000002|    0.010833|
|         413|    0.158000|  1.4008e-01|   -6.333537|   -9.425626|   -0.000002|    0.010813|
|         414|    0.170000|  1.4015e-01|   -6.340298|   -9.425239|   -0.000002|    0.010791|
|         415|    0.167000|  1.4022e-01|   -6.350275|   -9.424834|   -0.000002|    0.010769|
|         416|    0.171000|  1.4029e-01|   -6.363635|   -9.424415|   -0.000002|    0.010747|
|         417|    0.177000|  1.4038e-01|   -6.380450|   -9.424026|   -0.000002|    0.010726|
|         418|    0.172000|  1.4045e-01|   -6.400678|   -9.423668|   -0.000002|    0.010705|
|         419|    0.172000|  1.4053e-01|   -6.424116|   -9.423351|   -0.000002|    0.010685|
|         420|    0.181000|  1.4062e-01|   -6.450333|   -9.423075|   -0.000002|    0.010667|
|         421|    0.168000|  1.4069e-01|   -6.478566|   -9.422833|   -0.000002|    0.010650|
|         422|    0.171000|  1.4076e-01|   -6.507616|   -9.422576|   -0.000002|    0.010635|
|         423|    0.175000|  1.4084e-01|   -6.535768|   -9.422295|   -0.000002|    0.010623|
|         424|    0.163000|  1.4089e-01|   -6.560843|   -9.421985|   -0.000003|    0.010612|
|         425|    0.152000|  1.4092e-01|   -6.580512|   -9.421681|   -0.000003|    0.010604|
|         426|    0.143000|  1.4093e-01|   -6.592909|   -9.421392|   -0.000003|    0.010599|
|         427|    0.137000|  1.4092e-01|   -6.597307|   -9.421135|   -0.000003|    0.010596|
|         428|    0.148000|  1.4093e-01|   -6.594445|   -9.420878|   -0.000004|    0.010595|
|         429|    0.179000|  1.4102e-01|   -6.586234|   -9.420653|   -0.000004|    0.010597|
|         430|    0.140000|  1.4102e-01|   -6.575079|   -9.420449|   -0.000004|    0.010601|
|         431|    0.137000|  1.4101e-01|   -6.563268|   -9.420271|   -0.000004|    0.010606|
|         432|    0.138000|  1.4100e-01|   -6.552638|   -9.420112|   -0.000005|    0.010614|
|         433|    0.135000|  1.4099e-01|   -6.544518|   -9.419986|   -0.000005|    0.010623|
|         434|    0.132000|  1.4097e-01|   -6.539802|   -9.419895|   -0.000005|    0.010633|
|         435|    0.136000|  1.4096e-01|   -6.539064|   -9.419825|   -0.000005|    0.010643|
|         436|    0.131000|  1.4093e-01|   -6.542654|   -9.419752|   -0.000005|    0.010654|
|         437|    0.136000|  1.4092e-01|   -6.550766|   -9.419698|   -0.000005|    0.010666|
|         438|    0.143000|  1.4093e-01|   -6.563475|   -9.419659|   -0.000005|    0.010676|
|         439|    0.171000|  1.4100e-01|   -6.580746|   -9.419620|   -0.000005|    0.010687|
|         440|    0.168000|  1.4106e-01|   -6.602413|   -9.419576|   -0.000005|    0.010696|
|         441|    0.142000|  1.4106e-01|   -6.628129|   -9.419454|   -0.000005|    0.010704|
|         442|    0.148000|  1.4107e-01|   -6.657275|   -9.419328|   -0.000005|    0.010711|
|         443|    0.151000|  1.4110e-01|   -6.688832|   -9.419171|   -0.000005|    0.010717|
|         444|    0.160000|  1.4114e-01|   -6.721235|   -9.419013|   -0.000005|    0.010720|
|         445|    0.172000|  1.4121e-01|   -6.752287|   -9.418863|   -0.000005|    0.010722|
|         446|    0.189000|  1.4132e-01|   -6.779281|   -9.418725|   -0.000005|    0.010721|
|         447|    0.183000|  1.4141e-01|   -6.799507|   -9.418606|   -0.000004|    0.010719|
|         448|    0.180000|  1.4149e-01|   -6.811107|   -9.418487|   -0.000004|    0.010715|
|         449|    0.155000|  1.4152e-01|   -6.813856|   -9.418378|   -0.000004|    0.010709|
|         450|    0.164000|  1.4157e-01|   -6.809254|   -9.418268|   -0.000004|    0.010701|
|         451|    0.181000|  1.4166e-01|   -6.799863|   -9.418148|   -0.000004|    0.010692|
|         452|    0.157000|  1.4170e-01|   -6.788410|   -9.418034|   -0.000003|    0.010681|
|         453|    0.144000|  1.4170e-01|   -6.777175|   -9.417938|   -0.000003|    0.010669|
|         454|    0.164000|  1.4175e-01|   -6.767798|   -9.417859|   -0.000003|    0.010656|
|         455|    0.172000|  1.4182e-01|   -6.761321|   -9.417795|   -0.000003|    0.010643|
|         456|    0.186000|  1.4191e-01|   -6.758324|   -9.417746|   -0.000003|    0.010629|
|         457|    0.169000|  1.4197e-01|   -6.759053|   -9.417713|   -0.000002|    0.010614|
|         458|    0.167000|  1.4203e-01|   -6.763505|   -9.417681|   -0.000002|    0.010600|
|         459|    0.168000|  1.4208e-01|   -6.771478|   -9.417651|   -0.000002|    0.010586|
|         460|    0.154000|  1.4211e-01|   -6.782588|   -9.417595|   -0.000002|    0.010572|
|         461|    0.137000|  1.4210e-01|   -6.796267|   -9.417496|   -0.000002|    0.010559|
|         462|    0.152000|  1.4212e-01|   -6.811744|   -9.417390|   -0.000002|    0.010546|
|         463|    0.144000|  1.4212e-01|   -6.828046|   -9.417289|   -0.000002|    0.010535|
|         464|    0.153000|  1.4215e-01|   -6.844024|   -9.417197|   -0.000002|    0.010524|
|         465|    0.158000|  1.4218e-01|   -6.858449|   -9.417105|   -0.000002|    0.010515|
|         466|    0.141000|  1.4218e-01|   -6.870168|   -9.416998|   -0.000003|    0.010507|
|         467|    0.142000|  1.4218e-01|   -6.878326|   -9.416912|   -0.000003|    0.010499|
|         468|    0.150000|  1.4219e-01|   -6.882546|   -9.416842|   -0.000003|    0.010493|
|         469|    0.151000|  1.4221e-01|   -6.883016|   -9.416778|   -0.000003|    0.010488|
|         470|    0.149000|  1.4223e-01|   -6.880411|   -9.416725|   -0.000003|    0.010484|
|         471|    0.144000|  1.4223e-01|   -6.875705|   -9.416685|   -0.000003|    0.010482|
|         472|    0.147000|  1.4224e-01|   -6.869959|   -9.416650|   -0.000003|    0.010480|
|         473|    0.161000|  1.4228e-01|   -6.864144|   -9.416616|   -0.000004|    0.010479|
|         474|    0.164000|  1.4233e-01|   -6.859055|   -9.416585|   -0.000004|    0.010478|
|         475|    0.152000|  1.4235e-01|   -6.855268|   -9.416566|   -0.000004|    0.010479|
|         476|    0.152000|  1.4237e-01|   -6.853160|   -9.416558|   -0.000004|    0.010480|
|         477|    0.148000|  1.4238e-01|   -6.852925|   -9.416553|   -0.000004|    0.010481|
|         478|    0.161000|  1.4242e-01|   -6.854609|   -9.416552|   -0.000004|    0.010483|
|         479|    0.146000|  1.4242e-01|   -6.858136|   -9.416554|   -0.000004|    0.010485|
|         480|    0.145000|  1.4243e-01|   -6.863331|   -9.416562|   -0.000004|    0.010487|
|         481|    0.151000|  1.4245e-01|   -6.869938|   -9.416519|   -0.000004|    0.010489|
|         482|    0.134000|  1.4243e-01|   -6.877641|   -9.416485|   -0.000005|    0.010492|
|         483|    0.148000|  1.4244e-01|   -6.886080|   -9.416449|   -0.000005|    0.010494|
|         484|    0.158000|  1.4247e-01|   -6.894883|   -9.416417|   -0.000005|    0.010496|
|         485|    0.134000|  1.4246e-01|   -6.903683|   -9.416388|   -0.000005|    0.010498|
|         486|    0.128000|  1.4243e-01|   -6.912157|   -9.416371|   -0.000005|    0.010500|
|         487|    0.136000|  1.4241e-01|   -6.920043|   -9.416366|   -0.000004|    0.010501|
|         488|    0.143000|  1.4242e-01|   -6.927169|   -9.416376|   -0.000004|    0.010503|
|         489|    0.135000|  1.4240e-01|   -6.933454|   -9.416387|   -0.000004|    0.010503|
|         490|    0.130000|  1.4237e-01|   -6.938906|   -9.416408|   -0.000004|    0.010504|
|         491|    0.139000|  1.4237e-01|   -6.943604|   -9.416444|   -0.000004|    0.010504|
|         492|    0.134000|  1.4235e-01|   -6.947674|   -9.416475|   -0.000004|    0.010503|
|         493|    0.137000|  1.4234e-01|   -6.951256|   -9.416502|   -0.000004|    0.010502|
|         494|    0.142000|  1.4234e-01|   -6.954483|   -9.416535|   -0.000004|    0.010501|
|         495|    0.156000|  1.4237e-01|   -6.957462|   -9.416586|   -0.000004|    0.010499|
|         496|    0.148000|  1.4238e-01|   -6.960261|   -9.416649|   -0.000003|    0.010497|
|         497|    0.139000|  1.4237e-01|   -6.962915|   -9.416709|   -0.000003|    0.010494|
|         498|    0.143000|  1.4237e-01|   -6.965427|   -9.416779|   -0.000003|    0.010490|
|         499|    0.155000|  1.4240e-01|   -6.967784|   -9.416865|   -0.000003|    0.010486|
|         500|    0.164000|  1.4244e-01|   -6.969975|   -9.416964|   -0.000003|    0.010482|
+-----------------------------------------------------------------------+
|        File Writing Summary       |              Filename             |
+-----------------------------------------------------------------------+
|SU2 binary restart                 |restart_flow_alpha0_449x129.dat    |
|Paraview                           |flow_alpha0_449x129.vtu            |
|Paraview surface                   |surface_flow_alpha0_449x129.vtu    |
+-----------------------------------------------------------------------+
+------------------------------------------------------------------------------------------+
|  Inner_Iter|   Time(sec)|   Time(sec)|      rms[P]|     rms[nu]|          CL|          CD|
+------------------------------------------------------------------------------------------+
|         501|    0.244000|  1.4264e-01|   -6.972008|   -9.417075|   -0.000003|    0.010476|
|         502|    0.149000|  1.4266e-01|   -6.973922|   -9.417173|   -0.000003|    0.010471|
|         503|    0.139000|  1.4265e-01|   -6.975798|   -9.417237|   -0.000003|    0.010465|
|         504|    0.142000|  1.4265e-01|   -6.977760|   -9.417268|   -0.000003|    0.010458|
|         505|    0.133000|  1.4263e-01|   -6.979969|   -9.417303|   -0.000002|    0.010451|
|         506|    0.133000|  1.4261e-01|   -6.982615|   -9.417323|   -0.000002|    0.010444|
|         507|    0.138000|  1.4260e-01|   -6.985897|   -9.417331|   -0.000002|    0.010437|
|         508|    0.138000|  1.4259e-01|   -6.990008|   -9.417326|   -0.000002|    0.010429|
|         509|    0.146000|  1.4260e-01|   -6.995117|   -9.417325|   -0.000002|    0.010421|
|         510|    0.129000|  1.4257e-01|   -7.001348|   -9.417330|   -0.000002|    0.010413|
|         511|    0.130000|  1.4255e-01|   -7.008763|   -9.417340|   -0.000002|    0.010405|
|         512|    0.132000|  1.4253e-01|   -7.017349|   -9.417356|   -0.000002|    0.010397|
|         513|    0.139000|  1.4252e-01|   -7.026997|   -9.417381|   -0.000002|    0.010389|
|         514|    0.154000|  1.4254e-01|   -7.037496|   -9.417415|   -0.000003|    0.010381|
|         515|    0.154000|  1.4256e-01|   -7.048519|   -9.417460|   -0.000003|    0.010374|
|         516|    0.154000|  1.4259e-01|   -7.059631|   -9.417515|   -0.000003|    0.010367|
|         517|    0.155000|  1.4261e-01|   -7.070305|   -9.417578|   -0.000003|    0.010360|
|         518|    0.170000|  1.4266e-01|   -7.079966|   -9.417644|   -0.000003|    0.010354|
|         519|    0.170000|  1.4272e-01|   -7.088056|   -9.417705|   -0.000003|    0.010348|
|         520|    0.160000|  1.4275e-01|   -7.094121|   -9.417766|   -0.000003|    0.010343|
|         521|    0.170000|  1.4280e-01|   -7.097892|   -9.417832|   -0.000003|    0.010338|
|         522|    0.148000|  1.4281e-01|   -7.099344|   -9.417907|   -0.000003|    0.010334|
|         523|    0.136000|  1.4280e-01|   -7.098712|   -9.417982|   -0.000003|    0.010331|
|         524|    0.140000|  1.4279e-01|   -7.096448|   -9.418067|   -0.000003|    0.010328|
|         525|    0.139000|  1.4279e-01|   -7.093148|   -9.418158|   -0.000003|    0.010326|
|         526|    0.133000|  1.4277e-01|   -7.089469|   -9.418206|   -0.000003|    0.010325|
|         527|    0.144000|  1.4277e-01|   -7.086053|   -9.418253|   -0.000003|    0.010324|
|         528|    0.145000|  1.4277e-01|   -7.083472|   -9.418304|   -0.000004|    0.010323|
|         529|    0.148000|  1.4278e-01|   -7.082200|   -9.418352|   -0.000004|    0.010323|
|         530|    0.137000|  1.4277e-01|   -7.082600|   -9.418404|   -0.000004|    0.010323|
|         531|    0.135000|  1.4276e-01|   -7.084929|   -9.418456|   -0.000004|    0.010323|
|         532|    0.125000|  1.4272e-01|   -7.089335|   -9.418513|   -0.000004|    0.010324|
|         533|    0.128000|  1.4270e-01|   -7.095865|   -9.418582|   -0.000004|    0.010324|
|         534|    0.140000|  1.4269e-01|   -7.104470|   -9.418660|   -0.000004|    0.010325|
|         535|    0.146000|  1.4270e-01|   -7.114998|   -9.418737|   -0.000004|    0.010325|
|         536|    0.151000|  1.4271e-01|   -7.127194|   -9.418826|   -0.000004|    0.010326|
|         537|    0.145000|  1.4272e-01|   -7.140696|   -9.418922|   -0.000004|    0.010326|
|         538|    0.146000|  1.4272e-01|   -7.155036|   -9.419022|   -0.000004|    0.010326|
|         539|    0.153000|  1.4274e-01|   -7.169649|   -9.419110|   -0.000004|    0.010325|
|         540|    0.139000|  1.4274e-01|   -7.183904|   -9.419199|   -0.000004|    0.010325|
|         541|    0.144000|  1.4274e-01|   -7.197154|   -9.419295|   -0.000004|    0.010323|
|         542|    0.147000|  1.4275e-01|   -7.208805|   -9.419397|   -0.000004|    0.010322|
|         543|    0.151000|  1.4276e-01|   -7.218400|   -9.419493|   -0.000004|    0.010319|
|         544|    0.164000|  1.4280e-01|   -7.225695|   -9.419594|   -0.000004|    0.010317|
|         545|    0.138000|  1.4279e-01|   -7.230693|   -9.419693|   -0.000004|    0.010313|
|         546|    0.151000|  1.4281e-01|   -7.233637|   -9.419793|   -0.000004|    0.010310|
|         547|    0.157000|  1.4283e-01|   -7.234960|   -9.419904|   -0.000003|    0.010306|
|         548|    0.153000|  1.4285e-01|   -7.235201|   -9.420024|   -0.000003|    0.010301|
|         549|    0.141000|  1.4285e-01|   -7.234928|   -9.420149|   -0.000003|    0.010296|
|         550|    0.139000|  1.4284e-01|   -7.234670|   -9.420277|   -0.000003|    0.010290|
|         551|    0.152000|  1.4286e-01|   -7.234873|   -9.420375|   -0.000003|    0.010285|
|         552|    0.148000|  1.4287e-01|   -7.235884|   -9.420444|   -0.000003|    0.010279|
|         553|    0.149000|  1.4288e-01|   -7.237946|   -9.420515|   -0.000003|    0.010272|
|         554|    0.134000|  1.4286e-01|   -7.241199|   -9.420578|   -0.000003|    0.010266|
|         555|    0.147000|  1.4287e-01|   -7.245696|   -9.420638|   -0.000003|    0.010259|
|         556|    0.149000|  1.4288e-01|   -7.251413|   -9.420691|   -0.000003|    0.010252|
|         557|    0.151000|  1.4289e-01|   -7.258265|   -9.420749|   -0.000003|    0.010246|
|         558|    0.152000|  1.4291e-01|   -7.266120|   -9.420817|   -0.000003|    0.010239|
|         559|    0.153000|  1.4293e-01|   -7.274809|   -9.420890|   -0.000003|    0.010232|
|         560|    0.155000|  1.4295e-01|   -7.284144|   -9.420967|   -0.000003|    0.010226|
|         561|    0.154000|  1.4297e-01|   -7.293930|   -9.421037|   -0.000003|    0.010220|
|         562|    0.150000|  1.4298e-01|   -7.303980|   -9.421115|   -0.000003|    0.010213|
|         563|    0.147000|  1.4299e-01|   -7.314124|   -9.421201|   -0.000003|    0.010208|
|         564|    0.149000|  1.4300e-01|   -7.324224|   -9.421293|   -0.000003|    0.010202|
|         565|    0.149000|  1.4301e-01|   -7.334175|   -9.421390|   -0.000003|    0.010197|
|         566|    0.174000|  1.4307e-01|   -7.343906|   -9.421490|   -0.000003|    0.010192|
|         567|    0.155000|  1.4309e-01|   -7.353374|   -9.421591|   -0.000003|    0.010188|
|         568|    0.168000|  1.4313e-01|   -7.362559|   -9.421699|   -0.000003|    0.010183|
|         569|    0.153000|  1.4315e-01|   -7.371445|   -9.421813|   -0.000003|    0.010179|
|         570|    0.151000|  1.4316e-01|   -7.380017|   -9.421926|   -0.000003|    0.010176|
|         571|    0.160000|  1.4319e-01|   -7.388241|   -9.422042|   -0.000003|    0.010173|
|         572|    0.146000|  1.4320e-01|   -7.396065|   -9.422167|   -0.000003|    0.010170|
|         573|    0.157000|  1.4322e-01|   -7.403412|   -9.422285|   -0.000003|    0.010167|
|         574|    0.154000|  1.4324e-01|   -7.410192|   -9.422412|   -0.000003|    0.010165|
|         575|    0.147000|  1.4324e-01|   -7.416306|   -9.422548|   -0.000003|    0.010163|
|         576|    0.138000|  1.4324e-01|   -7.421666|   -9.422683|   -0.000003|    0.010161|
|         577|    0.154000|  1.4325e-01|   -7.426215|   -9.422812|   -0.000003|    0.010159|
|         578|    0.142000|  1.4325e-01|   -7.429941|   -9.422908|   -0.000003|    0.010157|
|         579|    0.137000|  1.4324e-01|   -7.432892|   -9.423010|   -0.000003|    0.010156|
|         580|    0.142000|  1.4324e-01|   -7.435179|   -9.423117|   -0.000003|    0.010155|
|         581|    0.161000|  1.4327e-01|   -7.436976|   -9.423221|   -0.000003|    0.010153|
|         582|    0.144000|  1.4327e-01|   -7.438506|   -9.423320|   -0.000003|    0.010152|
|         583|    0.140000|  1.4327e-01|   -7.440026|   -9.423411|   -0.000003|    0.010151|
|         584|    0.140000|  1.4326e-01|   -7.441807|   -9.423513|   -0.000003|    0.010149|
|         585|    0.143000|  1.4326e-01|   -7.444111|   -9.423620|   -0.000003|    0.010148|
|         586|    0.139000|  1.4325e-01|   -7.447177|   -9.423714|   -0.000003|    0.010147|
|         587|    0.155000|  1.4327e-01|   -7.451205|   -9.423791|   -0.000003|    0.010145|
|         588|    0.140000|  1.4327e-01|   -7.456344|   -9.423872|   -0.000003|    0.010144|
|         589|    0.161000|  1.4330e-01|   -7.462681|   -9.423959|   -0.000003|    0.010142|
|         590|    0.152000|  1.4331e-01|   -7.470232|   -9.424039|   -0.000003|    0.010140|
|         591|    0.147000|  1.4332e-01|   -7.478939|   -9.424125|   -0.000003|    0.010138|
|         592|    0.145000|  1.4332e-01|   -7.488657|   -9.424216|   -0.000003|    0.010135|
|         593|    0.133000|  1.4330e-01|   -7.499157|   -9.424312|   -0.000003|    0.010133|
|         594|    0.142000|  1.4330e-01|   -7.510125|   -9.424412|   -0.000003|    0.010130|
|         595|    0.137000|  1.4329e-01|   -7.521170|   -9.424516|   -0.000003|    0.010128|
|         596|    0.135000|  1.4328e-01|   -7.531844|   -9.424627|   -0.000003|    0.010125|
|         597|    0.145000|  1.4328e-01|   -7.541683|   -9.424742|   -0.000003|    0.010122|
|         598|    0.135000|  1.4327e-01|   -7.550253|   -9.424865|   -0.000003|    0.010118|
|         599|    0.139000|  1.4326e-01|   -7.557208|   -9.424998|   -0.000003|    0.010115|
|         600|    0.150000|  1.4327e-01|   -7.562341|   -9.425132|   -0.000003|    0.010112|
|         601|    0.139000|  1.4326e-01|   -7.565625|   -9.425270|   -0.000003|    0.010108|
|         602|    0.145000|  1.4327e-01|   -7.567212|   -9.425414|   -0.000003|    0.010104|
|         603|    0.136000|  1.4325e-01|   -7.567412|   -9.425551|   -0.000003|    0.010100|
|         604|    0.134000|  1.4324e-01|   -7.566644|   -9.425689|   -0.000003|    0.010097|
|         605|    0.134000|  1.4322e-01|   -7.565377|   -9.425831|   -0.000003|    0.010093|
|         606|    0.131000|  1.4320e-01|   -7.564076|   -9.425967|   -0.000003|    0.010089|
|         607|    0.128000|  1.4318e-01|   -7.563163|   -9.426063|   -0.000003|    0.010085|
|         608|    0.134000|  1.4316e-01|   -7.562989|   -9.426160|   -0.000003|    0.010081|
|         609|    0.131000|  1.4314e-01|   -7.563817|   -9.426258|   -0.000002|    0.010077|
|         610|    0.134000|  1.4313e-01|   -7.565819|   -9.426344|   -0.000002|    0.010073|
|         611|    0.147000|  1.4313e-01|   -7.569079|   -9.426436|   -0.000002|    0.010069|
|         612|    0.134000|  1.4312e-01|   -7.573592|   -9.426529|   -0.000002|    0.010065|
|         613|    0.135000|  1.4311e-01|   -7.579273|   -9.426631|   -0.000002|    0.010061|
|         614|    0.142000|  1.4310e-01|   -7.585959|   -9.426738|   -0.000002|    0.010057|
|         615|    0.141000|  1.4310e-01|   -7.593422|   -9.426845|   -0.000002|    0.010054|
|         616|    0.141000|  1.4310e-01|   -7.601378|   -9.426950|   -0.000002|    0.010050|
|         617|    0.147000|  1.4310e-01|   -7.609504|   -9.427055|   -0.000002|    0.010046|
|         618|    0.152000|  1.4312e-01|   -7.617458|   -9.427162|   -0.000002|    0.010043|
|         619|    0.136000|  1.4311e-01|   -7.624913|   -9.427272|   -0.000002|    0.010040|
|         620|    0.126000|  1.4308e-01|   -7.631582|   -9.427384|   -0.000002|    0.010036|
|         621|    0.153000|  1.4309e-01|   -7.637250|   -9.427500|   -0.000003|    0.010033|
|         622|    0.132000|  1.4308e-01|   -7.641798|   -9.427615|   -0.000003|    0.010030|
|         623|    0.157000|  1.4310e-01|   -7.645212|   -9.427739|   -0.000003|    0.010027|
|         624|    0.131000|  1.4308e-01|   -7.647583|   -9.427863|   -0.000003|    0.010024|
|         625|    0.129000|  1.4306e-01|   -7.649083|   -9.427984|   -0.000003|    0.010022|
|         626|    0.132000|  1.4304e-01|   -7.649945|   -9.428107|   -0.000003|    0.010019|
|         627|    0.157000|  1.4306e-01|   -7.650428|   -9.428228|   -0.000003|    0.010016|
|         628|    0.148000|  1.4307e-01|   -7.650794|   -9.428344|   -0.000003|    0.010014|
|         629|    0.131000|  1.4305e-01|   -7.651280|   -9.428464|   -0.000003|    0.010012|
|         630|    0.147000|  1.4306e-01|   -7.652084|   -9.428587|   -0.000003|    0.010009|
|         631|    0.139000|  1.4305e-01|   -7.653359|   -9.428712|   -0.000003|    0.010007|
|         632|    0.143000|  1.4305e-01|   -7.655207|   -9.428837|   -0.000003|    0.010005|
|         633|    0.163000|  1.4308e-01|   -7.657680|   -9.428960|   -0.000003|    0.010003|
|         634|    0.147000|  1.4309e-01|   -7.660788|   -9.429080|   -0.000003|    0.010001|
|         635|    0.168000|  1.4313e-01|   -7.664499|   -9.429205|   -0.000003|    0.009999|
|         636|    0.130000|  1.4311e-01|   -7.668750|   -9.429322|   -0.000003|    0.009997|
|         637|    0.154000|  1.4312e-01|   -7.673454|   -9.429420|   -0.000003|    0.009995|
|         638|    0.130000|  1.4310e-01|   -7.678508|   -9.429523|   -0.000003|    0.009993|
|         639|    0.134000|  1.4309e-01|   -7.683799|   -9.429627|   -0.000003|    0.009991|
|         640|    0.133000|  1.4307e-01|   -7.689213|   -9.429731|   -0.000003|    0.009989|
|         641|    0.144000|  1.4307e-01|   -7.694644|   -9.429836|   -0.000003|    0.009988|
|         642|    0.147000|  1.4308e-01|   -7.699996|   -9.429934|   -0.000003|    0.009986|
|         643|    0.141000|  1.4308e-01|   -7.705188|   -9.430034|   -0.000003|    0.009984|
|         644|    0.155000|  1.4310e-01|   -7.710159|   -9.430141|   -0.000003|    0.009982|
|         645|    0.149000|  1.4311e-01|   -7.714866|   -9.430250|   -0.000003|    0.009980|
|         646|    0.141000|  1.4310e-01|   -7.719287|   -9.430362|   -0.000003|    0.009978|
|         647|    0.164000|  1.4313e-01|   -7.723413|   -9.430466|   -0.000003|    0.009977|
|         648|    0.165000|  1.4317e-01|   -7.727253|   -9.430575|   -0.000003|    0.009975|
|         649|    0.167000|  1.4320e-01|   -7.730826|   -9.430688|   -0.000003|    0.009973|
|         650|    0.167000|  1.4324e-01|   -7.734159|   -9.430808|   -0.000003|    0.009971|
|         651|    0.166000|  1.4328e-01|   -7.737287|   -9.430929|   -0.000003|    0.009968|
|         652|    0.163000|  1.4331e-01|   -7.740249|   -9.431049|   -0.000003|    0.009966|
|         653|    0.158000|  1.4333e-01|   -7.743088|   -9.431174|   -0.000003|    0.009964|
|         654|    0.169000|  1.4337e-01|   -7.745851|   -9.431302|   -0.000003|    0.009962|
|         655|    0.166000|  1.4340e-01|   -7.748589|   -9.431433|   -0.000003|    0.009960|
|         656|    0.154000|  1.4342e-01|   -7.751354|   -9.431571|   -0.000003|    0.009957|
|         657|    0.156000|  1.4344e-01|   -7.754201|   -9.431713|   -0.000003|    0.009955|
|         658|    0.160000|  1.4346e-01|   -7.757184|   -9.431855|   -0.000003|    0.009952|
|         659|    0.163000|  1.4349e-01|   -7.760358|   -9.431997|   -0.000002|    0.009950|
|         660|    0.163000|  1.4352e-01|   -7.763773|   -9.432142|   -0.000002|    0.009947|
|         661|    0.162000|  1.4355e-01|   -7.767472|   -9.432288|   -0.000002|    0.009945|
|         662|    0.157000|  1.4357e-01|   -7.771487|   -9.432434|   -0.000002|    0.009942|
|         663|    0.135000|  1.4356e-01|   -7.775840|   -9.432578|   -0.000002|    0.009939|
|         664|    0.130000|  1.4354e-01|   -7.780533|   -9.432725|   -0.000002|    0.009936|
|         665|    0.130000|  1.4352e-01|   -7.785548|   -9.432866|   -0.000002|    0.009934|
|         666|    0.140000|  1.4351e-01|   -7.790847|   -9.432999|   -0.000002|    0.009931|
|         667|    0.146000|  1.4351e-01|   -7.796365|   -9.433136|   -0.000002|    0.009928|
|         668|    0.142000|  1.4351e-01|   -7.802018|   -9.433275|   -0.000002|    0.009925|
|         669|    0.138000|  1.4350e-01|   -7.807698|   -9.433390|   -0.000002|    0.009923|
|         670|    0.139000|  1.4350e-01|   -7.813281|   -9.433494|   -0.000002|    0.009920|
|         671|    0.132000|  1.4348e-01|   -7.818634|   -9.433595|   -0.000002|    0.009917|
|         672|    0.150000|  1.4349e-01|   -7.823621|   -9.433698|   -0.000002|    0.009914|
|         673|    0.157000|  1.4351e-01|   -7.828120|   -9.433806|   -0.000002|    0.009911|
|         674|    0.157000|  1.4353e-01|   -7.832027|   -9.433918|   -0.000002|    0.009909|
|         675|    0.162000|  1.4356e-01|   -7.835272|   -9.434034|   -0.000002|    0.009906|
|         676|    0.170000|  1.4360e-01|   -7.837829|   -9.434150|   -0.000002|    0.009903|
|         677|    0.159000|  1.4362e-01|   -7.839713|   -9.434267|   -0.000002|    0.009901|
|         678|    0.152000|  1.4363e-01|   -7.840990|   -9.434381|   -0.000003|    0.009898|
|         679|    0.151000|  1.4364e-01|   -7.841766|   -9.434499|   -0.000003|    0.009895|
|         680|    0.162000|  1.4367e-01|   -7.842182|   -9.434617|   -0.000003|    0.009893|
|         681|    0.130000|  1.4365e-01|   -7.842400|   -9.434739|   -0.000003|    0.009890|
|         682|    0.139000|  1.4364e-01|   -7.842594|   -9.434852|   -0.000003|    0.009888|
|         683|    0.138000|  1.4363e-01|   -7.842938|   -9.434969|   -0.000003|    0.009886|
|         684|    0.148000|  1.4364e-01|   -7.843593|   -9.435088|   -0.000003|    0.009883|
|         685|    0.158000|  1.4366e-01|   -7.844701|   -9.435201|   -0.000003|    0.009881|
|         686|    0.145000|  1.4366e-01|   -7.846379|   -9.435314|   -0.000003|    0.009879|
|         687|    0.134000|  1.4365e-01|   -7.848713|   -9.435430|   -0.000003|    0.009876|
|         688|    0.146000|  1.4365e-01|   -7.851753|   -9.435553|   -0.000003|    0.009874|
|         689|    0.153000|  1.4367e-01|   -7.855519|   -9.435678|   -0.000003|    0.009872|
|         690|    0.145000|  1.4367e-01|   -7.859990|   -9.435794|   -0.000003|    0.009870|
|         691|    0.159000|  1.4369e-01|   -7.865114|   -9.435908|   -0.000003|    0.009868|
|         692|    0.160000|  1.4371e-01|   -7.870801|   -9.436025|   -0.000003|    0.009866|
|         693|    0.160000|  1.4374e-01|   -7.876933|   -9.436144|   -0.000003|    0.009864|
|         694|    0.157000|  1.4376e-01|   -7.883364|   -9.436265|   -0.000003|    0.009861|
|         695|    0.176000|  1.4380e-01|   -7.889925|   -9.436391|   -0.000003|    0.009859|
|         696|    0.159000|  1.4382e-01|   -7.896438|   -9.436520|   -0.000003|    0.009857|
|         697|    0.150000|  1.4383e-01|   -7.902720|   -9.436645|   -0.000003|    0.009855|
|         698|    0.158000|  1.4385e-01|   -7.908601|   -9.436775|   -0.000003|    0.009853|
|         699|    0.158000|  1.4387e-01|   -7.913933|   -9.436909|   -0.000003|    0.009851|
|         700|    0.164000|  1.4390e-01|   -7.918601|   -9.437044|   -0.000003|    0.009849|
|         701|    0.151000|  1.4391e-01|   -7.922539|   -9.437179|   -0.000003|    0.009847|
|         702|    0.129000|  1.4389e-01|   -7.925727|   -9.437317|   -0.000003|    0.009845|
|         703|    0.136000|  1.4388e-01|   -7.928201|   -9.437443|   -0.000003|    0.009843|
|         704|    0.135000|  1.4387e-01|   -7.930040|   -9.437562|   -0.000003|    0.009841|
|         705|    0.150000|  1.4388e-01|   -7.931364|   -9.437666|   -0.000003|    0.009839|
|         706|    0.153000|  1.4389e-01|   -7.932319|   -9.437772|   -0.000003|    0.009837|
|         707|    0.148000|  1.4390e-01|   -7.933068|   -9.437884|   -0.000003|    0.009835|
|         708|    0.149000|  1.4390e-01|   -7.933775|   -9.438000|   -0.000003|    0.009833|
|         709|    0.151000|  1.4391e-01|   -7.934599|   -9.438118|   -0.000003|    0.009830|
|         710|    0.170000|  1.4395e-01|   -7.935684|   -9.438224|   -0.000003|    0.009828|
|         711|    0.174000|  1.4399e-01|   -7.937151|   -9.438328|   -0.000003|    0.009826|
|         712|    0.164000|  1.4402e-01|   -7.939099|   -9.438432|   -0.000003|    0.009824|
|         713|    0.181000|  1.4407e-01|   -7.941597|   -9.438537|   -0.000003|    0.009821|
|         714|    0.169000|  1.4411e-01|   -7.944687|   -9.438646|   -0.000003|    0.009819|
|         715|    0.183000|  1.4416e-01|   -7.948381|   -9.438758|   -0.000003|    0.009817|
|         716|    0.163000|  1.4419e-01|   -7.952666|   -9.438872|   -0.000003|    0.009814|
|         717|    0.169000|  1.4422e-01|   -7.957497|   -9.438980|   -0.000003|    0.009812|
|         718|    0.172000|  1.4426e-01|   -7.962807|   -9.439090|   -0.000003|    0.009809|
|         719|    0.165000|  1.4429e-01|   -7.968501|   -9.439202|   -0.000003|    0.009807|
|         720|    0.163000|  1.4431e-01|   -7.974466|   -9.439317|   -0.000003|    0.009804|
|         721|    0.176000|  1.4436e-01|   -7.980569|   -9.439434|   -0.000003|    0.009802|
|         722|    0.178000|  1.4441e-01|   -7.986666|   -9.439555|   -0.000003|    0.009799|
|         723|    0.167000|  1.4444e-01|   -7.992604|   -9.439676|   -0.000003|    0.009797|
|         724|    0.165000|  1.4446e-01|   -7.998234|   -9.439800|   -0.000003|    0.009794|
|         725|    0.165000|  1.4449e-01|   -8.003416|   -9.439928|   -0.000003|    0.009792|
|         726|    0.160000|  1.4451e-01|   -8.008031|   -9.440055|   -0.000003|    0.009789|
|         727|    0.153000|  1.4453e-01|   -8.011987|   -9.440181|   -0.000003|    0.009786|
|         728|    0.163000|  1.4455e-01|   -8.015228|   -9.440309|   -0.000003|    0.009784|
|         729|    0.183000|  1.4460e-01|   -8.017737|   -9.440441|   -0.000003|    0.009781|
|         730|    0.156000|  1.4462e-01|   -8.019538|   -9.440573|   -0.000003|    0.009779|
|         731|    0.150000|  1.4463e-01|   -8.020694|   -9.440700|   -0.000003|    0.009776|
|         732|    0.146000|  1.4463e-01|   -8.021300|   -9.440824|   -0.000003|    0.009773|
|         733|    0.143000|  1.4463e-01|   -8.021477|   -9.440950|   -0.000003|    0.009771|
|         734|    0.147000|  1.4463e-01|   -8.021363|   -9.441079|   -0.000003|    0.009768|
|         735|    0.137000|  1.4462e-01|   -8.021103|   -9.441211|   -0.000003|    0.009766|
|         736|    0.138000|  1.4461e-01|   -8.020840|   -9.441345|   -0.000003|    0.009763|
|         737|    0.150000|  1.4462e-01|   -8.020710|   -9.441480|   -0.000003|    0.009760|
|         738|    0.149000|  1.4462e-01|   -8.020834|   -9.441613|   -0.000003|    0.009758|
|         739|    0.132000|  1.4461e-01|   -8.021318|   -9.441736|   -0.000003|    0.009755|
|         740|    0.139000|  1.4460e-01|   -8.022245|   -9.441844|   -0.000003|    0.009753|
|         741|    0.117000|  1.4456e-01|   -8.023676|   -9.441953|   -0.000003|    0.009750|
|         742|    0.133000|  1.4455e-01|   -8.025652|   -9.442063|   -0.000003|    0.009748|
|         743|    0.129000|  1.4453e-01|   -8.028189|   -9.442172|   -0.000003|    0.009745|
|         744|    0.099000|  1.4446e-01|   -8.031283|   -9.442280|   -0.000003|    0.009743|
|         745|    0.103000|  1.4441e-01|   -8.034909|   -9.442380|   -0.000003|    0.009740|
|         746|    0.100000|  1.4435e-01|   -8.039024|   -9.442481|   -0.000003|    0.009738|
|         747|    0.099000|  1.4429e-01|   -8.043566|   -9.442585|   -0.000003|    0.009736|
|         748|    0.105000|  1.4424e-01|   -8.048460|   -9.442690|   -0.000003|    0.009733|
|         749|    0.093000|  1.4417e-01|   -8.053619|   -9.442793|   -0.000003|    0.009731|
|         750|    0.100000|  1.4411e-01|   -8.058948|   -9.442896|   -0.000003|    0.009728|
+-----------------------------------------------------------------------+
|        File Writing Summary       |              Filename             |
+-----------------------------------------------------------------------+
|SU2 binary restart                 |restart_flow_alpha0_449x129.dat    |
|Paraview                           |flow_alpha0_449x129.vtu            |
|Paraview surface                   |surface_flow_alpha0_449x129.vtu    |
+-----------------------------------------------------------------------+
+------------------------------------------------------------------------------------------+
|  Inner_Iter|   Time(sec)|   Time(sec)|      rms[P]|     rms[nu]|          CL|          CD|
+------------------------------------------------------------------------------------------+
|         751|    0.140000|  1.4410e-01|   -8.064351|   -9.443000|   -0.000003|    0.009726|
|         752|    0.087000|  1.4403e-01|   -8.069729|   -9.443104|   -0.000003|    0.009724|
|         753|    0.080000|  1.4394e-01|   -8.074992|   -9.443198|   -0.000003|    0.009721|
|         754|    0.083000|  1.4386e-01|   -8.080060|   -9.443286|   -0.000003|    0.009719|
|         755|    0.087000|  1.4379e-01|   -8.084867|   -9.443379|   -0.000003|    0.009717|
|         756|    0.083000|  1.4371e-01|   -8.089366|   -9.443475|   -0.000003|    0.009714|
|         757|    0.080000|  1.4362e-01|   -8.093533|   -9.443574|   -0.000003|    0.009712|
|         758|    0.080000|  1.4354e-01|   -8.097363|   -9.443676|   -0.000003|    0.009710|
|         759|    0.080000|  1.4346e-01|   -8.100873|   -9.443774|   -0.000003|    0.009707|
|         760|    0.080000|  1.4337e-01|   -8.104098|   -9.443873|   -0.000003|    0.009705|
|         761|    0.077000|  1.4328e-01|   -8.107087|   -9.443972|   -0.000003|    0.009703|
|         762|    0.075000|  1.4320e-01|   -8.109903|   -9.444072|   -0.000003|    0.009700|
|         763|    0.077000|  1.4311e-01|   -8.112613|   -9.444174|   -0.000003|    0.009698|
|         764|    0.077000|  1.4302e-01|   -8.115285|   -9.444277|   -0.000003|    0.009696|
|         765|    0.082000|  1.4294e-01|   -8.117985|   -9.444382|   -0.000003|    0.009693|
|         766|    0.080000|  1.4286e-01|   -8.120773|   -9.444490|   -0.000003|    0.009691|
|         767|    0.077000|  1.4277e-01|   -8.123699|   -9.444595|   -0.000003|    0.009688|
|         768|    0.078000|  1.4269e-01|   -8.126802|   -9.444697|   -0.000003|    0.009686|
|         769|    0.075000|  1.4260e-01|   -8.130107|   -9.444802|   -0.000003|    0.009684|
|         770|    0.078000|  1.4252e-01|   -8.133624|   -9.444910|   -0.000003|    0.009681|
|         771|    0.075000|  1.4243e-01|   -8.137350|   -9.445019|   -0.000003|    0.009679|
|         772|    0.075000|  1.4234e-01|   -8.141266|   -9.445130|   -0.000003|    0.009676|
|         773|    0.077000|  1.4226e-01|   -8.145342|   -9.445244|   -0.000003|    0.009674|
|         774|    0.074000|  1.4217e-01|   -8.149532|   -9.445357|   -0.000003|    0.009671|
|         775|    0.076000|  1.4209e-01|   -8.153785|   -9.445464|   -0.000003|    0.009669|
|         776|    0.074000|  1.4200e-01|   -8.158038|   -9.445573|   -0.000003|    0.009666|
|         777|    0.074000|  1.4191e-01|   -8.162223|   -9.445685|   -0.000003|    0.009664|
|         778|    0.073000|  1.4182e-01|   -8.166274|   -9.445785|   -0.000003|    0.009661|
|         779|    0.072000|  1.4173e-01|   -8.170122|   -9.445875|   -0.000003|    0.009658|
|         780|    0.074000|  1.4165e-01|   -8.173707|   -9.445966|   -0.000003|    0.009656|
|         781|    0.077000|  1.4156e-01|   -8.176976|   -9.446056|   -0.000003|    0.009653|
|         782|    0.077000|  1.4148e-01|   -8.179886|   -9.446133|   -0.000003|    0.009651|
|         783|    0.072000|  1.4139e-01|   -8.182412|   -9.446212|   -0.000003|    0.009648|
|         784|    0.073000|  1.4131e-01|   -8.184542|   -9.446292|   -0.000003|    0.009645|
|         785|    0.072000|  1.4122e-01|   -8.186280|   -9.446372|   -0.000003|    0.009643|
|         786|    0.079000|  1.4114e-01|   -8.187646|   -9.446453|   -0.000003|    0.009640|
|         787|    0.073000|  1.4105e-01|   -8.188675|   -9.446536|   -0.000003|    0.009637|
|         788|    0.073000|  1.4097e-01|   -8.189413|   -9.446620|   -0.000003|    0.009635|
|         789|    0.073000|  1.4088e-01|   -8.189916|   -9.446700|   -0.000003|    0.009632|
|         790|    0.073000|  1.4079e-01|   -8.190245|   -9.446779|   -0.000003|    0.009630|
|         791|    0.078000|  1.4071e-01|   -8.190466|   -9.446861|   -0.000003|    0.009627|
|         792|    0.073000|  1.4063e-01|   -8.190642|   -9.446945|   -0.000003|    0.009624|
|         793|    0.073000|  1.4054e-01|   -8.190835|   -9.447028|   -0.000003|    0.009622|
|         794|    0.074000|  1.4046e-01|   -8.191105|   -9.447110|   -0.000003|    0.009619|
|         795|    0.076000|  1.4038e-01|   -8.191501|   -9.447194|   -0.000004|    0.009616|
|         796|    0.073000|  1.4029e-01|   -8.192069|   -9.447278|   -0.000004|    0.009614|
|         797|    0.080000|  1.4022e-01|   -8.192843|   -9.447362|   -0.000004|    0.009611|
|         798|    0.072000|  1.4013e-01|   -8.193852|   -9.447446|   -0.000004|    0.009609|
|         799|    0.075000|  1.4005e-01|   -8.195114|   -9.447526|   -0.000004|    0.009606|
|         800|    0.075000|  1.3997e-01|   -8.196640|   -9.447605|   -0.000004|    0.009604|
|         801|    0.087000|  1.3991e-01|   -8.198433|   -9.447686|   -0.000004|    0.009601|
|         802|    0.087000|  1.3984e-01|   -8.200491|   -9.447770|   -0.000004|    0.009599|
|         803|    0.079000|  1.3976e-01|   -8.202801|   -9.447854|   -0.000004|    0.009596|
|         804|    0.080000|  1.3969e-01|   -8.205350|   -9.447924|   -0.000004|    0.009594|
|         805|    0.078000|  1.3961e-01|   -8.208117|   -9.447990|   -0.000004|    0.009591|
|         806|    0.083000|  1.3954e-01|   -8.211078|   -9.448058|   -0.000004|    0.009589|
|         807|    0.080000|  1.3947e-01|   -8.214207|   -9.448128|   -0.000004|    0.009586|
|         808|    0.080000|  1.3940e-01|   -8.217475|   -9.448198|   -0.000004|    0.009584|
|         809|    0.085000|  1.3933e-01|   -8.220855|   -9.448268|   -0.000004|    0.009581|
|         810|    0.085000|  1.3926e-01|   -8.224315|   -9.448341|   -0.000004|    0.009579|
|         811|    0.084000|  1.3919e-01|   -8.227828|   -9.448415|   -0.000004|    0.009576|
|         812|    0.086000|  1.3913e-01|   -8.231366|   -9.448487|   -0.000004|    0.009574|
|         813|    0.094000|  1.3907e-01|   -8.234904|   -9.448557|   -0.000004|    0.009572|
|         814|    0.086000|  1.3901e-01|   -8.238418|   -9.448628|   -0.000004|    0.009569|
|         815|    0.084000|  1.3894e-01|   -8.241888|   -9.448699|   -0.000004|    0.009567|
|         816|    0.077000|  1.3886e-01|   -8.245296|   -9.448771|   -0.000004|    0.009564|
|         817|    0.074000|  1.3878e-01|   -8.248627|   -9.448843|   -0.000004|    0.009562|
|         818|    0.078000|  1.3871e-01|   -8.251868|   -9.448909|   -0.000004|    0.009559|
|         819|    0.080000|  1.3864e-01|   -8.255012|   -9.448963|   -0.000004|    0.009557|
|         820|    0.086000|  1.3857e-01|   -8.258051|   -9.449017|   -0.000004|    0.009555|
|         821|    0.085000|  1.3851e-01|   -8.260981|   -9.449069|   -0.000004|    0.009552|
|         822|    0.077000|  1.3843e-01|   -8.263799|   -9.449120|   -0.000004|    0.009550|
|         823|    0.075000|  1.3836e-01|   -8.266504|   -9.449172|   -0.000004|    0.009547|
|         824|    0.077000|  1.3828e-01|   -8.269096|   -9.449218|   -0.000004|    0.009545|
|         825|    0.078000|  1.3821e-01|   -8.271576|   -9.449268|   -0.000004|    0.009542|
|         826|    0.083000|  1.3814e-01|   -8.273946|   -9.449318|   -0.000004|    0.009540|
|         827|    0.077000|  1.3807e-01|   -8.276205|   -9.449364|   -0.000004|    0.009537|
|         828|    0.081000|  1.3800e-01|   -8.278355|   -9.449404|   -0.000004|    0.009535|
|         829|    0.075000|  1.3793e-01|   -8.280397|   -9.449446|   -0.000004|    0.009532|
|         830|    0.076000|  1.3785e-01|   -8.282330|   -9.449489|   -0.000004|    0.009530|
|         831|    0.076000|  1.3778e-01|   -8.284155|   -9.449534|   -0.000004|    0.009528|
|         832|    0.075000|  1.3770e-01|   -8.285873|   -9.449581|   -0.000004|    0.009525|
|         833|    0.079000|  1.3763e-01|   -8.287482|   -9.449631|   -0.000004|    0.009523|
|         834|    0.074000|  1.3755e-01|   -8.288984|   -9.449680|   -0.000004|    0.009520|
|         835|    0.074000|  1.3748e-01|   -8.290379|   -9.449730|   -0.000004|    0.009517|
|         836|    0.077000|  1.3741e-01|   -8.291671|   -9.449776|   -0.000004|    0.009515|
|         837|    0.081000|  1.3734e-01|   -8.292861|   -9.449820|   -0.000004|    0.009512|
|         838|    0.082000|  1.3727e-01|   -8.293957|   -9.449864|   -0.000004|    0.009510|
|         839|    0.075000|  1.3720e-01|   -8.294963|   -9.449908|   -0.000004|    0.009507|
|         840|    0.074000|  1.3712e-01|   -8.295889|   -9.449952|   -0.000004|    0.009505|
|         841|    0.077000|  1.3705e-01|   -8.296745|   -9.449997|   -0.000004|    0.009502|
|         842|    0.075000|  1.3698e-01|   -8.297541|   -9.450043|   -0.000004|    0.009500|
|         843|    0.078000|  1.3691e-01|   -8.298291|   -9.450090|   -0.000004|    0.009497|
|         844|    0.076000|  1.3684e-01|   -8.299008|   -9.450132|   -0.000004|    0.009495|
|         845|    0.077000|  1.3677e-01|   -8.299707|   -9.450174|   -0.000004|    0.009492|
|         846|    0.075000|  1.3669e-01|   -8.300404|   -9.450217|   -0.000004|    0.009490|
|         847|    0.077000|  1.3662e-01|   -8.301111|   -9.450261|   -0.000004|    0.009487|
|         848|    0.075000|  1.3655e-01|   -8.301845|   -9.450305|   -0.000004|    0.009485|
|         849|    0.074000|  1.3648e-01|   -8.302619|   -9.450351|   -0.000004|    0.009482|
|         850|    0.074000|  1.3640e-01|   -8.303445|   -9.450394|   -0.000004|    0.009480|
|         851|    0.077000|  1.3633e-01|   -8.304335|   -9.450438|   -0.000004|    0.009477|
|         852|    0.079000|  1.3627e-01|   -8.305299|   -9.450479|   -0.000004|    0.009475|
|         853|    0.084000|  1.3620e-01|   -8.306345|   -9.450515|   -0.000004|    0.009472|
|         854|    0.082000|  1.3614e-01|   -8.307479|   -9.450548|   -0.000004|    0.009470|
|         855|    0.083000|  1.3608e-01|   -8.308708|   -9.450576|   -0.000004|    0.009468|
|         856|    0.085000|  1.3602e-01|   -8.310034|   -9.450605|   -0.000004|    0.009465|
|         857|    0.083000|  1.3596e-01|   -8.311460|   -9.450633|   -0.000004|    0.009463|
|         858|    0.096000|  1.3591e-01|   -8.312986|   -9.450661|   -0.000004|    0.009460|
|         859|    0.113000|  1.3588e-01|   -8.314611|   -9.450688|   -0.000004|    0.009458|
|         860|    0.129000|  1.3588e-01|   -8.316333|   -9.450716|   -0.000004|    0.009455|
|         861|    0.128000|  1.3587e-01|   -8.318148|   -9.450730|   -0.000004|    0.009453|
|         862|    0.123000|  1.3585e-01|   -8.320051|   -9.450736|   -0.000004|    0.009451|
|         863|    0.130000|  1.3585e-01|   -8.322036|   -9.450742|   -0.000004|    0.009448|
|         864|    0.127000|  1.3584e-01|   -8.324093|   -9.450748|   -0.000004|    0.009446|
|         865|    0.125000|  1.3582e-01|   -8.326214|   -9.450751|   -0.000004|    0.009444|
|         866|    0.124000|  1.3581e-01|   -8.328388|   -9.450754|   -0.000004|    0.009441|
|         867|    0.122000|  1.3579e-01|   -8.330602|   -9.450757|   -0.000004|    0.009439|
|         868|    0.126000|  1.3578e-01|   -8.332844|   -9.450760|   -0.000004|    0.009436|
|         869|    0.127000|  1.3577e-01|   -8.335098|   -9.450760|   -0.000004|    0.009434|
|         870|    0.127000|  1.3576e-01|   -8.337349|   -9.450753|   -0.000004|    0.009432|
|         871|    0.123000|  1.3575e-01|   -8.339581|   -9.450744|   -0.000004|    0.009429|
|         872|    0.121000|  1.3573e-01|   -8.341777|   -9.450734|   -0.000004|    0.009427|
|         873|    0.118000|  1.3571e-01|   -8.343921|   -9.450724|   -0.000004|    0.009425|
|         874|    0.119000|  1.3569e-01|   -8.345997|   -9.450714|   -0.000004|    0.009422|
|         875|    0.119000|  1.3567e-01|   -8.347992|   -9.450704|   -0.000004|    0.009420|
|         876|    0.119000|  1.3565e-01|   -8.349892|   -9.450694|   -0.000004|    0.009418|
|         877|    0.121000|  1.3564e-01|   -8.351688|   -9.450684|   -0.000004|    0.009416|
|         878|    0.122000|  1.3562e-01|   -8.353371|   -9.450674|   -0.000004|    0.009413|
|         879|    0.123000|  1.3561e-01|   -8.354937|   -9.450657|   -0.000004|    0.009411|
|         880|    0.123000|  1.3559e-01|   -8.356385|   -9.450641|   -0.000004|    0.009409|
|         881|    0.123000|  1.3558e-01|   -8.357717|   -9.450625|   -0.000004|    0.009406|
|         882|    0.125000|  1.3557e-01|   -8.358937|   -9.450612|   -0.000004|    0.009404|
|         883|    0.124000|  1.3555e-01|   -8.360054|   -9.450600|   -0.000004|    0.009402|
|         884|    0.120000|  1.3554e-01|   -8.361079|   -9.450588|   -0.000004|    0.009399|
|         885|    0.122000|  1.3552e-01|   -8.362025|   -9.450575|   -0.000004|    0.009397|
|         886|    0.121000|  1.3550e-01|   -8.362907|   -9.450556|   -0.000004|    0.009395|
|         887|    0.125000|  1.3549e-01|   -8.363739|   -9.450531|   -0.000004|    0.009392|
|         888|    0.124000|  1.3548e-01|   -8.364539|   -9.450505|   -0.000004|    0.009390|
|         889|    0.121000|  1.3546e-01|   -8.365321|   -9.450478|   -0.000004|    0.009388|
|         890|    0.125000|  1.3545e-01|   -8.366102|   -9.450450|   -0.000004|    0.009385|
|         891|    0.127000|  1.3544e-01|   -8.366895|   -9.450423|   -0.000004|    0.009383|
|         892|    0.130000|  1.3544e-01|   -8.367712|   -9.450397|   -0.000004|    0.009381|
|         893|    0.125000|  1.3542e-01|   -8.368563|   -9.450371|   -0.000004|    0.009378|
|         894|    0.119000|  1.3541e-01|   -8.369457|   -9.450345|   -0.000004|    0.009376|
|         895|    0.119000|  1.3539e-01|   -8.370400|   -9.450317|   -0.000004|    0.009374|
|         896|    0.119000|  1.3537e-01|   -8.371396|   -9.450285|   -0.000004|    0.009372|
|         897|    0.125000|  1.3536e-01|   -8.372448|   -9.450251|   -0.000004|    0.009369|
|         898|    0.122000|  1.3534e-01|   -8.373555|   -9.450216|   -0.000004|    0.009367|
|         899|    0.120000|  1.3533e-01|   -8.374716|   -9.450180|   -0.000004|    0.009365|
|         900|    0.124000|  1.3531e-01|   -8.375929|   -9.450145|   -0.000004|    0.009362|
|         901|    0.133000|  1.3531e-01|   -8.377191|   -9.450109|   -0.000004|    0.009360|
|         902|    0.129000|  1.3530e-01|   -8.378496|   -9.450074|   -0.000004|    0.009358|
|         903|    0.125000|  1.3529e-01|   -8.379841|   -9.450038|   -0.000004|    0.009355|
|         904|    0.122000|  1.3528e-01|   -8.381220|   -9.450003|   -0.000004|    0.009353|
|         905|    0.124000|  1.3526e-01|   -8.382627|   -9.449968|   -0.000004|    0.009351|
|         906|    0.125000|  1.3525e-01|   -8.384059|   -9.449932|   -0.000004|    0.009349|
|         907|    0.127000|  1.3524e-01|   -8.385510|   -9.449878|   -0.000004|    0.009346|
|         908|    0.127000|  1.3524e-01|   -8.386975|   -9.449821|   -0.000004|    0.009344|
|         909|    0.124000|  1.3522e-01|   -8.388450|   -9.449763|   -0.000004|    0.009342|
|         910|    0.119000|  1.3521e-01|   -8.389930|   -9.449705|   -0.000004|    0.009340|
|         911|    0.117000|  1.3519e-01|   -8.391412|   -9.449642|   -0.000004|    0.009337|
|         912|    0.118000|  1.3517e-01|   -8.392892|   -9.449575|   -0.000004|    0.009335|
|         913|    0.120000|  1.3515e-01|   -8.394366|   -9.449507|   -0.000004|    0.009333|
|         914|    0.120000|  1.3513e-01|   -8.395830|   -9.449436|   -0.000004|    0.009331|
|         915|    0.118000|  1.3511e-01|   -8.397280|   -9.449366|   -0.000004|    0.009329|
|         916|    0.117000|  1.3509e-01|   -8.398713|   -9.449296|   -0.000004|    0.009326|
|         917|    0.119000|  1.3508e-01|   -8.400125|   -9.449226|   -0.000004|    0.009324|
|         918|    0.119000|  1.3506e-01|   -8.401512|   -9.449155|   -0.000004|    0.009322|
|         919|    0.126000|  1.3505e-01|   -8.402871|   -9.449085|   -0.000004|    0.009320|
|         920|    0.126000|  1.3504e-01|   -8.404199|   -9.449012|   -0.000004|    0.009318|
|         921|    0.125000|  1.3503e-01|   -8.405492|   -9.448938|   -0.000004|    0.009315|
|         922|    0.127000|  1.3502e-01|   -8.406748|   -9.448859|   -0.000004|    0.009313|
|         923|    0.131000|  1.3502e-01|   -8.407964|   -9.448777|   -0.000004|    0.009311|
|         924|    0.127000|  1.3501e-01|   -8.409138|   -9.448693|   -0.000004|    0.009309|
|         925|    0.122000|  1.3499e-01|   -8.410270|   -9.448609|   -0.000004|    0.009307|
|         926|    0.119000|  1.3498e-01|   -8.411358|   -9.448524|   -0.000004|    0.009305|
|         927|    0.120000|  1.3496e-01|   -8.412402|   -9.448438|   -0.000004|    0.009303|
|         928|    0.117000|  1.3494e-01|   -8.413404|   -9.448350|   -0.000004|    0.009300|
|         929|    0.118000|  1.3492e-01|   -8.414365|   -9.448262|   -0.000004|    0.009298|
|         930|    0.115000|  1.3490e-01|   -8.415287|   -9.448174|   -0.000004|    0.009296|
|         931|    0.107000|  1.3487e-01|   -8.416173|   -9.448086|   -0.000004|    0.009294|
|         932|    0.097000|  1.3483e-01|   -8.417028|   -9.447999|   -0.000004|    0.009292|
|         933|    0.083000|  1.3478e-01|   -8.417856|   -9.447912|   -0.000004|    0.009290|
|         934|    0.080000|  1.3472e-01|   -8.418662|   -9.447825|   -0.000004|    0.009288|
|         935|    0.075000|  1.3465e-01|   -8.419451|   -9.447738|   -0.000004|    0.009286|
|         936|    0.074000|  1.3459e-01|   -8.420230|   -9.447652|   -0.000004|    0.009283|
|         937|    0.074000|  1.3452e-01|   -8.421004|   -9.447561|   -0.000004|    0.009281|
|         938|    0.074000|  1.3446e-01|   -8.421781|   -9.447468|   -0.000004|    0.009279|
|         939|    0.078000|  1.3440e-01|   -8.422566|   -9.447367|   -0.000004|    0.009277|
|         940|    0.073000|  1.3433e-01|   -8.423368|   -9.447266|   -0.000004|    0.009275|
|         941|    0.081000|  1.3428e-01|   -8.424190|   -9.447164|   -0.000004|    0.009273|
|         942|    0.077000|  1.3422e-01|   -8.425041|   -9.447063|   -0.000004|    0.009271|
|         943|    0.078000|  1.3416e-01|   -8.425925|   -9.446963|   -0.000004|    0.009269|
|         944|    0.078000|  1.3410e-01|   -8.426847|   -9.446862|   -0.000004|    0.009267|
|         945|    0.074000|  1.3403e-01|   -8.427811|   -9.446760|   -0.000004|    0.009265|
|         946|    0.075000|  1.3397e-01|   -8.428821|   -9.446655|   -0.000004|    0.009263|
|         947|    0.074000|  1.3391e-01|   -8.429878|   -9.446550|   -0.000004|    0.009261|
|         948|    0.075000|  1.3385e-01|   -8.430985|   -9.446443|   -0.000004|    0.009258|
|         949|    0.077000|  1.3379e-01|   -8.432141|   -9.446334|   -0.000004|    0.009256|
|         950|    0.073000|  1.3372e-01|   -8.433345|   -9.446220|   -0.000004|    0.009254|
|         951|    0.074000|  1.3366e-01|   -8.434596|   -9.446106|   -0.000004|    0.009252|
|         952|    0.073000|  1.3360e-01|   -8.435889|   -9.445992|   -0.000004|    0.009250|
|         953|    0.073000|  1.3353e-01|   -8.437222|   -9.445874|   -0.000004|    0.009248|
|         954|    0.078000|  1.3347e-01|   -8.438588|   -9.445752|   -0.000004|    0.009246|
|         955|    0.074000|  1.3341e-01|   -8.439981|   -9.445626|   -0.000004|    0.009244|
|         956|    0.071000|  1.3335e-01|   -8.441396|   -9.445497|   -0.000004|    0.009242|
|         957|    0.073000|  1.3328e-01|   -8.442824|   -9.445366|   -0.000004|    0.009240|
|         958|    0.076000|  1.3322e-01|   -8.444258|   -9.445226|   -0.000004|    0.009238|
|         959|    0.076000|  1.3316e-01|   -8.445690|   -9.445085|   -0.000004|    0.009236|
|         960|    0.075000|  1.3310e-01|   -8.447112|   -9.444945|   -0.000004|    0.009234|
|         961|    0.072000|  1.3304e-01|   -8.448517|   -9.444803|   -0.000004|    0.009232|
|         962|    0.072000|  1.3298e-01|   -8.449897|   -9.444660|   -0.000004|    0.009230|
|         963|    0.073000|  1.3291e-01|   -8.451246|   -9.444514|   -0.000004|    0.009228|
|         964|    0.076000|  1.3286e-01|   -8.452558|   -9.444367|   -0.000004|    0.009226|
|         965|    0.083000|  1.3280e-01|   -8.453828|   -9.444219|   -0.000004|    0.009224|
|         966|    0.081000|  1.3275e-01|   -8.455051|   -9.444072|   -0.000004|    0.009222|
|         967|    0.081000|  1.3270e-01|   -8.456225|   -9.443923|   -0.000004|    0.009220|
|         968|    0.079000|  1.3264e-01|   -8.457348|   -9.443767|   -0.000004|    0.009218|
|         969|    0.086000|  1.3259e-01|   -8.458418|   -9.443610|   -0.000004|    0.009216|
|         970|    0.080000|  1.3254e-01|   -8.459437|   -9.443445|   -0.000004|    0.009214|
|         971|    0.078000|  1.3248e-01|   -8.460405|   -9.443279|   -0.000004|    0.009212|
|         972|    0.076000|  1.3243e-01|   -8.461324|   -9.443114|   -0.000004|    0.009210|
|         973|    0.079000|  1.3237e-01|   -8.462198|   -9.442949|   -0.000004|    0.009208|
|         974|    0.084000|  1.3232e-01|   -8.463030|   -9.442784|   -0.000004|    0.009206|
|         975|    0.079000|  1.3227e-01|   -8.463825|   -9.442618|   -0.000004|    0.009204|
|         976|    0.074000|  1.3221e-01|   -8.464587|   -9.442452|   -0.000004|    0.009202|
|         977|    0.074000|  1.3215e-01|   -8.465322|   -9.442283|   -0.000004|    0.009200|
|         978|    0.076000|  1.3209e-01|   -8.466034|   -9.442110|   -0.000004|    0.009198|
|         979|    0.076000|  1.3203e-01|   -8.466730|   -9.441936|   -0.000004|    0.009196|
|         980|    0.078000|  1.3198e-01|   -8.467415|   -9.441762|   -0.000004|    0.009195|
|         981|    0.075000|  1.3192e-01|   -8.468094|   -9.441587|   -0.000004|    0.009193|
|         982|    0.074000|  1.3186e-01|   -8.468772|   -9.441412|   -0.000004|    0.009191|
|         983|    0.073000|  1.3180e-01|   -8.469453|   -9.441238|   -0.000004|    0.009189|
|         984|    0.074000|  1.3174e-01|   -8.470144|   -9.441062|   -0.000004|    0.009187|
|         985|    0.080000|  1.3169e-01|   -8.470847|   -9.440886|   -0.000004|    0.009185|
|         986|    0.076000|  1.3163e-01|   -8.471566|   -9.440709|   -0.000004|    0.009183|
|         987|    0.073000|  1.3157e-01|   -8.472305|   -9.440533|   -0.000004|    0.009181|
|         988|    0.075000|  1.3152e-01|   -8.473066|   -9.440349|   -0.000004|    0.009179|
|         989|    0.072000|  1.3146e-01|   -8.473852|   -9.440164|   -0.000004|    0.009177|
|         990|    0.078000|  1.3140e-01|   -8.474665|   -9.439977|   -0.000004|    0.009176|
|         991|    0.076000|  1.3135e-01|   -8.475507|   -9.439789|   -0.000004|    0.009174|
|         992|    0.073000|  1.3129e-01|   -8.476379|   -9.439601|   -0.000004|    0.009172|
|         993|    0.072000|  1.3123e-01|   -8.477282|   -9.439412|   -0.000004|    0.009170|
|         994|    0.077000|  1.3117e-01|   -8.478216|   -9.439223|   -0.000004|    0.009168|
|         995|    0.076000|  1.3112e-01|   -8.479182|   -9.439034|   -0.000004|    0.009166|
|         996|    0.073000|  1.3106e-01|   -8.480180|   -9.438844|   -0.000004|    0.009164|
|         997|    0.073000|  1.3100e-01|   -8.481209|   -9.438654|   -0.000004|    0.009163|
|         998|    0.071000|  1.3094e-01|   -8.482267|   -9.438463|   -0.000004|    0.009161|
|         999|    0.074000|  1.3088e-01|   -8.483355|   -9.438268|   -0.000004|    0.009159|
|        1000|    0.073000|  1.3083e-01|   -8.484470|   -9.438072|   -0.000004|    0.009157|
+-----------------------------------------------------------------------+
|        File Writing Summary       |              Filename             |
+-----------------------------------------------------------------------+
|SU2 binary restart                 |restart_flow_alpha0_449x129.dat    |
|Paraview                           |flow_alpha0_449x129.vtu            |
|Paraview surface                   |surface_flow_alpha0_449x129.vtu    |
+-----------------------------------------------------------------------+
+------------------------------------------------------------------------------------------+
|  Inner_Iter|   Time(sec)|   Time(sec)|      rms[P]|     rms[nu]|          CL|          CD|
+------------------------------------------------------------------------------------------+
|        1001|    0.127000|  1.3082e-01|   -8.485610|   -9.437876|   -0.000004|    0.009155|
|        1002|    0.079000|  1.3077e-01|   -8.486773|   -9.437679|   -0.000004|    0.009153|
|        1003|    0.073000|  1.3071e-01|   -8.487955|   -9.437477|   -0.000004|    0.009152|
|        1004|    0.073000|  1.3066e-01|   -8.489154|   -9.437277|   -0.000004|    0.009150|
|        1005|    0.074000|  1.3060e-01|   -8.490366|   -9.437070|   -0.000004|    0.009148|
|        1006|    0.078000|  1.3055e-01|   -8.491587|   -9.436853|   -0.000004|    0.009146|
|        1007|    0.077000|  1.3050e-01|   -8.492812|   -9.436634|   -0.000004|    0.009144|
|        1008|    0.073000|  1.3044e-01|   -8.494037|   -9.436412|   -0.000004|    0.009143|
|        1009|    0.077000|  1.3039e-01|   -8.495258|   -9.436189|   -0.000004|    0.009141|
|        1010|    0.079000|  1.3033e-01|   -8.496468|   -9.435965|   -0.000004|    0.009139|
|        1011|    0.081000|  1.3029e-01|   -8.497664|   -9.435740|   -0.000004|    0.009137|
|        1012|    0.088000|  1.3024e-01|   -8.498841|   -9.435515|   -0.000004|    0.009135|
|        1013|    0.081000|  1.3020e-01|   -8.499994|   -9.435289|   -0.000004|    0.009134|
|        1014|    0.081000|  1.3015e-01|   -8.501118|   -9.435062|   -0.000004|    0.009132|
|        1015|    0.083000|  1.3010e-01|   -8.502211|   -9.434833|   -0.000004|    0.009130|
|        1016|    0.089000|  1.3006e-01|   -8.503267|   -9.434603|   -0.000004|    0.009128|
|        1017|    0.092000|  1.3002e-01|   -8.504286|   -9.434370|   -0.000004|    0.009127|
|        1018|    0.079000|  1.2997e-01|   -8.505264|   -9.434133|   -0.000004|    0.009125|
|        1019|    0.082000|  1.2993e-01|   -8.506200|   -9.433895|   -0.000004|    0.009123|
|        1020|    0.093000|  1.2989e-01|   -8.507094|   -9.433655|   -0.000004|    0.009121|
|        1021|    0.092000|  1.2985e-01|   -8.507946|   -9.433415|   -0.000004|    0.009119|
|        1022|    0.089000|  1.2981e-01|   -8.508756|   -9.433175|   -0.000004|    0.009118|
|        1023|    0.122000|  1.2980e-01|   -8.509528|   -9.432934|   -0.000004|    0.009116|
|        1024|    0.136000|  1.2981e-01|   -8.510263|   -9.432691|   -0.000004|    0.009114|
|        1025|    0.148000|  1.2983e-01|   -8.510965|   -9.432447|   -0.000004|    0.009113|
|        1026|    0.164000|  1.2986e-01|   -8.511639|   -9.432203|   -0.000004|    0.009111|
|        1027|    0.171000|  1.2990e-01|   -8.512287|   -9.431960|   -0.000004|    0.009109|
|        1028|    0.161000|  1.2993e-01|   -8.512916|   -9.431716|   -0.000004|    0.009107|
|        1029|    0.152000|  1.2995e-01|   -8.513530|   -9.431472|   -0.000004|    0.009106|
|        1030|    0.139000|  1.2996e-01|   -8.514135|   -9.431228|   -0.000004|    0.009104|
|        1031|    0.142000|  1.2997e-01|   -8.514736|   -9.430982|   -0.000004|    0.009102|
|        1032|    0.143000|  1.2999e-01|   -8.515339|   -9.430736|   -0.000004|    0.009101|
|        1033|    0.148000|  1.3000e-01|   -8.515948|   -9.430487|   -0.000004|    0.009099|
|        1034|    0.143000|  1.3002e-01|   -8.516569|   -9.430231|   -0.000004|    0.009097|
|        1035|    0.141000|  1.3003e-01|   -8.517206|   -9.429971|   -0.000004|    0.009095|
|        1036|    0.147000|  1.3004e-01|   -8.517862|   -9.429710|   -0.000004|    0.009094|
|        1037|    0.136000|  1.3005e-01|   -8.518542|   -9.429447|   -0.000004|    0.009092|
|        1038|    0.160000|  1.3008e-01|   -8.519247|   -9.429183|   -0.000004|    0.009090|
|        1039|    0.141000|  1.3009e-01|   -8.519982|   -9.428920|   -0.000004|    0.009089|
|        1040|    0.136000|  1.3009e-01|   -8.520746|   -9.428656|   -0.000004|    0.009087|
|        1041|    0.133000|  1.3010e-01|   -8.521542|   -9.428390|   -0.000004|    0.009085|
|        1042|    0.132000|  1.3010e-01|   -8.522370|   -9.428123|   -0.000004|    0.009084|
|        1043|    0.150000|  1.3012e-01|   -8.523229|   -9.427854|   -0.000004|    0.009082|
|        1044|    0.128000|  1.3012e-01|   -8.524120|   -9.427585|   -0.000004|    0.009080|
|        1045|    0.149000|  1.3013e-01|   -8.525040|   -9.427316|   -0.000004|    0.009079|
|        1046|    0.139000|  1.3014e-01|   -8.525989|   -9.427046|   -0.000004|    0.009077|
|        1047|    0.161000|  1.3017e-01|   -8.526964|   -9.426774|   -0.000004|    0.009075|
|        1048|    0.166000|  1.3021e-01|   -8.527964|   -9.426498|   -0.000004|    0.009074|
|        1049|    0.165000|  1.3024e-01|   -8.528985|   -9.426221|   -0.000004|    0.009072|
|        1050|    0.153000|  1.3026e-01|   -8.530024|   -9.425944|   -0.000004|    0.009071|
|        1051|    0.162000|  1.3029e-01|   -8.531080|   -9.425666|   -0.000004|    0.009069|
|        1052|    0.176000|  1.3033e-01|   -8.532147|   -9.425386|   -0.000004|    0.009067|
|        1053|    0.163000|  1.3037e-01|   -8.533224|   -9.425105|   -0.000004|    0.009066|
|        1054|    0.153000|  1.3039e-01|   -8.534306|   -9.424821|   -0.000004|    0.009064|
|        1055|    0.148000|  1.3040e-01|   -8.535391|   -9.424537|   -0.000004|    0.009062|
|        1056|    0.130000|  1.3040e-01|   -8.536474|   -9.424252|   -0.000004|    0.009061|
|        1057|    0.134000|  1.3041e-01|   -8.537554|   -9.423960|   -0.000004|    0.009059|
|        1058|    0.150000|  1.3042e-01|   -8.538626|   -9.423667|   -0.000004|    0.009058|
|        1059|    0.155000|  1.3045e-01|   -8.539688|   -9.423371|   -0.000004|    0.009056|
|        1060|    0.141000|  1.3046e-01|   -8.540737|   -9.423073|   -0.000004|    0.009054|
|        1061|    0.155000|  1.3048e-01|   -8.541770|   -9.422774|   -0.000004|    0.009053|
|        1062|    0.165000|  1.3051e-01|   -8.542784|   -9.422475|   -0.000004|    0.009051|
|        1063|    0.151000|  1.3053e-01|   -8.543778|   -9.422174|   -0.000004|    0.009050|
|        1064|    0.142000|  1.3054e-01|   -8.544750|   -9.421873|   -0.000004|    0.009048|
|        1065|    0.154000|  1.3057e-01|   -8.545698|   -9.421571|   -0.000004|    0.009046|
|        1066|    0.138000|  1.3057e-01|   -8.546620|   -9.421270|   -0.000004|    0.009045|
|        1067|    0.138000|  1.3058e-01|   -8.547516|   -9.420962|   -0.000004|    0.009043|
|        1068|    0.133000|  1.3058e-01|   -8.548385|   -9.420656|   -0.000004|    0.009042|
|        1069|    0.143000|  1.3059e-01|   -8.549226|   -9.420348|   -0.000004|    0.009040|
|        1070|    0.147000|  1.3061e-01|   -8.550040|   -9.420039|   -0.000004|    0.009039|
|        1071|    0.134000|  1.3061e-01|   -8.550826|   -9.419729|   -0.000004|    0.009037|
|        1072|    0.153000|  1.3063e-01|   -8.551586|   -9.419420|   -0.000004|    0.009036|
|        1073|    0.169000|  1.3067e-01|   -8.552321|   -9.419111|   -0.000004|    0.009034|
|        1074|    0.176000|  1.3071e-01|   -8.553032|   -9.418801|   -0.000004|    0.009033|
|        1075|    0.150000|  1.3073e-01|   -8.553720|   -9.418490|   -0.000004|    0.009031|
|        1076|    0.151000|  1.3075e-01|   -8.554389|   -9.418180|   -0.000004|    0.009029|
|        1077|    0.150000|  1.3077e-01|   -8.555039|   -9.417868|   -0.000004|    0.009028|
|        1078|    0.144000|  1.3078e-01|   -8.555675|   -9.417555|   -0.000004|    0.009026|
|        1079|    0.148000|  1.3079e-01|   -8.556298|   -9.417238|   -0.000004|    0.009025|
|        1080|    0.139000|  1.3080e-01|   -8.556912|   -9.416921|   -0.000004|    0.009023|
|        1081|    0.144000|  1.3081e-01|   -8.557519|   -9.416603|   -0.000004|    0.009022|
|        1082|    0.160000|  1.3084e-01|   -8.558123|   -9.416285|   -0.000004|    0.009020|
|        1083|    0.172000|  1.3088e-01|   -8.558727|   -9.415966|   -0.000004|    0.009019|
|        1084|    0.159000|  1.3090e-01|   -8.559334|   -9.415647|   -0.000004|    0.009017|
|        1085|    0.158000|  1.3093e-01|   -8.559947|   -9.415328|   -0.000004|    0.009016|
|        1086|    0.153000|  1.3095e-01|   -8.560569|   -9.415008|   -0.000004|    0.009014|
|        1087|    0.156000|  1.3097e-01|   -8.561203|   -9.414687|   -0.000004|    0.009013|
|        1088|    0.158000|  1.3100e-01|   -8.561850|   -9.414364|   -0.000004|    0.009011|
|        1089|    0.156000|  1.3102e-01|   -8.562514|   -9.414037|   -0.000004|    0.009010|
|        1090|    0.156000|  1.3104e-01|   -8.563196|   -9.413710|   -0.000004|    0.009008|
|        1091|    0.157000|  1.3107e-01|   -8.563897|   -9.413383|   -0.000004|    0.009007|
|        1092|    0.149000|  1.3108e-01|   -8.564618|   -9.413054|   -0.000004|    0.009005|
|        1093|    0.146000|  1.3110e-01|   -8.565361|   -9.412725|   -0.000004|    0.009004|
|        1094|    0.159000|  1.3112e-01|   -8.566126|   -9.412395|   -0.000004|    0.009002|
|        1095|    0.178000|  1.3117e-01|   -8.566912|   -9.412065|   -0.000004|    0.009001|
|        1096|    0.175000|  1.3121e-01|   -8.567719|   -9.411735|   -0.000004|    0.009000|
|        1097|    0.159000|  1.3123e-01|   -8.568547|   -9.411405|   -0.000004|    0.008998|
|        1098|    0.156000|  1.3125e-01|   -8.569394|   -9.411075|   -0.000004|    0.008997|
|        1099|    0.151000|  1.3127e-01|   -8.570259|   -9.410744|   -0.000004|    0.008995|
|        1100|    0.149000|  1.3129e-01|   -8.571141|   -9.410413|   -0.000004|    0.008994|
|        1101|    0.166000|  1.3132e-01|   -8.572037|   -9.410080|   -0.000004|    0.008992|
|        1102|    0.163000|  1.3135e-01|   -8.572945|   -9.409739|   -0.000004|    0.008991|
|        1103|    0.153000|  1.3137e-01|   -8.573863|   -9.409398|   -0.000004|    0.008989|
|        1104|    0.142000|  1.3138e-01|   -8.574789|   -9.409057|   -0.000004|    0.008988|
|        1105|    0.134000|  1.3138e-01|   -8.575721|   -9.408715|   -0.000004|    0.008987|
|        1106|    0.130000|  1.3138e-01|   -8.576655|   -9.408374|   -0.000004|    0.008985|
|        1107|    0.134000|  1.3138e-01|   -8.577589|   -9.408033|   -0.000004|    0.008984|
|        1108|    0.162000|  1.3141e-01|   -8.578521|   -9.407695|   -0.000004|    0.008982|
|        1109|    0.156000|  1.3143e-01|   -8.579448|   -9.407355|   -0.000004|    0.008981|
|        1110|    0.148000|  1.3144e-01|   -8.580369|   -9.407009|   -0.000004|    0.008979|
|        1111|    0.150000|  1.3146e-01|   -8.581281|   -9.406661|   -0.000004|    0.008978|
|        1112|    0.146000|  1.3147e-01|   -8.582182|   -9.406313|   -0.000004|    0.008977|
|        1113|    0.163000|  1.3150e-01|   -8.583071|   -9.405964|   -0.000004|    0.008975|
|        1114|    0.178000|  1.3154e-01|   -8.583945|   -9.405611|   -0.000004|    0.008974|
|        1115|    0.143000|  1.3155e-01|   -8.584805|   -9.405257|   -0.000004|    0.008972|
|        1116|    0.133000|  1.3156e-01|   -8.585648|   -9.404903|   -0.000004|    0.008971|
|        1117|    0.134000|  1.3156e-01|   -8.586474|   -9.404549|   -0.000004|    0.008970|
|        1118|    0.133000|  1.3156e-01|   -8.587282|   -9.404195|   -0.000004|    0.008968|
|        1119|    0.158000|  1.3158e-01|   -8.588073|   -9.403839|   -0.000004|    0.008967|
|        1120|    0.148000|  1.3160e-01|   -8.588847|   -9.403483|   -0.000004|    0.008966|
|        1121|    0.150000|  1.3161e-01|   -8.589603|   -9.403124|   -0.000004|    0.008964|
|        1122|    0.146000|  1.3163e-01|   -8.590342|   -9.402763|   -0.000004|    0.008963|
|        1123|    0.139000|  1.3163e-01|   -8.591065|   -9.402400|   -0.000004|    0.008961|
|        1124|    0.135000|  1.3164e-01|   -8.591774|   -9.402034|   -0.000004|    0.008960|
|        1125|    0.142000|  1.3165e-01|   -8.592468|   -9.401666|   -0.000004|    0.008959|
|        1126|    0.150000|  1.3166e-01|   -8.593150|   -9.401299|   -0.000004|    0.008957|
|        1127|    0.137000|  1.3167e-01|   -8.593821|   -9.400932|   -0.000004|    0.008956|
|        1128|    0.148000|  1.3168e-01|   -8.594482|   -9.400564|   -0.000004|    0.008955|
|        1129|    0.142000|  1.3169e-01|   -8.595136|   -9.400197|   -0.000004|    0.008953|
|        1130|    0.136000|  1.3169e-01|   -8.595784|   -9.399830|   -0.000004|    0.008952|
|        1131|    0.143000|  1.3170e-01|   -8.596427|   -9.399463|   -0.000004|    0.008951|
|        1132|    0.143000|  1.3171e-01|   -8.597069|   -9.399096|   -0.000004|    0.008949|
|        1133|    0.136000|  1.3172e-01|   -8.597709|   -9.398729|   -0.000004|    0.008948|
|        1134|    0.132000|  1.3172e-01|   -8.598351|   -9.398362|   -0.000004|    0.008947|
|        1135|    0.138000|  1.3172e-01|   -8.598995|   -9.397995|   -0.000004|    0.008945|
|        1136|    0.148000|  1.3174e-01|   -8.599644|   -9.397627|   -0.000004|    0.008944|
|        1137|    0.172000|  1.3177e-01|   -8.600298|   -9.397260|   -0.000004|    0.008943|
|        1138|    0.164000|  1.3180e-01|   -8.600959|   -9.396894|   -0.000004|    0.008941|
|        1139|    0.151000|  1.3182e-01|   -8.601629|   -9.396527|   -0.000004|    0.008940|
|        1140|    0.161000|  1.3184e-01|   -8.602307|   -9.396156|   -0.000004|    0.008939|
|        1141|    0.162000|  1.3187e-01|   -8.602995|   -9.395785|   -0.000004|    0.008937|
|        1142|    0.165000|  1.3190e-01|   -8.603694|   -9.395411|   -0.000004|    0.008936|
|        1143|    0.151000|  1.3192e-01|   -8.604403|   -9.395032|   -0.000004|    0.008935|
|        1144|    0.148000|  1.3193e-01|   -8.605123|   -9.394652|   -0.000004|    0.008933|
|        1145|    0.146000|  1.3194e-01|   -8.605854|   -9.394272|   -0.000004|    0.008932|
|        1146|    0.147000|  1.3196e-01|   -8.606596|   -9.393893|   -0.000004|    0.008931|
|        1147|    0.148000|  1.3197e-01|   -8.607347|   -9.393514|   -0.000004|    0.008930|
|        1148|    0.154000|  1.3199e-01|   -8.608109|   -9.393135|   -0.000004|    0.008928|
|        1149|    0.141000|  1.3200e-01|   -8.608878|   -9.392755|   -0.000004|    0.008927|
|        1150|    0.145000|  1.3201e-01|   -8.609656|   -9.392376|   -0.000004|    0.008926|
|        1151|    0.144000|  1.3202e-01|   -8.610440|   -9.391995|   -0.000004|    0.008924|
|        1152|    0.159000|  1.3204e-01|   -8.611230|   -9.391614|   -0.000004|    0.008923|
|        1153|    0.150000|  1.3206e-01|   -8.612025|   -9.391232|   -0.000004|    0.008922|
|        1154|    0.149000|  1.3207e-01|   -8.612822|   -9.390851|   -0.000004|    0.008921|
|        1155|    0.149000|  1.3209e-01|   -8.613621|   -9.390469|   -0.000004|    0.008919|
|        1156|    0.149000|  1.3210e-01|   -8.614421|   -9.390087|   -0.000004|    0.008918|
|        1157|    0.149000|  1.3212e-01|   -8.615219|   -9.389702|   -0.000004|    0.008917|
|        1158|    0.153000|  1.3213e-01|   -8.616016|   -9.389316|   -0.000004|    0.008916|
|        1159|    0.150000|  1.3215e-01|   -8.616808|   -9.388929|   -0.000004|    0.008914|
|        1160|    0.152000|  1.3217e-01|   -8.617596|   -9.388542|   -0.000004|    0.008913|
|        1161|    0.149000|  1.3218e-01|   -8.618378|   -9.388155|   -0.000004|    0.008912|
|        1162|    0.149000|  1.3220e-01|   -8.619153|   -9.387769|   -0.000004|    0.008911|
|        1163|    0.149000|  1.3221e-01|   -8.619920|   -9.387380|   -0.000004|    0.008909|
|        1164|    0.150000|  1.3222e-01|   -8.620678|   -9.386991|   -0.000004|    0.008908|
|        1165|    0.152000|  1.3224e-01|   -8.621427|   -9.386602|   -0.000004|    0.008907|
|        1166|    0.150000|  1.3226e-01|   -8.622165|   -9.386213|   -0.000004|    0.008906|
|        1167|    0.150000|  1.3227e-01|   -8.622894|   -9.385823|   -0.000004|    0.008904|
|        1168|    0.151000|  1.3229e-01|   -8.623612|   -9.385434|   -0.000004|    0.008903|
|        1169|    0.150000|  1.3230e-01|   -8.624320|   -9.385043|   -0.000004|    0.008902|
|        1170|    0.152000|  1.3232e-01|   -8.625017|   -9.384652|   -0.000004|    0.008901|
|        1171|    0.154000|  1.3234e-01|   -8.625704|   -9.384259|   -0.000004|    0.008899|
|        1172|    0.155000|  1.3236e-01|   -8.626381|   -9.383864|   -0.000004|    0.008898|
|        1173|    0.155000|  1.3238e-01|   -8.627049|   -9.383469|   -0.000004|    0.008897|
|        1174|    0.151000|  1.3239e-01|   -8.627709|   -9.383072|   -0.000004|    0.008896|
|        1175|    0.151000|  1.3241e-01|   -8.628361|   -9.382674|   -0.000004|    0.008895|
|        1176|    0.154000|  1.3243e-01|   -8.629007|   -9.382274|   -0.000004|    0.008893|
|        1177|    0.157000|  1.3245e-01|   -8.629646|   -9.381871|   -0.000004|    0.008892|
|        1178|    0.156000|  1.3247e-01|   -8.630281|   -9.381467|   -0.000004|    0.008891|
|        1179|    0.152000|  1.3248e-01|   -8.630913|   -9.381063|   -0.000004|    0.008890|
|        1180|    0.154000|  1.3250e-01|   -8.631542|   -9.380660|   -0.000004|    0.008889|
|        1181|    0.147000|  1.3252e-01|   -8.632169|   -9.380256|   -0.000004|    0.008887|
|        1182|    0.144000|  1.3252e-01|   -8.632797|   -9.379853|   -0.000004|    0.008886|
|        1183|    0.149000|  1.3254e-01|   -8.633425|   -9.379450|   -0.000004|    0.008885|
|        1184|    0.163000|  1.3256e-01|   -8.634055|   -9.379048|   -0.000004|    0.008884|
|        1185|    0.179000|  1.3260e-01|   -8.634688|   -9.378646|   -0.000004|    0.008883|
|        1186|    0.138000|  1.3261e-01|   -8.635324|   -9.378245|   -0.000004|    0.008882|
|        1187|    0.131000|  1.3261e-01|   -8.635965|   -9.377843|   -0.000004|    0.008880|
|        1188|    0.142000|  1.3261e-01|   -8.636612|   -9.377440|   -0.000004|    0.008879|
|        1189|    0.149000|  1.3263e-01|   -8.637264|   -9.377036|   -0.000004|    0.008878|
|        1190|    0.167000|  1.3266e-01|   -8.637923|   -9.376633|   -0.000004|    0.008877|
|        1191|    0.168000|  1.3269e-01|   -8.638588|   -9.376228|   -0.000004|    0.008876|
|        1192|    0.163000|  1.3271e-01|   -8.639261|   -9.375821|   -0.000004|    0.008875|
|        1193|    0.135000|  1.3271e-01|   -8.639940|   -9.375415|   -0.000004|    0.008873|
|        1194|    0.144000|  1.3272e-01|   -8.640627|   -9.375009|   -0.000004|    0.008872|
|        1195|    0.132000|  1.3272e-01|   -8.641321|   -9.374602|   -0.000004|    0.008871|
|        1196|    0.147000|  1.3274e-01|   -8.642022|   -9.374196|   -0.000004|    0.008870|
|        1197|    0.135000|  1.3274e-01|   -8.642729|   -9.373788|   -0.000004|    0.008869|
|        1198|    0.135000|  1.3274e-01|   -8.643441|   -9.373380|   -0.000004|    0.008868|
|        1199|    0.149000|  1.3275e-01|   -8.644160|   -9.372971|   -0.000004|    0.008867|
|        1200|    0.148000|  1.3277e-01|   -8.644882|   -9.372561|   -0.000004|    0.008865|
|        1201|    0.141000|  1.3277e-01|   -8.645609|   -9.372151|   -0.000004|    0.008864|
|        1202|    0.132000|  1.3277e-01|   -8.646339|   -9.371741|   -0.000004|    0.008863|
|        1203|    0.154000|  1.3279e-01|   -8.647071|   -9.371331|   -0.000004|    0.008862|
|        1204|    0.135000|  1.3279e-01|   -8.647805|   -9.370922|   -0.000004|    0.008861|
|        1205|    0.130000|  1.3279e-01|   -8.648539|   -9.370513|   -0.000004|    0.008860|
|        1206|    0.129000|  1.3279e-01|   -8.649273|   -9.370104|   -0.000004|    0.008859|
|        1207|    0.135000|  1.3279e-01|   -8.650005|   -9.369695|   -0.000004|    0.008857|
|        1208|    0.133000|  1.3279e-01|   -8.650735|   -9.369287|   -0.000004|    0.008856|
|        1209|    0.134000|  1.3279e-01|   -8.651462|   -9.368879|   -0.000004|    0.008855|
|        1210|    0.133000|  1.3279e-01|   -8.652185|   -9.368471|   -0.000004|    0.008854|
|        1211|    0.140000|  1.3279e-01|   -8.652904|   -9.368063|   -0.000004|    0.008853|
|        1212|    0.133000|  1.3279e-01|   -8.653617|   -9.367656|   -0.000004|    0.008852|
|        1213|    0.132000|  1.3279e-01|   -8.654324|   -9.367249|   -0.000004|    0.008851|
|        1214|    0.141000|  1.3280e-01|   -8.655024|   -9.366843|   -0.000004|    0.008850|
|        1215|    0.150000|  1.3281e-01|   -8.655717|   -9.366436|   -0.000004|    0.008849|
|        1216|    0.162000|  1.3284e-01|   -8.656403|   -9.366027|   -0.000004|    0.008848|
|        1217|    0.155000|  1.3286e-01|   -8.657082|   -9.365618|   -0.000004|    0.008846|
|        1218|    0.161000|  1.3288e-01|   -8.657753|   -9.365209|   -0.000004|    0.008845|
|        1219|    0.163000|  1.3290e-01|   -8.658416|   -9.364800|   -0.000004|    0.008844|
|        1220|    0.169000|  1.3293e-01|   -8.659072|   -9.364391|   -0.000004|    0.008843|
|        1221|    0.164000|  1.3296e-01|   -8.659720|   -9.363983|   -0.000004|    0.008842|
|        1222|    0.171000|  1.3299e-01|   -8.660361|   -9.363575|   -0.000004|    0.008841|
|        1223|    0.158000|  1.3301e-01|   -8.660996|   -9.363167|   -0.000004|    0.008840|
|        1224|    0.148000|  1.3302e-01|   -8.661624|   -9.362761|   -0.000004|    0.008839|
|        1225|    0.147000|  1.3304e-01|   -8.662246|   -9.362354|   -0.000004|    0.008838|
|        1226|    0.152000|  1.3305e-01|   -8.662863|   -9.361946|   -0.000004|    0.008837|
|        1227|    0.145000|  1.3306e-01|   -8.663476|   -9.361538|   -0.000004|    0.008836|
|        1228|    0.149000|  1.3307e-01|   -8.664084|   -9.361130|   -0.000004|    0.008835|
|        1229|    0.153000|  1.3309e-01|   -8.664689|   -9.360723|   -0.000004|    0.008834|
|        1230|    0.153000|  1.3311e-01|   -8.665292|   -9.360315|   -0.000004|    0.008833|
|        1231|    0.152000|  1.3312e-01|   -8.665892|   -9.359906|   -0.000004|    0.008831|
|        1232|    0.151000|  1.3314e-01|   -8.666492|   -9.359498|   -0.000004|    0.008830|
|        1233|    0.151000|  1.3315e-01|   -8.667091|   -9.359090|   -0.000004|    0.008829|
|        1234|    0.155000|  1.3317e-01|   -8.667691|   -9.358683|   -0.000004|    0.008828|
|        1235|    0.159000|  1.3319e-01|   -8.668291|   -9.358273|   -0.000004|    0.008827|
|        1236|    0.159000|  1.3321e-01|   -8.668893|   -9.357860|   -0.000004|    0.008826|
|        1237|    0.153000|  1.3323e-01|   -8.669497|   -9.357447|   -0.000004|    0.008825|
|        1238|    0.150000|  1.3324e-01|   -8.670104|   -9.357034|   -0.000004|    0.008824|
|        1239|    0.156000|  1.3326e-01|   -8.670715|   -9.356619|   -0.000004|    0.008823|
|        1240|    0.182000|  1.3330e-01|   -8.671328|   -9.356204|   -0.000004|    0.008822|
|        1241|    0.162000|  1.3332e-01|   -8.671946|   -9.355787|   -0.000004|    0.008821|
|        1242|    0.150000|  1.3333e-01|   -8.672568|   -9.355370|   -0.000004|    0.008820|
|        1243|    0.154000|  1.3335e-01|   -8.673193|   -9.354953|   -0.000004|    0.008819|
|        1244|    0.147000|  1.3336e-01|   -8.673824|   -9.354536|   -0.000004|    0.008818|
|        1245|    0.132000|  1.3336e-01|   -8.674458|   -9.354118|   -0.000004|    0.008817|
|        1246|    0.135000|  1.3336e-01|   -8.675097|   -9.353701|   -0.000004|    0.008816|
|        1247|    0.129000|  1.3336e-01|   -8.675739|   -9.353284|   -0.000004|    0.008815|
|        1248|    0.143000|  1.3337e-01|   -8.676386|   -9.352868|   -0.000004|    0.008814|
|        1249|    0.138000|  1.3337e-01|   -8.677035|   -9.352452|   -0.000004|    0.008813|
|        1250|    0.138000|  1.3337e-01|   -8.677688|   -9.352036|   -0.000004|    0.008812|
+-----------------------------------------------------------------------+
|        File Writing Summary       |              Filename             |
+-----------------------------------------------------------------------+
|SU2 binary restart                 |restart_flow_alpha0_449x129.dat    |
|Paraview                           |flow_alpha0_449x129.vtu            |
|Paraview surface                   |surface_flow_alpha0_449x129.vtu    |
+-----------------------------------------------------------------------+
+------------------------------------------------------------------------------------------+
|  Inner_Iter|   Time(sec)|   Time(sec)|      rms[P]|     rms[nu]|          CL|          CD|
+------------------------------------------------------------------------------------------+
|        1251|    0.241000|  1.3346e-01|   -8.678344|   -9.351621|   -0.000004|    0.008811|
|        1252|    0.135000|  1.3346e-01|   -8.679001|   -9.351203|   -0.000004|    0.008810|
|        1253|    0.142000|  1.3347e-01|   -8.679661|   -9.350783|   -0.000004|    0.008809|
|        1254|    0.134000|  1.3347e-01|   -8.680321|   -9.350364|   -0.000004|    0.008808|
|        1255|    0.145000|  1.3348e-01|   -8.680983|   -9.349946|   -0.000004|    0.008807|
|        1256|    0.139000|  1.3348e-01|   -8.681644|   -9.349528|   -0.000004|    0.008806|
|        1257|    0.139000|  1.3348e-01|   -8.682305|   -9.349111|   -0.000004|    0.008805|
|        1258|    0.142000|  1.3349e-01|   -8.682965|   -9.348693|   -0.000004|    0.008804|
|        1259|    0.131000|  1.3349e-01|   -8.683624|   -9.348274|   -0.000004|    0.008803|
|        1260|    0.142000|  1.3350e-01|   -8.684281|   -9.347856|   -0.000004|    0.008802|
|        1261|    0.142000|  1.3350e-01|   -8.684935|   -9.347437|   -0.000004|    0.008801|
|        1262|    0.142000|  1.3351e-01|   -8.685586|   -9.347018|   -0.000004|    0.008800|
|        1263|    0.134000|  1.3351e-01|   -8.686234|   -9.346599|   -0.000004|    0.008799|
|        1264|    0.132000|  1.3351e-01|   -8.686879|   -9.346181|   -0.000004|    0.008798|
|        1265|    0.139000|  1.3351e-01|   -8.687519|   -9.345763|   -0.000004|    0.008797|
|        1266|    0.143000|  1.3352e-01|   -8.688156|   -9.345347|   -0.000004|    0.008796|
|        1267|    0.136000|  1.3352e-01|   -8.688788|   -9.344930|   -0.000004|    0.008795|
|        1268|    0.132000|  1.3352e-01|   -8.689415|   -9.344512|   -0.000004|    0.008794|
|        1269|    0.132000|  1.3352e-01|   -8.690038|   -9.344095|   -0.000004|    0.008793|
|        1270|    0.133000|  1.3352e-01|   -8.690657|   -9.343678|   -0.000004|    0.008792|
|        1271|    0.140000|  1.3353e-01|   -8.691271|   -9.343260|   -0.000004|    0.008791|
|        1272|    0.131000|  1.3352e-01|   -8.691881|   -9.342843|   -0.000004|    0.008790|
|        1273|    0.137000|  1.3353e-01|   -8.692487|   -9.342426|   -0.000004|    0.008789|
|        1274|    0.142000|  1.3353e-01|   -8.693089|   -9.342009|   -0.000004|    0.008788|
|        1275|    0.136000|  1.3353e-01|   -8.693688|   -9.341593|   -0.000004|    0.008787|
|        1276|    0.139000|  1.3354e-01|   -8.694283|   -9.341178|   -0.000004|    0.008786|
|        1277|    0.127000|  1.3353e-01|   -8.694875|   -9.340762|   -0.000004|    0.008786|
|        1278|    0.142000|  1.3354e-01|   -8.695465|   -9.340347|   -0.000004|    0.008785|
|        1279|    0.142000|  1.3355e-01|   -8.696052|   -9.339930|   -0.000004|    0.008784|
|        1280|    0.143000|  1.3355e-01|   -8.696638|   -9.339512|   -0.000004|    0.008783|
|        1281|    0.133000|  1.3355e-01|   -8.697222|   -9.339095|   -0.000004|    0.008782|
|        1282|    0.138000|  1.3356e-01|   -8.697805|   -9.338679|   -0.000004|    0.008781|
|        1283|    0.128000|  1.3355e-01|   -8.698387|   -9.338263|   -0.000004|    0.008780|
|        1284|    0.131000|  1.3355e-01|   -8.698969|   -9.337848|   -0.000004|    0.008779|
|        1285|    0.145000|  1.3356e-01|   -8.699552|   -9.337433|   -0.000004|    0.008778|
|        1286|    0.127000|  1.3355e-01|   -8.700135|   -9.337017|   -0.000004|    0.008777|
|        1287|    0.125000|  1.3355e-01|   -8.700718|   -9.336601|   -0.000004|    0.008776|
|        1288|    0.148000|  1.3356e-01|   -8.701303|   -9.336185|   -0.000004|    0.008775|
|        1289|    0.172000|  1.3359e-01|   -8.701889|   -9.335771|   -0.000004|    0.008774|
|        1290|    0.174000|  1.3362e-01|   -8.702477|   -9.335356|   -0.000004|    0.008773|
|        1291|    0.166000|  1.3365e-01|   -8.703067|   -9.334940|   -0.000004|    0.008772|
|        1292|    0.147000|  1.3366e-01|   -8.703658|   -9.334526|   -0.000004|    0.008772|
|        1293|    0.131000|  1.3365e-01|   -8.704251|   -9.334110|   -0.000004|    0.008771|
|        1294|    0.130000|  1.3365e-01|   -8.704846|   -9.333695|   -0.000004|    0.008770|
|        1295|    0.133000|  1.3365e-01|   -8.705443|   -9.333280|   -0.000004|    0.008769|
|        1296|    0.133000|  1.3365e-01|   -8.706041|   -9.332864|   -0.000004|    0.008768|
|        1297|    0.137000|  1.3365e-01|   -8.706642|   -9.332449|   -0.000004|    0.008767|
|        1298|    0.133000|  1.3365e-01|   -8.707243|   -9.332035|   -0.000004|    0.008766|
|        1299|    0.134000|  1.3365e-01|   -8.707846|   -9.331620|   -0.000004|    0.008765|
|        1300|    0.138000|  1.3366e-01|   -8.708450|   -9.331205|   -0.000004|    0.008764|
|        1301|    0.135000|  1.3366e-01|   -8.709056|   -9.330790|   -0.000004|    0.008763|
|        1302|    0.128000|  1.3365e-01|   -8.709661|   -9.330373|   -0.000004|    0.008763|
|        1303|    0.137000|  1.3365e-01|   -8.710267|   -9.329955|   -0.000004|    0.008762|
|        1304|    0.135000|  1.3366e-01|   -8.710874|   -9.329536|   -0.000004|    0.008761|
|        1305|    0.144000|  1.3366e-01|   -8.711480|   -9.329117|   -0.000004|    0.008760|
|        1306|    0.140000|  1.3367e-01|   -8.712085|   -9.328696|   -0.000004|    0.008759|
|        1307|    0.130000|  1.3367e-01|   -8.712690|   -9.328276|   -0.000004|    0.008758|
|        1308|    0.142000|  1.3367e-01|   -8.713293|   -9.327857|   -0.000004|    0.008757|
|        1309|    0.125000|  1.3367e-01|   -8.713895|   -9.327439|   -0.000004|    0.008756|
|        1310|    0.140000|  1.3367e-01|   -8.714496|   -9.327021|   -0.000004|    0.008755|
|        1311|    0.138000|  1.3367e-01|   -8.715094|   -9.326603|   -0.000004|    0.008755|
|        1312|    0.142000|  1.3368e-01|   -8.715691|   -9.326185|   -0.000004|    0.008754|
|        1313|    0.135000|  1.3368e-01|   -8.716285|   -9.325768|   -0.000004|    0.008753|
|        1314|    0.137000|  1.3368e-01|   -8.716877|   -9.325351|   -0.000004|    0.008752|
|        1315|    0.141000|  1.3369e-01|   -8.717465|   -9.324935|   -0.000004|    0.008751|
|        1316|    0.131000|  1.3369e-01|   -8.718052|   -9.324518|   -0.000004|    0.008750|
|        1317|    0.134000|  1.3369e-01|   -8.718635|   -9.324101|   -0.000004|    0.008749|
|        1318|    0.145000|  1.3370e-01|   -8.719215|   -9.323684|   -0.000004|    0.008749|
|        1319|    0.135000|  1.3370e-01|   -8.719793|   -9.323267|   -0.000004|    0.008748|
|        1320|    0.138000|  1.3370e-01|   -8.720367|   -9.322851|   -0.000004|    0.008747|
|        1321|    0.126000|  1.3369e-01|   -8.720939|   -9.322435|   -0.000004|    0.008746|
|        1322|    0.135000|  1.3370e-01|   -8.721509|   -9.322019|   -0.000004|    0.008745|
|        1323|    0.141000|  1.3370e-01|   -8.722076|   -9.321603|   -0.000003|    0.008744|
|        1324|    0.129000|  1.3370e-01|   -8.722640|   -9.321187|   -0.000003|    0.008743|
|        1325|    0.133000|  1.3370e-01|   -8.723202|   -9.320772|   -0.000003|    0.008743|
|        1326|    0.148000|  1.3371e-01|   -8.723763|   -9.320358|   -0.000003|    0.008742|
|        1327|    0.176000|  1.3374e-01|   -8.724321|   -9.319944|   -0.000003|    0.008741|
|        1328|    0.138000|  1.3374e-01|   -8.724878|   -9.319530|   -0.000003|    0.008740|
|        1329|    0.136000|  1.3374e-01|   -8.725434|   -9.319116|   -0.000003|    0.008739|
|        1330|    0.132000|  1.3374e-01|   -8.725988|   -9.318702|   -0.000003|    0.008738|
|        1331|    0.144000|  1.3375e-01|   -8.726542|   -9.318289|   -0.000003|    0.008738|
|        1332|    0.146000|  1.3376e-01|   -8.727096|   -9.317876|   -0.000003|    0.008737|
|        1333|    0.137000|  1.3376e-01|   -8.727648|   -9.317464|   -0.000003|    0.008736|
|        1334|    0.136000|  1.3376e-01|   -8.728201|   -9.317052|   -0.000003|    0.008735|
|        1335|    0.146000|  1.3377e-01|   -8.728754|   -9.316642|   -0.000003|    0.008734|
|        1336|    0.144000|  1.3378e-01|   -8.729307|   -9.316231|   -0.000003|    0.008733|
|        1337|    0.137000|  1.3378e-01|   -8.729861|   -9.315821|   -0.000003|    0.008733|
|        1338|    0.140000|  1.3379e-01|   -8.730415|   -9.315411|   -0.000003|    0.008732|
|        1339|    0.144000|  1.3380e-01|   -8.730970|   -9.315002|   -0.000003|    0.008731|
|        1340|    0.135000|  1.3380e-01|   -8.731526|   -9.314593|   -0.000003|    0.008730|
|        1341|    0.134000|  1.3380e-01|   -8.732082|   -9.314184|   -0.000003|    0.008729|
|        1342|    0.133000|  1.3380e-01|   -8.732640|   -9.313774|   -0.000003|    0.008729|
|        1343|    0.129000|  1.3379e-01|   -8.733199|   -9.313363|   -0.000003|    0.008728|
|        1344|    0.131000|  1.3379e-01|   -8.733758|   -9.312953|   -0.000003|    0.008727|
|        1345|    0.135000|  1.3379e-01|   -8.734319|   -9.312542|   -0.000003|    0.008726|
|        1346|    0.140000|  1.3380e-01|   -8.734880|   -9.312132|   -0.000003|    0.008725|
|        1347|    0.136000|  1.3380e-01|   -8.735442|   -9.311722|   -0.000003|    0.008724|
|        1348|    0.133000|  1.3380e-01|   -8.736005|   -9.311311|   -0.000003|    0.008724|
|        1349|    0.136000|  1.3380e-01|   -8.736569|   -9.310902|   -0.000003|    0.008723|
|        1350|    0.149000|  1.3381e-01|   -8.737133|   -9.310493|   -0.000003|    0.008722|
|        1351|    0.132000|  1.3381e-01|   -8.737697|   -9.310085|   -0.000003|    0.008721|
|        1352|    0.129000|  1.3380e-01|   -8.738261|   -9.309678|   -0.000003|    0.008720|
|        1353|    0.150000|  1.3382e-01|   -8.738826|   -9.309272|   -0.000003|    0.008720|
|        1354|    0.141000|  1.3382e-01|   -8.739390|   -9.308865|   -0.000003|    0.008719|
|        1355|    0.136000|  1.3382e-01|   -8.739954|   -9.308459|   -0.000003|    0.008718|
|        1356|    0.145000|  1.3383e-01|   -8.740517|   -9.308051|   -0.000003|    0.008717|
|        1357|    0.131000|  1.3383e-01|   -8.741079|   -9.307643|   -0.000003|    0.008717|
|        1358|    0.144000|  1.3384e-01|   -8.741641|   -9.307237|   -0.000003|    0.008716|
|        1359|    0.154000|  1.3385e-01|   -8.742201|   -9.306831|   -0.000003|    0.008715|
|        1360|    0.132000|  1.3385e-01|   -8.742761|   -9.306425|   -0.000003|    0.008714|
|        1361|    0.137000|  1.3385e-01|   -8.743319|   -9.306020|   -0.000003|    0.008713|
|        1362|    0.140000|  1.3386e-01|   -8.743875|   -9.305614|   -0.000003|    0.008713|
|        1363|    0.125000|  1.3385e-01|   -8.744430|   -9.305210|   -0.000003|    0.008712|
|        1364|    0.139000|  1.3385e-01|   -8.744983|   -9.304803|   -0.000003|    0.008711|
|        1365|    0.130000|  1.3385e-01|   -8.745534|   -9.304396|   -0.000003|    0.008710|
|        1366|    0.133000|  1.3385e-01|   -8.746083|   -9.303989|   -0.000003|    0.008710|
|        1367|    0.133000|  1.3385e-01|   -8.746630|   -9.303583|   -0.000003|    0.008709|
|        1368|    0.127000|  1.3385e-01|   -8.747176|   -9.303177|   -0.000003|    0.008708|
|        1369|    0.141000|  1.3385e-01|   -8.747719|   -9.302772|   -0.000003|    0.008707|
|        1370|    0.130000|  1.3385e-01|   -8.748260|   -9.302367|   -0.000003|    0.008707|
|        1371|    0.135000|  1.3385e-01|   -8.748799|   -9.301961|   -0.000003|    0.008706|
|        1372|    0.133000|  1.3385e-01|   -8.749337|   -9.301556|   -0.000003|    0.008705|
|        1373|    0.132000|  1.3385e-01|   -8.749872|   -9.301149|   -0.000003|    0.008704|
|        1374|    0.131000|  1.3385e-01|   -8.750406|   -9.300742|   -0.000003|    0.008703|
|        1375|    0.133000|  1.3384e-01|   -8.750938|   -9.300336|   -0.000003|    0.008703|
|        1376|    0.141000|  1.3385e-01|   -8.751469|   -9.299931|   -0.000003|    0.008702|
|        1377|    0.148000|  1.3386e-01|   -8.751999|   -9.299526|   -0.000003|    0.008701|
|        1378|    0.166000|  1.3388e-01|   -8.752528|   -9.299122|   -0.000003|    0.008700|
|        1379|    0.165000|  1.3391e-01|   -8.753055|   -9.298718|   -0.000003|    0.008700|
|        1380|    0.159000|  1.3392e-01|   -8.753582|   -9.298316|   -0.000003|    0.008699|
|        1381|    0.146000|  1.3393e-01|   -8.754108|   -9.297914|   -0.000003|    0.008698|
|        1382|    0.144000|  1.3394e-01|   -8.754633|   -9.297513|   -0.000003|    0.008697|
|        1383|    0.149000|  1.3395e-01|   -8.755158|   -9.297113|   -0.000003|    0.008697|
|        1384|    0.137000|  1.3395e-01|   -8.755683|   -9.296713|   -0.000003|    0.008696|
|        1385|    0.141000|  1.3396e-01|   -8.756208|   -9.296315|   -0.000003|    0.008695|
|        1386|    0.168000|  1.3398e-01|   -8.756732|   -9.295917|   -0.000003|    0.008695|
|        1387|    0.136000|  1.3398e-01|   -8.757256|   -9.295520|   -0.000003|    0.008694|
|        1388|    0.135000|  1.3398e-01|   -8.757781|   -9.295123|   -0.000003|    0.008693|
|        1389|    0.139000|  1.3399e-01|   -8.758305|   -9.294727|   -0.000003|    0.008692|
|        1390|    0.132000|  1.3399e-01|   -8.758830|   -9.294332|   -0.000003|    0.008692|
|        1391|    0.135000|  1.3399e-01|   -8.759355|   -9.293936|   -0.000003|    0.008691|
|        1392|    0.144000|  1.3399e-01|   -8.759881|   -9.293541|   -0.000003|    0.008690|
|        1393|    0.154000|  1.3401e-01|   -8.760407|   -9.293146|   -0.000003|    0.008689|
|        1394|    0.150000|  1.3402e-01|   -8.760933|   -9.292751|   -0.000003|    0.008689|
|        1395|    0.155000|  1.3404e-01|   -8.761459|   -9.292354|   -0.000003|    0.008688|
|        1396|    0.159000|  1.3405e-01|   -8.761986|   -9.291957|   -0.000003|    0.008687|
|        1397|    0.154000|  1.3407e-01|   -8.762513|   -9.291558|   -0.000003|    0.008687|
|        1398|    0.150000|  1.3408e-01|   -8.763041|   -9.291159|   -0.000003|    0.008686|
|        1399|    0.154000|  1.3409e-01|   -8.763568|   -9.290761|   -0.000003|    0.008685|
|        1400|    0.155000|  1.3411e-01|   -8.764096|   -9.290364|   -0.000003|    0.008684|
|        1401|    0.146000|  1.3412e-01|   -8.764623|   -9.289967|   -0.000003|    0.008684|
|        1402|    0.133000|  1.3412e-01|   -8.765151|   -9.289571|   -0.000003|    0.008683|
|        1403|    0.132000|  1.3411e-01|   -8.765678|   -9.289175|   -0.000003|    0.008682|
|        1404|    0.139000|  1.3412e-01|   -8.766205|   -9.288780|   -0.000003|    0.008682|
|        1405|    0.132000|  1.3412e-01|   -8.766732|   -9.288386|   -0.000003|    0.008681|
|        1406|    0.136000|  1.3412e-01|   -8.767258|   -9.287992|   -0.000003|    0.008680|
|        1407|    0.141000|  1.3412e-01|   -8.767783|   -9.287599|   -0.000003|    0.008680|
|        1408|    0.144000|  1.3413e-01|   -8.768308|   -9.287207|   -0.000003|    0.008679|
|        1409|    0.141000|  1.3413e-01|   -8.768832|   -9.286816|   -0.000003|    0.008678|
|        1410|    0.139000|  1.3414e-01|   -8.769355|   -9.286425|   -0.000003|    0.008677|
|        1411|    0.144000|  1.3415e-01|   -8.769876|   -9.286033|   -0.000003|    0.008677|
|        1412|    0.131000|  1.3414e-01|   -8.770397|   -9.285642|   -0.000003|    0.008676|
|        1413|    0.132000|  1.3414e-01|   -8.770917|   -9.285251|   -0.000003|    0.008675|
|        1414|    0.128000|  1.3414e-01|   -8.771435|   -9.284860|   -0.000003|    0.008675|
|        1415|    0.133000|  1.3414e-01|   -8.771952|   -9.284470|   -0.000003|    0.008674|
|        1416|    0.142000|  1.3414e-01|   -8.772468|   -9.284081|   -0.000003|    0.008673|
|        1417|    0.146000|  1.3415e-01|   -8.772983|   -9.283693|   -0.000003|    0.008673|
|        1418|    0.130000|  1.3415e-01|   -8.773496|   -9.283305|   -0.000003|    0.008672|
|        1419|    0.148000|  1.3416e-01|   -8.774008|   -9.282918|   -0.000003|    0.008671|
|        1420|    0.135000|  1.3416e-01|   -8.774519|   -9.282532|   -0.000003|    0.008671|
|        1421|    0.132000|  1.3416e-01|   -8.775028|   -9.282143|   -0.000003|    0.008670|
|        1422|    0.141000|  1.3416e-01|   -8.775537|   -9.281754|   -0.000003|    0.008669|
|        1423|    0.151000|  1.3417e-01|   -8.776044|   -9.281365|   -0.000003|    0.008669|
|        1424|    0.167000|  1.3420e-01|   -8.776550|   -9.280977|   -0.000003|    0.008668|
|        1425|    0.162000|  1.3422e-01|   -8.777056|   -9.280590|   -0.000003|    0.008667|
|        1426|    0.158000|  1.3423e-01|   -8.777560|   -9.280203|   -0.000003|    0.008667|
|        1427|    0.162000|  1.3425e-01|   -8.778063|   -9.279816|   -0.000003|    0.008666|
|        1428|    0.156000|  1.3427e-01|   -8.778566|   -9.279428|   -0.000003|    0.008665|
|        1429|    0.153000|  1.3428e-01|   -8.779068|   -9.279040|   -0.000003|    0.008665|
|        1430|    0.160000|  1.3430e-01|   -8.779569|   -9.278654|   -0.000003|    0.008664|
|        1431|    0.173000|  1.3432e-01|   -8.780070|   -9.278268|   -0.000003|    0.008663|
|        1432|    0.162000|  1.3434e-01|   -8.780570|   -9.277882|   -0.000003|    0.008663|
|        1433|    0.156000|  1.3436e-01|   -8.781070|   -9.277496|   -0.000003|    0.008662|
|        1434|    0.147000|  1.3437e-01|   -8.781570|   -9.277110|   -0.000003|    0.008661|
|        1435|    0.131000|  1.3437e-01|   -8.782069|   -9.276724|   -0.000003|    0.008661|
|        1436|    0.137000|  1.3437e-01|   -8.782568|   -9.276339|   -0.000003|    0.008660|
|        1437|    0.150000|  1.3438e-01|   -8.783067|   -9.275955|   -0.000003|    0.008659|
|        1438|    0.134000|  1.3438e-01|   -8.783566|   -9.275572|   -0.000003|    0.008659|
|        1439|    0.134000|  1.3438e-01|   -8.784065|   -9.275190|   -0.000003|    0.008658|
|        1440|    0.142000|  1.3438e-01|   -8.784563|   -9.274808|   -0.000003|    0.008657|
|        1441|    0.144000|  1.3439e-01|   -8.785062|   -9.274426|   -0.000003|    0.008657|
|        1442|    0.127000|  1.3438e-01|   -8.785561|   -9.274044|   -0.000003|    0.008656|
|        1443|    0.134000|  1.3438e-01|   -8.786059|   -9.273663|   -0.000003|    0.008655|
|        1444|    0.127000|  1.3438e-01|   -8.786558|   -9.273283|   -0.000003|    0.008655|
|        1445|    0.134000|  1.3438e-01|   -8.787057|   -9.272904|   -0.000003|    0.008654|
|        1446|    0.132000|  1.3438e-01|   -8.787555|   -9.272527|   -0.000003|    0.008653|
|        1447|    0.131000|  1.3437e-01|   -8.788054|   -9.272149|   -0.000003|    0.008653|
|        1448|    0.131000|  1.3437e-01|   -8.788552|   -9.271773|   -0.000003|    0.008652|
|        1449|    0.144000|  1.3438e-01|   -8.789050|   -9.271396|   -0.000003|    0.008652|
|        1450|    0.135000|  1.3438e-01|   -8.789548|   -9.271016|   -0.000003|    0.008651|
|        1451|    0.135000|  1.3438e-01|   -8.790045|   -9.270637|   -0.000003|    0.008650|
|        1452|    0.144000|  1.3439e-01|   -8.790543|   -9.270258|   -0.000003|    0.008650|
|        1453|    0.131000|  1.3438e-01|   -8.791039|   -9.269880|   -0.000003|    0.008649|
|        1454|    0.135000|  1.3438e-01|   -8.791535|   -9.269503|   -0.000003|    0.008648|
|        1455|    0.146000|  1.3439e-01|   -8.792031|   -9.269126|   -0.000003|    0.008648|
|        1456|    0.154000|  1.3441e-01|   -8.792526|   -9.268747|   -0.000003|    0.008647|
|        1457|    0.140000|  1.3441e-01|   -8.793020|   -9.268367|   -0.000003|    0.008646|
|        1458|    0.137000|  1.3441e-01|   -8.793514|   -9.267988|   -0.000003|    0.008646|
|        1459|    0.152000|  1.3442e-01|   -8.794007|   -9.267610|   -0.000003|    0.008645|
|        1460|    0.149000|  1.3443e-01|   -8.794499|   -9.267230|   -0.000003|    0.008645|
|        1461|    0.137000|  1.3444e-01|   -8.794990|   -9.266851|   -0.000003|    0.008644|
|        1462|    0.133000|  1.3443e-01|   -8.795480|   -9.266473|   -0.000003|    0.008643|
|        1463|    0.131000|  1.3443e-01|   -8.795970|   -9.266095|   -0.000003|    0.008643|
|        1464|    0.156000|  1.3445e-01|   -8.796458|   -9.265717|   -0.000003|    0.008642|
|        1465|    0.155000|  1.3446e-01|   -8.796946|   -9.265341|   -0.000003|    0.008642|
|        1466|    0.134000|  1.3446e-01|   -8.797432|   -9.264965|   -0.000003|    0.008641|
|        1467|    0.129000|  1.3446e-01|   -8.797917|   -9.264589|   -0.000003|    0.008640|
|        1468|    0.150000|  1.3447e-01|   -8.798402|   -9.264215|   -0.000003|    0.008640|
|        1469|    0.151000|  1.3448e-01|   -8.798885|   -9.263841|   -0.000003|    0.008639|
|        1470|    0.138000|  1.3448e-01|   -8.799367|   -9.263468|   -0.000003|    0.008638|
|        1471|    0.137000|  1.3448e-01|   -8.799849|   -9.263096|   -0.000003|    0.008638|
|        1472|    0.139000|  1.3449e-01|   -8.800329|   -9.262724|   -0.000003|    0.008637|
|        1473|    0.151000|  1.3450e-01|   -8.800809|   -9.262353|   -0.000003|    0.008637|
|        1474|    0.144000|  1.3450e-01|   -8.801287|   -9.261982|   -0.000003|    0.008636|
|        1475|    0.126000|  1.3450e-01|   -8.801765|   -9.261612|   -0.000003|    0.008635|
|        1476|    0.127000|  1.3449e-01|   -8.802242|   -9.261242|   -0.000003|    0.008635|
|        1477|    0.152000|  1.3450e-01|   -8.802719|   -9.260873|   -0.000003|    0.008634|
|        1478|    0.139000|  1.3451e-01|   -8.803195|   -9.260502|   -0.000003|    0.008634|
|        1479|    0.146000|  1.3452e-01|   -8.803670|   -9.260130|   -0.000003|    0.008633|
|        1480|    0.138000|  1.3452e-01|   -8.804145|   -9.259759|   -0.000003|    0.008632|
|        1481|    0.134000|  1.3452e-01|   -8.804619|   -9.259389|   -0.000003|    0.008632|
|        1482|    0.129000|  1.3451e-01|   -8.805093|   -9.259019|   -0.000003|    0.008631|
|        1483|    0.132000|  1.3451e-01|   -8.805566|   -9.258650|   -0.000003|    0.008631|
|        1484|    0.149000|  1.3452e-01|   -8.806039|   -9.258281|   -0.000003|    0.008630|
|        1485|    0.138000|  1.3452e-01|   -8.806512|   -9.257914|   -0.000003|    0.008630|
|        1486|    0.143000|  1.3453e-01|   -8.806985|   -9.257546|   -0.000003|    0.008629|
|        1487|    0.165000|  1.3455e-01|   -8.807457|   -9.257178|   -0.000003|    0.008628|
|        1488|    0.144000|  1.3456e-01|   -8.807929|   -9.256812|   -0.000003|    0.008628|
|        1489|    0.142000|  1.3456e-01|   -8.808401|   -9.256445|   -0.000003|    0.008627|
|        1490|    0.144000|  1.3457e-01|   -8.808873|   -9.256079|   -0.000003|    0.008627|
|        1491|    0.143000|  1.3457e-01|   -8.809345|   -9.255714|   -0.000003|    0.008626|
|        1492|    0.141000|  1.3458e-01|   -8.809816|   -9.255349|   -0.000003|    0.008625|
|        1493|    0.131000|  1.3458e-01|   -8.810287|   -9.254985|   -0.000003|    0.008625|
|        1494|    0.142000|  1.3458e-01|   -8.810759|   -9.254622|   -0.000003|    0.008624|
|        1495|    0.133000|  1.3458e-01|   -8.811230|   -9.254259|   -0.000003|    0.008624|
|        1496|    0.151000|  1.3459e-01|   -8.811701|   -9.253895|   -0.000003|    0.008623|
|        1497|    0.136000|  1.3459e-01|   -8.812171|   -9.253531|   -0.000003|    0.008623|
|        1498|    0.132000|  1.3459e-01|   -8.812642|   -9.253166|   -0.000003|    0.008622|
|        1499|    0.151000|  1.3460e-01|   -8.813113|   -9.252802|   -0.000003|    0.008621|
|        1500|    0.132000|  1.3460e-01|   -8.813583|   -9.252438|   -0.000003|    0.008621|
+-----------------------------------------------------------------------+
|        File Writing Summary       |              Filename             |
+-----------------------------------------------------------------------+
|SU2 binary restart                 |restart_flow_alpha0_449x129.dat    |
|Paraview                           |flow_alpha0_449x129.vtu            |
|Paraview surface                   |surface_flow_alpha0_449x129.vtu    |
+-----------------------------------------------------------------------+
+------------------------------------------------------------------------------------------+
|  Inner_Iter|   Time(sec)|   Time(sec)|      rms[P]|     rms[nu]|          CL|          CD|
+------------------------------------------------------------------------------------------+
|        1501|    0.235000|  1.3467e-01|   -8.814053|   -9.252074|   -0.000003|    0.008620|
|        1502|    0.134000|  1.3467e-01|   -8.814523|   -9.251711|   -0.000003|    0.008620|
|        1503|    0.134000|  1.3466e-01|   -8.814992|   -9.251347|   -0.000003|    0.008619|
|        1504|    0.136000|  1.3467e-01|   -8.815461|   -9.250984|   -0.000003|    0.008619|
|        1505|    0.143000|  1.3467e-01|   -8.815930|   -9.250621|   -0.000003|    0.008618|
|        1506|    0.143000|  1.3468e-01|   -8.816398|   -9.250259|   -0.000003|    0.008618|
|        1507|    0.141000|  1.3468e-01|   -8.816866|   -9.249897|   -0.000003|    0.008617|
|        1508|    0.137000|  1.3468e-01|   -8.817334|   -9.249536|   -0.000003|    0.008616|
|        1509|    0.139000|  1.3469e-01|   -8.817800|   -9.249175|   -0.000003|    0.008616|
|        1510|    0.137000|  1.3469e-01|   -8.818266|   -9.248815|   -0.000003|    0.008615|
|        1511|    0.141000|  1.3469e-01|   -8.818732|   -9.248455|   -0.000003|    0.008615|
|        1512|    0.139000|  1.3469e-01|   -8.819197|   -9.248096|   -0.000003|    0.008614|
|        1513|    0.133000|  1.3469e-01|   -8.819661|   -9.247737|   -0.000003|    0.008614|
|        1514|    0.138000|  1.3470e-01|   -8.820124|   -9.247378|   -0.000003|    0.008613|
|        1515|    0.140000|  1.3470e-01|   -8.820586|   -9.247019|   -0.000003|    0.008613|
|        1516|    0.137000|  1.3470e-01|   -8.821048|   -9.246661|   -0.000003|    0.008612|
|        1517|    0.135000|  1.3470e-01|   -8.821509|   -9.246303|   -0.000003|    0.008611|
|        1518|    0.134000|  1.3470e-01|   -8.821969|   -9.245946|   -0.000003|    0.008611|
|        1519|    0.141000|  1.3470e-01|   -8.822428|   -9.245589|   -0.000003|    0.008610|
|        1520|    0.144000|  1.3471e-01|   -8.822886|   -9.245233|   -0.000003|    0.008610|
|        1521|    0.139000|  1.3471e-01|   -8.823343|   -9.244877|   -0.000003|    0.008609|
|        1522|    0.158000|  1.3473e-01|   -8.823800|   -9.244521|   -0.000003|    0.008609|
|        1523|    0.155000|  1.3474e-01|   -8.824256|   -9.244166|   -0.000003|    0.008608|
|        1524|    0.137000|  1.3474e-01|   -8.824711|   -9.243811|   -0.000003|    0.008608|
|        1525|    0.158000|  1.3476e-01|   -8.825165|   -9.243456|   -0.000003|    0.008607|
|        1526|    0.140000|  1.3476e-01|   -8.825618|   -9.243102|   -0.000003|    0.008607|
|        1527|    0.131000|  1.3476e-01|   -8.826071|   -9.242748|   -0.000003|    0.008606|
|        1528|    0.138000|  1.3476e-01|   -8.826523|   -9.242395|   -0.000003|    0.008605|
|        1529|    0.140000|  1.3476e-01|   -8.826975|   -9.242043|   -0.000003|    0.008605|
|        1530|    0.132000|  1.3476e-01|   -8.827426|   -9.241691|   -0.000003|    0.008604|
|        1531|    0.135000|  1.3476e-01|   -8.827876|   -9.241340|   -0.000003|    0.008604|
|        1532|    0.142000|  1.3477e-01|   -8.828326|   -9.240990|   -0.000003|    0.008603|
|        1533|    0.145000|  1.3477e-01|   -8.828775|   -9.240639|   -0.000003|    0.008603|
|        1534|    0.175000|  1.3480e-01|   -8.829224|   -9.240287|   -0.000003|    0.008602|
|        1535|    0.151000|  1.3481e-01|   -8.829672|   -9.239937|   -0.000003|    0.008602|
|        1536|    0.153000|  1.3482e-01|   -8.830120|   -9.239587|   -0.000003|    0.008601|
|        1537|    0.162000|  1.3484e-01|   -8.830568|   -9.239237|   -0.000003|    0.008601|
|        1538|    0.137000|  1.3484e-01|   -8.831015|   -9.238888|   -0.000003|    0.008600|
|        1539|    0.133000|  1.3484e-01|   -8.831462|   -9.238538|   -0.000003|    0.008600|
|        1540|    0.133000|  1.3484e-01|   -8.831908|   -9.238188|   -0.000003|    0.008599|
|        1541|    0.142000|  1.3484e-01|   -8.832354|   -9.237837|   -0.000003|    0.008599|
|        1542|    0.165000|  1.3486e-01|   -8.832799|   -9.237488|   -0.000003|    0.008598|
|        1543|    0.171000|  1.3489e-01|   -8.833245|   -9.237139|   -0.000003|    0.008598|
|        1544|    0.164000|  1.3491e-01|   -8.833689|   -9.236790|   -0.000003|    0.008597|
|        1545|    0.149000|  1.3492e-01|   -8.834134|   -9.236441|   -0.000003|    0.008597|
|        1546|    0.157000|  1.3493e-01|   -8.834578|   -9.236094|   -0.000003|    0.008596|
|        1547|    0.165000|  1.3495e-01|   -8.835021|   -9.235747|   -0.000003|    0.008596|
|        1548|    0.169000|  1.3497e-01|   -8.835464|   -9.235401|   -0.000003|    0.008595|
|        1549|    0.178000|  1.3500e-01|   -8.835907|   -9.235056|   -0.000003|    0.008595|
|        1550|    0.188000|  1.3503e-01|   -8.836350|   -9.234712|   -0.000003|    0.008594|
|        1551|    0.199000|  1.3507e-01|   -8.836792|   -9.234368|   -0.000003|    0.008594|
|        1552|    0.180000|  1.3510e-01|   -8.837233|   -9.234024|   -0.000003|    0.008593|
|        1553|    0.177000|  1.3513e-01|   -8.837674|   -9.233680|   -0.000003|    0.008593|
|        1554|    0.163000|  1.3515e-01|   -8.838115|   -9.233337|   -0.000003|    0.008592|
|        1555|    0.164000|  1.3517e-01|   -8.838555|   -9.232994|   -0.000003|    0.008592|
|        1556|    0.170000|  1.3519e-01|   -8.838994|   -9.232651|   -0.000003|    0.008591|
|        1557|    0.167000|  1.3521e-01|   -8.839433|   -9.232309|   -0.000003|    0.008591|
|        1558|    0.168000|  1.3523e-01|   -8.839872|   -9.231967|   -0.000003|    0.008590|
|        1559|    0.163000|  1.3525e-01|   -8.840310|   -9.231625|   -0.000003|    0.008590|
|        1560|    0.176000|  1.3527e-01|   -8.840747|   -9.231283|   -0.000003|    0.008589|
|        1561|    0.171000|  1.3530e-01|   -8.841184|   -9.230941|   -0.000003|    0.008589|
|        1562|    0.149000|  1.3531e-01|   -8.841620|   -9.230600|   -0.000003|    0.008588|
|        1563|    0.173000|  1.3533e-01|   -8.842055|   -9.230260|   -0.000003|    0.008588|
|        1564|    0.183000|  1.3536e-01|   -8.842490|   -9.229920|   -0.000003|    0.008587|
|        1565|    0.177000|  1.3539e-01|   -8.842924|   -9.229581|   -0.000003|    0.008587|
|        1566|    0.184000|  1.3542e-01|   -8.843358|   -9.229242|   -0.000003|    0.008586|
|        1567|    0.166000|  1.3544e-01|   -8.843790|   -9.228904|   -0.000003|    0.008586|
|        1568|    0.168000|  1.3546e-01|   -8.844223|   -9.228565|   -0.000003|    0.008585|
|        1569|    0.147000|  1.3547e-01|   -8.844654|   -9.228225|   -0.000003|    0.008585|
|        1570|    0.147000|  1.3547e-01|   -8.845085|   -9.227886|   -0.000003|    0.008584|
|        1571|    0.156000|  1.3549e-01|   -8.845515|   -9.227548|   -0.000003|    0.008584|
|        1572|    0.141000|  1.3549e-01|   -8.845945|   -9.227211|   -0.000003|    0.008583|
|        1573|    0.148000|  1.3550e-01|   -8.846374|   -9.226873|   -0.000003|    0.008583|
|        1574|    0.138000|  1.3550e-01|   -8.846802|   -9.226536|   -0.000003|    0.008582|
|        1575|    0.148000|  1.3551e-01|   -8.847230|   -9.226199|   -0.000003|    0.008582|
|        1576|    0.170000|  1.3553e-01|   -8.847657|   -9.225863|   -0.000003|    0.008581|
|        1577|    0.135000|  1.3553e-01|   -8.848083|   -9.225528|   -0.000003|    0.008581|
|        1578|    0.137000|  1.3553e-01|   -8.848509|   -9.225193|   -0.000003|    0.008580|
|        1579|    0.141000|  1.3553e-01|   -8.848934|   -9.224859|   -0.000003|    0.008580|
|        1580|    0.141000|  1.3554e-01|   -8.849358|   -9.224525|   -0.000003|    0.008579|
|        1581|    0.136000|  1.3554e-01|   -8.849782|   -9.224193|   -0.000003|    0.008579|
|        1582|    0.131000|  1.3553e-01|   -8.850206|   -9.223860|   -0.000003|    0.008578|
|        1583|    0.153000|  1.3554e-01|   -8.850629|   -9.223528|   -0.000003|    0.008578|
|        1584|    0.141000|  1.3555e-01|   -8.851051|   -9.223197|   -0.000003|    0.008577|
|        1585|    0.134000|  1.3555e-01|   -8.851473|   -9.222865|   -0.000003|    0.008577|
|        1586|    0.128000|  1.3554e-01|   -8.851895|   -9.222534|   -0.000003|    0.008576|
|        1587|    0.142000|  1.3555e-01|   -8.852316|   -9.222204|   -0.000003|    0.008576|
|        1588|    0.131000|  1.3554e-01|   -8.852736|   -9.221873|   -0.000003|    0.008576|
|        1589|    0.133000|  1.3554e-01|   -8.853157|   -9.221543|   -0.000003|    0.008575|
|        1590|    0.135000|  1.3554e-01|   -8.853576|   -9.221213|   -0.000003|    0.008575|
|        1591|    0.134000|  1.3554e-01|   -8.853996|   -9.220884|   -0.000003|    0.008574|
|        1592|    0.135000|  1.3554e-01|   -8.854415|   -9.220556|   -0.000003|    0.008574|
|        1593|    0.133000|  1.3554e-01|   -8.854833|   -9.220228|   -0.000003|    0.008573|
|        1594|    0.139000|  1.3554e-01|   -8.855251|   -9.219901|   -0.000003|    0.008573|
|        1595|    0.155000|  1.3555e-01|   -8.855669|   -9.219575|   -0.000003|    0.008572|
|        1596|    0.143000|  1.3556e-01|   -8.856086|   -9.219248|   -0.000003|    0.008572|
|        1597|    0.144000|  1.3556e-01|   -8.856503|   -9.218923|   -0.000003|    0.008571|
|        1598|    0.157000|  1.3558e-01|   -8.856920|   -9.218599|   -0.000003|    0.008571|
|        1599|    0.161000|  1.3559e-01|   -8.857335|   -9.218275|   -0.000003|    0.008570|
|        1600|    0.163000|  1.3561e-01|   -8.857751|   -9.217951|   -0.000003|    0.008570|
|        1601|    0.155000|  1.3562e-01|   -8.858166|   -9.217627|   -0.000003|    0.008570|
|        1602|    0.142000|  1.3563e-01|   -8.858580|   -9.217303|   -0.000003|    0.008569|
|        1603|    0.125000|  1.3562e-01|   -8.858994|   -9.216976|   -0.000003|    0.008569|
|        1604|    0.133000|  1.3562e-01|   -8.859407|   -9.216651|   -0.000003|    0.008568|
|        1605|    0.153000|  1.3563e-01|   -8.859820|   -9.216326|   -0.000003|    0.008568|
|        1606|    0.145000|  1.3563e-01|   -8.860232|   -9.216001|   -0.000003|    0.008567|
|        1607|    0.141000|  1.3564e-01|   -8.860643|   -9.215674|   -0.000003|    0.008567|
|        1608|    0.140000|  1.3564e-01|   -8.861054|   -9.215347|   -0.000003|    0.008566|
|        1609|    0.143000|  1.3564e-01|   -8.861464|   -9.215021|   -0.000003|    0.008566|
|        1610|    0.135000|  1.3564e-01|   -8.861874|   -9.214695|   -0.000003|    0.008565|
|        1611|    0.156000|  1.3566e-01|   -8.862283|   -9.214370|   -0.000003|    0.008565|
|        1612|    0.142000|  1.3566e-01|   -8.862691|   -9.214046|   -0.000003|    0.008565|
|        1613|    0.139000|  1.3566e-01|   -8.863099|   -9.213722|   -0.000003|    0.008564|
|        1614|    0.132000|  1.3566e-01|   -8.863506|   -9.213398|   -0.000003|    0.008564|
|        1615|    0.131000|  1.3566e-01|   -8.863913|   -9.213075|   -0.000003|    0.008563|
|        1616|    0.132000|  1.3566e-01|   -8.864318|   -9.212753|   -0.000003|    0.008563|
|        1617|    0.135000|  1.3566e-01|   -8.864723|   -9.212431|   -0.000003|    0.008562|
|        1618|    0.132000|  1.3565e-01|   -8.865128|   -9.212110|   -0.000003|    0.008562|
|        1619|    0.132000|  1.3565e-01|   -8.865532|   -9.211790|   -0.000003|    0.008562|
|        1620|    0.140000|  1.3565e-01|   -8.865935|   -9.211470|   -0.000003|    0.008561|
|        1621|    0.131000|  1.3565e-01|   -8.866337|   -9.211150|   -0.000003|    0.008561|
|        1622|    0.136000|  1.3565e-01|   -8.866739|   -9.210832|   -0.000003|    0.008560|
|        1623|    0.153000|  1.3566e-01|   -8.867140|   -9.210513|   -0.000003|    0.008560|
|        1624|    0.145000|  1.3567e-01|   -8.867540|   -9.210196|   -0.000003|    0.008559|
|        1625|    0.135000|  1.3567e-01|   -8.867940|   -9.209879|   -0.000003|    0.008559|
|        1626|    0.136000|  1.3567e-01|   -8.868339|   -9.209562|   -0.000003|    0.008558|
|        1627|    0.126000|  1.3566e-01|   -8.868737|   -9.209245|   -0.000003|    0.008558|
|        1628|    0.131000|  1.3566e-01|   -8.869135|   -9.208928|   -0.000003|    0.008558|
|        1629|    0.132000|  1.3566e-01|   -8.869532|   -9.208612|   -0.000003|    0.008557|
|        1630|    0.151000|  1.3567e-01|   -8.869928|   -9.208296|   -0.000003|    0.008557|
|        1631|    0.142000|  1.3567e-01|   -8.870324|   -9.207981|   -0.000003|    0.008556|
|        1632|    0.142000|  1.3567e-01|   -8.870719|   -9.207665|   -0.000003|    0.008556|
|        1633|    0.140000|  1.3568e-01|   -8.871113|   -9.207349|   -0.000003|    0.008555|
|        1634|    0.137000|  1.3568e-01|   -8.871507|   -9.207033|   -0.000003|    0.008555|
|        1635|    0.133000|  1.3567e-01|   -8.871900|   -9.206717|   -0.000003|    0.008555|
|        1636|    0.135000|  1.3567e-01|   -8.872293|   -9.206401|   -0.000003|    0.008554|
|        1637|    0.135000|  1.3567e-01|   -8.872685|   -9.206086|   -0.000003|    0.008554|
|        1638|    0.132000|  1.3567e-01|   -8.873076|   -9.205771|   -0.000003|    0.008553|
|        1639|    0.134000|  1.3567e-01|   -8.873467|   -9.205457|   -0.000003|    0.008553|
|        1640|    0.137000|  1.3567e-01|   -8.873858|   -9.205143|   -0.000003|    0.008553|
|        1641|    0.133000|  1.3567e-01|   -8.874248|   -9.204830|   -0.000003|    0.008552|
|        1642|    0.126000|  1.3566e-01|   -8.874637|   -9.204518|   -0.000003|    0.008552|
|        1643|    0.137000|  1.3566e-01|   -8.875026|   -9.204206|   -0.000003|    0.008551|
|        1644|    0.139000|  1.3567e-01|   -8.875414|   -9.203895|   -0.000003|    0.008551|
|        1645|    0.135000|  1.3567e-01|   -8.875802|   -9.203584|   -0.000003|    0.008550|
|        1646|    0.129000|  1.3566e-01|   -8.876190|   -9.203273|   -0.000003|    0.008550|
|        1647|    0.132000|  1.3566e-01|   -8.876576|   -9.202962|   -0.000003|    0.008550|
|        1648|    0.128000|  1.3566e-01|   -8.876963|   -9.202651|   -0.000003|    0.008549|
|        1649|    0.152000|  1.3567e-01|   -8.877349|   -9.202342|   -0.000003|    0.008549|
|        1650|    0.132000|  1.3566e-01|   -8.877734|   -9.202032|   -0.000003|    0.008548|
|        1651|    0.149000|  1.3567e-01|   -8.878119|   -9.201723|   -0.000003|    0.008548|
|        1652|    0.140000|  1.3567e-01|   -8.878503|   -9.201414|   -0.000003|    0.008548|
|        1653|    0.131000|  1.3567e-01|   -8.878887|   -9.201105|   -0.000003|    0.008547|
|        1654|    0.143000|  1.3568e-01|   -8.879270|   -9.200797|   -0.000003|    0.008547|
|        1655|    0.131000|  1.3567e-01|   -8.879652|   -9.200490|   -0.000003|    0.008546|
|        1656|    0.140000|  1.3568e-01|   -8.880034|   -9.200183|   -0.000003|    0.008546|
|        1657|    0.139000|  1.3568e-01|   -8.880415|   -9.199876|   -0.000003|    0.008546|
|        1658|    0.130000|  1.3567e-01|   -8.880796|   -9.199569|   -0.000003|    0.008545|
|        1659|    0.132000|  1.3567e-01|   -8.881176|   -9.199263|   -0.000003|    0.008545|
|        1660|    0.132000|  1.3567e-01|   -8.881556|   -9.198958|   -0.000003|    0.008544|
|        1661|    0.142000|  1.3567e-01|   -8.881934|   -9.198652|   -0.000003|    0.008544|
|        1662|    0.147000|  1.3568e-01|   -8.882313|   -9.198348|   -0.000003|    0.008544|
|        1663|    0.135000|  1.3568e-01|   -8.882690|   -9.198044|   -0.000003|    0.008543|
|        1664|    0.133000|  1.3568e-01|   -8.883067|   -9.197740|   -0.000003|    0.008543|
|        1665|    0.143000|  1.3568e-01|   -8.883443|   -9.197436|   -0.000003|    0.008542|
|        1666|    0.127000|  1.3568e-01|   -8.883819|   -9.197133|   -0.000003|    0.008542|
|        1667|    0.135000|  1.3568e-01|   -8.884193|   -9.196830|   -0.000003|    0.008542|
|        1668|    0.135000|  1.3568e-01|   -8.884568|   -9.196526|   -0.000003|    0.008541|
|        1669|    0.139000|  1.3568e-01|   -8.884941|   -9.196223|   -0.000003|    0.008541|
|        1670|    0.145000|  1.3568e-01|   -8.885314|   -9.195921|   -0.000003|    0.008540|
|        1671|    0.137000|  1.3568e-01|   -8.885686|   -9.195619|   -0.000003|    0.008540|
|        1672|    0.134000|  1.3568e-01|   -8.886057|   -9.195317|   -0.000003|    0.008540|
|        1673|    0.135000|  1.3568e-01|   -8.886428|   -9.195016|   -0.000003|    0.008539|
|        1674|    0.137000|  1.3568e-01|   -8.886798|   -9.194715|   -0.000003|    0.008539|
|        1675|    0.134000|  1.3568e-01|   -8.887167|   -9.194412|   -0.000003|    0.008538|
|        1676|    0.136000|  1.3568e-01|   -8.887535|   -9.194110|   -0.000003|    0.008538|
|        1677|    0.133000|  1.3568e-01|   -8.887903|   -9.193809|   -0.000003|    0.008538|
|        1678|    0.142000|  1.3569e-01|   -8.888270|   -9.193507|   -0.000003|    0.008537|
|        1679|    0.139000|  1.3569e-01|   -8.888636|   -9.193206|   -0.000003|    0.008537|
|        1680|    0.129000|  1.3568e-01|   -8.889002|   -9.192905|   -0.000003|    0.008537|
|        1681|    0.130000|  1.3568e-01|   -8.889367|   -9.192605|   -0.000003|    0.008536|
|        1682|    0.135000|  1.3568e-01|   -8.889731|   -9.192305|   -0.000003|    0.008536|
|        1683|    0.141000|  1.3568e-01|   -8.890094|   -9.192005|   -0.000003|    0.008535|
|        1684|    0.140000|  1.3569e-01|   -8.890456|   -9.191705|   -0.000003|    0.008535|
|        1685|    0.143000|  1.3569e-01|   -8.890818|   -9.191406|   -0.000003|    0.008535|
|        1686|    0.137000|  1.3569e-01|   -8.891179|   -9.191108|   -0.000003|    0.008534|
|        1687|    0.140000|  1.3569e-01|   -8.891540|   -9.190809|   -0.000003|    0.008534|
|        1688|    0.137000|  1.3569e-01|   -8.891899|   -9.190512|   -0.000003|    0.008533|
|        1689|    0.146000|  1.3570e-01|   -8.892258|   -9.190215|   -0.000003|    0.008533|
|        1690|    0.133000|  1.3570e-01|   -8.892616|   -9.189918|   -0.000003|    0.008533|
|        1691|    0.142000|  1.3570e-01|   -8.892974|   -9.189622|   -0.000003|    0.008532|
|        1692|    0.140000|  1.3570e-01|   -8.893331|   -9.189326|   -0.000003|    0.008532|
|        1693|    0.141000|  1.3571e-01|   -8.893687|   -9.189031|   -0.000003|    0.008532|
|        1694|    0.132000|  1.3571e-01|   -8.894042|   -9.188736|   -0.000003|    0.008531|
|        1695|    0.138000|  1.3571e-01|   -8.894397|   -9.188442|   -0.000003|    0.008531|
|        1696|    0.133000|  1.3571e-01|   -8.894751|   -9.188148|   -0.000003|    0.008530|
|        1697|    0.139000|  1.3571e-01|   -8.895104|   -9.187855|   -0.000003|    0.008530|
|        1698|    0.142000|  1.3571e-01|   -8.895457|   -9.187562|   -0.000003|    0.008530|
|        1699|    0.133000|  1.3571e-01|   -8.895809|   -9.187270|   -0.000003|    0.008529|
|        1700|    0.143000|  1.3571e-01|   -8.896160|   -9.186978|   -0.000003|    0.008529|
|        1701|    0.135000|  1.3571e-01|   -8.896511|   -9.186686|   -0.000003|    0.008529|
|        1702|    0.131000|  1.3571e-01|   -8.896860|   -9.186395|   -0.000003|    0.008528|
|        1703|    0.157000|  1.3572e-01|   -8.897209|   -9.186105|   -0.000003|    0.008528|
|        1704|    0.156000|  1.3573e-01|   -8.897558|   -9.185813|   -0.000003|    0.008528|
|        1705|    0.137000|  1.3574e-01|   -8.897905|   -9.185521|   -0.000003|    0.008527|
|        1706|    0.137000|  1.3574e-01|   -8.898252|   -9.185229|   -0.000003|    0.008527|
|        1707|    0.134000|  1.3574e-01|   -8.898599|   -9.184938|   -0.000003|    0.008526|
|        1708|    0.142000|  1.3574e-01|   -8.898944|   -9.184648|   -0.000003|    0.008526|
|        1709|    0.129000|  1.3574e-01|   -8.899290|   -9.184358|   -0.000003|    0.008526|
|        1710|    0.139000|  1.3574e-01|   -8.899634|   -9.184068|   -0.000003|    0.008525|
|        1711|    0.136000|  1.3574e-01|   -8.899978|   -9.183779|   -0.000003|    0.008525|
|        1712|    0.136000|  1.3574e-01|   -8.900321|   -9.183489|   -0.000003|    0.008525|
|        1713|    0.128000|  1.3573e-01|   -8.900664|   -9.183201|   -0.000003|    0.008524|
|        1714|    0.140000|  1.3574e-01|   -8.901006|   -9.182912|   -0.000003|    0.008524|
|        1715|    0.127000|  1.3573e-01|   -8.901347|   -9.182624|   -0.000003|    0.008524|
|        1716|    0.138000|  1.3573e-01|   -8.901689|   -9.182337|   -0.000003|    0.008523|
|        1717|    0.133000|  1.3573e-01|   -8.902029|   -9.182049|   -0.000003|    0.008523|
|        1718|    0.138000|  1.3573e-01|   -8.902369|   -9.181761|   -0.000003|    0.008522|
|        1719|    0.132000|  1.3573e-01|   -8.902709|   -9.181473|   -0.000003|    0.008522|
|        1720|    0.136000|  1.3573e-01|   -8.903048|   -9.181184|   -0.000003|    0.008522|
|        1721|    0.129000|  1.3573e-01|   -8.903387|   -9.180896|   -0.000003|    0.008521|
|        1722|    0.127000|  1.3572e-01|   -8.903725|   -9.180609|   -0.000003|    0.008521|
|        1723|    0.146000|  1.3573e-01|   -8.904063|   -9.180322|   -0.000003|    0.008521|
|        1724|    0.130000|  1.3572e-01|   -8.904400|   -9.180035|   -0.000003|    0.008520|
|        1725|    0.142000|  1.3573e-01|   -8.904737|   -9.179749|   -0.000003|    0.008520|
|        1726|    0.134000|  1.3573e-01|   -8.905074|   -9.179463|   -0.000003|    0.008520|
|        1727|    0.131000|  1.3572e-01|   -8.905410|   -9.179177|   -0.000003|    0.008519|
|        1728|    0.124000|  1.3572e-01|   -8.905746|   -9.178892|   -0.000003|    0.008519|
|        1729|    0.137000|  1.3572e-01|   -8.906081|   -9.178607|   -0.000003|    0.008519|
|        1730|    0.136000|  1.3572e-01|   -8.906416|   -9.178323|   -0.000003|    0.008518|
|        1731|    0.130000|  1.3571e-01|   -8.906751|   -9.178039|   -0.000003|    0.008518|
|        1732|    0.131000|  1.3571e-01|   -8.907085|   -9.177755|   -0.000003|    0.008518|
|        1733|    0.128000|  1.3571e-01|   -8.907419|   -9.177472|   -0.000003|    0.008517|
|        1734|    0.141000|  1.3571e-01|   -8.907752|   -9.177189|   -0.000003|    0.008517|
|        1735|    0.138000|  1.3571e-01|   -8.908085|   -9.176907|   -0.000003|    0.008517|
|        1736|    0.141000|  1.3571e-01|   -8.908418|   -9.176625|   -0.000003|    0.008516|
|        1737|    0.131000|  1.3571e-01|   -8.908751|   -9.176342|   -0.000003|    0.008516|
|        1738|    0.134000|  1.3571e-01|   -8.909083|   -9.176060|   -0.000003|    0.008515|
|        1739|    0.146000|  1.3572e-01|   -8.909414|   -9.175778|   -0.000003|    0.008515|
|        1740|    0.134000|  1.3572e-01|   -8.909745|   -9.175497|   -0.000003|    0.008515|
|        1741|    0.137000|  1.3572e-01|   -8.910076|   -9.175216|   -0.000003|    0.008514|
|        1742|    0.139000|  1.3572e-01|   -8.910406|   -9.174935|   -0.000003|    0.008514|
|        1743|    0.127000|  1.3571e-01|   -8.910736|   -9.174655|   -0.000003|    0.008514|
|        1744|    0.131000|  1.3571e-01|   -8.911065|   -9.174376|   -0.000003|    0.008513|
|        1745|    0.131000|  1.3571e-01|   -8.911394|   -9.174097|   -0.000003|    0.008513|
|        1746|    0.132000|  1.3571e-01|   -8.911722|   -9.173818|   -0.000003|    0.008513|
|        1747|    0.127000|  1.3570e-01|   -8.912050|   -9.173540|   -0.000003|    0.008512|
|        1748|    0.164000|  1.3572e-01|   -8.912377|   -9.173262|   -0.000003|    0.008512|
|        1749|    0.157000|  1.3573e-01|   -8.912704|   -9.172984|   -0.000003|    0.008512|
|        1750|    0.156000|  1.3574e-01|   -8.913029|   -9.172707|   -0.000003|    0.008511|
+-----------------------------------------------------------------------+
|        File Writing Summary       |              Filename             |
+-----------------------------------------------------------------------+
|SU2 binary restart                 |restart_flow_alpha0_449x129.dat    |
|Paraview                           |flow_alpha0_449x129.vtu            |
|Paraview surface                   |surface_flow_alpha0_449x129.vtu    |
+-----------------------------------------------------------------------+
+------------------------------------------------------------------------------------------+
|  Inner_Iter|   Time(sec)|   Time(sec)|      rms[P]|     rms[nu]|          CL|          CD|
+------------------------------------------------------------------------------------------+
|        1751|    0.236000|  1.3580e-01|   -8.913355|   -9.172431|   -0.000003|    0.008511|
|        1752|    0.161000|  1.3581e-01|   -8.913679|   -9.172154|   -0.000003|    0.008511|
|        1753|    0.180000|  1.3584e-01|   -8.914003|   -9.171878|   -0.000003|    0.008510|
|        1754|    0.151000|  1.3585e-01|   -8.914326|   -9.171603|   -0.000003|    0.008510|
|        1755|    0.137000|  1.3585e-01|   -8.914648|   -9.171328|   -0.000003|    0.008510|
|        1756|    0.140000|  1.3585e-01|   -8.914970|   -9.171053|   -0.000003|    0.008509|
|        1757|    0.130000|  1.3585e-01|   -8.915291|   -9.170779|   -0.000003|    0.008509|
|        1758|    0.135000|  1.3584e-01|   -8.915611|   -9.170505|   -0.000003|    0.008509|
|        1759|    0.162000|  1.3586e-01|   -8.915930|   -9.170231|   -0.000003|    0.008508|
|        1760|    0.143000|  1.3586e-01|   -8.916249|   -9.169958|   -0.000003|    0.008508|
|        1761|    0.133000|  1.3586e-01|   -8.916566|   -9.169685|   -0.000003|    0.008508|
|        1762|    0.129000|  1.3586e-01|   -8.916883|   -9.169412|   -0.000003|    0.008508|
|        1763|    0.132000|  1.3586e-01|   -8.917199|   -9.169140|   -0.000003|    0.008507|
|        1764|    0.134000|  1.3585e-01|   -8.917514|   -9.168868|   -0.000003|    0.008507|
|        1765|    0.150000|  1.3586e-01|   -8.917828|   -9.168596|   -0.000003|    0.008507|
|        1766|    0.139000|  1.3586e-01|   -8.918141|   -9.168325|   -0.000003|    0.008506|
|        1767|    0.132000|  1.3586e-01|   -8.918453|   -9.168053|   -0.000003|    0.008506|
|        1768|    0.139000|  1.3586e-01|   -8.918765|   -9.167782|   -0.000003|    0.008506|
|        1769|    0.133000|  1.3586e-01|   -8.919075|   -9.167511|   -0.000003|    0.008505|
|        1770|    0.134000|  1.3586e-01|   -8.919385|   -9.167241|   -0.000003|    0.008505|
|        1771|    0.134000|  1.3586e-01|   -8.919694|   -9.166971|   -0.000003|    0.008505|
|        1772|    0.134000|  1.3586e-01|   -8.920001|   -9.166700|   -0.000003|    0.008504|
|        1773|    0.129000|  1.3586e-01|   -8.920308|   -9.166429|   -0.000003|    0.008504|
|        1774|    0.138000|  1.3586e-01|   -8.920614|   -9.166159|   -0.000003|    0.008504|
|        1775|    0.136000|  1.3586e-01|   -8.920919|   -9.165889|   -0.000003|    0.008503|
|        1776|    0.130000|  1.3585e-01|   -8.921224|   -9.165620|   -0.000003|    0.008503|
|        1777|    0.138000|  1.3585e-01|   -8.921527|   -9.165350|   -0.000003|    0.008503|
|        1778|    0.139000|  1.3586e-01|   -8.921829|   -9.165082|   -0.000003|    0.008502|
|        1779|    0.135000|  1.3586e-01|   -8.922131|   -9.164814|   -0.000003|    0.008502|
|        1780|    0.134000|  1.3586e-01|   -8.922432|   -9.164546|   -0.000003|    0.008502|
|        1781|    0.128000|  1.3585e-01|   -8.922732|   -9.164279|   -0.000003|    0.008501|
|        1782|    0.137000|  1.3585e-01|   -8.923031|   -9.164012|   -0.000003|    0.008501|
|        1783|    0.140000|  1.3585e-01|   -8.923329|   -9.163744|   -0.000003|    0.008501|
|        1784|    0.139000|  1.3586e-01|   -8.923627|   -9.163476|   -0.000003|    0.008501|
|        1785|    0.137000|  1.3586e-01|   -8.923924|   -9.163208|   -0.000003|    0.008500|
|        1786|    0.144000|  1.3586e-01|   -8.924220|   -9.162941|   -0.000003|    0.008500|
|        1787|    0.134000|  1.3586e-01|   -8.924515|   -9.162674|   -0.000003|    0.008500|
|        1788|    0.128000|  1.3586e-01|   -8.924810|   -9.162408|   -0.000003|    0.008499|
|        1789|    0.147000|  1.3586e-01|   -8.925104|   -9.162142|   -0.000003|    0.008499|
|        1790|    0.135000|  1.3586e-01|   -8.925397|   -9.161876|   -0.000003|    0.008499|
|        1791|    0.140000|  1.3586e-01|   -8.925690|   -9.161611|   -0.000003|    0.008498|
|        1792|    0.139000|  1.3587e-01|   -8.925982|   -9.161347|   -0.000003|    0.008498|
|        1793|    0.130000|  1.3586e-01|   -8.926273|   -9.161083|   -0.000003|    0.008498|
|        1794|    0.140000|  1.3586e-01|   -8.926564|   -9.160819|   -0.000003|    0.008497|
|        1795|    0.136000|  1.3586e-01|   -8.926854|   -9.160556|   -0.000003|    0.008497|
|        1796|    0.147000|  1.3587e-01|   -8.927143|   -9.160293|   -0.000003|    0.008497|
|        1797|    0.152000|  1.3588e-01|   -8.927432|   -9.160031|   -0.000003|    0.008497|
|        1798|    0.157000|  1.3589e-01|   -8.927720|   -9.159769|   -0.000003|    0.008496|
|        1799|    0.158000|  1.3590e-01|   -8.928008|   -9.159508|   -0.000003|    0.008496|
|        1800|    0.151000|  1.3591e-01|   -8.928294|   -9.159247|   -0.000003|    0.008496|
|        1801|    0.148000|  1.3592e-01|   -8.928580|   -9.158986|   -0.000003|    0.008495|
|        1802|    0.145000|  1.3592e-01|   -8.928866|   -9.158725|   -0.000003|    0.008495|
|        1803|    0.151000|  1.3593e-01|   -8.929150|   -9.158465|   -0.000003|    0.008495|
|        1804|    0.148000|  1.3594e-01|   -8.929435|   -9.158206|   -0.000003|    0.008494|
|        1805|    0.141000|  1.3594e-01|   -8.929718|   -9.157947|   -0.000003|    0.008494|
|        1806|    0.143000|  1.3595e-01|   -8.930000|   -9.157688|   -0.000003|    0.008494|
|        1807|    0.149000|  1.3595e-01|   -8.930282|   -9.157429|   -0.000003|    0.008494|
|        1808|    0.150000|  1.3596e-01|   -8.930563|   -9.157172|   -0.000003|    0.008493|
|        1809|    0.149000|  1.3597e-01|   -8.930844|   -9.156914|   -0.000003|    0.008493|
|        1810|    0.158000|  1.3598e-01|   -8.931123|   -9.156657|   -0.000003|    0.008493|
|        1811|    0.168000|  1.3600e-01|   -8.931402|   -9.156399|   -0.000003|    0.008492|
|        1812|    0.153000|  1.3601e-01|   -8.931680|   -9.156141|   -0.000003|    0.008492|
|        1813|    0.146000|  1.3601e-01|   -8.931957|   -9.155884|   -0.000003|    0.008492|
|        1814|    0.155000|  1.3602e-01|   -8.932233|   -9.155627|   -0.000003|    0.008491|
|        1815|    0.149000|  1.3603e-01|   -8.932509|   -9.155371|   -0.000003|    0.008491|
|        1816|    0.154000|  1.3604e-01|   -8.932783|   -9.155115|   -0.000003|    0.008491|
|        1817|    0.142000|  1.3604e-01|   -8.933057|   -9.154859|   -0.000003|    0.008491|
|        1818|    0.155000|  1.3605e-01|   -8.933330|   -9.154604|   -0.000003|    0.008490|
|        1819|    0.154000|  1.3606e-01|   -8.933601|   -9.154349|   -0.000003|    0.008490|
|        1820|    0.148000|  1.3607e-01|   -8.933872|   -9.154095|   -0.000003|    0.008490|
|        1821|    0.147000|  1.3608e-01|   -8.934142|   -9.153841|   -0.000003|    0.008489|
|        1822|    0.147000|  1.3608e-01|   -8.934411|   -9.153588|   -0.000003|    0.008489|
|        1823|    0.159000|  1.3609e-01|   -8.934679|   -9.153335|   -0.000003|    0.008489|
|        1824|    0.150000|  1.3610e-01|   -8.934947|   -9.153082|   -0.000003|    0.008489|
|        1825|    0.154000|  1.3611e-01|   -8.935213|   -9.152830|   -0.000003|    0.008488|
|        1826|    0.154000|  1.3612e-01|   -8.935479|   -9.152578|   -0.000003|    0.008488|
|        1827|    0.150000|  1.3613e-01|   -8.935744|   -9.152325|   -0.000003|    0.008488|
|        1828|    0.147000|  1.3614e-01|   -8.936008|   -9.152073|   -0.000003|    0.008487|
|        1829|    0.144000|  1.3614e-01|   -8.936271|   -9.151822|   -0.000003|    0.008487|
|        1830|    0.155000|  1.3615e-01|   -8.936533|   -9.151570|   -0.000003|    0.008487|
|        1831|    0.159000|  1.3616e-01|   -8.936795|   -9.151317|   -0.000003|    0.008487|
|        1832|    0.150000|  1.3617e-01|   -8.937055|   -9.151065|   -0.000003|    0.008486|
|        1833|    0.149000|  1.3618e-01|   -8.937316|   -9.150814|   -0.000003|    0.008486|
|        1834|    0.152000|  1.3619e-01|   -8.937575|   -9.150563|   -0.000003|    0.008486|
|        1835|    0.151000|  1.3619e-01|   -8.937834|   -9.150312|   -0.000003|    0.008485|
|        1836|    0.143000|  1.3620e-01|   -8.938092|   -9.150061|   -0.000003|    0.008485|
|        1837|    0.128000|  1.3619e-01|   -8.938349|   -9.149811|   -0.000003|    0.008485|
|        1838|    0.136000|  1.3619e-01|   -8.938606|   -9.149562|   -0.000003|    0.008485|
|        1839|    0.150000|  1.3620e-01|   -8.938862|   -9.149311|   -0.000003|    0.008484|
|        1840|    0.142000|  1.3620e-01|   -8.939118|   -9.149060|   -0.000003|    0.008484|
|        1841|    0.145000|  1.3621e-01|   -8.939373|   -9.148810|   -0.000003|    0.008484|
|        1842|    0.139000|  1.3621e-01|   -8.939628|   -9.148560|   -0.000003|    0.008484|
|        1843|    0.132000|  1.3621e-01|   -8.939882|   -9.148311|   -0.000003|    0.008483|
|        1844|    0.125000|  1.3620e-01|   -8.940136|   -9.148062|   -0.000003|    0.008483|
|        1845|    0.130000|  1.3620e-01|   -8.940389|   -9.147813|   -0.000003|    0.008483|
|        1846|    0.138000|  1.3620e-01|   -8.940642|   -9.147565|   -0.000003|    0.008482|
|        1847|    0.140000|  1.3620e-01|   -8.940895|   -9.147317|   -0.000003|    0.008482|
|        1848|    0.148000|  1.3621e-01|   -8.941147|   -9.147069|   -0.000003|    0.008482|
|        1849|    0.146000|  1.3621e-01|   -8.941398|   -9.146822|   -0.000003|    0.008482|
|        1850|    0.133000|  1.3621e-01|   -8.941649|   -9.146575|   -0.000003|    0.008481|
|        1851|    0.135000|  1.3621e-01|   -8.941899|   -9.146329|   -0.000003|    0.008481|
|        1852|    0.132000|  1.3621e-01|   -8.942149|   -9.146082|   -0.000003|    0.008481|
|        1853|    0.134000|  1.3621e-01|   -8.942399|   -9.145836|   -0.000003|    0.008480|
|        1854|    0.135000|  1.3621e-01|   -8.942647|   -9.145590|   -0.000003|    0.008480|
|        1855|    0.134000|  1.3620e-01|   -8.942896|   -9.145343|   -0.000003|    0.008480|
|        1856|    0.138000|  1.3621e-01|   -8.943143|   -9.145096|   -0.000003|    0.008480|
|        1857|    0.139000|  1.3621e-01|   -8.943391|   -9.144850|   -0.000003|    0.008479|
|        1858|    0.157000|  1.3622e-01|   -8.943637|   -9.144604|   -0.000003|    0.008479|
|        1859|    0.139000|  1.3622e-01|   -8.943883|   -9.144358|   -0.000003|    0.008479|
|        1860|    0.130000|  1.3622e-01|   -8.944128|   -9.144113|   -0.000003|    0.008479|
|        1861|    0.146000|  1.3622e-01|   -8.944373|   -9.143868|   -0.000003|    0.008478|
|        1862|    0.136000|  1.3622e-01|   -8.944616|   -9.143623|   -0.000003|    0.008478|
|        1863|    0.138000|  1.3622e-01|   -8.944859|   -9.143379|   -0.000003|    0.008478|
|        1864|    0.135000|  1.3622e-01|   -8.945102|   -9.143135|   -0.000003|    0.008478|
|        1865|    0.136000|  1.3622e-01|   -8.945343|   -9.142892|   -0.000003|    0.008477|
|        1866|    0.135000|  1.3622e-01|   -8.945584|   -9.142648|   -0.000003|    0.008477|
|        1867|    0.132000|  1.3622e-01|   -8.945824|   -9.142406|   -0.000003|    0.008477|
|        1868|    0.133000|  1.3622e-01|   -8.946063|   -9.142163|   -0.000003|    0.008476|
|        1869|    0.135000|  1.3622e-01|   -8.946302|   -9.141921|   -0.000003|    0.008476|
|        1870|    0.138000|  1.3622e-01|   -8.946539|   -9.141679|   -0.000003|    0.008476|
|        1871|    0.132000|  1.3622e-01|   -8.946776|   -9.141437|   -0.000003|    0.008476|
|        1872|    0.127000|  1.3621e-01|   -8.947012|   -9.141196|   -0.000003|    0.008475|
|        1873|    0.132000|  1.3621e-01|   -8.947248|   -9.140954|   -0.000003|    0.008475|
|        1874|    0.134000|  1.3621e-01|   -8.947482|   -9.140713|   -0.000003|    0.008475|
|        1875|    0.138000|  1.3621e-01|   -8.947716|   -9.140472|   -0.000003|    0.008475|
|        1876|    0.136000|  1.3621e-01|   -8.947949|   -9.140232|   -0.000003|    0.008474|
|        1877|    0.141000|  1.3621e-01|   -8.948182|   -9.139991|   -0.000003|    0.008474|
|        1878|    0.156000|  1.3622e-01|   -8.948413|   -9.139752|   -0.000003|    0.008474|
|        1879|    0.139000|  1.3622e-01|   -8.948644|   -9.139512|   -0.000003|    0.008474|
|        1880|    0.133000|  1.3622e-01|   -8.948875|   -9.139273|   -0.000003|    0.008473|
|        1881|    0.136000|  1.3622e-01|   -8.949105|   -9.139035|   -0.000003|    0.008473|
|        1882|    0.131000|  1.3622e-01|   -8.949334|   -9.138796|   -0.000003|    0.008473|
|        1883|    0.136000|  1.3622e-01|   -8.949562|   -9.138558|   -0.000003|    0.008473|
|        1884|    0.135000|  1.3622e-01|   -8.949790|   -9.138321|   -0.000003|    0.008472|
|        1885|    0.130000|  1.3621e-01|   -8.950018|   -9.138083|   -0.000003|    0.008472|
|        1886|    0.132000|  1.3621e-01|   -8.950245|   -9.137846|   -0.000003|    0.008472|
|        1887|    0.136000|  1.3621e-01|   -8.950472|   -9.137609|   -0.000003|    0.008472|
|        1888|    0.136000|  1.3621e-01|   -8.950698|   -9.137372|   -0.000003|    0.008471|
|        1889|    0.156000|  1.3622e-01|   -8.950924|   -9.137135|   -0.000003|    0.008471|
|        1890|    0.158000|  1.3623e-01|   -8.951150|   -9.136899|   -0.000003|    0.008471|
|        1891|    0.162000|  1.3625e-01|   -8.951375|   -9.136662|   -0.000003|    0.008471|
|        1892|    0.145000|  1.3625e-01|   -8.951600|   -9.136426|   -0.000003|    0.008470|
|        1893|    0.136000|  1.3625e-01|   -8.951824|   -9.136190|   -0.000003|    0.008470|
|        1894|    0.136000|  1.3625e-01|   -8.952049|   -9.135954|   -0.000003|    0.008470|
|        1895|    0.129000|  1.3625e-01|   -8.952273|   -9.135718|   -0.000003|    0.008470|
|        1896|    0.141000|  1.3625e-01|   -8.952496|   -9.135483|   -0.000003|    0.008469|
|        1897|    0.134000|  1.3625e-01|   -8.952720|   -9.135249|   -0.000003|    0.008469|
|        1898|    0.133000|  1.3625e-01|   -8.952943|   -9.135015|   -0.000003|    0.008469|
|        1899|    0.140000|  1.3625e-01|   -8.953166|   -9.134781|   -0.000003|    0.008469|
|        1900|    0.148000|  1.3626e-01|   -8.953389|   -9.134547|   -0.000003|    0.008468|
|        1901|    0.146000|  1.3626e-01|   -8.953611|   -9.134313|   -0.000003|    0.008468|
|        1902|    0.151000|  1.3627e-01|   -8.953833|   -9.134079|   -0.000003|    0.008468|
|        1903|    0.137000|  1.3627e-01|   -8.954055|   -9.133846|   -0.000003|    0.008468|
|        1904|    0.123000|  1.3626e-01|   -8.954276|   -9.133612|   -0.000003|    0.008467|
|        1905|    0.151000|  1.3627e-01|   -8.954497|   -9.133379|   -0.000003|    0.008467|
|        1906|    0.148000|  1.3628e-01|   -8.954717|   -9.133147|   -0.000003|    0.008467|
|        1907|    0.146000|  1.3628e-01|   -8.954937|   -9.132913|   -0.000003|    0.008467|
|        1908|    0.135000|  1.3628e-01|   -8.955157|   -9.132680|   -0.000003|    0.008466|
|        1909|    0.141000|  1.3628e-01|   -8.955376|   -9.132446|   -0.000003|    0.008466|
|        1910|    0.150000|  1.3629e-01|   -8.955595|   -9.132213|   -0.000003|    0.008466|
|        1911|    0.127000|  1.3628e-01|   -8.955813|   -9.131981|   -0.000003|    0.008466|
|        1912|    0.140000|  1.3629e-01|   -8.956031|   -9.131748|   -0.000003|    0.008465|
|        1913|    0.147000|  1.3629e-01|   -8.956248|   -9.131516|   -0.000003|    0.008465|
|        1914|    0.138000|  1.3629e-01|   -8.956464|   -9.131284|   -0.000003|    0.008465|
|        1915|    0.134000|  1.3629e-01|   -8.956680|   -9.131053|   -0.000003|    0.008465|
|        1916|    0.130000|  1.3629e-01|   -8.956895|   -9.130822|   -0.000003|    0.008464|
|        1917|    0.139000|  1.3629e-01|   -8.957110|   -9.130591|   -0.000003|    0.008464|
|        1918|    0.133000|  1.3629e-01|   -8.957323|   -9.130360|   -0.000003|    0.008464|
|        1919|    0.152000|  1.3630e-01|   -8.957536|   -9.130130|   -0.000003|    0.008464|
|        1920|    0.139000|  1.3630e-01|   -8.957749|   -9.129900|   -0.000003|    0.008463|
|        1921|    0.127000|  1.3629e-01|   -8.957960|   -9.129670|   -0.000003|    0.008463|
|        1922|    0.139000|  1.3629e-01|   -8.958171|   -9.129441|   -0.000003|    0.008463|
|        1923|    0.142000|  1.3630e-01|   -8.958380|   -9.129212|   -0.000003|    0.008463|
|        1924|    0.144000|  1.3630e-01|   -8.958589|   -9.128983|   -0.000003|    0.008463|
|        1925|    0.135000|  1.3630e-01|   -8.958797|   -9.128755|   -0.000003|    0.008462|
|        1926|    0.146000|  1.3631e-01|   -8.959004|   -9.128527|   -0.000003|    0.008462|
|        1927|    0.140000|  1.3631e-01|   -8.959211|   -9.128299|   -0.000003|    0.008462|
|        1928|    0.159000|  1.3632e-01|   -8.959416|   -9.128072|   -0.000003|    0.008462|
|        1929|    0.148000|  1.3633e-01|   -8.959620|   -9.127844|   -0.000003|    0.008461|
|        1930|    0.142000|  1.3633e-01|   -8.959824|   -9.127618|   -0.000003|    0.008461|
|        1931|    0.132000|  1.3633e-01|   -8.960026|   -9.127391|   -0.000003|    0.008461|
|        1932|    0.127000|  1.3632e-01|   -8.960228|   -9.127165|   -0.000003|    0.008461|
|        1933|    0.130000|  1.3632e-01|   -8.960428|   -9.126940|   -0.000003|    0.008460|
|        1934|    0.133000|  1.3632e-01|   -8.960628|   -9.126714|   -0.000003|    0.008460|
|        1935|    0.128000|  1.3631e-01|   -8.960826|   -9.126489|   -0.000003|    0.008460|
|        1936|    0.135000|  1.3631e-01|   -8.961024|   -9.126265|   -0.000003|    0.008460|
|        1937|    0.138000|  1.3631e-01|   -8.961221|   -9.126040|   -0.000003|    0.008459|
|        1938|    0.131000|  1.3631e-01|   -8.961416|   -9.125816|   -0.000003|    0.008459|
|        1939|    0.137000|  1.3631e-01|   -8.961611|   -9.125592|   -0.000003|    0.008459|
|        1940|    0.165000|  1.3632e-01|   -8.961805|   -9.125369|   -0.000003|    0.008459|
|        1941|    0.169000|  1.3634e-01|   -8.961998|   -9.125146|   -0.000003|    0.008459|
|        1942|    0.148000|  1.3635e-01|   -8.962190|   -9.124923|   -0.000003|    0.008458|
|        1943|    0.143000|  1.3635e-01|   -8.962381|   -9.124701|   -0.000003|    0.008458|
|        1944|    0.130000|  1.3635e-01|   -8.962571|   -9.124479|   -0.000003|    0.008458|
|        1945|    0.140000|  1.3635e-01|   -8.962761|   -9.124257|   -0.000003|    0.008458|
|        1946|    0.135000|  1.3635e-01|   -8.962949|   -9.124036|   -0.000003|    0.008457|
|        1947|    0.135000|  1.3635e-01|   -8.963137|   -9.123814|   -0.000003|    0.008457|
|        1948|    0.137000|  1.3635e-01|   -8.963324|   -9.123593|   -0.000003|    0.008457|
|        1949|    0.146000|  1.3635e-01|   -8.963510|   -9.123372|   -0.000003|    0.008457|
|        1950|    0.132000|  1.3635e-01|   -8.963695|   -9.123152|   -0.000003|    0.008457|
|        1951|    0.131000|  1.3635e-01|   -8.963879|   -9.122931|   -0.000003|    0.008456|
|        1952|    0.127000|  1.3634e-01|   -8.964063|   -9.122711|   -0.000003|    0.008456|
|        1953|    0.139000|  1.3634e-01|   -8.964246|   -9.122491|   -0.000003|    0.008456|
|        1954|    0.132000|  1.3634e-01|   -8.964428|   -9.122271|   -0.000003|    0.008456|
|        1955|    0.139000|  1.3634e-01|   -8.964609|   -9.122051|   -0.000003|    0.008455|
|        1956|    0.130000|  1.3634e-01|   -8.964790|   -9.121832|   -0.000003|    0.008455|
|        1957|    0.135000|  1.3634e-01|   -8.964970|   -9.121613|   -0.000003|    0.008455|
|        1958|    0.132000|  1.3634e-01|   -8.965149|   -9.121394|   -0.000003|    0.008455|
|        1959|    0.135000|  1.3634e-01|   -8.965328|   -9.121176|   -0.000003|    0.008454|
|        1960|    0.137000|  1.3634e-01|   -8.965506|   -9.120958|   -0.000003|    0.008454|
|        1961|    0.140000|  1.3634e-01|   -8.965683|   -9.120741|   -0.000003|    0.008454|
|        1962|    0.134000|  1.3634e-01|   -8.965860|   -9.120524|   -0.000003|    0.008454|
|        1963|    0.162000|  1.3635e-01|   -8.966036|   -9.120307|   -0.000003|    0.008454|
|        1964|    0.150000|  1.3636e-01|   -8.966211|   -9.120091|   -0.000003|    0.008453|
|        1965|    0.145000|  1.3636e-01|   -8.966386|   -9.119874|   -0.000003|    0.008453|
|        1966|    0.131000|  1.3636e-01|   -8.966560|   -9.119658|   -0.000003|    0.008453|
|        1967|    0.139000|  1.3636e-01|   -8.966733|   -9.119442|   -0.000003|    0.008453|
|        1968|    0.142000|  1.3636e-01|   -8.966906|   -9.119225|   -0.000003|    0.008453|
|        1969|    0.139000|  1.3637e-01|   -8.967078|   -9.119009|   -0.000003|    0.008452|
|        1970|    0.134000|  1.3636e-01|   -8.967249|   -9.118793|   -0.000003|    0.008452|
|        1971|    0.152000|  1.3637e-01|   -8.967420|   -9.118576|   -0.000003|    0.008452|
|        1972|    0.152000|  1.3638e-01|   -8.967590|   -9.118359|   -0.000003|    0.008452|
|        1973|    0.140000|  1.3638e-01|   -8.967760|   -9.118143|   -0.000003|    0.008451|
|        1974|    0.131000|  1.3638e-01|   -8.967928|   -9.117927|   -0.000003|    0.008451|
|        1975|    0.138000|  1.3638e-01|   -8.968097|   -9.117711|   -0.000003|    0.008451|
|        1976|    0.134000|  1.3638e-01|   -8.968264|   -9.117495|   -0.000003|    0.008451|
|        1977|    0.133000|  1.3638e-01|   -8.968431|   -9.117280|   -0.000003|    0.008451|
|        1978|    0.151000|  1.3638e-01|   -8.968598|   -9.117065|   -0.000003|    0.008450|
|        1979|    0.153000|  1.3639e-01|   -8.968763|   -9.116851|   -0.000003|    0.008450|
|        1980|    0.142000|  1.3640e-01|   -8.968928|   -9.116636|   -0.000003|    0.008450|
|        1981|    0.132000|  1.3639e-01|   -8.969093|   -9.116421|   -0.000003|    0.008450|
|        1982|    0.142000|  1.3640e-01|   -8.969257|   -9.116207|   -0.000003|    0.008449|
|        1983|    0.139000|  1.3640e-01|   -8.969420|   -9.115992|   -0.000003|    0.008449|
|        1984|    0.133000|  1.3640e-01|   -8.969582|   -9.115778|   -0.000003|    0.008449|
|        1985|    0.135000|  1.3640e-01|   -8.969744|   -9.115564|   -0.000003|    0.008449|
|        1986|    0.129000|  1.3639e-01|   -8.969905|   -9.115351|   -0.000003|    0.008449|
|        1987|    0.137000|  1.3639e-01|   -8.970066|   -9.115138|   -0.000003|    0.008448|
|        1988|    0.140000|  1.3639e-01|   -8.970226|   -9.114925|   -0.000003|    0.008448|
|        1989|    0.136000|  1.3639e-01|   -8.970386|   -9.114712|   -0.000003|    0.008448|
|        1990|    0.131000|  1.3639e-01|   -8.970544|   -9.114500|   -0.000003|    0.008448|
|        1991|    0.141000|  1.3639e-01|   -8.970703|   -9.114288|   -0.000003|    0.008448|
|        1992|    0.128000|  1.3639e-01|   -8.970860|   -9.114076|   -0.000003|    0.008447|
|        1993|    0.132000|  1.3639e-01|   -8.971017|   -9.113865|   -0.000003|    0.008447|
|        1994|    0.143000|  1.3639e-01|   -8.971174|   -9.113654|   -0.000003|    0.008447|
|        1995|    0.139000|  1.3639e-01|   -8.971330|   -9.113443|   -0.000003|    0.008447|
|        1996|    0.137000|  1.3639e-01|   -8.971485|   -9.113232|   -0.000003|    0.008447|
|        1997|    0.143000|  1.3639e-01|   -8.971640|   -9.113021|   -0.000003|    0.008446|
|        1998|    0.133000|  1.3639e-01|   -8.971794|   -9.112811|   -0.000003|    0.008446|
|        1999|    0.131000|  1.3639e-01|   -8.971948|   -9.112601|   -0.000003|    0.008446|
|        2000|    0.135000|  1.3639e-01|   -8.972101|   -9.112391|   -0.000003|    0.008446|
+-----------------------------------------------------------------------+
|        File Writing Summary       |              Filename             |
+-----------------------------------------------------------------------+
|SU2 binary restart                 |restart_flow_alpha0_449x129.dat    |
|Paraview                           |flow_alpha0_449x129.vtu            |
|Paraview surface                   |surface_flow_alpha0_449x129.vtu    |
+-----------------------------------------------------------------------+
+------------------------------------------------------------------------------------------+
|  Inner_Iter|   Time(sec)|   Time(sec)|      rms[P]|     rms[nu]|          CL|          CD|
+------------------------------------------------------------------------------------------+
|        2001|    0.238000|  1.3644e-01|   -8.972253|   -9.112182|   -0.000003|    0.008446|
|        2002|    0.162000|  1.3645e-01|   -8.972406|   -9.111973|   -0.000003|    0.008445|
|        2003|    0.134000|  1.3645e-01|   -8.972557|   -9.111764|   -0.000003|    0.008445|
|        2004|    0.132000|  1.3645e-01|   -8.972708|   -9.111556|   -0.000003|    0.008445|
|        2005|    0.138000|  1.3645e-01|   -8.972859|   -9.111348|   -0.000003|    0.008445|
|        2006|    0.135000|  1.3645e-01|   -8.973009|   -9.111139|   -0.000003|    0.008444|
|        2007|    0.145000|  1.3645e-01|   -8.973158|   -9.110931|   -0.000003|    0.008444|
|        2008|    0.135000|  1.3645e-01|   -8.973307|   -9.110723|   -0.000003|    0.008444|
|        2009|    0.136000|  1.3645e-01|   -8.973456|   -9.110516|   -0.000003|    0.008444|
|        2010|    0.144000|  1.3646e-01|   -8.973604|   -9.110308|   -0.000003|    0.008444|
|        2011|    0.134000|  1.3646e-01|   -8.973751|   -9.110101|   -0.000003|    0.008443|
|        2012|    0.130000|  1.3645e-01|   -8.973898|   -9.109895|   -0.000003|    0.008443|
|        2013|    0.134000|  1.3645e-01|   -8.974045|   -9.109688|   -0.000003|    0.008443|
|        2014|    0.128000|  1.3645e-01|   -8.974191|   -9.109482|   -0.000003|    0.008443|
|        2015|    0.132000|  1.3644e-01|   -8.974336|   -9.109276|   -0.000003|    0.008443|
|        2016|    0.141000|  1.3645e-01|   -8.974482|   -9.109071|   -0.000003|    0.008442|
|        2017|    0.136000|  1.3645e-01|   -8.974626|   -9.108865|   -0.000003|    0.008442|
|        2018|    0.131000|  1.3644e-01|   -8.974770|   -9.108660|   -0.000003|    0.008442|
|        2019|    0.133000|  1.3644e-01|   -8.974914|   -9.108456|   -0.000003|    0.008442|
|        2020|    0.132000|  1.3644e-01|   -8.975057|   -9.108251|   -0.000003|    0.008442|
|        2021|    0.126000|  1.3644e-01|   -8.975200|   -9.108048|   -0.000003|    0.008441|
|        2022|    0.145000|  1.3644e-01|   -8.975342|   -9.107844|   -0.000003|    0.008441|
|        2023|    0.139000|  1.3644e-01|   -8.975484|   -9.107641|   -0.000003|    0.008441|
|        2024|    0.137000|  1.3644e-01|   -8.975625|   -9.107437|   -0.000003|    0.008441|
|        2025|    0.127000|  1.3644e-01|   -8.975766|   -9.107235|   -0.000003|    0.008441|
|        2026|    0.137000|  1.3644e-01|   -8.975907|   -9.107032|   -0.000003|    0.008440|
|        2027|    0.144000|  1.3644e-01|   -8.976046|   -9.106830|   -0.000003|    0.008440|
|        2028|    0.133000|  1.3644e-01|   -8.976186|   -9.106628|   -0.000003|    0.008440|
|        2029|    0.136000|  1.3644e-01|   -8.976324|   -9.106427|   -0.000003|    0.008440|
|        2030|    0.146000|  1.3644e-01|   -8.976463|   -9.106226|   -0.000003|    0.008440|
|        2031|    0.168000|  1.3646e-01|   -8.976600|   -9.106025|   -0.000003|    0.008440|
|        2032|    0.157000|  1.3647e-01|   -8.976737|   -9.105825|   -0.000003|    0.008439|
|        2033|    0.183000|  1.3649e-01|   -8.976874|   -9.105625|   -0.000003|    0.008439|
|        2034|    0.142000|  1.3649e-01|   -8.977010|   -9.105426|   -0.000003|    0.008439|
|        2035|    0.151000|  1.3650e-01|   -8.977146|   -9.105226|   -0.000003|    0.008439|
|        2036|    0.133000|  1.3650e-01|   -8.977281|   -9.105026|   -0.000003|    0.008439|
|        2037|    0.129000|  1.3650e-01|   -8.977415|   -9.104826|   -0.000003|    0.008438|
|        2038|    0.127000|  1.3649e-01|   -8.977549|   -9.104627|   -0.000003|    0.008438|
|        2039|    0.140000|  1.3649e-01|   -8.977683|   -9.104428|   -0.000003|    0.008438|
|        2040|    0.134000|  1.3649e-01|   -8.977816|   -9.104229|   -0.000003|    0.008438|
|        2041|    0.144000|  1.3650e-01|   -8.977948|   -9.104029|   -0.000003|    0.008438|
|        2042|    0.149000|  1.3650e-01|   -8.978080|   -9.103828|   -0.000003|    0.008437|
|        2043|    0.139000|  1.3650e-01|   -8.978211|   -9.103627|   -0.000003|    0.008437|
|        2044|    0.130000|  1.3650e-01|   -8.978342|   -9.103427|   -0.000003|    0.008437|
|        2045|    0.144000|  1.3650e-01|   -8.978472|   -9.103227|   -0.000003|    0.008437|
|        2046|    0.135000|  1.3650e-01|   -8.978601|   -9.103027|   -0.000003|    0.008437|
|        2047|    0.131000|  1.3650e-01|   -8.978730|   -9.102827|   -0.000003|    0.008436|
|        2048|    0.135000|  1.3650e-01|   -8.978859|   -9.102628|   -0.000003|    0.008436|
|        2049|    0.140000|  1.3650e-01|   -8.978987|   -9.102429|   -0.000003|    0.008436|
|        2050|    0.136000|  1.3650e-01|   -8.979114|   -9.102230|   -0.000003|    0.008436|
|        2051|    0.138000|  1.3650e-01|   -8.979241|   -9.102031|   -0.000003|    0.008436|
|        2052|    0.129000|  1.3650e-01|   -8.979368|   -9.101832|   -0.000003|    0.008435|
|        2053|    0.134000|  1.3650e-01|   -8.979494|   -9.101634|   -0.000003|    0.008435|
|        2054|    0.135000|  1.3650e-01|   -8.979619|   -9.101436|   -0.000003|    0.008435|
|        2055|    0.147000|  1.3650e-01|   -8.979744|   -9.101238|   -0.000003|    0.008435|
|        2056|    0.134000|  1.3650e-01|   -8.979868|   -9.101040|   -0.000003|    0.008435|
|        2057|    0.139000|  1.3650e-01|   -8.979991|   -9.100843|   -0.000003|    0.008435|
|        2058|    0.134000|  1.3650e-01|   -8.980115|   -9.100645|   -0.000003|    0.008434|
|        2059|    0.137000|  1.3650e-01|   -8.980237|   -9.100448|   -0.000003|    0.008434|
|        2060|    0.139000|  1.3650e-01|   -8.980359|   -9.100252|   -0.000003|    0.008434|
|        2061|    0.141000|  1.3650e-01|   -8.980480|   -9.100055|   -0.000003|    0.008434|
|        2062|    0.135000|  1.3650e-01|   -8.980601|   -9.099858|   -0.000003|    0.008434|
|        2063|    0.131000|  1.3650e-01|   -8.980721|   -9.099662|   -0.000003|    0.008433|
|        2064|    0.131000|  1.3650e-01|   -8.980841|   -9.099466|   -0.000003|    0.008433|
|        2065|    0.125000|  1.3649e-01|   -8.980960|   -9.099270|   -0.000003|    0.008433|
|        2066|    0.144000|  1.3650e-01|   -8.981079|   -9.099075|   -0.000003|    0.008433|
|        2067|    0.139000|  1.3650e-01|   -8.981197|   -9.098880|   -0.000003|    0.008433|
|        2068|    0.131000|  1.3649e-01|   -8.981314|   -9.098685|   -0.000003|    0.008433|
|        2069|    0.134000|  1.3649e-01|   -8.981431|   -9.098490|   -0.000003|    0.008432|
|        2070|    0.139000|  1.3649e-01|   -8.981547|   -9.098296|   -0.000003|    0.008432|
|        2071|    0.153000|  1.3650e-01|   -8.981663|   -9.098101|   -0.000003|    0.008432|
|        2072|    0.138000|  1.3650e-01|   -8.981778|   -9.097908|   -0.000003|    0.008432|
|        2073|    0.135000|  1.3650e-01|   -8.981892|   -9.097714|   -0.000003|    0.008432|
|        2074|    0.131000|  1.3650e-01|   -8.982006|   -9.097521|   -0.000003|    0.008431|
|        2075|    0.132000|  1.3650e-01|   -8.982120|   -9.097328|   -0.000003|    0.008431|
|        2076|    0.133000|  1.3650e-01|   -8.982232|   -9.097135|   -0.000003|    0.008431|
|        2077|    0.132000|  1.3649e-01|   -8.982345|   -9.096943|   -0.000003|    0.008431|
|        2078|    0.134000|  1.3649e-01|   -8.982456|   -9.096751|   -0.000003|    0.008431|
|        2079|    0.134000|  1.3649e-01|   -8.982567|   -9.096559|   -0.000003|    0.008431|
|        2080|    0.146000|  1.3650e-01|   -8.982678|   -9.096367|   -0.000003|    0.008430|
|        2081|    0.137000|  1.3650e-01|   -8.982788|   -9.096176|   -0.000003|    0.008430|
|        2082|    0.142000|  1.3650e-01|   -8.982897|   -9.095984|   -0.000003|    0.008430|
|        2083|    0.130000|  1.3650e-01|   -8.983006|   -9.095793|   -0.000003|    0.008430|
|        2084|    0.132000|  1.3649e-01|   -8.983115|   -9.095602|   -0.000003|    0.008430|
|        2085|    0.136000|  1.3649e-01|   -8.983223|   -9.095411|   -0.000003|    0.008429|
|        2086|    0.142000|  1.3650e-01|   -8.983330|   -9.095220|   -0.000003|    0.008429|
|        2087|    0.149000|  1.3650e-01|   -8.983437|   -9.095029|   -0.000003|    0.008429|
|        2088|    0.126000|  1.3650e-01|   -8.983543|   -9.094839|   -0.000003|    0.008429|
|        2089|    0.136000|  1.3650e-01|   -8.983649|   -9.094648|   -0.000003|    0.008429|
|        2090|    0.139000|  1.3650e-01|   -8.983754|   -9.094458|   -0.000003|    0.008429|
|        2091|    0.132000|  1.3650e-01|   -8.983858|   -9.094268|   -0.000003|    0.008428|
|        2092|    0.132000|  1.3649e-01|   -8.983963|   -9.094079|   -0.000003|    0.008428|
|        2093|    0.142000|  1.3650e-01|   -8.984066|   -9.093889|   -0.000003|    0.008428|
|        2094|    0.139000|  1.3650e-01|   -8.984169|   -9.093700|   -0.000003|    0.008428|
|        2095|    0.144000|  1.3650e-01|   -8.984272|   -9.093512|   -0.000003|    0.008428|
|        2096|    0.156000|  1.3651e-01|   -8.984374|   -9.093323|   -0.000003|    0.008428|
|        2097|    0.142000|  1.3651e-01|   -8.984475|   -9.093135|   -0.000003|    0.008427|
|        2098|    0.135000|  1.3651e-01|   -8.984576|   -9.092947|   -0.000003|    0.008427|
|        2099|    0.140000|  1.3651e-01|   -8.984676|   -9.092759|   -0.000003|    0.008427|
|        2100|    0.141000|  1.3652e-01|   -8.984776|   -9.092571|   -0.000003|    0.008427|
|        2101|    0.139000|  1.3652e-01|   -8.984875|   -9.092384|   -0.000003|    0.008427|
|        2102|    0.139000|  1.3652e-01|   -8.984974|   -9.092197|   -0.000003|    0.008427|
|        2103|    0.144000|  1.3652e-01|   -8.985072|   -9.092010|   -0.000003|    0.008426|
|        2104|    0.140000|  1.3652e-01|   -8.985170|   -9.091823|   -0.000003|    0.008426|
|        2105|    0.135000|  1.3652e-01|   -8.985267|   -9.091637|   -0.000003|    0.008426|
|        2106|    0.138000|  1.3652e-01|   -8.985364|   -9.091450|   -0.000003|    0.008426|
|        2107|    0.140000|  1.3652e-01|   -8.985460|   -9.091264|   -0.000003|    0.008426|
|        2108|    0.140000|  1.3653e-01|   -8.985555|   -9.091078|   -0.000003|    0.008425|
|        2109|    0.133000|  1.3652e-01|   -8.985650|   -9.090892|   -0.000003|    0.008425|
|        2110|    0.137000|  1.3652e-01|   -8.985745|   -9.090707|   -0.000003|    0.008425|
|        2111|    0.136000|  1.3652e-01|   -8.985839|   -9.090522|   -0.000003|    0.008425|
|        2112|    0.139000|  1.3653e-01|   -8.985933|   -9.090337|   -0.000003|    0.008425|
|        2113|    0.135000|  1.3653e-01|   -8.986026|   -9.090152|   -0.000003|    0.008425|
|        2114|    0.143000|  1.3653e-01|   -8.986118|   -9.089966|   -0.000003|    0.008424|
|        2115|    0.139000|  1.3653e-01|   -8.986210|   -9.089780|   -0.000003|    0.008424|
|        2116|    0.153000|  1.3654e-01|   -8.986302|   -9.089594|   -0.000003|    0.008424|
|        2117|    0.141000|  1.3654e-01|   -8.986393|   -9.089408|   -0.000003|    0.008424|
|        2118|    0.137000|  1.3654e-01|   -8.986484|   -9.089222|   -0.000003|    0.008424|
|        2119|    0.135000|  1.3654e-01|   -8.986574|   -9.089036|   -0.000003|    0.008424|
|        2120|    0.134000|  1.3654e-01|   -8.986664|   -9.088850|   -0.000003|    0.008423|
|        2121|    0.140000|  1.3654e-01|   -8.986754|   -9.088664|   -0.000003|    0.008423|
|        2122|    0.153000|  1.3655e-01|   -8.986843|   -9.088478|   -0.000003|    0.008423|
|        2123|    0.136000|  1.3655e-01|   -8.986932|   -9.088292|   -0.000003|    0.008423|
|        2124|    0.159000|  1.3656e-01|   -8.987020|   -9.088107|   -0.000003|    0.008423|
|        2125|    0.135000|  1.3656e-01|   -8.987108|   -9.087921|   -0.000003|    0.008423|
|        2126|    0.134000|  1.3656e-01|   -8.987196|   -9.087736|   -0.000003|    0.008422|
|        2127|    0.152000|  1.3656e-01|   -8.987284|   -9.087551|   -0.000003|    0.008422|
|        2128|    0.155000|  1.3657e-01|   -8.987372|   -9.087367|   -0.000003|    0.008422|
|        2129|    0.140000|  1.3657e-01|   -8.987459|   -9.087183|   -0.000003|    0.008422|
|        2130|    0.138000|  1.3657e-01|   -8.987546|   -9.086999|   -0.000003|    0.008422|
|        2131|    0.150000|  1.3658e-01|   -8.987633|   -9.086815|   -0.000003|    0.008422|
|        2132|    0.147000|  1.3658e-01|   -8.987719|   -9.086631|   -0.000003|    0.008421|
|        2133|    0.142000|  1.3659e-01|   -8.987806|   -9.086448|   -0.000003|    0.008421|
|        2134|    0.140000|  1.3659e-01|   -8.987892|   -9.086265|   -0.000003|    0.008421|
|        2135|    0.142000|  1.3659e-01|   -8.987978|   -9.086082|   -0.000003|    0.008421|
|        2136|    0.132000|  1.3659e-01|   -8.988065|   -9.085900|   -0.000003|    0.008421|
|        2137|    0.150000|  1.3660e-01|   -8.988150|   -9.085718|   -0.000003|    0.008421|
|        2138|    0.138000|  1.3660e-01|   -8.988236|   -9.085535|   -0.000003|    0.008420|
|        2139|    0.139000|  1.3660e-01|   -8.988322|   -9.085353|   -0.000003|    0.008420|
|        2140|    0.138000|  1.3660e-01|   -8.988407|   -9.085172|   -0.000003|    0.008420|
|        2141|    0.137000|  1.3660e-01|   -8.988493|   -9.084990|   -0.000003|    0.008420|
|        2142|    0.138000|  1.3660e-01|   -8.988578|   -9.084809|   -0.000003|    0.008420|
|        2143|    0.139000|  1.3660e-01|   -8.988663|   -9.084628|   -0.000003|    0.008420|
|        2144|    0.144000|  1.3660e-01|   -8.988748|   -9.084447|   -0.000003|    0.008420|
|        2145|    0.141000|  1.3661e-01|   -8.988833|   -9.084266|   -0.000003|    0.008419|
|        2146|    0.143000|  1.3661e-01|   -8.988918|   -9.084086|   -0.000003|    0.008419|
|        2147|    0.144000|  1.3661e-01|   -8.989003|   -9.083906|   -0.000003|    0.008419|
|        2148|    0.148000|  1.3662e-01|   -8.989087|   -9.083726|   -0.000003|    0.008419|
|        2149|    0.132000|  1.3661e-01|   -8.989171|   -9.083546|   -0.000003|    0.008419|
|        2150|    0.150000|  1.3662e-01|   -8.989255|   -9.083367|   -0.000003|    0.008419|
|        2151|    0.157000|  1.3663e-01|   -8.989339|   -9.083187|   -0.000003|    0.008418|
|        2152|    0.143000|  1.3663e-01|   -8.989423|   -9.083008|   -0.000003|    0.008418|
|        2153|    0.163000|  1.3665e-01|   -8.989506|   -9.082830|   -0.000003|    0.008418|
|        2154|    0.132000|  1.3664e-01|   -8.989589|   -9.082651|   -0.000003|    0.008418|
|        2155|    0.136000|  1.3664e-01|   -8.989672|   -9.082473|   -0.000003|    0.008418|
|        2156|    0.137000|  1.3664e-01|   -8.989754|   -9.082295|   -0.000003|    0.008418|
|        2157|    0.144000|  1.3665e-01|   -8.989837|   -9.082118|   -0.000003|    0.008417|
|        2158|    0.139000|  1.3665e-01|   -8.989919|   -9.081941|   -0.000003|    0.008417|
|        2159|    0.166000|  1.3666e-01|   -8.990000|   -9.081764|   -0.000003|    0.008417|
|        2160|    0.155000|  1.3667e-01|   -8.990081|   -9.081587|   -0.000003|    0.008417|
|        2161|    0.145000|  1.3667e-01|   -8.990162|   -9.081410|   -0.000003|    0.008417|
|        2162|    0.129000|  1.3667e-01|   -8.990242|   -9.081234|   -0.000003|    0.008417|
|        2163|    0.153000|  1.3668e-01|   -8.990322|   -9.081058|   -0.000003|    0.008416|
|        2164|    0.156000|  1.3669e-01|   -8.990401|   -9.080882|   -0.000003|    0.008416|
|        2165|    0.166000|  1.3670e-01|   -8.990480|   -9.080707|   -0.000003|    0.008416|
|        2166|    0.132000|  1.3670e-01|   -8.990558|   -9.080532|   -0.000003|    0.008416|
|        2167|    0.137000|  1.3670e-01|   -8.990636|   -9.080356|   -0.000003|    0.008416|
|        2168|    0.144000|  1.3670e-01|   -8.990713|   -9.080181|   -0.000003|    0.008416|
|        2169|    0.131000|  1.3670e-01|   -8.990790|   -9.080006|   -0.000003|    0.008416|
|        2170|    0.152000|  1.3671e-01|   -8.990866|   -9.079831|   -0.000003|    0.008415|
|        2171|    0.141000|  1.3671e-01|   -8.990941|   -9.079657|   -0.000003|    0.008415|
|        2172|    0.149000|  1.3671e-01|   -8.991015|   -9.079483|   -0.000003|    0.008415|
|        2173|    0.151000|  1.3672e-01|   -8.991089|   -9.079309|   -0.000003|    0.008415|
|        2174|    0.135000|  1.3672e-01|   -8.991162|   -9.079135|   -0.000003|    0.008415|
|        2175|    0.140000|  1.3672e-01|   -8.991235|   -9.078962|   -0.000003|    0.008415|
|        2176|    0.138000|  1.3672e-01|   -8.991307|   -9.078789|   -0.000003|    0.008414|
|        2177|    0.144000|  1.3672e-01|   -8.991378|   -9.078616|   -0.000003|    0.008414|
|        2178|    0.131000|  1.3672e-01|   -8.991448|   -9.078444|   -0.000003|    0.008414|
|        2179|    0.133000|  1.3672e-01|   -8.991518|   -9.078271|   -0.000003|    0.008414|
|        2180|    0.138000|  1.3672e-01|   -8.991587|   -9.078099|   -0.000003|    0.008414|
|        2181|    0.153000|  1.3673e-01|   -8.991655|   -9.077927|   -0.000003|    0.008414|
|        2182|    0.137000|  1.3673e-01|   -8.991723|   -9.077756|   -0.000003|    0.008414|
|        2183|    0.137000|  1.3673e-01|   -8.991790|   -9.077584|   -0.000003|    0.008413|
|        2184|    0.142000|  1.3673e-01|   -8.991856|   -9.077413|   -0.000003|    0.008413|
|        2185|    0.138000|  1.3673e-01|   -8.991922|   -9.077242|   -0.000003|    0.008413|
|        2186|    0.138000|  1.3673e-01|   -8.991987|   -9.077071|   -0.000003|    0.008413|
|        2187|    0.144000|  1.3674e-01|   -8.992052|   -9.076901|   -0.000003|    0.008413|
|        2188|    0.136000|  1.3674e-01|   -8.992117|   -9.076730|   -0.000003|    0.008413|
|        2189|    0.141000|  1.3674e-01|   -8.992181|   -9.076560|   -0.000003|    0.008413|
|        2190|    0.145000|  1.3674e-01|   -8.992244|   -9.076389|   -0.000003|    0.008412|
|        2191|    0.137000|  1.3674e-01|   -8.992307|   -9.076218|   -0.000003|    0.008412|
|        2192|    0.145000|  1.3675e-01|   -8.992370|   -9.076048|   -0.000003|    0.008412|
|        2193|    0.140000|  1.3675e-01|   -8.992433|   -9.075876|   -0.000003|    0.008412|
|        2194|    0.169000|  1.3676e-01|   -8.992495|   -9.075703|   -0.000003|    0.008412|
|        2195|    0.143000|  1.3676e-01|   -8.992558|   -9.075531|   -0.000003|    0.008412|
|        2196|    0.144000|  1.3677e-01|   -8.992620|   -9.075359|   -0.000003|    0.008411|
|        2197|    0.140000|  1.3677e-01|   -8.992682|   -9.075187|   -0.000003|    0.008411|
|        2198|    0.140000|  1.3677e-01|   -8.992743|   -9.075016|   -0.000003|    0.008411|
|        2199|    0.139000|  1.3677e-01|   -8.992805|   -9.074844|   -0.000003|    0.008411|
|        2200|    0.147000|  1.3678e-01|   -8.992867|   -9.074673|   -0.000003|    0.008411|
|        2201|    0.136000|  1.3678e-01|   -8.992928|   -9.074502|   -0.000003|    0.008411|
|        2202|    0.139000|  1.3678e-01|   -8.992990|   -9.074331|   -0.000003|    0.008411|
|        2203|    0.137000|  1.3678e-01|   -8.993051|   -9.074161|   -0.000003|    0.008410|
|        2204|    0.148000|  1.3678e-01|   -8.993112|   -9.073991|   -0.000003|    0.008410|
|        2205|    0.153000|  1.3679e-01|   -8.993174|   -9.073820|   -0.000003|    0.008410|
|        2206|    0.154000|  1.3680e-01|   -8.993235|   -9.073650|   -0.000003|    0.008410|
|        2207|    0.153000|  1.3680e-01|   -8.993296|   -9.073481|   -0.000003|    0.008410|
|        2208|    0.152000|  1.3681e-01|   -8.993358|   -9.073311|   -0.000003|    0.008410|
|        2209|    0.151000|  1.3682e-01|   -8.993419|   -9.073142|   -0.000003|    0.008410|
|        2210|    0.149000|  1.3682e-01|   -8.993480|   -9.072973|   -0.000003|    0.008409|
|        2211|    0.147000|  1.3683e-01|   -8.993541|   -9.072804|   -0.000003|    0.008409|
|        2212|    0.138000|  1.3683e-01|   -8.993602|   -9.072636|   -0.000003|    0.008409|
|        2213|    0.145000|  1.3683e-01|   -8.993663|   -9.072468|   -0.000003|    0.008409|
|        2214|    0.144000|  1.3684e-01|   -8.993725|   -9.072299|   -0.000003|    0.008409|
|        2215|    0.139000|  1.3684e-01|   -8.993786|   -9.072132|   -0.000003|    0.008409|
|        2216|    0.144000|  1.3684e-01|   -8.993846|   -9.071964|   -0.000003|    0.008409|
|        2217|    0.139000|  1.3684e-01|   -8.993907|   -9.071797|   -0.000003|    0.008408|
|        2218|    0.149000|  1.3685e-01|   -8.993968|   -9.071630|   -0.000003|    0.008408|
|        2219|    0.148000|  1.3685e-01|   -8.994029|   -9.071463|   -0.000003|    0.008408|
|        2220|    0.141000|  1.3685e-01|   -8.994089|   -9.071296|   -0.000003|    0.008408|
|        2221|    0.138000|  1.3685e-01|   -8.994150|   -9.071130|   -0.000003|    0.008408|
|        2222|    0.142000|  1.3686e-01|   -8.994210|   -9.070963|   -0.000003|    0.008408|
|        2223|    0.144000|  1.3686e-01|   -8.994270|   -9.070797|   -0.000003|    0.008408|
|        2224|    0.140000|  1.3686e-01|   -8.994330|   -9.070632|   -0.000003|    0.008407|
|        2225|    0.141000|  1.3686e-01|   -8.994390|   -9.070466|   -0.000003|    0.008407|
|        2226|    0.148000|  1.3687e-01|   -8.994450|   -9.070300|   -0.000003|    0.008407|
|        2227|    0.140000|  1.3687e-01|   -8.994510|   -9.070135|   -0.000003|    0.008407|
|        2228|    0.153000|  1.3688e-01|   -8.994569|   -9.069970|   -0.000003|    0.008407|
|        2229|    0.152000|  1.3688e-01|   -8.994629|   -9.069805|   -0.000003|    0.008407|
|        2230|    0.142000|  1.3688e-01|   -8.994688|   -9.069640|   -0.000003|    0.008407|
|        2231|    0.147000|  1.3689e-01|   -8.994747|   -9.069475|   -0.000003|    0.008406|
|        2232|    0.139000|  1.3689e-01|   -8.994806|   -9.069311|   -0.000003|    0.008406|
|        2233|    0.139000|  1.3689e-01|   -8.994865|   -9.069146|   -0.000003|    0.008406|
|        2234|    0.137000|  1.3689e-01|   -8.994923|   -9.068982|   -0.000003|    0.008406|
|        2235|    0.139000|  1.3689e-01|   -8.994981|   -9.068818|   -0.000003|    0.008406|
|        2236|    0.141000|  1.3689e-01|   -8.995039|   -9.068655|   -0.000003|    0.008406|
|        2237|    0.146000|  1.3690e-01|   -8.995097|   -9.068491|   -0.000003|    0.008406|
|        2238|    0.145000|  1.3690e-01|   -8.995155|   -9.068328|   -0.000003|    0.008405|
|        2239|    0.147000|  1.3691e-01|   -8.995212|   -9.068165|   -0.000003|    0.008405|
|        2240|    0.131000|  1.3690e-01|   -8.995269|   -9.068003|   -0.000003|    0.008405|
|        2241|    0.138000|  1.3690e-01|   -8.995326|   -9.067841|   -0.000003|    0.008405|
|        2242|    0.136000|  1.3690e-01|   -8.995383|   -9.067678|   -0.000003|    0.008405|
|        2243|    0.144000|  1.3691e-01|   -8.995439|   -9.067517|   -0.000003|    0.008405|
|        2244|    0.142000|  1.3691e-01|   -8.995495|   -9.067355|   -0.000003|    0.008405|
|        2245|    0.144000|  1.3691e-01|   -8.995551|   -9.067194|   -0.000003|    0.008405|
|        2246|    0.144000|  1.3692e-01|   -8.995607|   -9.067033|   -0.000003|    0.008404|
|        2247|    0.144000|  1.3692e-01|   -8.995662|   -9.066872|   -0.000003|    0.008404|
|        2248|    0.132000|  1.3692e-01|   -8.995717|   -9.066711|   -0.000003|    0.008404|
|        2249|    0.136000|  1.3692e-01|   -8.995771|   -9.066550|   -0.000003|    0.008404|
|        2250|    0.143000|  1.3692e-01|   -8.995826|   -9.066390|   -0.000003|    0.008404|
+-----------------------------------------------------------------------+
|        File Writing Summary       |              Filename             |
+-----------------------------------------------------------------------+
|SU2 binary restart                 |restart_flow_alpha0_449x129.dat    |
|Paraview                           |flow_alpha0_449x129.vtu            |
|Paraview surface                   |surface_flow_alpha0_449x129.vtu    |
+-----------------------------------------------------------------------+
+------------------------------------------------------------------------------------------+
|  Inner_Iter|   Time(sec)|   Time(sec)|      rms[P]|     rms[nu]|          CL|          CD|
+------------------------------------------------------------------------------------------+
|        2251|    0.226000|  1.3696e-01|   -8.995879|   -9.066230|   -0.000003|    0.008404|
|        2252|    0.147000|  1.3696e-01|   -8.995933|   -9.066070|   -0.000003|    0.008404|
|        2253|    0.149000|  1.3697e-01|   -8.995986|   -9.065910|   -0.000003|    0.008403|
|        2254|    0.143000|  1.3697e-01|   -8.996039|   -9.065751|   -0.000003|    0.008403|
|        2255|    0.140000|  1.3697e-01|   -8.996091|   -9.065592|   -0.000003|    0.008403|
|        2256|    0.141000|  1.3697e-01|   -8.996143|   -9.065433|   -0.000003|    0.008403|
|        2257|    0.137000|  1.3697e-01|   -8.996195|   -9.065274|   -0.000003|    0.008403|
|        2258|    0.134000|  1.3697e-01|   -8.996246|   -9.065116|   -0.000003|    0.008403|
|        2259|    0.141000|  1.3697e-01|   -8.996296|   -9.064958|   -0.000003|    0.008403|
|        2260|    0.137000|  1.3697e-01|   -8.996347|   -9.064800|   -0.000003|    0.008402|
|        2261|    0.139000|  1.3698e-01|   -8.996396|   -9.064642|   -0.000003|    0.008402|
|        2262|    0.149000|  1.3698e-01|   -8.996446|   -9.064485|   -0.000003|    0.008402|
|        2263|    0.140000|  1.3698e-01|   -8.996495|   -9.064327|   -0.000003|    0.008402|
|        2264|    0.136000|  1.3698e-01|   -8.996543|   -9.064170|   -0.000003|    0.008402|
|        2265|    0.142000|  1.3698e-01|   -8.996591|   -9.064013|   -0.000003|    0.008402|
|        2266|    0.138000|  1.3698e-01|   -8.996639|   -9.063857|   -0.000003|    0.008402|
|        2267|    0.135000|  1.3698e-01|   -8.996686|   -9.063700|   -0.000003|    0.008402|
|        2268|    0.152000|  1.3699e-01|   -8.996732|   -9.063544|   -0.000003|    0.008401|
|        2269|    0.139000|  1.3699e-01|   -8.996778|   -9.063387|   -0.000003|    0.008401|
|        2270|    0.160000|  1.3700e-01|   -8.996824|   -9.063231|   -0.000003|    0.008401|
|        2271|    0.136000|  1.3700e-01|   -8.996869|   -9.063075|   -0.000003|    0.008401|
|        2272|    0.129000|  1.3700e-01|   -8.996914|   -9.062918|   -0.000003|    0.008401|
|        2273|    0.137000|  1.3700e-01|   -8.996958|   -9.062761|   -0.000003|    0.008401|
|        2274|    0.139000|  1.3700e-01|   -8.997002|   -9.062603|   -0.000003|    0.008401|
|        2275|    0.136000|  1.3700e-01|   -8.997045|   -9.062446|   -0.000003|    0.008400|
|        2276|    0.135000|  1.3700e-01|   -8.997088|   -9.062290|   -0.000003|    0.008400|
|        2277|    0.161000|  1.3701e-01|   -8.997131|   -9.062133|   -0.000003|    0.008400|
|        2278|    0.136000|  1.3701e-01|   -8.997173|   -9.061975|   -0.000003|    0.008400|
|        2279|    0.149000|  1.3701e-01|   -8.997214|   -9.061818|   -0.000003|    0.008400|
|        2280|    0.146000|  1.3702e-01|   -8.997255|   -9.061661|   -0.000003|    0.008400|
|        2281|    0.133000|  1.3701e-01|   -8.997296|   -9.061504|   -0.000003|    0.008400|
|        2282|    0.142000|  1.3702e-01|   -8.997336|   -9.061346|   -0.000003|    0.008400|
|        2283|    0.146000|  1.3702e-01|   -8.997376|   -9.061189|   -0.000003|    0.008399|
|        2284|    0.150000|  1.3703e-01|   -8.997415|   -9.061032|   -0.000003|    0.008399|
|        2285|    0.155000|  1.3703e-01|   -8.997454|   -9.060875|   -0.000003|    0.008399|
|        2286|    0.138000|  1.3703e-01|   -8.997493|   -9.060718|   -0.000003|    0.008399|
|        2287|    0.155000|  1.3704e-01|   -8.997531|   -9.060562|   -0.000003|    0.008399|
|        2288|    0.143000|  1.3704e-01|   -8.997569|   -9.060405|   -0.000003|    0.008399|
|        2289|    0.137000|  1.3704e-01|   -8.997606|   -9.060249|   -0.000003|    0.008399|
|        2290|    0.131000|  1.3704e-01|   -8.997643|   -9.060093|   -0.000003|    0.008399|
|        2291|    0.138000|  1.3704e-01|   -8.997680|   -9.059937|   -0.000003|    0.008398|
|        2292|    0.141000|  1.3704e-01|   -8.997716|   -9.059781|   -0.000003|    0.008398|
|        2293|    0.137000|  1.3704e-01|   -8.997752|   -9.059626|   -0.000003|    0.008398|
|        2294|    0.138000|  1.3704e-01|   -8.997788|   -9.059470|   -0.000003|    0.008398|
|        2295|    0.140000|  1.3705e-01|   -8.997823|   -9.059315|   -0.000003|    0.008398|
|        2296|    0.138000|  1.3705e-01|   -8.997858|   -9.059160|   -0.000003|    0.008398|
|        2297|    0.141000|  1.3705e-01|   -8.997892|   -9.059005|   -0.000003|    0.008398|
|        2298|    0.139000|  1.3705e-01|   -8.997927|   -9.058851|   -0.000003|    0.008398|
|        2299|    0.156000|  1.3706e-01|   -8.997961|   -9.058696|   -0.000003|    0.008397|
|        2300|    0.160000|  1.3707e-01|   -8.997994|   -9.058542|   -0.000003|    0.008397|
|        2301|    0.135000|  1.3707e-01|   -8.998028|   -9.058388|   -0.000003|    0.008397|
|        2302|    0.138000|  1.3707e-01|   -8.998061|   -9.058234|   -0.000003|    0.008397|
|        2303|    0.135000|  1.3707e-01|   -8.998094|   -9.058080|   -0.000003|    0.008397|
|        2304|    0.146000|  1.3707e-01|   -8.998126|   -9.057927|   -0.000003|    0.008397|
|        2305|    0.141000|  1.3707e-01|   -8.998158|   -9.057773|   -0.000003|    0.008397|
|        2306|    0.135000|  1.3707e-01|   -8.998190|   -9.057620|   -0.000003|    0.008397|
|        2307|    0.139000|  1.3707e-01|   -8.998222|   -9.057467|   -0.000003|    0.008396|
|        2308|    0.142000|  1.3707e-01|   -8.998254|   -9.057315|   -0.000003|    0.008396|
|        2309|    0.145000|  1.3708e-01|   -8.998285|   -9.057162|   -0.000003|    0.008396|
|        2310|    0.153000|  1.3708e-01|   -8.998316|   -9.057010|   -0.000003|    0.008396|
|        2311|    0.136000|  1.3708e-01|   -8.998346|   -9.056858|   -0.000003|    0.008396|
|        2312|    0.143000|  1.3709e-01|   -8.998377|   -9.056706|   -0.000003|    0.008396|
|        2313|    0.134000|  1.3708e-01|   -8.998407|   -9.056554|   -0.000003|    0.008396|
|        2314|    0.156000|  1.3709e-01|   -8.998437|   -9.056402|   -0.000003|    0.008396|
|        2315|    0.157000|  1.3710e-01|   -8.998467|   -9.056251|   -0.000003|    0.008395|
|        2316|    0.133000|  1.3710e-01|   -8.998496|   -9.056100|   -0.000003|    0.008395|
|        2317|    0.167000|  1.3711e-01|   -8.998525|   -9.055949|   -0.000003|    0.008395|
|        2318|    0.146000|  1.3712e-01|   -8.998554|   -9.055798|   -0.000003|    0.008395|
|        2319|    0.158000|  1.3712e-01|   -8.998583|   -9.055647|   -0.000003|    0.008395|
|        2320|    0.135000|  1.3712e-01|   -8.998612|   -9.055497|   -0.000003|    0.008395|
|        2321|    0.139000|  1.3712e-01|   -8.998640|   -9.055347|   -0.000003|    0.008395|
|        2322|    0.135000|  1.3712e-01|   -8.998668|   -9.055196|   -0.000003|    0.008395|
|        2323|    0.140000|  1.3713e-01|   -8.998696|   -9.055047|   -0.000003|    0.008394|
|        2324|    0.138000|  1.3713e-01|   -8.998724|   -9.054897|   -0.000003|    0.008394|
|        2325|    0.135000|  1.3712e-01|   -8.998752|   -9.054747|   -0.000003|    0.008394|
|        2326|    0.136000|  1.3712e-01|   -8.998779|   -9.054598|   -0.000003|    0.008394|
|        2327|    0.137000|  1.3712e-01|   -8.998807|   -9.054449|   -0.000003|    0.008394|
|        2328|    0.147000|  1.3713e-01|   -8.998834|   -9.054300|   -0.000003|    0.008394|
|        2329|    0.158000|  1.3714e-01|   -8.998861|   -9.054151|   -0.000003|    0.008394|
|        2330|    0.137000|  1.3714e-01|   -8.998888|   -9.054002|   -0.000003|    0.008394|
|        2331|    0.147000|  1.3714e-01|   -8.998914|   -9.053854|   -0.000003|    0.008393|
|        2332|    0.136000|  1.3714e-01|   -8.998941|   -9.053705|   -0.000003|    0.008393|
|        2333|    0.181000|  1.3716e-01|   -8.998967|   -9.053557|   -0.000003|    0.008393|
|        2334|    0.173000|  1.3718e-01|   -8.998993|   -9.053410|   -0.000003|    0.008393|
|        2335|    0.151000|  1.3718e-01|   -8.999019|   -9.053262|   -0.000003|    0.008393|
|        2336|    0.147000|  1.3719e-01|   -8.999045|   -9.053115|   -0.000003|    0.008393|
|        2337|    0.143000|  1.3719e-01|   -8.999070|   -9.052967|   -0.000003|    0.008393|
|        2338|    0.146000|  1.3719e-01|   -8.999096|   -9.052820|   -0.000003|    0.008393|
|        2339|    0.137000|  1.3719e-01|   -8.999121|   -9.052673|   -0.000003|    0.008392|
|        2340|    0.156000|  1.3720e-01|   -8.999146|   -9.052527|   -0.000003|    0.008392|
|        2341|    0.162000|  1.3721e-01|   -8.999171|   -9.052380|   -0.000003|    0.008392|
|        2342|    0.150000|  1.3722e-01|   -8.999196|   -9.052233|   -0.000003|    0.008392|
|        2343|    0.187000|  1.3724e-01|   -8.999220|   -9.052086|   -0.000003|    0.008392|
|        2344|    0.176000|  1.3725e-01|   -8.999245|   -9.051939|   -0.000003|    0.008392|
|        2345|    0.150000|  1.3726e-01|   -8.999269|   -9.051793|   -0.000003|    0.008392|
|        2346|    0.145000|  1.3726e-01|   -8.999293|   -9.051647|   -0.000003|    0.008392|
|        2347|    0.148000|  1.3727e-01|   -8.999317|   -9.051501|   -0.000003|    0.008392|
|        2348|    0.148000|  1.3727e-01|   -8.999340|   -9.051355|   -0.000003|    0.008391|
|        2349|    0.141000|  1.3727e-01|   -8.999364|   -9.051209|   -0.000003|    0.008391|
|        2350|    0.138000|  1.3727e-01|   -8.999387|   -9.051063|   -0.000003|    0.008391|
|        2351|    0.128000|  1.3727e-01|   -8.999410|   -9.050918|   -0.000003|    0.008391|
|        2352|    0.148000|  1.3727e-01|   -8.999433|   -9.050773|   -0.000003|    0.008391|
|        2353|    0.158000|  1.3728e-01|   -8.999455|   -9.050628|   -0.000003|    0.008391|
|        2354|    0.136000|  1.3728e-01|   -8.999478|   -9.050483|   -0.000003|    0.008391|
|        2355|    0.142000|  1.3728e-01|   -8.999500|   -9.050338|   -0.000003|    0.008391|
|        2356|    0.151000|  1.3729e-01|   -8.999522|   -9.050194|   -0.000003|    0.008390|
|        2357|    0.136000|  1.3729e-01|   -8.999543|   -9.050049|   -0.000003|    0.008390|
|        2358|    0.138000|  1.3729e-01|   -8.999565|   -9.049905|   -0.000003|    0.008390|
|        2359|    0.141000|  1.3729e-01|   -8.999586|   -9.049761|   -0.000003|    0.008390|
|        2360|    0.153000|  1.3730e-01|   -8.999607|   -9.049616|   -0.000003|    0.008390|
|        2361|    0.149000|  1.3730e-01|   -8.999628|   -9.049471|   -0.000003|    0.008390|
|        2362|    0.153000|  1.3731e-01|   -8.999648|   -9.049327|   -0.000003|    0.008390|
|        2363|    0.146000|  1.3731e-01|   -8.999669|   -9.049181|   -0.000003|    0.008390|
|        2364|    0.147000|  1.3732e-01|   -8.999689|   -9.049036|   -0.000003|    0.008390|
|        2365|    0.143000|  1.3732e-01|   -8.999709|   -9.048891|   -0.000003|    0.008389|
|        2366|    0.138000|  1.3732e-01|   -8.999728|   -9.048746|   -0.000003|    0.008389|
|        2367|    0.140000|  1.3732e-01|   -8.999748|   -9.048600|   -0.000003|    0.008389|
|        2368|    0.139000|  1.3732e-01|   -8.999767|   -9.048455|   -0.000003|    0.008389|
|        2369|    0.144000|  1.3732e-01|   -8.999786|   -9.048310|   -0.000003|    0.008389|
|        2370|    0.151000|  1.3733e-01|   -8.999805|   -9.048165|   -0.000003|    0.008389|
|        2371|    0.143000|  1.3733e-01|   -8.999824|   -9.048020|   -0.000003|    0.008389|
|        2372|    0.145000|  1.3734e-01|   -8.999842|   -9.047876|   -0.000003|    0.008389|
|        2373|    0.146000|  1.3734e-01|   -8.999860|   -9.047731|   -0.000003|    0.008388|
|        2374|    0.142000|  1.3734e-01|   -8.999878|   -9.047587|   -0.000003|    0.008388|
|        2375|    0.139000|  1.3734e-01|   -8.999896|   -9.047443|   -0.000003|    0.008388|
|        2376|    0.151000|  1.3735e-01|   -8.999914|   -9.047299|   -0.000003|    0.008388|
|        2377|    0.130000|  1.3734e-01|   -8.999931|   -9.047155|   -0.000003|    0.008388|
|        2378|    0.134000|  1.3734e-01|   -8.999949|   -9.047011|   -0.000003|    0.008388|
|        2379|    0.130000|  1.3734e-01|   -8.999966|   -9.046868|   -0.000003|    0.008388|
|        2380|    0.146000|  1.3734e-01|   -8.999983|   -9.046724|   -0.000003|    0.008388|
|        2381|    0.146000|  1.3735e-01|   -9.000000|   -9.046581|   -0.000003|    0.008388|
|        2382|    0.136000|  1.3735e-01|   -9.000016|   -9.046438|   -0.000003|    0.008387|
|        2383|    0.132000|  1.3734e-01|   -9.000033|   -9.046295|   -0.000003|    0.008387|
|        2384|    0.147000|  1.3735e-01|   -9.000049|   -9.046152|   -0.000003|    0.008387|
|        2385|    0.133000|  1.3735e-01|   -9.000065|   -9.046010|   -0.000003|    0.008387|
|        2386|    0.141000|  1.3735e-01|   -9.000082|   -9.045867|   -0.000003|    0.008387|
|        2387|    0.134000|  1.3735e-01|   -9.000097|   -9.045725|   -0.000003|    0.008387|
|        2388|    0.162000|  1.3736e-01|   -9.000113|   -9.045583|   -0.000003|    0.008387|
|        2389|    0.138000|  1.3736e-01|   -9.000129|   -9.045441|   -0.000003|    0.008387|
|        2390|    0.142000|  1.3736e-01|   -9.000144|   -9.045299|   -0.000003|    0.008387|
|        2391|    0.146000|  1.3736e-01|   -9.000159|   -9.045158|   -0.000003|    0.008386|
|        2392|    0.137000|  1.3736e-01|   -9.000175|   -9.045016|   -0.000003|    0.008386|
|        2393|    0.133000|  1.3736e-01|   -9.000190|   -9.044875|   -0.000003|    0.008386|
|        2394|    0.148000|  1.3737e-01|   -9.000204|   -9.044734|   -0.000003|    0.008386|
|        2395|    0.131000|  1.3736e-01|   -9.000219|   -9.044593|   -0.000003|    0.008386|
|        2396|    0.131000|  1.3736e-01|   -9.000234|   -9.044452|   -0.000003|    0.008386|
|        2397|    0.135000|  1.3736e-01|   -9.000248|   -9.044312|   -0.000003|    0.008386|
|        2398|    0.134000|  1.3736e-01|   -9.000262|   -9.044171|   -0.000003|    0.008386|
|        2399|    0.140000|  1.3736e-01|   -9.000276|   -9.044031|   -0.000003|    0.008386|
|        2400|    0.147000|  1.3736e-01|   -9.000290|   -9.043891|   -0.000003|    0.008385|
|        2401|    0.149000|  1.3737e-01|   -9.000304|   -9.043751|   -0.000003|    0.008385|
|        2402|    0.142000|  1.3737e-01|   -9.000317|   -9.043611|   -0.000003|    0.008385|
|        2403|    0.142000|  1.3737e-01|   -9.000331|   -9.043472|   -0.000003|    0.008385|
|        2404|    0.139000|  1.3737e-01|   -9.000344|   -9.043333|   -0.000003|    0.008385|
|        2405|    0.137000|  1.3737e-01|   -9.000357|   -9.043193|   -0.000003|    0.008385|
|        2406|    0.134000|  1.3737e-01|   -9.000370|   -9.043054|   -0.000003|    0.008385|
|        2407|    0.138000|  1.3737e-01|   -9.000383|   -9.042916|   -0.000003|    0.008385|
|        2408|    0.137000|  1.3737e-01|   -9.000396|   -9.042777|   -0.000003|    0.008385|
|        2409|    0.147000|  1.3738e-01|   -9.000408|   -9.042638|   -0.000003|    0.008384|
|        2410|    0.149000|  1.3738e-01|   -9.000420|   -9.042500|   -0.000003|    0.008384|
|        2411|    0.147000|  1.3738e-01|   -9.000432|   -9.042362|   -0.000003|    0.008384|
|        2412|    0.149000|  1.3739e-01|   -9.000444|   -9.042224|   -0.000003|    0.008384|
|        2413|    0.148000|  1.3739e-01|   -9.000456|   -9.042086|   -0.000003|    0.008384|
|        2414|    0.139000|  1.3739e-01|   -9.000468|   -9.041949|   -0.000003|    0.008384|
|        2415|    0.136000|  1.3739e-01|   -9.000479|   -9.041811|   -0.000003|    0.008384|
|        2416|    0.138000|  1.3739e-01|   -9.000490|   -9.041674|   -0.000003|    0.008384|
|        2417|    0.141000|  1.3739e-01|   -9.000501|   -9.041538|   -0.000003|    0.008384|
|        2418|    0.140000|  1.3740e-01|   -9.000512|   -9.041401|   -0.000003|    0.008384|
|        2419|    0.140000|  1.3740e-01|   -9.000523|   -9.041264|   -0.000003|    0.008383|
|        2420|    0.138000|  1.3740e-01|   -9.000533|   -9.041128|   -0.000003|    0.008383|
|        2421|    0.145000|  1.3740e-01|   -9.000543|   -9.040992|   -0.000003|    0.008383|
|        2422|    0.143000|  1.3740e-01|   -9.000553|   -9.040855|   -0.000003|    0.008383|
|        2423|    0.137000|  1.3740e-01|   -9.000563|   -9.040720|   -0.000003|    0.008383|
|        2424|    0.142000|  1.3740e-01|   -9.000572|   -9.040584|   -0.000003|    0.008383|
|        2425|    0.151000|  1.3741e-01|   -9.000582|   -9.040448|   -0.000003|    0.008383|
|        2426|    0.150000|  1.3742e-01|   -9.000591|   -9.040313|   -0.000003|    0.008383|
|        2427|    0.139000|  1.3742e-01|   -9.000599|   -9.040177|   -0.000003|    0.008383|
|        2428|    0.150000|  1.3742e-01|   -9.000608|   -9.040042|   -0.000003|    0.008382|
|        2429|    0.150000|  1.3743e-01|   -9.000616|   -9.039907|   -0.000003|    0.008382|
|        2430|    0.169000|  1.3744e-01|   -9.000624|   -9.039772|   -0.000003|    0.008382|
|        2431|    0.140000|  1.3744e-01|   -9.000631|   -9.039637|   -0.000003|    0.008382|
|        2432|    0.131000|  1.3744e-01|   -9.000639|   -9.039503|   -0.000003|    0.008382|
|        2433|    0.132000|  1.3744e-01|   -9.000646|   -9.039368|   -0.000003|    0.008382|
|        2434|    0.129000|  1.3743e-01|   -9.000652|   -9.039234|   -0.000003|    0.008382|
|        2435|    0.133000|  1.3743e-01|   -9.000659|   -9.039100|   -0.000003|    0.008382|
|        2436|    0.135000|  1.3743e-01|   -9.000665|   -9.038966|   -0.000003|    0.008382|
|        2437|    0.134000|  1.3743e-01|   -9.000671|   -9.038832|   -0.000003|    0.008381|
|        2438|    0.153000|  1.3743e-01|   -9.000676|   -9.038699|   -0.000003|    0.008381|
|        2439|    0.137000|  1.3743e-01|   -9.000682|   -9.038565|   -0.000003|    0.008381|
|        2440|    0.135000|  1.3743e-01|   -9.000687|   -9.038432|   -0.000003|    0.008381|
|        2441|    0.141000|  1.3743e-01|   -9.000692|   -9.038298|   -0.000003|    0.008381|
|        2442|    0.148000|  1.3744e-01|   -9.000697|   -9.038165|   -0.000003|    0.008381|
|        2443|    0.144000|  1.3744e-01|   -9.000701|   -9.038032|   -0.000003|    0.008381|
|        2444|    0.167000|  1.3745e-01|   -9.000706|   -9.037899|   -0.000003|    0.008381|
|        2445|    0.141000|  1.3746e-01|   -9.000710|   -9.037766|   -0.000003|    0.008381|
|        2446|    0.172000|  1.3747e-01|   -9.000714|   -9.037634|   -0.000003|    0.008381|
|        2447|    0.177000|  1.3749e-01|   -9.000719|   -9.037501|   -0.000003|    0.008380|
|        2448|    0.170000|  1.3750e-01|   -9.000723|   -9.037369|   -0.000003|    0.008380|
|        2449|    0.131000|  1.3750e-01|   -9.000727|   -9.037237|   -0.000003|    0.008380|
|        2450|    0.140000|  1.3750e-01|   -9.000731|   -9.037105|   -0.000003|    0.008380|
|        2451|    0.139000|  1.3750e-01|   -9.000736|   -9.036973|   -0.000003|    0.008380|
|        2452|    0.139000|  1.3750e-01|   -9.000740|   -9.036840|   -0.000003|    0.008380|
|        2453|    0.137000|  1.3750e-01|   -9.000745|   -9.036707|   -0.000003|    0.008380|
|        2454|    0.138000|  1.3750e-01|   -9.000749|   -9.036574|   -0.000003|    0.008380|
|        2455|    0.141000|  1.3750e-01|   -9.000754|   -9.036441|   -0.000003|    0.008380|
|        2456|    0.145000|  1.3750e-01|   -9.000759|   -9.036309|   -0.000003|    0.008380|
|        2457|    0.132000|  1.3750e-01|   -9.000764|   -9.036176|   -0.000003|    0.008379|
|        2458|    0.138000|  1.3750e-01|   -9.000770|   -9.036043|   -0.000003|    0.008379|
|        2459|    0.159000|  1.3751e-01|   -9.000776|   -9.035910|   -0.000003|    0.008379|
|        2460|    0.161000|  1.3752e-01|   -9.000781|   -9.035777|   -0.000003|    0.008379|
|        2461|    0.144000|  1.3752e-01|   -9.000787|   -9.035644|   -0.000003|    0.008379|
|        2462|    0.135000|  1.3752e-01|   -9.000794|   -9.035511|   -0.000003|    0.008379|
|        2463|    0.143000|  1.3752e-01|   -9.000800|   -9.035379|   -0.000003|    0.008379|
|        2464|    0.138000|  1.3752e-01|   -9.000807|   -9.035246|   -0.000003|    0.008379|
|        2465|    0.137000|  1.3752e-01|   -9.000814|   -9.035114|   -0.000003|    0.008379|
|        2466|    0.141000|  1.3752e-01|   -9.000822|   -9.034982|   -0.000003|    0.008379|
|        2467|    0.132000|  1.3752e-01|   -9.000830|   -9.034850|   -0.000003|    0.008378|
|        2468|    0.136000|  1.3752e-01|   -9.000838|   -9.034718|   -0.000003|    0.008378|
|        2469|    0.139000|  1.3752e-01|   -9.000846|   -9.034586|   -0.000003|    0.008378|
|        2470|    0.129000|  1.3752e-01|   -9.000854|   -9.034455|   -0.000003|    0.008378|
|        2471|    0.143000|  1.3752e-01|   -9.000863|   -9.034323|   -0.000003|    0.008378|
|        2472|    0.150000|  1.3753e-01|   -9.000872|   -9.034192|   -0.000003|    0.008378|
|        2473|    0.149000|  1.3753e-01|   -9.000882|   -9.034061|   -0.000003|    0.008378|
|        2474|    0.149000|  1.3753e-01|   -9.000891|   -9.033930|   -0.000003|    0.008378|
|        2475|    0.154000|  1.3754e-01|   -9.000901|   -9.033799|   -0.000003|    0.008378|
|        2476|    0.136000|  1.3754e-01|   -9.000912|   -9.033669|   -0.000003|    0.008377|
|        2477|    0.137000|  1.3754e-01|   -9.000922|   -9.033538|   -0.000003|    0.008377|
|        2478|    0.144000|  1.3754e-01|   -9.000933|   -9.033408|   -0.000003|    0.008377|
|        2479|    0.150000|  1.3755e-01|   -9.000943|   -9.033278|   -0.000003|    0.008377|
|        2480|    0.148000|  1.3755e-01|   -9.000955|   -9.033147|   -0.000003|    0.008377|
|        2481|    0.138000|  1.3755e-01|   -9.000966|   -9.033018|   -0.000003|    0.008377|
|        2482|    0.145000|  1.3756e-01|   -9.000977|   -9.032888|   -0.000003|    0.008377|
|        2483|    0.136000|  1.3756e-01|   -9.000989|   -9.032758|   -0.000003|    0.008377|
|        2484|    0.129000|  1.3755e-01|   -9.001001|   -9.032629|   -0.000003|    0.008377|
|        2485|    0.142000|  1.3755e-01|   -9.001013|   -9.032500|   -0.000003|    0.008377|
|        2486|    0.140000|  1.3755e-01|   -9.001025|   -9.032371|   -0.000003|    0.008377|
|        2487|    0.142000|  1.3756e-01|   -9.001038|   -9.032243|   -0.000003|    0.008376|
|        2488|    0.140000|  1.3756e-01|   -9.001050|   -9.032114|   -0.000003|    0.008376|
|        2489|    0.140000|  1.3756e-01|   -9.001063|   -9.031986|   -0.000003|    0.008376|
|        2490|    0.136000|  1.3756e-01|   -9.001075|   -9.031857|   -0.000003|    0.008376|
|        2491|    0.148000|  1.3756e-01|   -9.001088|   -9.031729|   -0.000003|    0.008376|
|        2492|    0.147000|  1.3757e-01|   -9.001101|   -9.031601|   -0.000003|    0.008376|
|        2493|    0.148000|  1.3757e-01|   -9.001114|   -9.031473|   -0.000003|    0.008376|
|        2494|    0.154000|  1.3758e-01|   -9.001127|   -9.031345|   -0.000003|    0.008376|
|        2495|    0.148000|  1.3758e-01|   -9.001140|   -9.031218|   -0.000003|    0.008376|
|        2496|    0.152000|  1.3759e-01|   -9.001152|   -9.031090|   -0.000003|    0.008376|
|        2497|    0.152000|  1.3759e-01|   -9.001165|   -9.030963|   -0.000003|    0.008375|
|        2498|    0.151000|  1.3760e-01|   -9.001178|   -9.030836|   -0.000003|    0.008375|
|        2499|    0.152000|  1.3760e-01|   -9.001191|   -9.030709|   -0.000003|    0.008375|
|        2500|    0.156000|  1.3761e-01|   -9.001203|   -9.030582|   -0.000003|    0.008375|
+-----------------------------------------------------------------------+
|        File Writing Summary       |              Filename             |
+-----------------------------------------------------------------------+
|SU2 binary restart                 |restart_flow_alpha0_449x129.dat    |
|Paraview                           |flow_alpha0_449x129.vtu            |
|Paraview surface                   |surface_flow_alpha0_449x129.vtu    |
+-----------------------------------------------------------------------+
+------------------------------------------------------------------------------------------+
|  Inner_Iter|   Time(sec)|   Time(sec)|      rms[P]|     rms[nu]|          CL|          CD|
+------------------------------------------------------------------------------------------+
|        2501|    0.236000|  1.3765e-01|   -9.001216|   -9.030455|   -0.000003|    0.008375|
|        2502|    0.140000|  1.3765e-01|   -9.001228|   -9.030329|   -0.000003|    0.008375|
|        2503|    0.151000|  1.3766e-01|   -9.001240|   -9.030202|   -0.000003|    0.008375|
|        2504|    0.151000|  1.3766e-01|   -9.001252|   -9.030076|   -0.000003|    0.008375|
|        2505|    0.147000|  1.3767e-01|   -9.001264|   -9.029950|   -0.000003|    0.008375|
|        2506|    0.143000|  1.3767e-01|   -9.001276|   -9.029824|   -0.000003|    0.008375|
|        2507|    0.144000|  1.3767e-01|   -9.001288|   -9.029699|   -0.000003|    0.008374|
|        2508|    0.141000|  1.3767e-01|   -9.001299|   -9.029573|   -0.000003|    0.008374|
|        2509|    0.141000|  1.3767e-01|   -9.001311|   -9.029447|   -0.000003|    0.008374|
|        2510|    0.180000|  1.3769e-01|   -9.001322|   -9.029322|   -0.000003|    0.008374|
|        2511|    0.133000|  1.3769e-01|   -9.001332|   -9.029197|   -0.000003|    0.008374|
|        2512|    0.153000|  1.3769e-01|   -9.001343|   -9.029072|   -0.000003|    0.008374|
|        2513|    0.138000|  1.3769e-01|   -9.001353|   -9.028947|   -0.000003|    0.008374|
|        2514|    0.142000|  1.3770e-01|   -9.001364|   -9.028822|   -0.000003|    0.008374|
|        2515|    0.142000|  1.3770e-01|   -9.001373|   -9.028698|   -0.000003|    0.008374|
|        2516|    0.137000|  1.3770e-01|   -9.001383|   -9.028573|   -0.000003|    0.008374|
|        2517|    0.135000|  1.3770e-01|   -9.001393|   -9.028449|   -0.000003|    0.008374|
|        2518|    0.140000|  1.3770e-01|   -9.001402|   -9.028325|   -0.000003|    0.008373|
|        2519|    0.139000|  1.3770e-01|   -9.001411|   -9.028201|   -0.000003|    0.008373|
|        2520|    0.133000|  1.3770e-01|   -9.001419|   -9.028077|   -0.000003|    0.008373|
|        2521|    0.136000|  1.3769e-01|   -9.001428|   -9.027953|   -0.000003|    0.008373|
|        2522|    0.142000|  1.3770e-01|   -9.001436|   -9.027829|   -0.000003|    0.008373|
|        2523|    0.150000|  1.3770e-01|   -9.001444|   -9.027706|   -0.000003|    0.008373|
|        2524|    0.130000|  1.3770e-01|   -9.001451|   -9.027583|   -0.000003|    0.008373|
|        2525|    0.136000|  1.3770e-01|   -9.001459|   -9.027460|   -0.000003|    0.008373|
|        2526|    0.143000|  1.3770e-01|   -9.001466|   -9.027337|   -0.000003|    0.008373|
|        2527|    0.144000|  1.3770e-01|   -9.001473|   -9.027214|   -0.000003|    0.008373|
|        2528|    0.126000|  1.3770e-01|   -9.001479|   -9.027091|   -0.000003|    0.008372|
|        2529|    0.141000|  1.3770e-01|   -9.001486|   -9.026969|   -0.000003|    0.008372|
|        2530|    0.137000|  1.3770e-01|   -9.001492|   -9.026846|   -0.000003|    0.008372|
|        2531|    0.141000|  1.3770e-01|   -9.001497|   -9.026724|   -0.000003|    0.008372|
|        2532|    0.145000|  1.3770e-01|   -9.001503|   -9.026602|   -0.000003|    0.008372|
|        2533|    0.143000|  1.3770e-01|   -9.001508|   -9.026480|   -0.000003|    0.008372|
|        2534|    0.138000|  1.3770e-01|   -9.001513|   -9.026358|   -0.000003|    0.008372|
|        2535|    0.141000|  1.3771e-01|   -9.001518|   -9.026236|   -0.000003|    0.008372|
|        2536|    0.150000|  1.3771e-01|   -9.001522|   -9.026113|   -0.000003|    0.008372|
|        2537|    0.157000|  1.3772e-01|   -9.001526|   -9.025991|   -0.000003|    0.008372|
|        2538|    0.138000|  1.3772e-01|   -9.001530|   -9.025869|   -0.000003|    0.008372|
|        2539|    0.159000|  1.3773e-01|   -9.001534|   -9.025747|   -0.000003|    0.008371|
|        2540|    0.162000|  1.3774e-01|   -9.001537|   -9.025625|   -0.000003|    0.008371|
|        2541|    0.136000|  1.3774e-01|   -9.001540|   -9.025504|   -0.000003|    0.008371|
|        2542|    0.140000|  1.3774e-01|   -9.001543|   -9.025382|   -0.000003|    0.008371|
|        2543|    0.135000|  1.3774e-01|   -9.001545|   -9.025261|   -0.000003|    0.008371|
|        2544|    0.142000|  1.3774e-01|   -9.001547|   -9.025140|   -0.000003|    0.008371|
|        2545|    0.149000|  1.3774e-01|   -9.001549|   -9.025019|   -0.000003|    0.008371|
|        2546|    0.152000|  1.3775e-01|   -9.001551|   -9.024898|   -0.000003|    0.008371|
|        2547|    0.147000|  1.3775e-01|   -9.001552|   -9.024777|   -0.000003|    0.008371|
|        2548|    0.143000|  1.3775e-01|   -9.001553|   -9.024657|   -0.000003|    0.008371|
|        2549|    0.141000|  1.3775e-01|   -9.001554|   -9.024537|   -0.000003|    0.008371|
|        2550|    0.133000|  1.3775e-01|   -9.001555|   -9.024416|   -0.000003|    0.008370|
|        2551|    0.126000|  1.3775e-01|   -9.001555|   -9.024296|   -0.000003|    0.008370|
|        2552|    0.133000|  1.3775e-01|   -9.001555|   -9.024177|   -0.000003|    0.008370|
|        2553|    0.148000|  1.3775e-01|   -9.001555|   -9.024056|   -0.000003|    0.008370|
|        2554|    0.148000|  1.3775e-01|   -9.001554|   -9.023935|   -0.000003|    0.008370|
|        2555|    0.158000|  1.3776e-01|   -9.001553|   -9.023815|   -0.000003|    0.008370|
|        2556|    0.135000|  1.3776e-01|   -9.001552|   -9.023695|   -0.000003|    0.008370|
|        2557|    0.146000|  1.3776e-01|   -9.001551|   -9.023574|   -0.000003|    0.008370|
|        2558|    0.150000|  1.3777e-01|   -9.001550|   -9.023453|   -0.000003|    0.008370|
|        2559|    0.146000|  1.3777e-01|   -9.001548|   -9.023331|   -0.000003|    0.008370|
|        2560|    0.146000|  1.3778e-01|   -9.001546|   -9.023210|   -0.000003|    0.008370|
|        2561|    0.131000|  1.3777e-01|   -9.001544|   -9.023089|   -0.000003|    0.008369|
|        2562|    0.133000|  1.3777e-01|   -9.001542|   -9.022967|   -0.000003|    0.008369|
|        2563|    0.143000|  1.3777e-01|   -9.001539|   -9.022846|   -0.000003|    0.008369|
|        2564|    0.136000|  1.3777e-01|   -9.001537|   -9.022725|   -0.000003|    0.008369|
|        2565|    0.139000|  1.3777e-01|   -9.001534|   -9.022604|   -0.000003|    0.008369|
|        2566|    0.146000|  1.3778e-01|   -9.001531|   -9.022484|   -0.000003|    0.008369|
|        2567|    0.142000|  1.3778e-01|   -9.001528|   -9.022363|   -0.000003|    0.008369|
|        2568|    0.159000|  1.3779e-01|   -9.001525|   -9.022242|   -0.000003|    0.008369|
|        2569|    0.134000|  1.3778e-01|   -9.001521|   -9.022122|   -0.000003|    0.008369|
|        2570|    0.133000|  1.3778e-01|   -9.001518|   -9.022002|   -0.000003|    0.008369|
|        2571|    0.139000|  1.3778e-01|   -9.001514|   -9.021882|   -0.000003|    0.008369|
|        2572|    0.148000|  1.3779e-01|   -9.001511|   -9.021762|   -0.000003|    0.008368|
|        2573|    0.144000|  1.3779e-01|   -9.001507|   -9.021643|   -0.000003|    0.008368|
|        2574|    0.144000|  1.3779e-01|   -9.001503|   -9.021523|   -0.000003|    0.008368|
|        2575|    0.140000|  1.3779e-01|   -9.001500|   -9.021404|   -0.000003|    0.008368|
|        2576|    0.154000|  1.3780e-01|   -9.001496|   -9.021284|   -0.000003|    0.008368|
|        2577|    0.138000|  1.3780e-01|   -9.001492|   -9.021165|   -0.000003|    0.008368|
|        2578|    0.134000|  1.3780e-01|   -9.001488|   -9.021046|   -0.000003|    0.008368|
|        2579|    0.139000|  1.3780e-01|   -9.001483|   -9.020927|   -0.000003|    0.008368|
|        2580|    0.141000|  1.3780e-01|   -9.001479|   -9.020809|   -0.000003|    0.008368|
|        2581|    0.135000|  1.3780e-01|   -9.001475|   -9.020690|   -0.000003|    0.008368|
|        2582|    0.147000|  1.3780e-01|   -9.001471|   -9.020572|   -0.000003|    0.008368|
|        2583|    0.150000|  1.3781e-01|   -9.001466|   -9.020453|   -0.000003|    0.008367|
|        2584|    0.155000|  1.3781e-01|   -9.001462|   -9.020335|   -0.000003|    0.008367|
|        2585|    0.154000|  1.3782e-01|   -9.001457|   -9.020217|   -0.000003|    0.008367|
|        2586|    0.139000|  1.3782e-01|   -9.001453|   -9.020098|   -0.000003|    0.008367|
|        2587|    0.146000|  1.3782e-01|   -9.001448|   -9.019980|   -0.000003|    0.008367|
|        2588|    0.131000|  1.3782e-01|   -9.001443|   -9.019862|   -0.000003|    0.008367|
|        2589|    0.129000|  1.3782e-01|   -9.001439|   -9.019745|   -0.000003|    0.008367|
|        2590|    0.140000|  1.3782e-01|   -9.001434|   -9.019627|   -0.000003|    0.008367|
|        2591|    0.150000|  1.3782e-01|   -9.001429|   -9.019509|   -0.000003|    0.008367|
|        2592|    0.137000|  1.3782e-01|   -9.001424|   -9.019392|   -0.000003|    0.008367|
|        2593|    0.138000|  1.3782e-01|   -9.001420|   -9.019274|   -0.000003|    0.008367|
|        2594|    0.135000|  1.3782e-01|   -9.001415|   -9.019157|   -0.000003|    0.008366|
|        2595|    0.126000|  1.3782e-01|   -9.001410|   -9.019040|   -0.000003|    0.008366|
|        2596|    0.148000|  1.3782e-01|   -9.001405|   -9.018923|   -0.000003|    0.008366|
|        2597|    0.160000|  1.3783e-01|   -9.001401|   -9.018806|   -0.000003|    0.008366|
|        2598|    0.159000|  1.3784e-01|   -9.001396|   -9.018689|   -0.000003|    0.008366|
|        2599|    0.148000|  1.3784e-01|   -9.001391|   -9.018573|   -0.000003|    0.008366|
|        2600|    0.149000|  1.3785e-01|   -9.001387|   -9.018457|   -0.000003|    0.008366|
|        2601|    0.172000|  1.3786e-01|   -9.001382|   -9.018341|   -0.000003|    0.008366|
|        2602|    0.163000|  1.3787e-01|   -9.001377|   -9.018225|   -0.000003|    0.008366|
|        2603|    0.172000|  1.3788e-01|   -9.001373|   -9.018109|   -0.000003|    0.008366|
|        2604|    0.177000|  1.3790e-01|   -9.001368|   -9.017994|   -0.000003|    0.008366|
|        2605|    0.181000|  1.3791e-01|   -9.001364|   -9.017878|   -0.000003|    0.008366|
|        2606|    0.175000|  1.3793e-01|   -9.001359|   -9.017763|   -0.000003|    0.008365|
|        2607|    0.156000|  1.3793e-01|   -9.001355|   -9.017648|   -0.000003|    0.008365|
|        2608|    0.155000|  1.3794e-01|   -9.001351|   -9.017532|   -0.000003|    0.008365|
|        2609|    0.137000|  1.3794e-01|   -9.001347|   -9.017417|   -0.000003|    0.008365|
|        2610|    0.135000|  1.3794e-01|   -9.001343|   -9.017302|   -0.000003|    0.008365|
|        2611|    0.134000|  1.3794e-01|   -9.001339|   -9.017188|   -0.000003|    0.008365|
|        2612|    0.133000|  1.3794e-01|   -9.001335|   -9.017073|   -0.000003|    0.008365|
|        2613|    0.139000|  1.3794e-01|   -9.001331|   -9.016958|   -0.000003|    0.008365|
|        2614|    0.136000|  1.3794e-01|   -9.001327|   -9.016843|   -0.000003|    0.008365|
|        2615|    0.137000|  1.3794e-01|   -9.001323|   -9.016728|   -0.000003|    0.008365|
|        2616|    0.140000|  1.3794e-01|   -9.001319|   -9.016614|   -0.000003|    0.008365|
|        2617|    0.138000|  1.3794e-01|   -9.001316|   -9.016499|   -0.000003|    0.008365|
|        2618|    0.138000|  1.3794e-01|   -9.001312|   -9.016385|   -0.000003|    0.008364|
|        2619|    0.136000|  1.3794e-01|   -9.001309|   -9.016271|   -0.000003|    0.008364|
|        2620|    0.140000|  1.3794e-01|   -9.001305|   -9.016157|   -0.000003|    0.008364|
|        2621|    0.143000|  1.3794e-01|   -9.001302|   -9.016043|   -0.000003|    0.008364|
|        2622|    0.142000|  1.3794e-01|   -9.001299|   -9.015929|   -0.000003|    0.008364|
|        2623|    0.132000|  1.3794e-01|   -9.001295|   -9.015815|   -0.000003|    0.008364|
|        2624|    0.138000|  1.3794e-01|   -9.001292|   -9.015702|   -0.000003|    0.008364|
|        2625|    0.143000|  1.3794e-01|   -9.001289|   -9.015588|   -0.000003|    0.008364|
|        2626|    0.141000|  1.3794e-01|   -9.001286|   -9.015475|   -0.000003|    0.008364|
|        2627|    0.143000|  1.3794e-01|   -9.001283|   -9.015362|   -0.000003|    0.008364|
|        2628|    0.139000|  1.3794e-01|   -9.001280|   -9.015249|   -0.000003|    0.008364|
|        2629|    0.145000|  1.3795e-01|   -9.001277|   -9.015136|   -0.000003|    0.008364|
|        2630|    0.144000|  1.3795e-01|   -9.001274|   -9.015023|   -0.000003|    0.008363|
|        2631|    0.148000|  1.3795e-01|   -9.001271|   -9.014910|   -0.000003|    0.008363|
|        2632|    0.147000|  1.3795e-01|   -9.001268|   -9.014798|   -0.000003|    0.008363|
|        2633|    0.142000|  1.3796e-01|   -9.001265|   -9.014686|   -0.000003|    0.008363|
|        2634|    0.135000|  1.3796e-01|   -9.001262|   -9.014573|   -0.000003|    0.008363|
|        2635|    0.139000|  1.3796e-01|   -9.001259|   -9.014461|   -0.000003|    0.008363|
|        2636|    0.147000|  1.3796e-01|   -9.001256|   -9.014349|   -0.000003|    0.008363|
|        2637|    0.142000|  1.3796e-01|   -9.001253|   -9.014237|   -0.000003|    0.008363|
|        2638|    0.140000|  1.3796e-01|   -9.001250|   -9.014126|   -0.000003|    0.008363|
|        2639|    0.140000|  1.3796e-01|   -9.001246|   -9.014014|   -0.000003|    0.008363|
|        2640|    0.135000|  1.3796e-01|   -9.001243|   -9.013903|   -0.000003|    0.008363|
|        2641|    0.139000|  1.3796e-01|   -9.001240|   -9.013791|   -0.000003|    0.008363|
|        2642|    0.147000|  1.3796e-01|   -9.001236|   -9.013680|   -0.000003|    0.008362|
|        2643|    0.137000|  1.3796e-01|   -9.001232|   -9.013569|   -0.000003|    0.008362|
|        2644|    0.148000|  1.3797e-01|   -9.001229|   -9.013458|   -0.000003|    0.008362|
|        2645|    0.144000|  1.3797e-01|   -9.001225|   -9.013347|   -0.000003|    0.008362|
|        2646|    0.138000|  1.3797e-01|   -9.001221|   -9.013236|   -0.000003|    0.008362|
|        2647|    0.138000|  1.3797e-01|   -9.001217|   -9.013125|   -0.000003|    0.008362|
|        2648|    0.149000|  1.3797e-01|   -9.001212|   -9.013015|   -0.000003|    0.008362|
|        2649|    0.138000|  1.3797e-01|   -9.001208|   -9.012904|   -0.000003|    0.008362|
|        2650|    0.129000|  1.3797e-01|   -9.001203|   -9.012794|   -0.000003|    0.008362|
|        2651|    0.145000|  1.3797e-01|   -9.001199|   -9.012684|   -0.000003|    0.008362|
|        2652|    0.136000|  1.3797e-01|   -9.001194|   -9.012574|   -0.000003|    0.008362|
|        2653|    0.137000|  1.3797e-01|   -9.001189|   -9.012464|   -0.000003|    0.008362|
|        2654|    0.143000|  1.3797e-01|   -9.001184|   -9.012354|   -0.000003|    0.008361|
|        2655|    0.136000|  1.3797e-01|   -9.001179|   -9.012244|   -0.000003|    0.008361|
|        2656|    0.130000|  1.3797e-01|   -9.001174|   -9.012134|   -0.000003|    0.008361|
|        2657|    0.129000|  1.3797e-01|   -9.001168|   -9.012024|   -0.000003|    0.008361|
|        2658|    0.140000|  1.3797e-01|   -9.001163|   -9.011914|   -0.000003|    0.008361|
|        2659|    0.130000|  1.3797e-01|   -9.001158|   -9.011804|   -0.000003|    0.008361|
|        2660|    0.139000|  1.3797e-01|   -9.001153|   -9.011693|   -0.000003|    0.008361|
|        2661|    0.128000|  1.3796e-01|   -9.001148|   -9.011581|   -0.000003|    0.008361|
|        2662|    0.126000|  1.3796e-01|   -9.001142|   -9.011470|   -0.000003|    0.008361|
|        2663|    0.138000|  1.3796e-01|   -9.001137|   -9.011359|   -0.000003|    0.008361|
|        2664|    0.141000|  1.3796e-01|   -9.001132|   -9.011247|   -0.000003|    0.008361|
|        2665|    0.131000|  1.3796e-01|   -9.001127|   -9.011136|   -0.000003|    0.008361|
|        2666|    0.133000|  1.3795e-01|   -9.001123|   -9.011025|   -0.000003|    0.008360|
|        2667|    0.138000|  1.3795e-01|   -9.001118|   -9.010914|   -0.000003|    0.008360|
|        2668|    0.139000|  1.3795e-01|   -9.001114|   -9.010803|   -0.000003|    0.008360|
|        2669|    0.135000|  1.3795e-01|   -9.001109|   -9.010693|   -0.000003|    0.008360|
|        2670|    0.137000|  1.3795e-01|   -9.001105|   -9.010582|   -0.000003|    0.008360|
|        2671|    0.143000|  1.3796e-01|   -9.001101|   -9.010471|   -0.000003|    0.008360|
|        2672|    0.135000|  1.3795e-01|   -9.001097|   -9.010360|   -0.000003|    0.008360|
|        2673|    0.135000|  1.3795e-01|   -9.001093|   -9.010250|   -0.000003|    0.008360|
|        2674|    0.140000|  1.3795e-01|   -9.001090|   -9.010140|   -0.000003|    0.008360|
|        2675|    0.136000|  1.3795e-01|   -9.001086|   -9.010029|   -0.000003|    0.008360|
|        2676|    0.148000|  1.3796e-01|   -9.001083|   -9.009919|   -0.000003|    0.008360|
|        2677|    0.142000|  1.3796e-01|   -9.001080|   -9.009809|   -0.000003|    0.008360|
|        2678|    0.135000|  1.3796e-01|   -9.001077|   -9.009699|   -0.000003|    0.008359|
|        2679|    0.132000|  1.3795e-01|   -9.001074|   -9.009590|   -0.000003|    0.008359|
|        2680|    0.145000|  1.3796e-01|   -9.001072|   -9.009480|   -0.000003|    0.008359|
|        2681|    0.136000|  1.3796e-01|   -9.001069|   -9.009371|   -0.000003|    0.008359|
|        2682|    0.135000|  1.3796e-01|   -9.001067|   -9.009261|   -0.000003|    0.008359|
|        2683|    0.144000|  1.3796e-01|   -9.001065|   -9.009152|   -0.000003|    0.008359|
|        2684|    0.133000|  1.3796e-01|   -9.001063|   -9.009043|   -0.000003|    0.008359|
|        2685|    0.137000|  1.3796e-01|   -9.001061|   -9.008934|   -0.000003|    0.008359|
|        2686|    0.140000|  1.3796e-01|   -9.001059|   -9.008825|   -0.000003|    0.008359|
|        2687|    0.137000|  1.3796e-01|   -9.001058|   -9.008717|   -0.000003|    0.008359|
|        2688|    0.140000|  1.3796e-01|   -9.001056|   -9.008608|   -0.000003|    0.008359|
|        2689|    0.149000|  1.3796e-01|   -9.001055|   -9.008500|   -0.000003|    0.008359|
|        2690|    0.138000|  1.3796e-01|   -9.001053|   -9.008392|   -0.000003|    0.008359|
|        2691|    0.165000|  1.3797e-01|   -9.001052|   -9.008283|   -0.000003|    0.008358|
|        2692|    0.139000|  1.3797e-01|   -9.001051|   -9.008175|   -0.000003|    0.008358|
|        2693|    0.145000|  1.3797e-01|   -9.001050|   -9.008067|   -0.000003|    0.008358|
|        2694|    0.147000|  1.3798e-01|   -9.001049|   -9.007959|   -0.000003|    0.008358|
|        2695|    0.141000|  1.3798e-01|   -9.001048|   -9.007851|   -0.000003|    0.008358|
|        2696|    0.135000|  1.3798e-01|   -9.001047|   -9.007743|   -0.000003|    0.008358|
|        2697|    0.140000|  1.3798e-01|   -9.001047|   -9.007636|   -0.000003|    0.008358|
|        2698|    0.148000|  1.3798e-01|   -9.001046|   -9.007528|   -0.000003|    0.008358|
|        2699|    0.154000|  1.3799e-01|   -9.001045|   -9.007420|   -0.000003|    0.008358|
|        2700|    0.141000|  1.3799e-01|   -9.001045|   -9.007313|   -0.000003|    0.008358|
|        2701|    0.135000|  1.3799e-01|   -9.001044|   -9.007206|   -0.000003|    0.008358|
|        2702|    0.129000|  1.3798e-01|   -9.001044|   -9.007098|   -0.000003|    0.008358|
|        2703|    0.138000|  1.3798e-01|   -9.001043|   -9.006991|   -0.000003|    0.008358|
|        2704|    0.132000|  1.3798e-01|   -9.001043|   -9.006884|   -0.000003|    0.008357|
|        2705|    0.131000|  1.3798e-01|   -9.001043|   -9.006777|   -0.000003|    0.008357|
|        2706|    0.129000|  1.3798e-01|   -9.001042|   -9.006670|   -0.000003|    0.008357|
|        2707|    0.149000|  1.3798e-01|   -9.001042|   -9.006563|   -0.000003|    0.008357|
|        2708|    0.134000|  1.3798e-01|   -9.001042|   -9.006457|   -0.000003|    0.008357|
|        2709|    0.144000|  1.3798e-01|   -9.001041|   -9.006350|   -0.000003|    0.008357|
|        2710|    0.133000|  1.3798e-01|   -9.001041|   -9.006244|   -0.000003|    0.008357|
|        2711|    0.142000|  1.3798e-01|   -9.001041|   -9.006138|   -0.000003|    0.008357|
|        2712|    0.141000|  1.3798e-01|   -9.001040|   -9.006032|   -0.000003|    0.008357|
|        2713|    0.137000|  1.3798e-01|   -9.001040|   -9.005926|   -0.000003|    0.008357|
|        2714|    0.133000|  1.3798e-01|   -9.001039|   -9.005820|   -0.000003|    0.008357|
|        2715|    0.136000|  1.3798e-01|   -9.001039|   -9.005714|   -0.000003|    0.008357|
|        2716|    0.142000|  1.3798e-01|   -9.001038|   -9.005608|   -0.000003|    0.008357|
|        2717|    0.131000|  1.3798e-01|   -9.001038|   -9.005503|   -0.000003|    0.008356|
|        2718|    0.137000|  1.3798e-01|   -9.001037|   -9.005397|   -0.000003|    0.008356|
|        2719|    0.129000|  1.3797e-01|   -9.001036|   -9.005292|   -0.000003|    0.008356|
|        2720|    0.142000|  1.3798e-01|   -9.001036|   -9.005187|   -0.000003|    0.008356|
|        2721|    0.158000|  1.3798e-01|   -9.001035|   -9.005082|   -0.000003|    0.008356|
|        2722|    0.141000|  1.3798e-01|   -9.001034|   -9.004977|   -0.000003|    0.008356|
|        2723|    0.137000|  1.3798e-01|   -9.001033|   -9.004872|   -0.000003|    0.008356|
|        2724|    0.135000|  1.3798e-01|   -9.001032|   -9.004767|   -0.000003|    0.008356|
|        2725|    0.145000|  1.3799e-01|   -9.001030|   -9.004662|   -0.000003|    0.008356|
|        2726|    0.148000|  1.3799e-01|   -9.001029|   -9.004558|   -0.000003|    0.008356|
|        2727|    0.135000|  1.3799e-01|   -9.001027|   -9.004453|   -0.000003|    0.008356|
|        2728|    0.144000|  1.3799e-01|   -9.001026|   -9.004349|   -0.000003|    0.008356|
|        2729|    0.142000|  1.3799e-01|   -9.001024|   -9.004245|   -0.000003|    0.008356|
|        2730|    0.129000|  1.3799e-01|   -9.001022|   -9.004141|   -0.000003|    0.008355|
|        2731|    0.147000|  1.3799e-01|   -9.001021|   -9.004037|   -0.000003|    0.008355|
|        2732|    0.132000|  1.3799e-01|   -9.001018|   -9.003933|   -0.000003|    0.008355|
|        2733|    0.142000|  1.3799e-01|   -9.001016|   -9.003829|   -0.000003|    0.008355|
|        2734|    0.141000|  1.3799e-01|   -9.001014|   -9.003725|   -0.000003|    0.008355|
|        2735|    0.147000|  1.3800e-01|   -9.001012|   -9.003621|   -0.000003|    0.008355|
|        2736|    0.134000|  1.3799e-01|   -9.001009|   -9.003518|   -0.000003|    0.008355|
|        2737|    0.135000|  1.3799e-01|   -9.001006|   -9.003414|   -0.000003|    0.008355|
|        2738|    0.142000|  1.3799e-01|   -9.001003|   -9.003311|   -0.000003|    0.008355|
|        2739|    0.141000|  1.3800e-01|   -9.001000|   -9.003208|   -0.000003|    0.008355|
|        2740|    0.140000|  1.3800e-01|   -9.000997|   -9.003105|   -0.000003|    0.008355|
|        2741|    0.139000|  1.3800e-01|   -9.000994|   -9.003002|   -0.000003|    0.008355|
|        2742|    0.139000|  1.3800e-01|   -9.000990|   -9.002899|   -0.000003|    0.008355|
|        2743|    0.143000|  1.3800e-01|   -9.000987|   -9.002796|   -0.000003|    0.008354|
|        2744|    0.158000|  1.3801e-01|   -9.000983|   -9.002694|   -0.000003|    0.008354|
|        2745|    0.149000|  1.3801e-01|   -9.000979|   -9.002591|   -0.000003|    0.008354|
|        2746|    0.170000|  1.3802e-01|   -9.000975|   -9.002489|   -0.000003|    0.008354|
|        2747|    0.159000|  1.3803e-01|   -9.000971|   -9.002387|   -0.000003|    0.008354|
|        2748|    0.166000|  1.3804e-01|   -9.000966|   -9.002284|   -0.000003|    0.008354|
|        2749|    0.156000|  1.3805e-01|   -9.000962|   -9.002182|   -0.000003|    0.008354|
|        2750|    0.160000|  1.3805e-01|   -9.000957|   -9.002080|   -0.000003|    0.008354|
+-----------------------------------------------------------------------+
|        File Writing Summary       |              Filename             |
+-----------------------------------------------------------------------+
|SU2 binary restart                 |restart_flow_alpha0_449x129.dat    |
|Paraview                           |flow_alpha0_449x129.vtu            |
|Paraview surface                   |surface_flow_alpha0_449x129.vtu    |
+-----------------------------------------------------------------------+
+------------------------------------------------------------------------------------------+
|  Inner_Iter|   Time(sec)|   Time(sec)|      rms[P]|     rms[nu]|          CL|          CD|
+------------------------------------------------------------------------------------------+
|        2751|    0.215000|  1.3808e-01|   -9.000952|   -9.001978|   -0.000003|    0.008354|
|        2752|    0.158000|  1.3809e-01|   -9.000947|   -9.001876|   -0.000003|    0.008354|
|        2753|    0.179000|  1.3810e-01|   -9.000942|   -9.001774|   -0.000003|    0.008354|
|        2754|    0.152000|  1.3811e-01|   -9.000936|   -9.001672|   -0.000003|    0.008354|
|        2755|    0.135000|  1.3811e-01|   -9.000931|   -9.001570|   -0.000003|    0.008354|
|        2756|    0.154000|  1.3811e-01|   -9.000925|   -9.001468|   -0.000003|    0.008354|
|        2757|    0.161000|  1.3812e-01|   -9.000919|   -9.001367|   -0.000003|    0.008353|
|        2758|    0.164000|  1.3813e-01|   -9.000913|   -9.001265|   -0.000003|    0.008353|
|        2759|    0.165000|  1.3814e-01|   -9.000906|   -9.001164|   -0.000003|    0.008353|
|        2760|    0.162000|  1.3815e-01|   -9.000900|   -9.001063|   -0.000003|    0.008353|
|        2761|    0.134000|  1.3815e-01|   -9.000893|   -9.000961|   -0.000003|    0.008353|
|        2762|    0.136000|  1.3815e-01|   -9.000886|   -9.000860|   -0.000003|    0.008353|
|        2763|    0.144000|  1.3815e-01|   -9.000879|   -9.000760|   -0.000003|    0.008353|
|        2764|    0.146000|  1.3815e-01|   -9.000872|   -9.000659|   -0.000003|    0.008353|
|        2765|    0.152000|  1.3816e-01|   -9.000865|   -9.000558|   -0.000003|    0.008353|
|        2766|    0.148000|  1.3816e-01|   -9.000857|   -9.000458|   -0.000003|    0.008353|
|        2767|    0.135000|  1.3816e-01|   -9.000850|   -9.000357|   -0.000003|    0.008353|
|        2768|    0.135000|  1.3816e-01|   -9.000842|   -9.000257|   -0.000003|    0.008353|
|        2769|    0.149000|  1.3816e-01|   -9.000835|   -9.000156|   -0.000003|    0.008353|
|        2770|    0.142000|  1.3816e-01|   -9.000827|   -9.000056|   -0.000003|    0.008352|
|        2771|    0.152000|  1.3817e-01|   -9.000819|   -8.999956|   -0.000003|    0.008352|
|        2772|    0.158000|  1.3818e-01|   -9.000811|   -8.999856|   -0.000003|    0.008352|
|        2773|    0.143000|  1.3818e-01|   -9.000803|   -8.999755|   -0.000003|    0.008352|
|        2774|    0.161000|  1.3819e-01|   -9.000796|   -8.999654|   -0.000003|    0.008352|
|        2775|    0.134000|  1.3818e-01|   -9.000788|   -8.999552|   -0.000003|    0.008352|
|        2776|    0.149000|  1.3819e-01|   -9.000780|   -8.999451|   -0.000003|    0.008352|
|        2777|    0.148000|  1.3819e-01|   -9.000772|   -8.999350|   -0.000003|    0.008352|
|        2778|    0.155000|  1.3820e-01|   -9.000764|   -8.999249|   -0.000003|    0.008352|
|        2779|    0.151000|  1.3820e-01|   -9.000757|   -8.999149|   -0.000003|    0.008352|
|        2780|    0.150000|  1.3821e-01|   -9.000749|   -8.999048|   -0.000003|    0.008352|
|        2781|    0.153000|  1.3821e-01|   -9.000741|   -8.998947|   -0.000003|    0.008352|
|        2782|    0.152000|  1.3822e-01|   -9.000734|   -8.998847|   -0.000003|    0.008352|
|        2783|    0.146000|  1.3822e-01|   -9.000726|   -8.998746|   -0.000003|    0.008352|
|        2784|    0.151000|  1.3822e-01|   -9.000719|   -8.998646|   -0.000003|    0.008351|
|        2785|    0.154000|  1.3823e-01|   -9.000712|   -8.998546|   -0.000003|    0.008351|
|        2786|    0.155000|  1.3824e-01|   -9.000705|   -8.998445|   -0.000003|    0.008351|
|        2787|    0.152000|  1.3824e-01|   -9.000698|   -8.998345|   -0.000003|    0.008351|
|        2788|    0.151000|  1.3825e-01|   -9.000691|   -8.998245|   -0.000003|    0.008351|
|        2789|    0.137000|  1.3825e-01|   -9.000684|   -8.998145|   -0.000003|    0.008351|
|        2790|    0.144000|  1.3825e-01|   -9.000678|   -8.998046|   -0.000003|    0.008351|
|        2791|    0.153000|  1.3825e-01|   -9.000671|   -8.997946|   -0.000003|    0.008351|
|        2792|    0.162000|  1.3826e-01|   -9.000665|   -8.997846|   -0.000003|    0.008351|
|        2793|    0.152000|  1.3827e-01|   -9.000659|   -8.997747|   -0.000003|    0.008351|
|        2794|    0.152000|  1.3827e-01|   -9.000653|   -8.997648|   -0.000003|    0.008351|
|        2795|    0.135000|  1.3827e-01|   -9.000647|   -8.997548|   -0.000003|    0.008351|
|        2796|    0.162000|  1.3828e-01|   -9.000641|   -8.997449|   -0.000003|    0.008351|
|        2797|    0.142000|  1.3828e-01|   -9.000636|   -8.997350|   -0.000003|    0.008351|
|        2798|    0.144000|  1.3828e-01|   -9.000630|   -8.997251|   -0.000003|    0.008350|
|        2799|    0.142000|  1.3828e-01|   -9.000625|   -8.997152|   -0.000003|    0.008350|
|        2800|    0.169000|  1.3829e-01|   -9.000620|   -8.997053|   -0.000003|    0.008350|
|        2801|    0.176000|  1.3831e-01|   -9.000615|   -8.996955|   -0.000003|    0.008350|
|        2802|    0.127000|  1.3830e-01|   -9.000610|   -8.996856|   -0.000003|    0.008350|
|        2803|    0.142000|  1.3830e-01|   -9.000606|   -8.996758|   -0.000003|    0.008350|
|        2804|    0.174000|  1.3832e-01|   -9.000601|   -8.996659|   -0.000003|    0.008350|
|        2805|    0.163000|  1.3833e-01|   -9.000597|   -8.996561|   -0.000003|    0.008350|
|        2806|    0.171000|  1.3834e-01|   -9.000592|   -8.996462|   -0.000003|    0.008350|
|        2807|    0.159000|  1.3835e-01|   -9.000588|   -8.996364|   -0.000003|    0.008350|
|        2808|    0.148000|  1.3835e-01|   -9.000584|   -8.996266|   -0.000003|    0.008350|
|        2809|    0.141000|  1.3835e-01|   -9.000580|   -8.996168|   -0.000003|    0.008350|
|        2810|    0.138000|  1.3835e-01|   -9.000576|   -8.996070|   -0.000003|    0.008350|
|        2811|    0.137000|  1.3835e-01|   -9.000572|   -8.995973|   -0.000003|    0.008350|
|        2812|    0.146000|  1.3835e-01|   -9.000568|   -8.995875|   -0.000003|    0.008349|
|        2813|    0.162000|  1.3836e-01|   -9.000564|   -8.995778|   -0.000003|    0.008349|
|        2814|    0.136000|  1.3836e-01|   -9.000561|   -8.995680|   -0.000003|    0.008349|
|        2815|    0.152000|  1.3836e-01|   -9.000557|   -8.995583|   -0.000003|    0.008349|
|        2816|    0.152000|  1.3837e-01|   -9.000553|   -8.995486|   -0.000003|    0.008349|
|        2817|    0.148000|  1.3837e-01|   -9.000549|   -8.995389|   -0.000003|    0.008349|
|        2818|    0.146000|  1.3837e-01|   -9.000546|   -8.995292|   -0.000003|    0.008349|
|        2819|    0.149000|  1.3838e-01|   -9.000542|   -8.995195|   -0.000003|    0.008349|
|        2820|    0.148000|  1.3838e-01|   -9.000538|   -8.995098|   -0.000003|    0.008349|
|        2821|    0.132000|  1.3838e-01|   -9.000534|   -8.995001|   -0.000003|    0.008349|
|        2822|    0.139000|  1.3838e-01|   -9.000530|   -8.994905|   -0.000003|    0.008349|
|        2823|    0.152000|  1.3838e-01|   -9.000526|   -8.994808|   -0.000003|    0.008349|
|        2824|    0.132000|  1.3838e-01|   -9.000522|   -8.994711|   -0.000003|    0.008349|
|        2825|    0.140000|  1.3838e-01|   -9.000518|   -8.994615|   -0.000003|    0.008349|
|        2826|    0.137000|  1.3838e-01|   -9.000514|   -8.994519|   -0.000003|    0.008348|
|        2827|    0.137000|  1.3838e-01|   -9.000510|   -8.994422|   -0.000003|    0.008348|
|        2828|    0.144000|  1.3838e-01|   -9.000506|   -8.994326|   -0.000003|    0.008348|
|        2829|    0.149000|  1.3839e-01|   -9.000501|   -8.994230|   -0.000003|    0.008348|
|        2830|    0.135000|  1.3839e-01|   -9.000497|   -8.994134|   -0.000003|    0.008348|
|        2831|    0.138000|  1.3839e-01|   -9.000493|   -8.994038|   -0.000003|    0.008348|
|        2832|    0.138000|  1.3839e-01|   -9.000489|   -8.993943|   -0.000003|    0.008348|
|        2833|    0.139000|  1.3839e-01|   -9.000485|   -8.993847|   -0.000003|    0.008348|
|        2834|    0.138000|  1.3839e-01|   -9.000481|   -8.993751|   -0.000003|    0.008348|
|        2835|    0.132000|  1.3838e-01|   -9.000477|   -8.993656|   -0.000003|    0.008348|
|        2836|    0.142000|  1.3839e-01|   -9.000473|   -8.993561|   -0.000003|    0.008348|
|        2837|    0.143000|  1.3839e-01|   -9.000470|   -8.993465|   -0.000003|    0.008348|
|        2838|    0.143000|  1.3839e-01|   -9.000466|   -8.993370|   -0.000003|    0.008348|
|        2839|    0.144000|  1.3839e-01|   -9.000462|   -8.993275|   -0.000003|    0.008348|
|        2840|    0.139000|  1.3839e-01|   -9.000459|   -8.993180|   -0.000003|    0.008348|
|        2841|    0.146000|  1.3839e-01|   -9.000456|   -8.993086|   -0.000003|    0.008347|
|        2842|    0.135000|  1.3839e-01|   -9.000452|   -8.992991|   -0.000003|    0.008347|
|        2843|    0.141000|  1.3839e-01|   -9.000449|   -8.992896|   -0.000003|    0.008347|
|        2844|    0.140000|  1.3839e-01|   -9.000446|   -8.992801|   -0.000003|    0.008347|
|        2845|    0.143000|  1.3840e-01|   -9.000443|   -8.992707|   -0.000003|    0.008347|
|        2846|    0.152000|  1.3840e-01|   -9.000440|   -8.992612|   -0.000003|    0.008347|
|        2847|    0.146000|  1.3840e-01|   -9.000437|   -8.992517|   -0.000003|    0.008347|
|        2848|    0.142000|  1.3840e-01|   -9.000434|   -8.992423|   -0.000003|    0.008347|
|        2849|    0.142000|  1.3841e-01|   -9.000432|   -8.992329|   -0.000003|    0.008347|
|        2850|    0.138000|  1.3841e-01|   -9.000429|   -8.992234|   -0.000003|    0.008347|
|        2851|    0.134000|  1.3840e-01|   -9.000426|   -8.992140|   -0.000003|    0.008347|
|        2852|    0.140000|  1.3840e-01|   -9.000424|   -8.992046|   -0.000003|    0.008347|
|        2853|    0.137000|  1.3840e-01|   -9.000422|   -8.991952|   -0.000003|    0.008347|
|        2854|    0.151000|  1.3841e-01|   -9.000419|   -8.991858|   -0.000003|    0.008347|
|        2855|    0.140000|  1.3841e-01|   -9.000417|   -8.991764|   -0.000003|    0.008346|
|        2856|    0.135000|  1.3841e-01|   -9.000415|   -8.991671|   -0.000003|    0.008346|
|        2857|    0.148000|  1.3841e-01|   -9.000413|   -8.991577|   -0.000003|    0.008346|
|        2858|    0.149000|  1.3841e-01|   -9.000411|   -8.991483|   -0.000003|    0.008346|
|        2859|    0.134000|  1.3841e-01|   -9.000409|   -8.991390|   -0.000003|    0.008346|
|        2860|    0.136000|  1.3841e-01|   -9.000407|   -8.991297|   -0.000003|    0.008346|
|        2861|    0.134000|  1.3841e-01|   -9.000406|   -8.991203|   -0.000003|    0.008346|
|        2862|    0.133000|  1.3841e-01|   -9.000404|   -8.991111|   -0.000003|    0.008346|
|        2863|    0.145000|  1.3841e-01|   -9.000403|   -8.991018|   -0.000003|    0.008346|
|        2864|    0.137000|  1.3841e-01|   -9.000401|   -8.990925|   -0.000003|    0.008346|
|        2865|    0.144000|  1.3841e-01|   -9.000400|   -8.990832|   -0.000003|    0.008346|
|        2866|    0.134000|  1.3841e-01|   -9.000399|   -8.990740|   -0.000003|    0.008346|
|        2867|    0.129000|  1.3841e-01|   -9.000398|   -8.990647|   -0.000003|    0.008346|
|        2868|    0.145000|  1.3841e-01|   -9.000397|   -8.990555|   -0.000003|    0.008346|
|        2869|    0.132000|  1.3841e-01|   -9.000396|   -8.990463|   -0.000003|    0.008346|
|        2870|    0.138000|  1.3841e-01|   -9.000395|   -8.990370|   -0.000003|    0.008345|
|        2871|    0.148000|  1.3841e-01|   -9.000394|   -8.990278|   -0.000003|    0.008345|
|        2872|    0.147000|  1.3841e-01|   -9.000394|   -8.990186|   -0.000003|    0.008345|
|        2873|    0.155000|  1.3842e-01|   -9.000393|   -8.990094|   -0.000003|    0.008345|
|        2874|    0.151000|  1.3842e-01|   -9.000392|   -8.990002|   -0.000003|    0.008345|
|        2875|    0.156000|  1.3843e-01|   -9.000392|   -8.989911|   -0.000003|    0.008345|
|        2876|    0.159000|  1.3844e-01|   -9.000392|   -8.989819|   -0.000003|    0.008345|
|        2877|    0.152000|  1.3844e-01|   -9.000391|   -8.989727|   -0.000003|    0.008345|
|        2878|    0.153000|  1.3845e-01|   -9.000391|   -8.989636|   -0.000003|    0.008345|
|        2879|    0.146000|  1.3845e-01|   -9.000391|   -8.989544|   -0.000003|    0.008345|
|        2880|    0.153000|  1.3846e-01|   -9.000391|   -8.989453|   -0.000003|    0.008345|
|        2881|    0.157000|  1.3846e-01|   -9.000391|   -8.989362|   -0.000003|    0.008345|
|        2882|    0.169000|  1.3847e-01|   -9.000391|   -8.989271|   -0.000003|    0.008345|
|        2883|    0.150000|  1.3848e-01|   -9.000391|   -8.989180|   -0.000003|    0.008345|
|        2884|    0.150000|  1.3848e-01|   -9.000391|   -8.989089|   -0.000003|    0.008345|
|        2885|    0.152000|  1.3848e-01|   -9.000391|   -8.988998|   -0.000003|    0.008344|
|        2886|    0.148000|  1.3849e-01|   -9.000391|   -8.988907|   -0.000003|    0.008344|
|        2887|    0.139000|  1.3849e-01|   -9.000391|   -8.988816|   -0.000003|    0.008344|
|        2888|    0.149000|  1.3849e-01|   -9.000392|   -8.988725|   -0.000003|    0.008344|
|        2889|    0.133000|  1.3849e-01|   -9.000392|   -8.988634|   -0.000003|    0.008344|
|        2890|    0.136000|  1.3849e-01|   -9.000392|   -8.988543|   -0.000003|    0.008344|
|        2891|    0.131000|  1.3849e-01|   -9.000393|   -8.988452|   -0.000003|    0.008344|
|        2892|    0.137000|  1.3849e-01|   -9.000393|   -8.988361|   -0.000003|    0.008344|
|        2893|    0.133000|  1.3848e-01|   -9.000394|   -8.988270|   -0.000003|    0.008344|
|        2894|    0.135000|  1.3848e-01|   -9.000394|   -8.988179|   -0.000003|    0.008344|
|        2895|    0.150000|  1.3849e-01|   -9.000395|   -8.988088|   -0.000003|    0.008344|
|        2896|    0.172000|  1.3850e-01|   -9.000395|   -8.987997|   -0.000003|    0.008344|
|        2897|    0.151000|  1.3850e-01|   -9.000396|   -8.987906|   -0.000003|    0.008344|
|        2898|    0.151000|  1.3851e-01|   -9.000396|   -8.987814|   -0.000003|    0.008344|
|        2899|    0.148000|  1.3851e-01|   -9.000397|   -8.987723|   -0.000003|    0.008344|
|        2900|    0.139000|  1.3851e-01|   -9.000397|   -8.987632|   -0.000003|    0.008343|
|        2901|    0.149000|  1.3851e-01|   -9.000398|   -8.987542|   -0.000003|    0.008343|
|        2902|    0.151000|  1.3852e-01|   -9.000399|   -8.987451|   -0.000003|    0.008343|
|        2903|    0.164000|  1.3853e-01|   -9.000399|   -8.987360|   -0.000003|    0.008343|
|        2904|    0.158000|  1.3853e-01|   -9.000400|   -8.987270|   -0.000003|    0.008343|
|        2905|    0.136000|  1.3853e-01|   -9.000400|   -8.987179|   -0.000003|    0.008343|
|        2906|    0.143000|  1.3853e-01|   -9.000401|   -8.987089|   -0.000003|    0.008343|
|        2907|    0.133000|  1.3853e-01|   -9.000401|   -8.986998|   -0.000003|    0.008343|
|        2908|    0.135000|  1.3853e-01|   -9.000402|   -8.986908|   -0.000003|    0.008343|
|        2909|    0.143000|  1.3853e-01|   -9.000402|   -8.986818|   -0.000003|    0.008343|
|        2910|    0.138000|  1.3853e-01|   -9.000403|   -8.986728|   -0.000003|    0.008343|
|        2911|    0.144000|  1.3853e-01|   -9.000403|   -8.986638|   -0.000003|    0.008343|
|        2912|    0.141000|  1.3854e-01|   -9.000404|   -8.986548|   -0.000003|    0.008343|
|        2913|    0.145000|  1.3854e-01|   -9.000404|   -8.986458|   -0.000003|    0.008343|
|        2914|    0.143000|  1.3854e-01|   -9.000405|   -8.986368|   -0.000003|    0.008343|
|        2915|    0.143000|  1.3854e-01|   -9.000405|   -8.986279|   -0.000003|    0.008343|
|        2916|    0.140000|  1.3854e-01|   -9.000405|   -8.986189|   -0.000003|    0.008342|
|        2917|    0.137000|  1.3854e-01|   -9.000405|   -8.986099|   -0.000003|    0.008342|
|        2918|    0.140000|  1.3854e-01|   -9.000405|   -8.986009|   -0.000003|    0.008342|
|        2919|    0.138000|  1.3854e-01|   -9.000405|   -8.985919|   -0.000003|    0.008342|
|        2920|    0.131000|  1.3854e-01|   -9.000405|   -8.985829|   -0.000003|    0.008342|
|        2921|    0.137000|  1.3854e-01|   -9.000405|   -8.985740|   -0.000003|    0.008342|
|        2922|    0.134000|  1.3854e-01|   -9.000405|   -8.985650|   -0.000003|    0.008342|
|        2923|    0.132000|  1.3853e-01|   -9.000404|   -8.985561|   -0.000003|    0.008342|
|        2924|    0.136000|  1.3853e-01|   -9.000404|   -8.985471|   -0.000003|    0.008342|
|        2925|    0.133000|  1.3853e-01|   -9.000403|   -8.985382|   -0.000003|    0.008342|
|        2926|    0.137000|  1.3853e-01|   -9.000402|   -8.985293|   -0.000003|    0.008342|
|        2927|    0.135000|  1.3853e-01|   -9.000401|   -8.985204|   -0.000003|    0.008342|
|        2928|    0.136000|  1.3853e-01|   -9.000400|   -8.985115|   -0.000003|    0.008342|
|        2929|    0.136000|  1.3853e-01|   -9.000399|   -8.985026|   -0.000003|    0.008342|
|        2930|    0.139000|  1.3853e-01|   -9.000397|   -8.984937|   -0.000003|    0.008342|
|        2931|    0.139000|  1.3853e-01|   -9.000396|   -8.984849|   -0.000003|    0.008341|
|        2932|    0.143000|  1.3853e-01|   -9.000394|   -8.984760|   -0.000003|    0.008341|
|        2933|    0.140000|  1.3853e-01|   -9.000392|   -8.984671|   -0.000003|    0.008341|
|        2934|    0.142000|  1.3853e-01|   -9.000389|   -8.984583|   -0.000003|    0.008341|
|        2935|    0.146000|  1.3853e-01|   -9.000387|   -8.984495|   -0.000003|    0.008341|
|        2936|    0.136000|  1.3853e-01|   -9.000384|   -8.984407|   -0.000003|    0.008341|
|        2937|    0.139000|  1.3853e-01|   -9.000381|   -8.984318|   -0.000003|    0.008341|
|        2938|    0.137000|  1.3853e-01|   -9.000378|   -8.984230|   -0.000003|    0.008341|
|        2939|    0.150000|  1.3854e-01|   -9.000375|   -8.984142|   -0.000003|    0.008341|
|        2940|    0.140000|  1.3854e-01|   -9.000372|   -8.984054|   -0.000003|    0.008341|
|        2941|    0.139000|  1.3854e-01|   -9.000369|   -8.983966|   -0.000003|    0.008341|
|        2942|    0.145000|  1.3854e-01|   -9.000365|   -8.983878|   -0.000003|    0.008341|
|        2943|    0.142000|  1.3854e-01|   -9.000361|   -8.983790|   -0.000003|    0.008341|
|        2944|    0.137000|  1.3854e-01|   -9.000357|   -8.983703|   -0.000003|    0.008341|
|        2945|    0.144000|  1.3854e-01|   -9.000353|   -8.983615|   -0.000003|    0.008341|
|        2946|    0.134000|  1.3854e-01|   -9.000349|   -8.983527|   -0.000003|    0.008341|
|        2947|    0.149000|  1.3854e-01|   -9.000345|   -8.983439|   -0.000003|    0.008340|
|        2948|    0.136000|  1.3854e-01|   -9.000341|   -8.983352|   -0.000003|    0.008340|
|        2949|    0.135000|  1.3854e-01|   -9.000337|   -8.983264|   -0.000003|    0.008340|
|        2950|    0.133000|  1.3854e-01|   -9.000333|   -8.983177|   -0.000003|    0.008340|
|        2951|    0.138000|  1.3854e-01|   -9.000329|   -8.983090|   -0.000003|    0.008340|
|        2952|    0.139000|  1.3854e-01|   -9.000325|   -8.983003|   -0.000003|    0.008340|
|        2953|    0.139000|  1.3854e-01|   -9.000321|   -8.982915|   -0.000003|    0.008340|
|        2954|    0.145000|  1.3854e-01|   -9.000317|   -8.982828|   -0.000003|    0.008340|
|        2955|    0.141000|  1.3854e-01|   -9.000313|   -8.982741|   -0.000003|    0.008340|
|        2956|    0.134000|  1.3854e-01|   -9.000309|   -8.982654|   -0.000003|    0.008340|
|        2957|    0.134000|  1.3854e-01|   -9.000306|   -8.982568|   -0.000003|    0.008340|
|        2958|    0.140000|  1.3854e-01|   -9.000302|   -8.982481|   -0.000003|    0.008340|
|        2959|    0.151000|  1.3854e-01|   -9.000299|   -8.982394|   -0.000003|    0.008340|
|        2960|    0.143000|  1.3855e-01|   -9.000296|   -8.982307|   -0.000003|    0.008340|
|        2961|    0.144000|  1.3855e-01|   -9.000293|   -8.982221|   -0.000003|    0.008340|
|        2962|    0.144000|  1.3855e-01|   -9.000291|   -8.982134|   -0.000003|    0.008340|
|        2963|    0.136000|  1.3855e-01|   -9.000288|   -8.982048|   -0.000003|    0.008339|
|        2964|    0.136000|  1.3855e-01|   -9.000286|   -8.981961|   -0.000003|    0.008339|
|        2965|    0.145000|  1.3855e-01|   -9.000284|   -8.981875|   -0.000003|    0.008339|
|        2966|    0.142000|  1.3855e-01|   -9.000282|   -8.981789|   -0.000003|    0.008339|
|        2967|    0.147000|  1.3855e-01|   -9.000280|   -8.981703|   -0.000003|    0.008339|
|        2968|    0.146000|  1.3856e-01|   -9.000278|   -8.981617|   -0.000003|    0.008339|
|        2969|    0.140000|  1.3856e-01|   -9.000277|   -8.981531|   -0.000003|    0.008339|
|        2970|    0.144000|  1.3856e-01|   -9.000275|   -8.981445|   -0.000003|    0.008339|
|        2971|    0.144000|  1.3856e-01|   -9.000274|   -8.981360|   -0.000003|    0.008339|
|        2972|    0.131000|  1.3856e-01|   -9.000273|   -8.981274|   -0.000003|    0.008339|
|        2973|    0.131000|  1.3856e-01|   -9.000272|   -8.981188|   -0.000003|    0.008339|
|        2974|    0.136000|  1.3856e-01|   -9.000271|   -8.981103|   -0.000003|    0.008339|
|        2975|    0.137000|  1.3855e-01|   -9.000270|   -8.981017|   -0.000003|    0.008339|
|        2976|    0.144000|  1.3856e-01|   -9.000270|   -8.980932|   -0.000003|    0.008339|
|        2977|    0.139000|  1.3856e-01|   -9.000269|   -8.980847|   -0.000003|    0.008339|
|        2978|    0.150000|  1.3856e-01|   -9.000269|   -8.980762|   -0.000003|    0.008339|
|        2979|    0.147000|  1.3856e-01|   -9.000268|   -8.980677|   -0.000003|    0.008338|
|        2980|    0.141000|  1.3856e-01|   -9.000268|   -8.980592|   -0.000003|    0.008338|
|        2981|    0.152000|  1.3857e-01|   -9.000268|   -8.980507|   -0.000003|    0.008338|
|        2982|    0.149000|  1.3857e-01|   -9.000268|   -8.980422|   -0.000003|    0.008338|
|        2983|    0.150000|  1.3858e-01|   -9.000268|   -8.980337|   -0.000003|    0.008338|
|        2984|    0.144000|  1.3858e-01|   -9.000268|   -8.980252|   -0.000003|    0.008338|
|        2985|    0.146000|  1.3858e-01|   -9.000269|   -8.980168|   -0.000003|    0.008338|
|        2986|    0.148000|  1.3858e-01|   -9.000269|   -8.980083|   -0.000003|    0.008338|
|        2987|    0.143000|  1.3859e-01|   -9.000270|   -8.979999|   -0.000003|    0.008338|
|        2988|    0.137000|  1.3858e-01|   -9.000271|   -8.979915|   -0.000003|    0.008338|
|        2989|    0.135000|  1.3858e-01|   -9.000272|   -8.979831|   -0.000003|    0.008338|
|        2990|    0.142000|  1.3858e-01|   -9.000273|   -8.979747|   -0.000003|    0.008338|
|        2991|    0.139000|  1.3858e-01|   -9.000274|   -8.979663|   -0.000003|    0.008338|
|        2992|    0.136000|  1.3858e-01|   -9.000275|   -8.979579|   -0.000003|    0.008338|
|        2993|    0.133000|  1.3858e-01|   -9.000277|   -8.979495|   -0.000003|    0.008338|
|        2994|    0.149000|  1.3859e-01|   -9.000278|   -8.979411|   -0.000003|    0.008338|
|        2995|    0.138000|  1.3859e-01|   -9.000280|   -8.979327|   -0.000003|    0.008337|
|        2996|    0.139000|  1.3859e-01|   -9.000282|   -8.979243|   -0.000003|    0.008337|
|        2997|    0.140000|  1.3859e-01|   -9.000284|   -8.979159|   -0.000003|    0.008337|
|        2998|    0.134000|  1.3858e-01|   -9.000286|   -8.979076|   -0.000003|    0.008337|
|        2999|    0.143000|  1.3859e-01|   -9.000288|   -8.978991|   -0.000003|    0.008337|
|        3000|    0.138000|  1.3859e-01|   -9.000290|   -8.978907|   -0.000003|    0.008337|
+-----------------------------------------------------------------------+
|        File Writing Summary       |              Filename             |
+-----------------------------------------------------------------------+
|SU2 binary restart                 |restart_flow_alpha0_449x129.dat    |
|Paraview                           |flow_alpha0_449x129.vtu            |
|Paraview surface                   |surface_flow_alpha0_449x129.vtu    |
+-----------------------------------------------------------------------+
+------------------------------------------------------------------------------------------+
|  Inner_Iter|   Time(sec)|   Time(sec)|      rms[P]|     rms[nu]|          CL|          CD|
+------------------------------------------------------------------------------------------+
|        3001|    0.257000|  1.3862e-01|   -9.000292|   -8.978823|   -0.000003|    0.008337|
|        3002|    0.129000|  1.3862e-01|   -9.000295|   -8.978739|   -0.000003|    0.008337|
|        3003|    0.164000|  1.3863e-01|   -9.000297|   -8.978655|   -0.000003|    0.008337|
|        3004|    0.156000|  1.3864e-01|   -9.000300|   -8.978570|   -0.000003|    0.008337|
|        3005|    0.146000|  1.3864e-01|   -9.000303|   -8.978486|   -0.000003|    0.008337|
|        3006|    0.139000|  1.3864e-01|   -9.000305|   -8.978402|   -0.000003|    0.008337|
|        3007|    0.133000|  1.3864e-01|   -9.000308|   -8.978318|   -0.000003|    0.008337|
|        3008|    0.135000|  1.3864e-01|   -9.000312|   -8.978234|   -0.000003|    0.008337|
|        3009|    0.143000|  1.3864e-01|   -9.000315|   -8.978150|   -0.000003|    0.008337|
|        3010|    0.149000|  1.3864e-01|   -9.000318|   -8.978067|   -0.000003|    0.008337|
|        3011|    0.149000|  1.3864e-01|   -9.000322|   -8.977983|   -0.000003|    0.008337|
|        3012|    0.142000|  1.3864e-01|   -9.000325|   -8.977899|   -0.000003|    0.008336|
|        3013|    0.143000|  1.3865e-01|   -9.000329|   -8.977816|   -0.000003|    0.008336|
|        3014|    0.140000|  1.3865e-01|   -9.000333|   -8.977732|   -0.000003|    0.008336|
|        3015|    0.142000|  1.3865e-01|   -9.000337|   -8.977649|   -0.000003|    0.008336|
|        3016|    0.137000|  1.3865e-01|   -9.000341|   -8.977565|   -0.000003|    0.008336|
|        3017|    0.140000|  1.3865e-01|   -9.000346|   -8.977482|   -0.000003|    0.008336|
|        3018|    0.142000|  1.3865e-01|   -9.000350|   -8.977399|   -0.000003|    0.008336|
|        3019|    0.139000|  1.3865e-01|   -9.000355|   -8.977316|   -0.000003|    0.008336|
|        3020|    0.132000|  1.3865e-01|   -9.000360|   -8.977233|   -0.000003|    0.008336|
|        3021|    0.138000|  1.3865e-01|   -9.000364|   -8.977150|   -0.000003|    0.008336|
|        3022|    0.142000|  1.3865e-01|   -9.000369|   -8.977066|   -0.000003|    0.008336|
|        3023|    0.141000|  1.3865e-01|   -9.000375|   -8.976982|   -0.000003|    0.008336|
|        3024|    0.138000|  1.3865e-01|   -9.000380|   -8.976899|   -0.000003|    0.008336|
|        3025|    0.141000|  1.3865e-01|   -9.000385|   -8.976816|   -0.000003|    0.008336|
|        3026|    0.134000|  1.3865e-01|   -9.000390|   -8.976732|   -0.000003|    0.008336|
|        3027|    0.140000|  1.3865e-01|   -9.000396|   -8.976649|   -0.000003|    0.008336|
|        3028|    0.136000|  1.3865e-01|   -9.000402|   -8.976566|   -0.000003|    0.008335|
|        3029|    0.133000|  1.3865e-01|   -9.000407|   -8.976483|   -0.000003|    0.008335|
|        3030|    0.139000|  1.3865e-01|   -9.000413|   -8.976400|   -0.000003|    0.008335|
|        3031|    0.136000|  1.3864e-01|   -9.000419|   -8.976317|   -0.000003|    0.008335|
|        3032|    0.134000|  1.3864e-01|   -9.000425|   -8.976234|   -0.000003|    0.008335|
|        3033|    0.138000|  1.3864e-01|   -9.000431|   -8.976151|   -0.000003|    0.008335|
|        3034|    0.137000|  1.3864e-01|   -9.000437|   -8.976067|   -0.000003|    0.008335|
|        3035|    0.141000|  1.3864e-01|   -9.000443|   -8.975984|   -0.000003|    0.008335|
|        3036|    0.143000|  1.3864e-01|   -9.000449|   -8.975900|   -0.000003|    0.008335|
|        3037|    0.140000|  1.3864e-01|   -9.000455|   -8.975817|   -0.000003|    0.008335|
|        3038|    0.137000|  1.3864e-01|   -9.000462|   -8.975734|   -0.000003|    0.008335|
|        3039|    0.138000|  1.3864e-01|   -9.000468|   -8.975651|   -0.000003|    0.008335|
|        3040|    0.139000|  1.3864e-01|   -9.000474|   -8.975568|   -0.000003|    0.008335|
|        3041|    0.134000|  1.3864e-01|   -9.000481|   -8.975485|   -0.000003|    0.008335|
|        3042|    0.132000|  1.3864e-01|   -9.000487|   -8.975402|   -0.000003|    0.008335|
|        3043|    0.137000|  1.3864e-01|   -9.000493|   -8.975319|   -0.000003|    0.008335|
|        3044|    0.129000|  1.3864e-01|   -9.000500|   -8.975236|   -0.000003|    0.008335|
|        3045|    0.141000|  1.3864e-01|   -9.000506|   -8.975153|   -0.000003|    0.008334|
|        3046|    0.138000|  1.3864e-01|   -9.000512|   -8.975070|   -0.000003|    0.008334|
|        3047|    0.141000|  1.3864e-01|   -9.000518|   -8.974987|   -0.000003|    0.008334|
|        3048|    0.141000|  1.3864e-01|   -9.000525|   -8.974905|   -0.000003|    0.008334|
|        3049|    0.145000|  1.3864e-01|   -9.000531|   -8.974822|   -0.000003|    0.008334|
|        3050|    0.135000|  1.3864e-01|   -9.000537|   -8.974740|   -0.000003|    0.008334|
|        3051|    0.132000|  1.3864e-01|   -9.000543|   -8.974657|   -0.000003|    0.008334|
|        3052|    0.140000|  1.3864e-01|   -9.000549|   -8.974575|   -0.000003|    0.008334|
|        3053|    0.130000|  1.3864e-01|   -9.000555|   -8.974493|   -0.000003|    0.008334|
|        3054|    0.140000|  1.3864e-01|   -9.000561|   -8.974411|   -0.000003|    0.008334|
|        3055|    0.149000|  1.3864e-01|   -9.000567|   -8.974329|   -0.000003|    0.008334|
|        3056|    0.158000|  1.3865e-01|   -9.000572|   -8.974247|   -0.000003|    0.008334|
|        3057|    0.145000|  1.3865e-01|   -9.000578|   -8.974165|   -0.000003|    0.008334|
|        3058|    0.140000|  1.3865e-01|   -9.000583|   -8.974083|   -0.000003|    0.008334|
|        3059|    0.149000|  1.3865e-01|   -9.000589|   -8.974002|   -0.000003|    0.008334|
|        3060|    0.170000|  1.3866e-01|   -9.000594|   -8.973920|   -0.000003|    0.008334|
|        3061|    0.134000|  1.3866e-01|   -9.000599|   -8.973839|   -0.000003|    0.008334|
|        3062|    0.136000|  1.3866e-01|   -9.000604|   -8.973757|   -0.000003|    0.008333|
|        3063|    0.139000|  1.3866e-01|   -9.000610|   -8.973676|   -0.000003|    0.008333|
|        3064|    0.130000|  1.3866e-01|   -9.000615|   -8.973595|   -0.000003|    0.008333|
|        3065|    0.159000|  1.3866e-01|   -9.000619|   -8.973514|   -0.000003|    0.008333|
|        3066|    0.166000|  1.3867e-01|   -9.000624|   -8.973433|   -0.000003|    0.008333|
|        3067|    0.153000|  1.3868e-01|   -9.000629|   -8.973352|   -0.000003|    0.008333|
|        3068|    0.138000|  1.3868e-01|   -9.000634|   -8.973271|   -0.000003|    0.008333|
|        3069|    0.135000|  1.3868e-01|   -9.000639|   -8.973190|   -0.000003|    0.008333|
|        3070|    0.133000|  1.3867e-01|   -9.000643|   -8.973109|   -0.000003|    0.008333|
|        3071|    0.133000|  1.3867e-01|   -9.000648|   -8.973029|   -0.000003|    0.008333|
|        3072|    0.142000|  1.3867e-01|   -9.000653|   -8.972948|   -0.000003|    0.008333|
|        3073|    0.141000|  1.3867e-01|   -9.000657|   -8.972868|   -0.000003|    0.008333|
|        3074|    0.144000|  1.3868e-01|   -9.000662|   -8.972787|   -0.000003|    0.008333|
|        3075|    0.139000|  1.3868e-01|   -9.000667|   -8.972707|   -0.000003|    0.008333|
|        3076|    0.148000|  1.3868e-01|   -9.000671|   -8.972627|   -0.000003|    0.008333|
|        3077|    0.143000|  1.3868e-01|   -9.000676|   -8.972546|   -0.000003|    0.008333|
|        3078|    0.143000|  1.3868e-01|   -9.000681|   -8.972466|   -0.000003|    0.008333|
|        3079|    0.143000|  1.3868e-01|   -9.000685|   -8.972386|   -0.000003|    0.008333|
|        3080|    0.140000|  1.3868e-01|   -9.000690|   -8.972306|   -0.000003|    0.008332|
|        3081|    0.160000|  1.3869e-01|   -9.000695|   -8.972226|   -0.000003|    0.008332|
|        3082|    0.134000|  1.3869e-01|   -9.000700|   -8.972146|   -0.000003|    0.008332|
|        3083|    0.143000|  1.3869e-01|   -9.000705|   -8.972067|   -0.000003|    0.008332|
|        3084|    0.141000|  1.3869e-01|   -9.000710|   -8.971987|   -0.000003|    0.008332|
|        3085|    0.152000|  1.3869e-01|   -9.000715|   -8.971907|   -0.000003|    0.008332|
|        3086|    0.151000|  1.3870e-01|   -9.000720|   -8.971828|   -0.000003|    0.008332|
|        3087|    0.144000|  1.3870e-01|   -9.000725|   -8.971748|   -0.000003|    0.008332|
|        3088|    0.139000|  1.3870e-01|   -9.000730|   -8.971669|   -0.000003|    0.008332|
|        3089|    0.141000|  1.3870e-01|   -9.000735|   -8.971590|   -0.000003|    0.008332|
|        3090|    0.135000|  1.3870e-01|   -9.000741|   -8.971510|   -0.000003|    0.008332|
|        3091|    0.142000|  1.3870e-01|   -9.000746|   -8.971431|   -0.000003|    0.008332|
|        3092|    0.139000|  1.3870e-01|   -9.000751|   -8.971352|   -0.000003|    0.008332|
|        3093|    0.140000|  1.3870e-01|   -9.000757|   -8.971273|   -0.000003|    0.008332|
|        3094|    0.141000|  1.3870e-01|   -9.000762|   -8.971193|   -0.000003|    0.008332|
|        3095|    0.137000|  1.3870e-01|   -9.000768|   -8.971114|   -0.000003|    0.008332|
|        3096|    0.139000|  1.3870e-01|   -9.000773|   -8.971035|   -0.000003|    0.008332|
|        3097|    0.151000|  1.3871e-01|   -9.000779|   -8.970956|   -0.000003|    0.008331|
|        3098|    0.130000|  1.3870e-01|   -9.000784|   -8.970877|   -0.000003|    0.008331|
|        3099|    0.140000|  1.3870e-01|   -9.000790|   -8.970798|   -0.000003|    0.008331|
|        3100|    0.135000|  1.3870e-01|   -9.000795|   -8.970719|   -0.000003|    0.008331|
|        3101|    0.148000|  1.3871e-01|   -9.000801|   -8.970641|   -0.000003|    0.008331|
|        3102|    0.137000|  1.3870e-01|   -9.000807|   -8.970562|   -0.000003|    0.008331|
|        3103|    0.146000|  1.3871e-01|   -9.000812|   -8.970483|   -0.000003|    0.008331|
|        3104|    0.134000|  1.3871e-01|   -9.000818|   -8.970405|   -0.000003|    0.008331|
|        3105|    0.145000|  1.3871e-01|   -9.000824|   -8.970326|   -0.000003|    0.008331|
|        3106|    0.148000|  1.3871e-01|   -9.000830|   -8.970248|   -0.000003|    0.008331|
|        3107|    0.140000|  1.3871e-01|   -9.000835|   -8.970169|   -0.000003|    0.008331|
|        3108|    0.135000|  1.3871e-01|   -9.000841|   -8.970091|   -0.000003|    0.008331|
|        3109|    0.136000|  1.3871e-01|   -9.000847|   -8.970012|   -0.000003|    0.008331|
|        3110|    0.143000|  1.3871e-01|   -9.000853|   -8.969934|   -0.000003|    0.008331|
|        3111|    0.138000|  1.3871e-01|   -9.000858|   -8.969856|   -0.000003|    0.008331|
|        3112|    0.138000|  1.3871e-01|   -9.000864|   -8.969778|   -0.000003|    0.008331|
|        3113|    0.138000|  1.3871e-01|   -9.000870|   -8.969700|   -0.000003|    0.008331|
|        3114|    0.145000|  1.3871e-01|   -9.000875|   -8.969622|   -0.000003|    0.008331|
|        3115|    0.144000|  1.3871e-01|   -9.000881|   -8.969544|   -0.000003|    0.008330|
|        3116|    0.144000|  1.3872e-01|   -9.000887|   -8.969466|   -0.000003|    0.008330|
|        3117|    0.145000|  1.3872e-01|   -9.000892|   -8.969388|   -0.000003|    0.008330|
|        3118|    0.131000|  1.3871e-01|   -9.000898|   -8.969311|   -0.000003|    0.008330|
|        3119|    0.164000|  1.3872e-01|   -9.000903|   -8.969233|   -0.000003|    0.008330|
|        3120|    0.138000|  1.3872e-01|   -9.000909|   -8.969155|   -0.000003|    0.008330|
|        3121|    0.149000|  1.3873e-01|   -9.000914|   -8.969078|   -0.000003|    0.008330|
|        3122|    0.142000|  1.3873e-01|   -9.000919|   -8.969000|   -0.000003|    0.008330|
|        3123|    0.130000|  1.3872e-01|   -9.000925|   -8.968923|   -0.000003|    0.008330|
|        3124|    0.137000|  1.3872e-01|   -9.000930|   -8.968845|   -0.000003|    0.008330|
|        3125|    0.135000|  1.3872e-01|   -9.000935|   -8.968768|   -0.000003|    0.008330|
|        3126|    0.141000|  1.3872e-01|   -9.000940|   -8.968691|   -0.000003|    0.008330|
|        3127|    0.140000|  1.3872e-01|   -9.000945|   -8.968613|   -0.000003|    0.008330|
|        3128|    0.141000|  1.3872e-01|   -9.000950|   -8.968536|   -0.000003|    0.008330|
|        3129|    0.136000|  1.3872e-01|   -9.000955|   -8.968459|   -0.000003|    0.008330|
|        3130|    0.141000|  1.3872e-01|   -9.000959|   -8.968382|   -0.000003|    0.008330|
|        3131|    0.131000|  1.3872e-01|   -9.000964|   -8.968305|   -0.000003|    0.008330|
|        3132|    0.139000|  1.3872e-01|   -9.000969|   -8.968229|   -0.000003|    0.008329|
|        3133|    0.156000|  1.3873e-01|   -9.000973|   -8.968152|   -0.000003|    0.008329|
|        3134|    0.160000|  1.3873e-01|   -9.000978|   -8.968075|   -0.000003|    0.008329|
|        3135|    0.147000|  1.3874e-01|   -9.000982|   -8.967998|   -0.000003|    0.008329|
|        3136|    0.160000|  1.3874e-01|   -9.000987|   -8.967922|   -0.000003|    0.008329|
|        3137|    0.156000|  1.3875e-01|   -9.000991|   -8.967845|   -0.000003|    0.008329|
|        3138|    0.159000|  1.3876e-01|   -9.000995|   -8.967769|   -0.000003|    0.008329|
|        3139|    0.158000|  1.3876e-01|   -9.000999|   -8.967693|   -0.000003|    0.008329|
|        3140|    0.152000|  1.3877e-01|   -9.001003|   -8.967616|   -0.000003|    0.008329|
|        3141|    0.145000|  1.3877e-01|   -9.001008|   -8.967540|   -0.000003|    0.008329|
|        3142|    0.150000|  1.3877e-01|   -9.001012|   -8.967464|   -0.000003|    0.008329|
|        3143|    0.156000|  1.3878e-01|   -9.001015|   -8.967388|   -0.000003|    0.008329|
|        3144|    0.143000|  1.3878e-01|   -9.001019|   -8.967312|   -0.000003|    0.008329|
|        3145|    0.129000|  1.3877e-01|   -9.001023|   -8.967236|   -0.000003|    0.008329|
|        3146|    0.142000|  1.3878e-01|   -9.001027|   -8.967160|   -0.000003|    0.008329|
|        3147|    0.148000|  1.3878e-01|   -9.001031|   -8.967084|   -0.000003|    0.008329|
|        3148|    0.140000|  1.3878e-01|   -9.001034|   -8.967009|   -0.000003|    0.008329|
|        3149|    0.164000|  1.3879e-01|   -9.001038|   -8.966933|   -0.000003|    0.008329|
|        3150|    0.151000|  1.3879e-01|   -9.001042|   -8.966857|   -0.000003|    0.008328|
|        3151|    0.177000|  1.3880e-01|   -9.001045|   -8.966782|   -0.000003|    0.008328|
|        3152|    0.173000|  1.3881e-01|   -9.001049|   -8.966706|   -0.000003|    0.008328|
|        3153|    0.147000|  1.3882e-01|   -9.001052|   -8.966630|   -0.000003|    0.008328|
|        3154|    0.133000|  1.3881e-01|   -9.001056|   -8.966554|   -0.000003|    0.008328|
|        3155|    0.127000|  1.3881e-01|   -9.001059|   -8.966478|   -0.000003|    0.008328|
|        3156|    0.128000|  1.3881e-01|   -9.001063|   -8.966402|   -0.000003|    0.008328|
|        3157|    0.136000|  1.3881e-01|   -9.001066|   -8.966326|   -0.000003|    0.008328|
|        3158|    0.159000|  1.3881e-01|   -9.001069|   -8.966250|   -0.000003|    0.008328|
|        3159|    0.165000|  1.3882e-01|   -9.001073|   -8.966175|   -0.000003|    0.008328|
|        3160|    0.136000|  1.3882e-01|   -9.001076|   -8.966099|   -0.000003|    0.008328|
|        3161|    0.138000|  1.3882e-01|   -9.001079|   -8.966024|   -0.000003|    0.008328|
|        3162|    0.143000|  1.3882e-01|   -9.001082|   -8.965948|   -0.000003|    0.008328|
|        3163|    0.127000|  1.3882e-01|   -9.001086|   -8.965873|   -0.000003|    0.008328|
|        3164|    0.121000|  1.3881e-01|   -9.001089|   -8.965797|   -0.000003|    0.008328|
|        3165|    0.122000|  1.3881e-01|   -9.001092|   -8.965722|   -0.000003|    0.008328|
|        3166|    0.123000|  1.3880e-01|   -9.001095|   -8.965646|   -0.000003|    0.008328|
|        3167|    0.138000|  1.3880e-01|   -9.001098|   -8.965570|   -0.000003|    0.008328|
|        3168|    0.141000|  1.3880e-01|   -9.001101|   -8.965495|   -0.000003|    0.008328|
|        3169|    0.144000|  1.3880e-01|   -9.001104|   -8.965419|   -0.000003|    0.008327|
|        3170|    0.134000|  1.3880e-01|   -9.001107|   -8.965343|   -0.000003|    0.008327|
|        3171|    0.129000|  1.3880e-01|   -9.001110|   -8.965267|   -0.000003|    0.008327|
|        3172|    0.132000|  1.3880e-01|   -9.001113|   -8.965192|   -0.000003|    0.008327|
|        3173|    0.175000|  1.3881e-01|   -9.001116|   -8.965116|   -0.000003|    0.008327|
|        3174|    0.169000|  1.3882e-01|   -9.001118|   -8.965041|   -0.000003|    0.008327|
|        3175|    0.147000|  1.3882e-01|   -9.001121|   -8.964965|   -0.000003|    0.008327|
|        3176|    0.132000|  1.3882e-01|   -9.001124|   -8.964890|   -0.000003|    0.008327|
|        3177|    0.140000|  1.3882e-01|   -9.001127|   -8.964814|   -0.000003|    0.008327|
|        3178|    0.154000|  1.3882e-01|   -9.001130|   -8.964739|   -0.000003|    0.008327|
|        3179|    0.175000|  1.3884e-01|   -9.001132|   -8.964664|   -0.000003|    0.008327|
|        3180|    0.133000|  1.3883e-01|   -9.001135|   -8.964589|   -0.000003|    0.008327|
|        3181|    0.159000|  1.3884e-01|   -9.001138|   -8.964514|   -0.000003|    0.008327|
|        3182|    0.152000|  1.3884e-01|   -9.001141|   -8.964439|   -0.000003|    0.008327|
|        3183|    0.154000|  1.3885e-01|   -9.001143|   -8.964364|   -0.000003|    0.008327|
|        3184|    0.174000|  1.3886e-01|   -9.001146|   -8.964289|   -0.000003|    0.008327|
|        3185|    0.164000|  1.3887e-01|   -9.001149|   -8.964214|   -0.000003|    0.008327|
|        3186|    0.162000|  1.3887e-01|   -9.001152|   -8.964140|   -0.000003|    0.008327|
|        3187|    0.156000|  1.3888e-01|   -9.001154|   -8.964065|   -0.000003|    0.008326|
|        3188|    0.144000|  1.3888e-01|   -9.001157|   -8.963990|   -0.000003|    0.008326|
|        3189|    0.184000|  1.3890e-01|   -9.001160|   -8.963916|   -0.000003|    0.008326|
|        3190|    0.179000|  1.3891e-01|   -9.001163|   -8.963841|   -0.000003|    0.008326|
|        3191|    0.168000|  1.3892e-01|   -9.001165|   -8.963767|   -0.000003|    0.008326|
|        3192|    0.178000|  1.3893e-01|   -9.001168|   -8.963692|   -0.000003|    0.008326|
|        3193|    0.176000|  1.3894e-01|   -9.001171|   -8.963618|   -0.000003|    0.008326|
|        3194|    0.170000|  1.3895e-01|   -9.001174|   -8.963543|   -0.000003|    0.008326|
|        3195|    0.186000|  1.3897e-01|   -9.001177|   -8.963469|   -0.000003|    0.008326|
|        3196|    0.177000|  1.3898e-01|   -9.001179|   -8.963395|   -0.000003|    0.008326|
|        3197|    0.182000|  1.3899e-01|   -9.001182|   -8.963321|   -0.000003|    0.008326|
|        3198|    0.171000|  1.3900e-01|   -9.001185|   -8.963247|   -0.000003|    0.008326|
|        3199|    0.171000|  1.3901e-01|   -9.001188|   -8.963173|   -0.000003|    0.008326|
|        3200|    0.205000|  1.3903e-01|   -9.001191|   -8.963099|   -0.000003|    0.008326|
|        3201|    0.189000|  1.3905e-01|   -9.001194|   -8.963025|   -0.000003|    0.008326|
|        3202|    0.192000|  1.3906e-01|   -9.001197|   -8.962951|   -0.000003|    0.008326|
|        3203|    0.186000|  1.3908e-01|   -9.001200|   -8.962877|   -0.000003|    0.008326|
|        3204|    0.166000|  1.3909e-01|   -9.001203|   -8.962804|   -0.000003|    0.008326|
|        3205|    0.187000|  1.3910e-01|   -9.001206|   -8.962730|   -0.000003|    0.008326|
|        3206|    0.195000|  1.3912e-01|   -9.001209|   -8.962656|   -0.000003|    0.008325|
|        3207|    0.195000|  1.3914e-01|   -9.001212|   -8.962583|   -0.000003|    0.008325|
|        3208|    0.187000|  1.3915e-01|   -9.001216|   -8.962509|   -0.000003|    0.008325|
|        3209|    0.186000|  1.3917e-01|   -9.001219|   -8.962436|   -0.000003|    0.008325|
|        3210|    0.192000|  1.3918e-01|   -9.001222|   -8.962363|   -0.000003|    0.008325|
|        3211|    0.203000|  1.3920e-01|   -9.001225|   -8.962289|   -0.000003|    0.008325|
|        3212|    0.192000|  1.3922e-01|   -9.001228|   -8.962216|   -0.000003|    0.008325|
|        3213|    0.185000|  1.3923e-01|   -9.001232|   -8.962143|   -0.000003|    0.008325|
|        3214|    0.190000|  1.3925e-01|   -9.001235|   -8.962070|   -0.000003|    0.008325|
|        3215|    0.200000|  1.3927e-01|   -9.001238|   -8.961997|   -0.000003|    0.008325|
|        3216|    0.194000|  1.3929e-01|   -9.001241|   -8.961924|   -0.000003|    0.008325|
|        3217|    0.202000|  1.3930e-01|   -9.001245|   -8.961851|   -0.000003|    0.008325|
|        3218|    0.191000|  1.3932e-01|   -9.001248|   -8.961778|   -0.000003|    0.008325|
|        3219|    0.201000|  1.3934e-01|   -9.001251|   -8.961706|   -0.000003|    0.008325|
|        3220|    0.204000|  1.3936e-01|   -9.001255|   -8.961633|   -0.000003|    0.008325|
|        3221|    0.180000|  1.3937e-01|   -9.001258|   -8.961560|   -0.000003|    0.008325|
|        3222|    0.187000|  1.3939e-01|   -9.001261|   -8.961488|   -0.000003|    0.008325|
|        3223|    0.202000|  1.3941e-01|   -9.001265|   -8.961415|   -0.000003|    0.008325|
|        3224|    0.192000|  1.3942e-01|   -9.001268|   -8.961343|   -0.000003|    0.008324|
|        3225|    0.180000|  1.3944e-01|   -9.001271|   -8.961271|   -0.000003|    0.008324|
|        3226|    0.196000|  1.3945e-01|   -9.001274|   -8.961199|   -0.000003|    0.008324|
|        3227|    0.200000|  1.3947e-01|   -9.001278|   -8.961127|   -0.000003|    0.008324|
|        3228|    0.206000|  1.3949e-01|   -9.001281|   -8.961055|   -0.000003|    0.008324|
|        3229|    0.195000|  1.3951e-01|   -9.001284|   -8.960983|   -0.000003|    0.008324|
|        3230|    0.205000|  1.3953e-01|   -9.001287|   -8.960911|   -0.000003|    0.008324|
|        3231|    0.192000|  1.3955e-01|   -9.001291|   -8.960839|   -0.000003|    0.008324|
|        3232|    0.182000|  1.3956e-01|   -9.001294|   -8.960767|   -0.000003|    0.008324|
|        3233|    0.178000|  1.3957e-01|   -9.001297|   -8.960695|   -0.000003|    0.008324|
|        3234|    0.191000|  1.3959e-01|   -9.001300|   -8.960624|   -0.000003|    0.008324|
|        3235|    0.178000|  1.3960e-01|   -9.001303|   -8.960552|   -0.000003|    0.008324|
|        3236|    0.176000|  1.3961e-01|   -9.001306|   -8.960481|   -0.000003|    0.008324|
|        3237|    0.185000|  1.3962e-01|   -9.001310|   -8.960409|   -0.000003|    0.008324|
|        3238|    0.192000|  1.3964e-01|   -9.001313|   -8.960338|   -0.000003|    0.008324|
|        3239|    0.194000|  1.3966e-01|   -9.001316|   -8.960267|   -0.000003|    0.008324|
|        3240|    0.179000|  1.3967e-01|   -9.001319|   -8.960196|   -0.000003|    0.008324|
|        3241|    0.174000|  1.3968e-01|   -9.001322|   -8.960124|   -0.000003|    0.008324|
|        3242|    0.180000|  1.3969e-01|   -9.001325|   -8.960053|   -0.000003|    0.008324|
|        3243|    0.200000|  1.3971e-01|   -9.001328|   -8.959982|   -0.000003|    0.008323|
|        3244|    0.183000|  1.3972e-01|   -9.001331|   -8.959912|   -0.000003|    0.008323|
|        3245|    0.194000|  1.3974e-01|   -9.001334|   -8.959841|   -0.000003|    0.008323|
|        3246|    0.190000|  1.3976e-01|   -9.001337|   -8.959770|   -0.000003|    0.008323|
|        3247|    0.187000|  1.3977e-01|   -9.001340|   -8.959699|   -0.000003|    0.008323|
|        3248|    0.180000|  1.3978e-01|   -9.001343|   -8.959629|   -0.000003|    0.008323|
|        3249|    0.183000|  1.3980e-01|   -9.001346|   -8.959558|   -0.000003|    0.008323|
|        3250|    0.197000|  1.3981e-01|   -9.001349|   -8.959488|   -0.000003|    0.008323|
+-----------------------------------------------------------------------+
|        File Writing Summary       |              Filename             |
+-----------------------------------------------------------------------+
|SU2 binary restart                 |restart_flow_alpha0_449x129.dat    |
|Paraview                           |flow_alpha0_449x129.vtu            |
|Paraview surface                   |surface_flow_alpha0_449x129.vtu    |
+-----------------------------------------------------------------------+
+------------------------------------------------------------------------------------------+
|  Inner_Iter|   Time(sec)|   Time(sec)|      rms[P]|     rms[nu]|          CL|          CD|
+------------------------------------------------------------------------------------------+
|        3251|    0.243000|  1.3985e-01|   -9.001352|   -8.959417|   -0.000003|    0.008323|
|        3252|    0.151000|  1.3985e-01|   -9.001355|   -8.959347|   -0.000003|    0.008323|
|        3253|    0.159000|  1.3986e-01|   -9.001358|   -8.959277|   -0.000003|    0.008323|
|        3254|    0.183000|  1.3987e-01|   -9.001361|   -8.959206|   -0.000003|    0.008323|
|        3255|    0.182000|  1.3988e-01|   -9.001364|   -8.959136|   -0.000003|    0.008323|
|        3256|    0.183000|  1.3989e-01|   -9.001367|   -8.959066|   -0.000003|    0.008323|
|        3257|    0.188000|  1.3991e-01|   -9.001370|   -8.958996|   -0.000003|    0.008323|
|        3258|    0.183000|  1.3992e-01|   -9.001373|   -8.958926|   -0.000003|    0.008323|
|        3259|    0.175000|  1.3993e-01|   -9.001376|   -8.958856|   -0.000003|    0.008323|
|        3260|    0.190000|  1.3995e-01|   -9.001379|   -8.958786|   -0.000003|    0.008323|
|        3261|    0.197000|  1.3997e-01|   -9.001382|   -8.958716|   -0.000003|    0.008323|
|        3262|    0.193000|  1.3998e-01|   -9.001385|   -8.958647|   -0.000003|    0.008323|
|        3263|    0.190000|  1.4000e-01|   -9.001388|   -8.958577|   -0.000003|    0.008322|
|        3264|    0.187000|  1.4001e-01|   -9.001391|   -8.958507|   -0.000003|    0.008322|
|        3265|    0.195000|  1.4003e-01|   -9.001394|   -8.958438|   -0.000003|    0.008322|
|        3266|    0.201000|  1.4005e-01|   -9.001398|   -8.958368|   -0.000003|    0.008322|
|        3267|    0.171000|  1.4006e-01|   -9.001401|   -8.958299|   -0.000003|    0.008322|
|        3268|    0.189000|  1.4007e-01|   -9.001404|   -8.958229|   -0.000003|    0.008322|
|        3269|    0.194000|  1.4009e-01|   -9.001408|   -8.958160|   -0.000003|    0.008322|
|        3270|    0.203000|  1.4011e-01|   -9.001411|   -8.958091|   -0.000003|    0.008322|
|        3271|    0.192000|  1.4012e-01|   -9.001414|   -8.958022|   -0.000003|    0.008322|
|        3272|    0.177000|  1.4014e-01|   -9.001418|   -8.957952|   -0.000003|    0.008322|
|        3273|    0.159000|  1.4014e-01|   -9.001421|   -8.957883|   -0.000003|    0.008322|
|        3274|    0.151000|  1.4014e-01|   -9.001425|   -8.957814|   -0.000003|    0.008322|
|        3275|    0.141000|  1.4014e-01|   -9.001429|   -8.957745|   -0.000003|    0.008322|
|        3276|    0.150000|  1.4015e-01|   -9.001433|   -8.957676|   -0.000003|    0.008322|
|        3277|    0.153000|  1.4015e-01|   -9.001436|   -8.957607|   -0.000003|    0.008322|
|        3278|    0.159000|  1.4016e-01|   -9.001440|   -8.957539|   -0.000003|    0.008322|
|        3279|    0.155000|  1.4016e-01|   -9.001444|   -8.957470|   -0.000003|    0.008322|
|        3280|    0.167000|  1.4017e-01|   -9.001448|   -8.957401|   -0.000003|    0.008322|
|        3281|    0.166000|  1.4018e-01|   -9.001452|   -8.957332|   -0.000003|    0.008322|
|        3282|    0.167000|  1.4019e-01|   -9.001456|   -8.957264|   -0.000003|    0.008321|
|        3283|    0.176000|  1.4020e-01|   -9.001460|   -8.957195|   -0.000003|    0.008321|
|        3284|    0.168000|  1.4021e-01|   -9.001465|   -8.957126|   -0.000003|    0.008321|
|        3285|    0.164000|  1.4021e-01|   -9.001469|   -8.957057|   -0.000003|    0.008321|
|        3286|    0.153000|  1.4022e-01|   -9.001473|   -8.956988|   -0.000003|    0.008321|
|        3287|    0.146000|  1.4022e-01|   -9.001478|   -8.956920|   -0.000003|    0.008321|
|        3288|    0.149000|  1.4022e-01|   -9.001482|   -8.956851|   -0.000003|    0.008321|
|        3289|    0.150000|  1.4022e-01|   -9.001487|   -8.956782|   -0.000003|    0.008321|
|        3290|    0.153000|  1.4023e-01|   -9.001491|   -8.956714|   -0.000003|    0.008321|
|        3291|    0.149000|  1.4023e-01|   -9.001496|   -8.956645|   -0.000003|    0.008321|
|        3292|    0.159000|  1.4024e-01|   -9.001501|   -8.956577|   -0.000003|    0.008321|
|        3293|    0.156000|  1.4024e-01|   -9.001506|   -8.956508|   -0.000003|    0.008321|
|        3294|    0.150000|  1.4024e-01|   -9.001510|   -8.956440|   -0.000003|    0.008321|
|        3295|    0.152000|  1.4025e-01|   -9.001515|   -8.956371|   -0.000003|    0.008321|
|        3296|    0.161000|  1.4025e-01|   -9.001521|   -8.956303|   -0.000003|    0.008321|
|        3297|    0.149000|  1.4026e-01|   -9.001526|   -8.956235|   -0.000003|    0.008321|
|        3298|    0.152000|  1.4026e-01|   -9.001531|   -8.956166|   -0.000003|    0.008321|
|        3299|    0.161000|  1.4027e-01|   -9.001536|   -8.956098|   -0.000003|    0.008321|
|        3300|    0.172000|  1.4028e-01|   -9.001542|   -8.956030|   -0.000003|    0.008321|
|        3301|    0.169000|  1.4028e-01|   -9.001547|   -8.955962|   -0.000003|    0.008321|
|        3302|    0.176000|  1.4030e-01|   -9.001553|   -8.955894|   -0.000003|    0.008320|
|        3303|    0.169000|  1.4030e-01|   -9.001558|   -8.955826|   -0.000003|    0.008320|
|        3304|    0.167000|  1.4031e-01|   -9.001564|   -8.955758|   -0.000003|    0.008320|
|        3305|    0.166000|  1.4032e-01|   -9.001570|   -8.955690|   -0.000003|    0.008320|
|        3306|    0.165000|  1.4033e-01|   -9.001575|   -8.955623|   -0.000003|    0.008320|
|        3307|    0.162000|  1.4033e-01|   -9.001581|   -8.955555|   -0.000003|    0.008320|
|        3308|    0.166000|  1.4034e-01|   -9.001587|   -8.955487|   -0.000003|    0.008320|
|        3309|    0.155000|  1.4035e-01|   -9.001593|   -8.955419|   -0.000003|    0.008320|
|        3310|    0.164000|  1.4035e-01|   -9.001599|   -8.955351|   -0.000003|    0.008320|
|        3311|    0.153000|  1.4036e-01|   -9.001606|   -8.955283|   -0.000003|    0.008320|
|        3312|    0.160000|  1.4036e-01|   -9.001612|   -8.955215|   -0.000003|    0.008320|
|        3313|    0.164000|  1.4037e-01|   -9.001618|   -8.955147|   -0.000003|    0.008320|
|        3314|    0.166000|  1.4038e-01|   -9.001624|   -8.955079|   -0.000003|    0.008320|
|        3315|    0.156000|  1.4038e-01|   -9.001631|   -8.955011|   -0.000003|    0.008320|
|        3316|    0.144000|  1.4038e-01|   -9.001637|   -8.954943|   -0.000003|    0.008320|
|        3317|    0.144000|  1.4038e-01|   -9.001644|   -8.954875|   -0.000003|    0.008320|
|        3318|    0.151000|  1.4039e-01|   -9.001650|   -8.954807|   -0.000003|    0.008320|
|        3319|    0.144000|  1.4039e-01|   -9.001656|   -8.954740|   -0.000003|    0.008320|
|        3320|    0.158000|  1.4039e-01|   -9.001663|   -8.954672|   -0.000003|    0.008320|
|        3321|    0.165000|  1.4040e-01|   -9.001669|   -8.954604|   -0.000003|    0.008319|
|        3322|    0.143000|  1.4040e-01|   -9.001676|   -8.954537|   -0.000003|    0.008319|
|        3323|    0.158000|  1.4041e-01|   -9.001682|   -8.954469|   -0.000003|    0.008319|
|        3324|    0.151000|  1.4041e-01|   -9.001689|   -8.954402|   -0.000003|    0.008319|
|        3325|    0.141000|  1.4041e-01|   -9.001695|   -8.954334|   -0.000003|    0.008319|
|        3326|    0.156000|  1.4042e-01|   -9.001702|   -8.954267|   -0.000003|    0.008319|
|        3327|    0.174000|  1.4043e-01|   -9.001708|   -8.954199|   -0.000003|    0.008319|
|        3328|    0.175000|  1.4044e-01|   -9.001715|   -8.954132|   -0.000003|    0.008319|
|        3329|    0.153000|  1.4044e-01|   -9.001721|   -8.954065|   -0.000003|    0.008319|
|        3330|    0.137000|  1.4044e-01|   -9.001728|   -8.953998|   -0.000003|    0.008319|
|        3331|    0.133000|  1.4044e-01|   -9.001734|   -8.953930|   -0.000003|    0.008319|
|        3332|    0.140000|  1.4044e-01|   -9.001740|   -8.953863|   -0.000003|    0.008319|
|        3333|    0.140000|  1.4044e-01|   -9.001746|   -8.953796|   -0.000003|    0.008319|
|        3334|    0.144000|  1.4044e-01|   -9.001753|   -8.953729|   -0.000003|    0.008319|
|        3335|    0.137000|  1.4044e-01|   -9.001759|   -8.953663|   -0.000003|    0.008319|
|        3336|    0.138000|  1.4044e-01|   -9.001765|   -8.953596|   -0.000003|    0.008319|
|        3337|    0.133000|  1.4043e-01|   -9.001771|   -8.953529|   -0.000003|    0.008319|
|        3338|    0.136000|  1.4043e-01|   -9.001777|   -8.953462|   -0.000003|    0.008319|
|        3339|    0.147000|  1.4043e-01|   -9.001783|   -8.953396|   -0.000003|    0.008319|
|        3340|    0.152000|  1.4044e-01|   -9.001789|   -8.953329|   -0.000003|    0.008319|
|        3341|    0.142000|  1.4044e-01|   -9.001795|   -8.953262|   -0.000003|    0.008318|
|        3342|    0.136000|  1.4044e-01|   -9.001801|   -8.953196|   -0.000003|    0.008318|
|        3343|    0.164000|  1.4044e-01|   -9.001807|   -8.953129|   -0.000003|    0.008318|
|        3344|    0.151000|  1.4045e-01|   -9.001813|   -8.953063|   -0.000003|    0.008318|
|        3345|    0.151000|  1.4045e-01|   -9.001818|   -8.952996|   -0.000003|    0.008318|
|        3346|    0.147000|  1.4045e-01|   -9.001824|   -8.952930|   -0.000003|    0.008318|
|        3347|    0.146000|  1.4045e-01|   -9.001830|   -8.952864|   -0.000003|    0.008318|
|        3348|    0.163000|  1.4046e-01|   -9.001836|   -8.952797|   -0.000003|    0.008318|
|        3349|    0.144000|  1.4046e-01|   -9.001843|   -8.952731|   -0.000003|    0.008318|
|        3350|    0.159000|  1.4047e-01|   -9.001849|   -8.952665|   -0.000003|    0.008318|
|        3351|    0.135000|  1.4047e-01|   -9.001855|   -8.952599|   -0.000003|    0.008318|
|        3352|    0.149000|  1.4047e-01|   -9.001861|   -8.952532|   -0.000003|    0.008318|
|        3353|    0.154000|  1.4047e-01|   -9.001867|   -8.952466|   -0.000003|    0.008318|
|        3354|    0.161000|  1.4048e-01|   -9.001874|   -8.952400|   -0.000003|    0.008318|
|        3355|    0.157000|  1.4048e-01|   -9.001880|   -8.952334|   -0.000003|    0.008318|
|        3356|    0.143000|  1.4048e-01|   -9.001887|   -8.952268|   -0.000003|    0.008318|
|        3357|    0.152000|  1.4049e-01|   -9.001893|   -8.952202|   -0.000003|    0.008318|
|        3358|    0.137000|  1.4049e-01|   -9.001900|   -8.952136|   -0.000003|    0.008318|
|        3359|    0.148000|  1.4049e-01|   -9.001907|   -8.952071|   -0.000003|    0.008318|
|        3360|    0.165000|  1.4050e-01|   -9.001914|   -8.952005|   -0.000003|    0.008318|
|        3361|    0.138000|  1.4049e-01|   -9.001921|   -8.951939|   -0.000003|    0.008317|
|        3362|    0.153000|  1.4050e-01|   -9.001928|   -8.951874|   -0.000003|    0.008317|
|        3363|    0.149000|  1.4050e-01|   -9.001936|   -8.951808|   -0.000003|    0.008317|
|        3364|    0.159000|  1.4051e-01|   -9.001943|   -8.951743|   -0.000003|    0.008317|
|        3365|    0.135000|  1.4051e-01|   -9.001951|   -8.951677|   -0.000003|    0.008317|
|        3366|    0.136000|  1.4050e-01|   -9.001959|   -8.951612|   -0.000003|    0.008317|
|        3367|    0.144000|  1.4050e-01|   -9.001967|   -8.951547|   -0.000003|    0.008317|
|        3368|    0.166000|  1.4051e-01|   -9.001975|   -8.951481|   -0.000003|    0.008317|
|        3369|    0.152000|  1.4052e-01|   -9.001983|   -8.951416|   -0.000003|    0.008317|
|        3370|    0.155000|  1.4052e-01|   -9.001991|   -8.951350|   -0.000003|    0.008317|
|        3371|    0.155000|  1.4052e-01|   -9.001999|   -8.951285|   -0.000003|    0.008317|
|        3372|    0.175000|  1.4053e-01|   -9.002008|   -8.951220|   -0.000003|    0.008317|
|        3373|    0.182000|  1.4055e-01|   -9.002017|   -8.951155|   -0.000003|    0.008317|
|        3374|    0.180000|  1.4056e-01|   -9.002025|   -8.951089|   -0.000003|    0.008317|
|        3375|    0.174000|  1.4057e-01|   -9.002034|   -8.951024|   -0.000003|    0.008317|
|        3376|    0.184000|  1.4058e-01|   -9.002043|   -8.950959|   -0.000003|    0.008317|
|        3377|    0.172000|  1.4059e-01|   -9.002053|   -8.950893|   -0.000003|    0.008317|
|        3378|    0.185000|  1.4060e-01|   -9.002062|   -8.950828|   -0.000003|    0.008317|
|        3379|    0.182000|  1.4062e-01|   -9.002072|   -8.950763|   -0.000003|    0.008317|
|        3380|    0.164000|  1.4062e-01|   -9.002081|   -8.950697|   -0.000003|    0.008317|
|        3381|    0.174000|  1.4063e-01|   -9.002091|   -8.950632|   -0.000003|    0.008317|
|        3382|    0.178000|  1.4064e-01|   -9.002101|   -8.950567|   -0.000003|    0.008316|
|        3383|    0.165000|  1.4065e-01|   -9.002111|   -8.950502|   -0.000003|    0.008316|
|        3384|    0.176000|  1.4066e-01|   -9.002121|   -8.950436|   -0.000003|    0.008316|
|        3385|    0.174000|  1.4067e-01|   -9.002131|   -8.950371|   -0.000003|    0.008316|
|        3386|    0.185000|  1.4068e-01|   -9.002141|   -8.950306|   -0.000003|    0.008316|
|        3387|    0.164000|  1.4069e-01|   -9.002152|   -8.950241|   -0.000003|    0.008316|
|        3388|    0.142000|  1.4069e-01|   -9.002162|   -8.950176|   -0.000003|    0.008316|
|        3389|    0.130000|  1.4069e-01|   -9.002173|   -8.950111|   -0.000003|    0.008316|
|        3390|    0.122000|  1.4068e-01|   -9.002183|   -8.950046|   -0.000003|    0.008316|
|        3391|    0.118000|  1.4068e-01|   -9.002194|   -8.949981|   -0.000003|    0.008316|
|        3392|    0.116000|  1.4067e-01|   -9.002205|   -8.949916|   -0.000003|    0.008316|
|        3393|    0.101000|  1.4066e-01|   -9.002216|   -8.949851|   -0.000003|    0.008316|
|        3394|    0.093000|  1.4064e-01|   -9.002227|   -8.949786|   -0.000003|    0.008316|
|        3395|    0.092000|  1.4063e-01|   -9.002238|   -8.949721|   -0.000003|    0.008316|
|        3396|    0.086000|  1.4061e-01|   -9.002249|   -8.949656|   -0.000003|    0.008316|
|        3397|    0.086000|  1.4060e-01|   -9.002260|   -8.949591|   -0.000003|    0.008316|
|        3398|    0.084000|  1.4058e-01|   -9.002271|   -8.949526|   -0.000003|    0.008316|
|        3399|    0.087000|  1.4056e-01|   -9.002282|   -8.949462|   -0.000003|    0.008316|
|        3400|    0.090000|  1.4055e-01|   -9.002294|   -8.949397|   -0.000003|    0.008316|
|        3401|    0.087000|  1.4053e-01|   -9.002305|   -8.949332|   -0.000003|    0.008316|
|        3402|    0.085000|  1.4052e-01|   -9.002316|   -8.949268|   -0.000003|    0.008315|
|        3403|    0.081000|  1.4050e-01|   -9.002328|   -8.949203|   -0.000003|    0.008315|
|        3404|    0.084000|  1.4048e-01|   -9.002339|   -8.949139|   -0.000003|    0.008315|
|        3405|    0.078000|  1.4047e-01|   -9.002351|   -8.949074|   -0.000003|    0.008315|
|        3406|    0.080000|  1.4045e-01|   -9.002362|   -8.949010|   -0.000003|    0.008315|
|        3407|    0.081000|  1.4043e-01|   -9.002374|   -8.948945|   -0.000003|    0.008315|
|        3408|    0.084000|  1.4041e-01|   -9.002385|   -8.948880|   -0.000003|    0.008315|
|        3409|    0.080000|  1.4040e-01|   -9.002397|   -8.948816|   -0.000003|    0.008315|
|        3410|    0.085000|  1.4038e-01|   -9.002408|   -8.948751|   -0.000003|    0.008315|
|        3411|    0.082000|  1.4036e-01|   -9.002420|   -8.948687|   -0.000003|    0.008315|
|        3412|    0.084000|  1.4035e-01|   -9.002431|   -8.948622|   -0.000003|    0.008315|
|        3413|    0.083000|  1.4033e-01|   -9.002443|   -8.948558|   -0.000003|    0.008315|
|        3414|    0.086000|  1.4031e-01|   -9.002454|   -8.948494|   -0.000003|    0.008315|
|        3415|    0.079000|  1.4030e-01|   -9.002466|   -8.948430|   -0.000003|    0.008315|
|        3416|    0.079000|  1.4028e-01|   -9.002477|   -8.948365|   -0.000003|    0.008315|
|        3417|    0.086000|  1.4026e-01|   -9.002489|   -8.948301|   -0.000003|    0.008315|
|        3418|    0.080000|  1.4024e-01|   -9.002500|   -8.948237|   -0.000003|    0.008315|
|        3419|    0.077000|  1.4023e-01|   -9.002512|   -8.948173|   -0.000003|    0.008315|
|        3420|    0.075000|  1.4021e-01|   -9.002523|   -8.948110|   -0.000003|    0.008315|
|        3421|    0.077000|  1.4019e-01|   -9.002535|   -8.948046|   -0.000003|    0.008315|
|        3422|    0.077000|  1.4017e-01|   -9.002546|   -8.947982|   -0.000003|    0.008315|
|        3423|    0.084000|  1.4015e-01|   -9.002558|   -8.947918|   -0.000003|    0.008314|
|        3424|    0.077000|  1.4013e-01|   -9.002569|   -8.947854|   -0.000003|    0.008314|
|        3425|    0.081000|  1.4012e-01|   -9.002581|   -8.947791|   -0.000003|    0.008314|
|        3426|    0.082000|  1.4010e-01|   -9.002592|   -8.947727|   -0.000003|    0.008314|
|        3427|    0.085000|  1.4008e-01|   -9.002603|   -8.947664|   -0.000003|    0.008314|
|        3428|    0.084000|  1.4007e-01|   -9.002615|   -8.947600|   -0.000003|    0.008314|
|        3429|    0.085000|  1.4005e-01|   -9.002626|   -8.947537|   -0.000003|    0.008314|
|        3430|    0.083000|  1.4003e-01|   -9.002637|   -8.947474|   -0.000003|    0.008314|
|        3431|    0.091000|  1.4002e-01|   -9.002648|   -8.947410|   -0.000003|    0.008314|
|        3432|    0.085000|  1.4000e-01|   -9.002660|   -8.947347|   -0.000003|    0.008314|
|        3433|    0.086000|  1.3999e-01|   -9.002671|   -8.947284|   -0.000003|    0.008314|
|        3434|    0.084000|  1.3997e-01|   -9.002682|   -8.947221|   -0.000003|    0.008314|
|        3435|    0.086000|  1.3996e-01|   -9.002693|   -8.947157|   -0.000003|    0.008314|
|        3436|    0.083000|  1.3994e-01|   -9.002704|   -8.947094|   -0.000003|    0.008314|
|        3437|    0.084000|  1.3992e-01|   -9.002715|   -8.947031|   -0.000003|    0.008314|
|        3438|    0.080000|  1.3991e-01|   -9.002726|   -8.946968|   -0.000003|    0.008314|
|        3439|    0.085000|  1.3989e-01|   -9.002737|   -8.946906|   -0.000003|    0.008314|
|        3440|    0.080000|  1.3987e-01|   -9.002748|   -8.946843|   -0.000003|    0.008314|
|        3441|    0.081000|  1.3986e-01|   -9.002758|   -8.946780|   -0.000003|    0.008314|
|        3442|    0.080000|  1.3984e-01|   -9.002769|   -8.946717|   -0.000003|    0.008314|
|        3443|    0.080000|  1.3982e-01|   -9.002780|   -8.946655|   -0.000003|    0.008314|
|        3444|    0.088000|  1.3981e-01|   -9.002791|   -8.946592|   -0.000003|    0.008313|
|        3445|    0.085000|  1.3979e-01|   -9.002801|   -8.946530|   -0.000003|    0.008313|
|        3446|    0.085000|  1.3977e-01|   -9.002812|   -8.946467|   -0.000003|    0.008313|
|        3447|    0.086000|  1.3976e-01|   -9.002822|   -8.946405|   -0.000003|    0.008313|
|        3448|    0.098000|  1.3975e-01|   -9.002833|   -8.946342|   -0.000003|    0.008313|
|        3449|    0.081000|  1.3973e-01|   -9.002843|   -8.946280|   -0.000003|    0.008313|
|        3450|    0.078000|  1.3971e-01|   -9.002854|   -8.946218|   -0.000003|    0.008313|
|        3451|    0.083000|  1.3970e-01|   -9.002864|   -8.946155|   -0.000003|    0.008313|
|        3452|    0.081000|  1.3968e-01|   -9.002875|   -8.946093|   -0.000003|    0.008313|
|        3453|    0.077000|  1.3966e-01|   -9.002885|   -8.946031|   -0.000003|    0.008313|
|        3454|    0.087000|  1.3965e-01|   -9.002895|   -8.945969|   -0.000003|    0.008313|
|        3455|    0.080000|  1.3963e-01|   -9.002906|   -8.945907|   -0.000003|    0.008313|
|        3456|    0.083000|  1.3961e-01|   -9.002916|   -8.945844|   -0.000003|    0.008313|
|        3457|    0.083000|  1.3960e-01|   -9.002926|   -8.945782|   -0.000003|    0.008313|
|        3458|    0.081000|  1.3958e-01|   -9.002936|   -8.945720|   -0.000003|    0.008313|
|        3459|    0.078000|  1.3956e-01|   -9.002946|   -8.945658|   -0.000003|    0.008313|
|        3460|    0.082000|  1.3954e-01|   -9.002956|   -8.945596|   -0.000003|    0.008313|
|        3461|    0.081000|  1.3953e-01|   -9.002967|   -8.945533|   -0.000003|    0.008313|
|        3462|    0.081000|  1.3951e-01|   -9.002977|   -8.945471|   -0.000003|    0.008313|
|        3463|    0.083000|  1.3949e-01|   -9.002987|   -8.945408|   -0.000003|    0.008313|
|        3464|    0.079000|  1.3948e-01|   -9.002997|   -8.945346|   -0.000003|    0.008313|
|        3465|    0.079000|  1.3946e-01|   -9.003007|   -8.945283|   -0.000003|    0.008312|
|        3466|    0.082000|  1.3944e-01|   -9.003017|   -8.945221|   -0.000003|    0.008312|
|        3467|    0.078000|  1.3942e-01|   -9.003027|   -8.945159|   -0.000003|    0.008312|
|        3468|    0.079000|  1.3941e-01|   -9.003036|   -8.945096|   -0.000003|    0.008312|
|        3469|    0.082000|  1.3939e-01|   -9.003046|   -8.945034|   -0.000003|    0.008312|
|        3470|    0.083000|  1.3937e-01|   -9.003056|   -8.944972|   -0.000003|    0.008312|
|        3471|    0.083000|  1.3936e-01|   -9.003066|   -8.944910|   -0.000003|    0.008312|
|        3472|    0.078000|  1.3934e-01|   -9.003076|   -8.944848|   -0.000003|    0.008312|
|        3473|    0.081000|  1.3932e-01|   -9.003086|   -8.944786|   -0.000003|    0.008312|
|        3474|    0.081000|  1.3931e-01|   -9.003095|   -8.944724|   -0.000003|    0.008312|
|        3475|    0.081000|  1.3929e-01|   -9.003105|   -8.944661|   -0.000003|    0.008312|
|        3476|    0.087000|  1.3927e-01|   -9.003115|   -8.944599|   -0.000003|    0.008312|
|        3477|    0.088000|  1.3926e-01|   -9.003125|   -8.944537|   -0.000003|    0.008312|
|        3478|    0.089000|  1.3925e-01|   -9.003134|   -8.944475|   -0.000003|    0.008312|
|        3479|    0.089000|  1.3923e-01|   -9.003144|   -8.944413|   -0.000003|    0.008312|
|        3480|    0.086000|  1.3922e-01|   -9.003154|   -8.944351|   -0.000003|    0.008312|
|        3481|    0.083000|  1.3920e-01|   -9.003164|   -8.944290|   -0.000003|    0.008312|
|        3482|    0.090000|  1.3919e-01|   -9.003173|   -8.944228|   -0.000003|    0.008312|
|        3483|    0.088000|  1.3917e-01|   -9.003183|   -8.944166|   -0.000003|    0.008312|
|        3484|    0.086000|  1.3916e-01|   -9.003193|   -8.944104|   -0.000003|    0.008312|
|        3485|    0.086000|  1.3914e-01|   -9.003203|   -8.944042|   -0.000003|    0.008312|
|        3486|    0.081000|  1.3912e-01|   -9.003213|   -8.943981|   -0.000003|    0.008311|
|        3487|    0.087000|  1.3911e-01|   -9.003223|   -8.943919|   -0.000003|    0.008311|
|        3488|    0.082000|  1.3909e-01|   -9.003233|   -8.943857|   -0.000003|    0.008311|
|        3489|    0.081000|  1.3908e-01|   -9.003243|   -8.943796|   -0.000003|    0.008311|
|        3490|    0.078000|  1.3906e-01|   -9.003253|   -8.943734|   -0.000003|    0.008311|
|        3491|    0.082000|  1.3904e-01|   -9.003263|   -8.943673|   -0.000003|    0.008311|
|        3492|    0.085000|  1.3903e-01|   -9.003273|   -8.943611|   -0.000003|    0.008311|
|        3493|    0.099000|  1.3902e-01|   -9.003283|   -8.943550|   -0.000003|    0.008311|
|        3494|    0.128000|  1.3901e-01|   -9.003293|   -8.943489|   -0.000003|    0.008311|
|        3495|    0.135000|  1.3901e-01|   -9.003303|   -8.943428|   -0.000003|    0.008311|
|        3496|    0.131000|  1.3901e-01|   -9.003313|   -8.943366|   -0.000003|    0.008311|
|        3497|    0.130000|  1.3901e-01|   -9.003323|   -8.943305|   -0.000003|    0.008311|
|        3498|    0.129000|  1.3900e-01|   -9.003333|   -8.943244|   -0.000003|    0.008311|
|        3499|    0.125000|  1.3900e-01|   -9.003343|   -8.943182|   -0.000003|    0.008311|
|        3500|    0.109000|  1.3899e-01|   -9.003354|   -8.943121|   -0.000003|    0.008311|
+-----------------------------------------------------------------------+
|        File Writing Summary       |              Filename             |
+-----------------------------------------------------------------------+
|SU2 binary restart                 |restart_flow_alpha0_449x129.dat    |
|Paraview                           |flow_alpha0_449x129.vtu            |
|Paraview surface                   |surface_flow_alpha0_449x129.vtu    |
+-----------------------------------------------------------------------+
+------------------------------------------------------------------------------------------+
|  Inner_Iter|   Time(sec)|   Time(sec)|      rms[P]|     rms[nu]|          CL|          CD|
+------------------------------------------------------------------------------------------+
|        3501|    0.127000|  1.3899e-01|   -9.003364|   -8.943059|   -0.000003|    0.008311|
|        3502|    0.080000|  1.3897e-01|   -9.003374|   -8.942998|   -0.000003|    0.008311|
|        3503|    0.077000|  1.3895e-01|   -9.003384|   -8.942936|   -0.000003|    0.008311|
|        3504|    0.079000|  1.3894e-01|   -9.003395|   -8.942875|   -0.000003|    0.008311|
|        3505|    0.078000|  1.3892e-01|   -9.003405|   -8.942814|   -0.000003|    0.008311|
|        3506|    0.081000|  1.3890e-01|   -9.003415|   -8.942752|   -0.000003|    0.008311|
|        3507|    0.079000|  1.3888e-01|   -9.003426|   -8.942691|   -0.000003|    0.008311|
|        3508|    0.078000|  1.3887e-01|   -9.003436|   -8.942630|   -0.000003|    0.008310|
|        3509|    0.078000|  1.3885e-01|   -9.003446|   -8.942569|   -0.000003|    0.008310|
|        3510|    0.077000|  1.3883e-01|   -9.003457|   -8.942507|   -0.000003|    0.008310|
|        3511|    0.081000|  1.3882e-01|   -9.003467|   -8.942446|   -0.000003|    0.008310|
|        3512|    0.080000|  1.3880e-01|   -9.003478|   -8.942385|   -0.000003|    0.008310|
|        3513|    0.078000|  1.3878e-01|   -9.003488|   -8.942324|   -0.000003|    0.008310|
|        3514|    0.075000|  1.3876e-01|   -9.003499|   -8.942263|   -0.000003|    0.008310|
|        3515|    0.077000|  1.3875e-01|   -9.003509|   -8.942202|   -0.000003|    0.008310|
|        3516|    0.076000|  1.3873e-01|   -9.003520|   -8.942141|   -0.000003|    0.008310|
|        3517|    0.075000|  1.3871e-01|   -9.003530|   -8.942080|   -0.000003|    0.008310|
|        3518|    0.078000|  1.3869e-01|   -9.003541|   -8.942020|   -0.000003|    0.008310|
|        3519|    0.075000|  1.3867e-01|   -9.003551|   -8.941959|   -0.000003|    0.008310|
|        3520|    0.080000|  1.3866e-01|   -9.003562|   -8.941898|   -0.000003|    0.008310|
|        3521|    0.083000|  1.3864e-01|   -9.003572|   -8.941837|   -0.000003|    0.008310|
|        3522|    0.084000|  1.3863e-01|   -9.003583|   -8.941777|   -0.000003|    0.008310|
|        3523|    0.081000|  1.3861e-01|   -9.003593|   -8.941716|   -0.000003|    0.008310|
|        3524|    0.079000|  1.3859e-01|   -9.003604|   -8.941656|   -0.000003|    0.008310|
|        3525|    0.077000|  1.3858e-01|   -9.003615|   -8.941595|   -0.000003|    0.008310|
|        3526|    0.081000|  1.3856e-01|   -9.003625|   -8.941535|   -0.000003|    0.008310|
|        3527|    0.082000|  1.3854e-01|   -9.003636|   -8.941474|   -0.000003|    0.008310|
|        3528|    0.082000|  1.3853e-01|   -9.003647|   -8.941414|   -0.000003|    0.008310|
|        3529|    0.082000|  1.3851e-01|   -9.003657|   -8.941354|   -0.000003|    0.008309|
|        3530|    0.083000|  1.3850e-01|   -9.003668|   -8.941293|   -0.000003|    0.008309|
|        3531|    0.085000|  1.3848e-01|   -9.003679|   -8.941233|   -0.000003|    0.008309|
|        3532|    0.083000|  1.3847e-01|   -9.003689|   -8.941173|   -0.000003|    0.008309|
|        3533|    0.081000|  1.3845e-01|   -9.003700|   -8.941113|   -0.000003|    0.008309|
|        3534|    0.078000|  1.3843e-01|   -9.003711|   -8.941053|   -0.000003|    0.008309|
|        3535|    0.075000|  1.3841e-01|   -9.003722|   -8.940992|   -0.000003|    0.008309|
|        3536|    0.076000|  1.3840e-01|   -9.003733|   -8.940932|   -0.000003|    0.008309|
|        3537|    0.075000|  1.3838e-01|   -9.003743|   -8.940872|   -0.000003|    0.008309|
|        3538|    0.078000|  1.3836e-01|   -9.003754|   -8.940812|   -0.000003|    0.008309|
|        3539|    0.080000|  1.3834e-01|   -9.003765|   -8.940752|   -0.000003|    0.008309|
|        3540|    0.080000|  1.3833e-01|   -9.003776|   -8.940693|   -0.000003|    0.008309|
|        3541|    0.082000|  1.3831e-01|   -9.003787|   -8.940633|   -0.000003|    0.008309|
|        3542|    0.081000|  1.3830e-01|   -9.003798|   -8.940573|   -0.000003|    0.008309|
|        3543|    0.079000|  1.3828e-01|   -9.003809|   -8.940513|   -0.000003|    0.008309|
|        3544|    0.079000|  1.3826e-01|   -9.003820|   -8.940453|   -0.000003|    0.008309|
|        3545|    0.075000|  1.3824e-01|   -9.003831|   -8.940394|   -0.000003|    0.008309|
|        3546|    0.079000|  1.3823e-01|   -9.003842|   -8.940334|   -0.000003|    0.008309|
|        3547|    0.073000|  1.3821e-01|   -9.003853|   -8.940274|   -0.000003|    0.008309|
|        3548|    0.073000|  1.3819e-01|   -9.003865|   -8.940214|   -0.000003|    0.008309|
|        3549|    0.075000|  1.3817e-01|   -9.003876|   -8.940155|   -0.000003|    0.008309|
|        3550|    0.073000|  1.3816e-01|   -9.003887|   -8.940095|   -0.000003|    0.008309|
|        3551|    0.074000|  1.3814e-01|   -9.003898|   -8.940036|   -0.000003|    0.008308|
|        3552|    0.074000|  1.3812e-01|   -9.003910|   -8.939976|   -0.000003|    0.008308|
|        3553|    0.076000|  1.3810e-01|   -9.003921|   -8.939917|   -0.000003|    0.008308|
|        3554|    0.078000|  1.3808e-01|   -9.003932|   -8.939858|   -0.000003|    0.008308|
|        3555|    0.075000|  1.3807e-01|   -9.003944|   -8.939798|   -0.000003|    0.008308|
|        3556|    0.080000|  1.3805e-01|   -9.003955|   -8.939739|   -0.000003|    0.008308|
|        3557|    0.077000|  1.3803e-01|   -9.003967|   -8.939679|   -0.000003|    0.008308|
|        3558|    0.077000|  1.3802e-01|   -9.003978|   -8.939620|   -0.000003|    0.008308|
|        3559|    0.076000|  1.3800e-01|   -9.003990|   -8.939561|   -0.000003|    0.008308|
|        3560|    0.075000|  1.3798e-01|   -9.004001|   -8.939502|   -0.000003|    0.008308|
|        3561|    0.075000|  1.3796e-01|   -9.004013|   -8.939443|   -0.000003|    0.008308|
|        3562|    0.073000|  1.3795e-01|   -9.004024|   -8.939384|   -0.000003|    0.008308|
|        3563|    0.074000|  1.3793e-01|   -9.004036|   -8.939325|   -0.000003|    0.008308|
|        3564|    0.074000|  1.3791e-01|   -9.004048|   -8.939266|   -0.000003|    0.008308|
|        3565|    0.074000|  1.3789e-01|   -9.004059|   -8.939207|   -0.000003|    0.008308|
|        3566|    0.075000|  1.3787e-01|   -9.004071|   -8.939148|   -0.000003|    0.008308|
|        3567|    0.074000|  1.3786e-01|   -9.004083|   -8.939089|   -0.000003|    0.008308|
|        3568|    0.074000|  1.3784e-01|   -9.004095|   -8.939030|   -0.000003|    0.008308|
|        3569|    0.075000|  1.3782e-01|   -9.004106|   -8.938971|   -0.000003|    0.008308|
|        3570|    0.074000|  1.3780e-01|   -9.004118|   -8.938912|   -0.000003|    0.008308|
|        3571|    0.076000|  1.3779e-01|   -9.004130|   -8.938853|   -0.000003|    0.008308|
|        3572|    0.079000|  1.3777e-01|   -9.004142|   -8.938795|   -0.000003|    0.008308|
|        3573|    0.086000|  1.3775e-01|   -9.004153|   -8.938736|   -0.000003|    0.008307|
|        3574|    0.089000|  1.3774e-01|   -9.004165|   -8.938677|   -0.000003|    0.008307|
|        3575|    0.098000|  1.3773e-01|   -9.004177|   -8.938619|   -0.000003|    0.008307|
|        3576|    0.115000|  1.3772e-01|   -9.004189|   -8.938560|   -0.000003|    0.008307|
|        3577|    0.137000|  1.3772e-01|   -9.004200|   -8.938502|   -0.000003|    0.008307|
|        3578|    0.133000|  1.3772e-01|   -9.004212|   -8.938443|   -0.000003|    0.008307|
|        3579|    0.134000|  1.3772e-01|   -9.004224|   -8.938385|   -0.000003|    0.008307|
|        3580|    0.128000|  1.3772e-01|   -9.004235|   -8.938327|   -0.000003|    0.008307|
|        3581|    0.127000|  1.3771e-01|   -9.004247|   -8.938268|   -0.000003|    0.008307|
|        3582|    0.133000|  1.3771e-01|   -9.004258|   -8.938210|   -0.000003|    0.008307|
|        3583|    0.127000|  1.3771e-01|   -9.004270|   -8.938152|   -0.000003|    0.008307|
|        3584|    0.129000|  1.3771e-01|   -9.004281|   -8.938093|   -0.000003|    0.008307|
|        3585|    0.127000|  1.3771e-01|   -9.004293|   -8.938035|   -0.000003|    0.008307|
|        3586|    0.128000|  1.3770e-01|   -9.004304|   -8.937977|   -0.000003|    0.008307|
|        3587|    0.125000|  1.3770e-01|   -9.004315|   -8.937919|   -0.000003|    0.008307|
|        3588|    0.125000|  1.3770e-01|   -9.004327|   -8.937861|   -0.000003|    0.008307|
|        3589|    0.129000|  1.3769e-01|   -9.004338|   -8.937803|   -0.000003|    0.008307|
|        3590|    0.125000|  1.3769e-01|   -9.004349|   -8.937745|   -0.000003|    0.008307|
|        3591|    0.124000|  1.3769e-01|   -9.004360|   -8.937687|   -0.000003|    0.008307|
|        3592|    0.109000|  1.3768e-01|   -9.004371|   -8.937630|   -0.000003|    0.008307|
|        3593|    0.101000|  1.3767e-01|   -9.004383|   -8.937572|   -0.000003|    0.008307|
|        3594|    0.076000|  1.3765e-01|   -9.004394|   -8.937514|   -0.000003|    0.008307|
|        3595|    0.078000|  1.3763e-01|   -9.004405|   -8.937457|   -0.000003|    0.008307|
|        3596|    0.072000|  1.3762e-01|   -9.004416|   -8.937399|   -0.000003|    0.008306|
|        3597|    0.075000|  1.3760e-01|   -9.004428|   -8.937341|   -0.000003|    0.008306|
|        3598|    0.078000|  1.3758e-01|   -9.004439|   -8.937284|   -0.000003|    0.008306|
|        3599|    0.076000|  1.3756e-01|   -9.004450|   -8.937226|   -0.000003|    0.008306|
|        3600|    0.078000|  1.3755e-01|   -9.004462|   -8.937169|   -0.000003|    0.008306|
|        3601|    0.075000|  1.3753e-01|   -9.004473|   -8.937111|   -0.000003|    0.008306|
|        3602|    0.074000|  1.3751e-01|   -9.004485|   -8.937054|   -0.000003|    0.008306|
|        3603|    0.076000|  1.3750e-01|   -9.004496|   -8.936997|   -0.000003|    0.008306|
|        3604|    0.075000|  1.3748e-01|   -9.004508|   -8.936940|   -0.000003|    0.008306|
|        3605|    0.073000|  1.3746e-01|   -9.004520|   -8.936882|   -0.000003|    0.008306|
|        3606|    0.075000|  1.3744e-01|   -9.004532|   -8.936825|   -0.000003|    0.008306|
|        3607|    0.078000|  1.3743e-01|   -9.004543|   -8.936768|   -0.000003|    0.008306|
|        3608|    0.073000|  1.3741e-01|   -9.004555|   -8.936711|   -0.000003|    0.008306|
|        3609|    0.077000|  1.3739e-01|   -9.004568|   -8.936654|   -0.000003|    0.008306|
|        3610|    0.077000|  1.3738e-01|   -9.004580|   -8.936597|   -0.000003|    0.008306|
|        3611|    0.077000|  1.3736e-01|   -9.004592|   -8.936540|   -0.000003|    0.008306|
|        3612|    0.079000|  1.3734e-01|   -9.004604|   -8.936483|   -0.000003|    0.008306|
|        3613|    0.080000|  1.3733e-01|   -9.004617|   -8.936426|   -0.000003|    0.008306|
|        3614|    0.081000|  1.3731e-01|   -9.004630|   -8.936368|   -0.000003|    0.008306|
|        3615|    0.079000|  1.3730e-01|   -9.004642|   -8.936311|   -0.000003|    0.008306|
|        3616|    0.079000|  1.3728e-01|   -9.004655|   -8.936254|   -0.000003|    0.008306|
|        3617|    0.081000|  1.3726e-01|   -9.004668|   -8.936196|   -0.000003|    0.008306|
|        3618|    0.080000|  1.3725e-01|   -9.004681|   -8.936139|   -0.000003|    0.008305|
|        3619|    0.079000|  1.3723e-01|   -9.004694|   -8.936082|   -0.000003|    0.008305|
|        3620|    0.079000|  1.3722e-01|   -9.004708|   -8.936025|   -0.000003|    0.008305|
|        3621|    0.082000|  1.3720e-01|   -9.004721|   -8.935968|   -0.000003|    0.008305|
|        3622|    0.078000|  1.3718e-01|   -9.004735|   -8.935911|   -0.000003|    0.008305|
|        3623|    0.077000|  1.3717e-01|   -9.004748|   -8.935854|   -0.000003|    0.008305|
|        3624|    0.079000|  1.3715e-01|   -9.004762|   -8.935797|   -0.000003|    0.008305|
|        3625|    0.076000|  1.3713e-01|   -9.004776|   -8.935740|   -0.000003|    0.008305|
|        3626|    0.077000|  1.3712e-01|   -9.004790|   -8.935684|   -0.000003|    0.008305|
|        3627|    0.075000|  1.3710e-01|   -9.004804|   -8.935627|   -0.000003|    0.008305|
|        3628|    0.075000|  1.3708e-01|   -9.004818|   -8.935570|   -0.000003|    0.008305|
|        3629|    0.077000|  1.3707e-01|   -9.004833|   -8.935513|   -0.000003|    0.008305|
|        3630|    0.075000|  1.3705e-01|   -9.004847|   -8.935457|   -0.000003|    0.008305|
|        3631|    0.074000|  1.3703e-01|   -9.004862|   -8.935400|   -0.000003|    0.008305|
|        3632|    0.076000|  1.3702e-01|   -9.004876|   -8.935343|   -0.000003|    0.008305|
|        3633|    0.077000|  1.3700e-01|   -9.004891|   -8.935287|   -0.000003|    0.008305|
|        3634|    0.076000|  1.3698e-01|   -9.004906|   -8.935230|   -0.000003|    0.008305|
|        3635|    0.075000|  1.3697e-01|   -9.004920|   -8.935174|   -0.000003|    0.008305|
|        3636|    0.075000|  1.3695e-01|   -9.004935|   -8.935118|   -0.000003|    0.008305|
|        3637|    0.080000|  1.3693e-01|   -9.004950|   -8.935061|   -0.000003|    0.008305|
|        3638|    0.112000|  1.3693e-01|   -9.004966|   -8.935005|   -0.000003|    0.008305|
|        3639|    0.147000|  1.3693e-01|   -9.004981|   -8.934949|   -0.000003|    0.008305|
|        3640|    0.179000|  1.3694e-01|   -9.004996|   -8.934893|   -0.000003|    0.008305|
|        3641|    0.138000|  1.3694e-01|   -9.005011|   -8.934837|   -0.000003|    0.008304|
|        3642|    0.171000|  1.3695e-01|   -9.005027|   -8.934780|   -0.000003|    0.008304|
|        3643|    0.183000|  1.3696e-01|   -9.005042|   -8.934724|   -0.000003|    0.008304|
|        3644|    0.155000|  1.3697e-01|   -9.005058|   -8.934668|   -0.000003|    0.008304|
|        3645|    0.172000|  1.3698e-01|   -9.005073|   -8.934612|   -0.000003|    0.008304|
|        3646|    0.183000|  1.3699e-01|   -9.005089|   -8.934556|   -0.000003|    0.008304|
|        3647|    0.135000|  1.3699e-01|   -9.005104|   -8.934501|   -0.000003|    0.008304|
|        3648|    0.139000|  1.3699e-01|   -9.005120|   -8.934445|   -0.000003|    0.008304|
|        3649|    0.131000|  1.3699e-01|   -9.005136|   -8.934389|   -0.000003|    0.008304|
|        3650|    0.137000|  1.3699e-01|   -9.005152|   -8.934332|   -0.000003|    0.008304|
|        3651|    0.138000|  1.3699e-01|   -9.005168|   -8.934276|   -0.000003|    0.008304|
|        3652|    0.179000|  1.3700e-01|   -9.005184|   -8.934220|   -0.000003|    0.008304|
|        3653|    0.172000|  1.3701e-01|   -9.005200|   -8.934163|   -0.000003|    0.008304|
|        3654|    0.183000|  1.3702e-01|   -9.005216|   -8.934107|   -0.000003|    0.008304|
|        3655|    0.156000|  1.3703e-01|   -9.005232|   -8.934051|   -0.000003|    0.008304|
|        3656|    0.172000|  1.3704e-01|   -9.005248|   -8.933995|   -0.000003|    0.008304|
|        3657|    0.159000|  1.3704e-01|   -9.005264|   -8.933939|   -0.000003|    0.008304|
|        3658|    0.159000|  1.3705e-01|   -9.005280|   -8.933883|   -0.000003|    0.008304|
|        3659|    0.164000|  1.3706e-01|   -9.005296|   -8.933826|   -0.000003|    0.008304|
|        3660|    0.164000|  1.3706e-01|   -9.005313|   -8.933770|   -0.000003|    0.008304|
|        3661|    0.177000|  1.3707e-01|   -9.005329|   -8.933714|   -0.000003|    0.008304|
|        3662|    0.169000|  1.3708e-01|   -9.005345|   -8.933658|   -0.000003|    0.008304|
|        3663|    0.174000|  1.3709e-01|   -9.005362|   -8.933602|   -0.000003|    0.008304|
|        3664|    0.170000|  1.3710e-01|   -9.005378|   -8.933547|   -0.000003|    0.008303|
|        3665|    0.173000|  1.3711e-01|   -9.005395|   -8.933491|   -0.000003|    0.008303|
|        3666|    0.174000|  1.3712e-01|   -9.005411|   -8.933435|   -0.000003|    0.008303|
|        3667|    0.180000|  1.3713e-01|   -9.005428|   -8.933379|   -0.000003|    0.008303|
|        3668|    0.170000|  1.3714e-01|   -9.005444|   -8.933323|   -0.000003|    0.008303|
|        3669|    0.174000|  1.3715e-01|   -9.005461|   -8.933268|   -0.000003|    0.008303|
|        3670|    0.174000|  1.3716e-01|   -9.005477|   -8.933212|   -0.000003|    0.008303|
|        3671|    0.177000|  1.3717e-01|   -9.005494|   -8.933156|   -0.000003|    0.008303|
|        3672|    0.162000|  1.3718e-01|   -9.005510|   -8.933101|   -0.000003|    0.008303|
|        3673|    0.163000|  1.3719e-01|   -9.005527|   -8.933045|   -0.000003|    0.008303|
|        3674|    0.169000|  1.3720e-01|   -9.005543|   -8.932990|   -0.000003|    0.008303|
|        3675|    0.173000|  1.3721e-01|   -9.005560|   -8.932934|   -0.000003|    0.008303|
|        3676|    0.172000|  1.3722e-01|   -9.005577|   -8.932879|   -0.000003|    0.008303|
|        3677|    0.174000|  1.3723e-01|   -9.005593|   -8.932823|   -0.000003|    0.008303|
|        3678|    0.172000|  1.3723e-01|   -9.005610|   -8.932768|   -0.000003|    0.008303|
|        3679|    0.183000|  1.3725e-01|   -9.005627|   -8.932712|   -0.000003|    0.008303|
|        3680|    0.177000|  1.3726e-01|   -9.005643|   -8.932657|   -0.000003|    0.008303|
|        3681|    0.172000|  1.3727e-01|   -9.005660|   -8.932602|   -0.000003|    0.008303|
|        3682|    0.171000|  1.3728e-01|   -9.005677|   -8.932546|   -0.000003|    0.008303|
|        3683|    0.164000|  1.3728e-01|   -9.005693|   -8.932491|   -0.000003|    0.008303|
|        3684|    0.174000|  1.3729e-01|   -9.005710|   -8.932436|   -0.000003|    0.008303|
|        3685|    0.170000|  1.3730e-01|   -9.005727|   -8.932381|   -0.000003|    0.008303|
|        3686|    0.179000|  1.3731e-01|   -9.005743|   -8.932326|   -0.000003|    0.008303|
|        3687|    0.168000|  1.3732e-01|   -9.005760|   -8.932271|   -0.000003|    0.008302|
|        3688|    0.168000|  1.3733e-01|   -9.005777|   -8.932215|   -0.000003|    0.008302|
|        3689|    0.182000|  1.3734e-01|   -9.005793|   -8.932160|   -0.000003|    0.008302|
|        3690|    0.164000|  1.3735e-01|   -9.005810|   -8.932105|   -0.000003|    0.008302|
|        3691|    0.171000|  1.3736e-01|   -9.005826|   -8.932051|   -0.000003|    0.008302|
|        3692|    0.181000|  1.3737e-01|   -9.005843|   -8.931996|   -0.000003|    0.008302|
|        3693|    0.181000|  1.3738e-01|   -9.005860|   -8.931941|   -0.000003|    0.008302|
|        3694|    0.179000|  1.3739e-01|   -9.005876|   -8.931886|   -0.000003|    0.008302|
|        3695|    0.173000|  1.3740e-01|   -9.005893|   -8.931831|   -0.000003|    0.008302|
|        3696|    0.187000|  1.3742e-01|   -9.005909|   -8.931777|   -0.000003|    0.008302|
|        3697|    0.175000|  1.3743e-01|   -9.005926|   -8.931722|   -0.000003|    0.008302|
|        3698|    0.165000|  1.3743e-01|   -9.005942|   -8.931667|   -0.000003|    0.008302|
|        3699|    0.171000|  1.3744e-01|   -9.005959|   -8.931613|   -0.000003|    0.008302|
|        3700|    0.176000|  1.3745e-01|   -9.005975|   -8.931558|   -0.000003|    0.008302|
|        3701|    0.174000|  1.3746e-01|   -9.005991|   -8.931503|   -0.000003|    0.008302|
|        3702|    0.176000|  1.3747e-01|   -9.006008|   -8.931449|   -0.000003|    0.008302|
|        3703|    0.177000|  1.3748e-01|   -9.006024|   -8.931394|   -0.000003|    0.008302|
|        3704|    0.173000|  1.3749e-01|   -9.006040|   -8.931340|   -0.000003|    0.008302|
|        3705|    0.166000|  1.3750e-01|   -9.006057|   -8.931285|   -0.000003|    0.008302|
|        3706|    0.172000|  1.3751e-01|   -9.006073|   -8.931231|   -0.000003|    0.008302|
|        3707|    0.170000|  1.3752e-01|   -9.006089|   -8.931177|   -0.000003|    0.008302|
|        3708|    0.171000|  1.3753e-01|   -9.006106|   -8.931122|   -0.000003|    0.008302|
|        3709|    0.198000|  1.3755e-01|   -9.006122|   -8.931068|   -0.000003|    0.008302|
|        3710|    0.161000|  1.3755e-01|   -9.006138|   -8.931014|   -0.000003|    0.008301|
|        3711|    0.161000|  1.3756e-01|   -9.006154|   -8.930960|   -0.000003|    0.008301|
|        3712|    0.146000|  1.3756e-01|   -9.006170|   -8.930905|   -0.000003|    0.008301|
|        3713|    0.157000|  1.3757e-01|   -9.006187|   -8.930851|   -0.000003|    0.008301|
|        3714|    0.147000|  1.3757e-01|   -9.006203|   -8.930797|   -0.000003|    0.008301|
|        3715|    0.148000|  1.3757e-01|   -9.006219|   -8.930743|   -0.000003|    0.008301|
|        3716|    0.151000|  1.3757e-01|   -9.006235|   -8.930689|   -0.000003|    0.008301|
|        3717|    0.153000|  1.3758e-01|   -9.006251|   -8.930635|   -0.000003|    0.008301|
|        3718|    0.153000|  1.3758e-01|   -9.006267|   -8.930581|   -0.000003|    0.008301|
|        3719|    0.149000|  1.3759e-01|   -9.006283|   -8.930527|   -0.000003|    0.008301|
|        3720|    0.142000|  1.3759e-01|   -9.006299|   -8.930473|   -0.000003|    0.008301|
|        3721|    0.146000|  1.3759e-01|   -9.006315|   -8.930420|   -0.000003|    0.008301|
|        3722|    0.153000|  1.3759e-01|   -9.006331|   -8.930366|   -0.000003|    0.008301|
|        3723|    0.155000|  1.3760e-01|   -9.006347|   -8.930312|   -0.000003|    0.008301|
|        3724|    0.151000|  1.3760e-01|   -9.006362|   -8.930259|   -0.000003|    0.008301|
|        3725|    0.154000|  1.3761e-01|   -9.006378|   -8.930205|   -0.000003|    0.008301|
|        3726|    0.154000|  1.3761e-01|   -9.006394|   -8.930151|   -0.000003|    0.008301|
|        3727|    0.147000|  1.3761e-01|   -9.006410|   -8.930098|   -0.000003|    0.008301|
|        3728|    0.143000|  1.3761e-01|   -9.006425|   -8.930044|   -0.000003|    0.008301|
|        3729|    0.149000|  1.3762e-01|   -9.006441|   -8.929991|   -0.000003|    0.008301|
|        3730|    0.152000|  1.3762e-01|   -9.006457|   -8.929937|   -0.000003|    0.008301|
|        3731|    0.152000|  1.3763e-01|   -9.006472|   -8.929883|   -0.000003|    0.008301|
|        3732|    0.152000|  1.3763e-01|   -9.006488|   -8.929830|   -0.000003|    0.008301|
|        3733|    0.158000|  1.3763e-01|   -9.006503|   -8.929776|   -0.000003|    0.008300|
|        3734|    0.149000|  1.3764e-01|   -9.006518|   -8.929723|   -0.000003|    0.008300|
|        3735|    0.153000|  1.3764e-01|   -9.006533|   -8.929670|   -0.000003|    0.008300|
|        3736|    0.168000|  1.3765e-01|   -9.006549|   -8.929616|   -0.000003|    0.008300|
|        3737|    0.152000|  1.3765e-01|   -9.006564|   -8.929563|   -0.000003|    0.008300|
|        3738|    0.154000|  1.3766e-01|   -9.006579|   -8.929510|   -0.000003|    0.008300|
|        3739|    0.149000|  1.3766e-01|   -9.006594|   -8.929456|   -0.000003|    0.008300|
|        3740|    0.148000|  1.3766e-01|   -9.006609|   -8.929403|   -0.000003|    0.008300|
|        3741|    0.149000|  1.3767e-01|   -9.006623|   -8.929350|   -0.000003|    0.008300|
|        3742|    0.152000|  1.3767e-01|   -9.006638|   -8.929297|   -0.000003|    0.008300|
|        3743|    0.151000|  1.3767e-01|   -9.006653|   -8.929244|   -0.000003|    0.008300|
|        3744|    0.152000|  1.3768e-01|   -9.006667|   -8.929191|   -0.000003|    0.008300|
|        3745|    0.144000|  1.3768e-01|   -9.006682|   -8.929138|   -0.000003|    0.008300|
|        3746|    0.153000|  1.3768e-01|   -9.006696|   -8.929085|   -0.000003|    0.008300|
|        3747|    0.157000|  1.3769e-01|   -9.006711|   -8.929032|   -0.000003|    0.008300|
|        3748|    0.153000|  1.3769e-01|   -9.006725|   -8.928979|   -0.000003|    0.008300|
|        3749|    0.153000|  1.3770e-01|   -9.006739|   -8.928926|   -0.000003|    0.008300|
|        3750|    0.153000|  1.3770e-01|   -9.006754|   -8.928873|   -0.000003|    0.008300|
+-----------------------------------------------------------------------+
|        File Writing Summary       |              Filename             |
+-----------------------------------------------------------------------+
|SU2 binary restart                 |restart_flow_alpha0_449x129.dat    |
|Paraview                           |flow_alpha0_449x129.vtu            |
|Paraview surface                   |surface_flow_alpha0_449x129.vtu    |
+-----------------------------------------------------------------------+
+------------------------------------------------------------------------------------------+
|  Inner_Iter|   Time(sec)|   Time(sec)|      rms[P]|     rms[nu]|          CL|          CD|
+------------------------------------------------------------------------------------------+
|        3751|    0.249000|  1.3773e-01|   -9.006768|   -8.928820|   -0.000003|    0.008300|
|        3752|    0.169000|  1.3774e-01|   -9.006782|   -8.928768|   -0.000003|    0.008300|
|        3753|    0.174000|  1.3775e-01|   -9.006796|   -8.928715|   -0.000003|    0.008300|
|        3754|    0.176000|  1.3776e-01|   -9.006810|   -8.928662|   -0.000003|    0.008300|
|        3755|    0.183000|  1.3777e-01|   -9.006825|   -8.928610|   -0.000003|    0.008300|
|        3756|    0.169000|  1.3778e-01|   -9.006839|   -8.928557|   -0.000003|    0.008300|
|        3757|    0.189000|  1.3779e-01|   -9.006853|   -8.928505|   -0.000003|    0.008299|
|        3758|    0.178000|  1.3780e-01|   -9.006867|   -8.928453|   -0.000003|    0.008299|
|        3759|    0.189000|  1.3782e-01|   -9.006881|   -8.928400|   -0.000003|    0.008299|
|        3760|    0.173000|  1.3783e-01|   -9.006895|   -8.928348|   -0.000003|    0.008299|
|        3761|    0.176000|  1.3784e-01|   -9.006909|   -8.928296|   -0.000003|    0.008299|
|        3762|    0.171000|  1.3785e-01|   -9.006923|   -8.928244|   -0.000003|    0.008299|
|        3763|    0.184000|  1.3786e-01|   -9.006938|   -8.928192|   -0.000003|    0.008299|
|        3764|    0.171000|  1.3787e-01|   -9.006952|   -8.928139|   -0.000003|    0.008299|
|        3765|    0.160000|  1.3787e-01|   -9.006966|   -8.928087|   -0.000003|    0.008299|
|        3766|    0.177000|  1.3788e-01|   -9.006980|   -8.928034|   -0.000003|    0.008299|
|        3767|    0.162000|  1.3789e-01|   -9.006995|   -8.927982|   -0.000003|    0.008299|
|        3768|    0.165000|  1.3790e-01|   -9.007009|   -8.927930|   -0.000003|    0.008299|
|        3769|    0.158000|  1.3790e-01|   -9.007024|   -8.927877|   -0.000003|    0.008299|
|        3770|    0.138000|  1.3790e-01|   -9.007038|   -8.927825|   -0.000003|    0.008299|
|        3771|    0.147000|  1.3790e-01|   -9.007053|   -8.927772|   -0.000003|    0.008299|
|        3772|    0.139000|  1.3790e-01|   -9.007067|   -8.927720|   -0.000003|    0.008299|
|        3773|    0.138000|  1.3790e-01|   -9.007082|   -8.927668|   -0.000003|    0.008299|
|        3774|    0.145000|  1.3791e-01|   -9.007097|   -8.927616|   -0.000003|    0.008299|
|        3775|    0.147000|  1.3791e-01|   -9.007111|   -8.927564|   -0.000003|    0.008299|
|        3776|    0.154000|  1.3791e-01|   -9.007126|   -8.927511|   -0.000003|    0.008299|
|        3777|    0.139000|  1.3791e-01|   -9.007141|   -8.927459|   -0.000003|    0.008299|
|        3778|    0.137000|  1.3791e-01|   -9.007156|   -8.927407|   -0.000003|    0.008299|
|        3779|    0.139000|  1.3791e-01|   -9.007171|   -8.927355|   -0.000003|    0.008299|
|        3780|    0.138000|  1.3791e-01|   -9.007186|   -8.927303|   -0.000003|    0.008299|
|        3781|    0.138000|  1.3791e-01|   -9.007201|   -8.927251|   -0.000003|    0.008298|
|        3782|    0.137000|  1.3791e-01|   -9.007216|   -8.927199|   -0.000003|    0.008298|
|        3783|    0.128000|  1.3791e-01|   -9.007231|   -8.927147|   -0.000003|    0.008298|
|        3784|    0.138000|  1.3791e-01|   -9.007246|   -8.927095|   -0.000003|    0.008298|
|        3785|    0.134000|  1.3791e-01|   -9.007261|   -8.927043|   -0.000003|    0.008298|
|        3786|    0.139000|  1.3791e-01|   -9.007276|   -8.926992|   -0.000003|    0.008298|
|        3787|    0.141000|  1.3791e-01|   -9.007291|   -8.926940|   -0.000003|    0.008298|
|        3788|    0.139000|  1.3791e-01|   -9.007307|   -8.926888|   -0.000003|    0.008298|
|        3789|    0.145000|  1.3791e-01|   -9.007322|   -8.926836|   -0.000003|    0.008298|
|        3790|    0.145000|  1.3792e-01|   -9.007337|   -8.926785|   -0.000003|    0.008298|
|        3791|    0.137000|  1.3791e-01|   -9.007352|   -8.926733|   -0.000003|    0.008298|
|        3792|    0.129000|  1.3791e-01|   -9.007367|   -8.926681|   -0.000003|    0.008298|
|        3793|    0.157000|  1.3792e-01|   -9.007382|   -8.926630|   -0.000003|    0.008298|
|        3794|    0.162000|  1.3792e-01|   -9.007398|   -8.926578|   -0.000003|    0.008298|
|        3795|    0.144000|  1.3793e-01|   -9.007413|   -8.926526|   -0.000003|    0.008298|
|        3796|    0.138000|  1.3793e-01|   -9.007428|   -8.926475|   -0.000003|    0.008298|
|        3797|    0.145000|  1.3793e-01|   -9.007443|   -8.926423|   -0.000003|    0.008298|
|        3798|    0.136000|  1.3793e-01|   -9.007458|   -8.926371|   -0.000003|    0.008298|
|        3799|    0.146000|  1.3793e-01|   -9.007473|   -8.926320|   -0.000003|    0.008298|
|        3800|    0.152000|  1.3793e-01|   -9.007488|   -8.926268|   -0.000003|    0.008298|
|        3801|    0.153000|  1.3794e-01|   -9.007503|   -8.926217|   -0.000003|    0.008298|
|        3802|    0.148000|  1.3794e-01|   -9.007518|   -8.926166|   -0.000003|    0.008298|
|        3803|    0.151000|  1.3794e-01|   -9.007533|   -8.926114|   -0.000003|    0.008298|
|        3804|    0.150000|  1.3795e-01|   -9.007548|   -8.926063|   -0.000003|    0.008298|
|        3805|    0.154000|  1.3795e-01|   -9.007563|   -8.926012|   -0.000003|    0.008297|
|        3806|    0.158000|  1.3796e-01|   -9.007578|   -8.925960|   -0.000003|    0.008297|
|        3807|    0.160000|  1.3796e-01|   -9.007593|   -8.925909|   -0.000003|    0.008297|
|        3808|    0.163000|  1.3797e-01|   -9.007608|   -8.925858|   -0.000003|    0.008297|
|        3809|    0.148000|  1.3797e-01|   -9.007623|   -8.925807|   -0.000003|    0.008297|
|        3810|    0.152000|  1.3797e-01|   -9.007638|   -8.925756|   -0.000003|    0.008297|
|        3811|    0.151000|  1.3798e-01|   -9.007653|   -8.925704|   -0.000003|    0.008297|
|        3812|    0.146000|  1.3798e-01|   -9.007668|   -8.925653|   -0.000003|    0.008297|
|        3813|    0.139000|  1.3798e-01|   -9.007684|   -8.925602|   -0.000003|    0.008297|
|        3814|    0.141000|  1.3798e-01|   -9.007699|   -8.925551|   -0.000003|    0.008297|
|        3815|    0.137000|  1.3798e-01|   -9.007714|   -8.925500|   -0.000003|    0.008297|
|        3816|    0.165000|  1.3799e-01|   -9.007730|   -8.925449|   -0.000003|    0.008297|
|        3817|    0.147000|  1.3799e-01|   -9.007745|   -8.925398|   -0.000003|    0.008297|
|        3818|    0.132000|  1.3799e-01|   -9.007761|   -8.925346|   -0.000003|    0.008297|
|        3819|    0.132000|  1.3799e-01|   -9.007776|   -8.925295|   -0.000003|    0.008297|
|        3820|    0.136000|  1.3799e-01|   -9.007792|   -8.925243|   -0.000003|    0.008297|
|        3821|    0.135000|  1.3799e-01|   -9.007808|   -8.925192|   -0.000003|    0.008297|
|        3822|    0.155000|  1.3799e-01|   -9.007824|   -8.925140|   -0.000003|    0.008297|
|        3823|    0.150000|  1.3799e-01|   -9.007840|   -8.925089|   -0.000003|    0.008297|
|        3824|    0.143000|  1.3799e-01|   -9.007856|   -8.925038|   -0.000003|    0.008297|
|        3825|    0.141000|  1.3800e-01|   -9.007872|   -8.924986|   -0.000003|    0.008297|
|        3826|    0.155000|  1.3800e-01|   -9.007889|   -8.924935|   -0.000003|    0.008297|
|        3827|    0.138000|  1.3800e-01|   -9.007905|   -8.924884|   -0.000003|    0.008297|
|        3828|    0.128000|  1.3800e-01|   -9.007922|   -8.924832|   -0.000003|    0.008297|
|        3829|    0.130000|  1.3799e-01|   -9.007938|   -8.924781|   -0.000003|    0.008296|
|        3830|    0.146000|  1.3800e-01|   -9.007955|   -8.924730|   -0.000003|    0.008296|
|        3831|    0.135000|  1.3800e-01|   -9.007972|   -8.924679|   -0.000003|    0.008296|
|        3832|    0.141000|  1.3800e-01|   -9.007989|   -8.924628|   -0.000003|    0.008296|
|        3833|    0.139000|  1.3800e-01|   -9.008006|   -8.924577|   -0.000003|    0.008296|
|        3834|    0.137000|  1.3800e-01|   -9.008023|   -8.924526|   -0.000003|    0.008296|
|        3835|    0.143000|  1.3800e-01|   -9.008041|   -8.924475|   -0.000003|    0.008296|
|        3836|    0.139000|  1.3800e-01|   -9.008058|   -8.924424|   -0.000003|    0.008296|
|        3837|    0.135000|  1.3800e-01|   -9.008076|   -8.924373|   -0.000003|    0.008296|
|        3838|    0.140000|  1.3800e-01|   -9.008093|   -8.924322|   -0.000003|    0.008296|
|        3839|    0.156000|  1.3800e-01|   -9.008111|   -8.924271|   -0.000003|    0.008296|
|        3840|    0.142000|  1.3800e-01|   -9.008129|   -8.924220|   -0.000003|    0.008296|
|        3841|    0.148000|  1.3801e-01|   -9.008147|   -8.924170|   -0.000003|    0.008296|
|        3842|    0.134000|  1.3801e-01|   -9.008165|   -8.924119|   -0.000003|    0.008296|
|        3843|    0.131000|  1.3800e-01|   -9.008184|   -8.924068|   -0.000003|    0.008296|
|        3844|    0.140000|  1.3800e-01|   -9.008202|   -8.924018|   -0.000003|    0.008296|
|        3845|    0.145000|  1.3801e-01|   -9.008221|   -8.923967|   -0.000003|    0.008296|
|        3846|    0.167000|  1.3801e-01|   -9.008239|   -8.923917|   -0.000003|    0.008296|
|        3847|    0.166000|  1.3802e-01|   -9.008258|   -8.923866|   -0.000003|    0.008296|
|        3848|    0.151000|  1.3802e-01|   -9.008276|   -8.923816|   -0.000003|    0.008296|
|        3849|    0.145000|  1.3803e-01|   -9.008295|   -8.923765|   -0.000003|    0.008296|
|        3850|    0.149000|  1.3803e-01|   -9.008314|   -8.923715|   -0.000003|    0.008296|
|        3851|    0.146000|  1.3803e-01|   -9.008333|   -8.923664|   -0.000003|    0.008296|
|        3852|    0.153000|  1.3803e-01|   -9.008352|   -8.923614|   -0.000003|    0.008296|
|        3853|    0.151000|  1.3804e-01|   -9.008372|   -8.923564|   -0.000003|    0.008296|
|        3854|    0.175000|  1.3805e-01|   -9.008391|   -8.923513|   -0.000003|    0.008295|
|        3855|    0.174000|  1.3806e-01|   -9.008410|   -8.923463|   -0.000003|    0.008295|
|        3856|    0.171000|  1.3807e-01|   -9.008430|   -8.923413|   -0.000003|    0.008295|
|        3857|    0.154000|  1.3807e-01|   -9.008449|   -8.923362|   -0.000003|    0.008295|
|        3858|    0.142000|  1.3807e-01|   -9.008469|   -8.923312|   -0.000003|    0.008295|
|        3859|    0.140000|  1.3807e-01|   -9.008488|   -8.923262|   -0.000003|    0.008295|
|        3860|    0.163000|  1.3808e-01|   -9.008508|   -8.923212|   -0.000003|    0.008295|
|        3861|    0.164000|  1.3808e-01|   -9.008528|   -8.923162|   -0.000003|    0.008295|
|        3862|    0.172000|  1.3809e-01|   -9.008548|   -8.923111|   -0.000003|    0.008295|
|        3863|    0.164000|  1.3810e-01|   -9.008568|   -8.923061|   -0.000003|    0.008295|
|        3864|    0.160000|  1.3811e-01|   -9.008588|   -8.923011|   -0.000003|    0.008295|
|        3865|    0.156000|  1.3811e-01|   -9.008608|   -8.922961|   -0.000003|    0.008295|
|        3866|    0.143000|  1.3811e-01|   -9.008628|   -8.922911|   -0.000003|    0.008295|
|        3867|    0.146000|  1.3811e-01|   -9.008648|   -8.922861|   -0.000003|    0.008295|
|        3868|    0.137000|  1.3811e-01|   -9.008668|   -8.922811|   -0.000003|    0.008295|
|        3869|    0.143000|  1.3811e-01|   -9.008688|   -8.922761|   -0.000003|    0.008295|
|        3870|    0.138000|  1.3811e-01|   -9.008708|   -8.922711|   -0.000003|    0.008295|
|        3871|    0.141000|  1.3812e-01|   -9.008729|   -8.922661|   -0.000003|    0.008295|
|        3872|    0.147000|  1.3812e-01|   -9.008749|   -8.922611|   -0.000003|    0.008295|
|        3873|    0.143000|  1.3812e-01|   -9.008769|   -8.922561|   -0.000003|    0.008295|
|        3874|    0.175000|  1.3813e-01|   -9.008789|   -8.922511|   -0.000003|    0.008295|
|        3875|    0.131000|  1.3813e-01|   -9.008810|   -8.922461|   -0.000003|    0.008295|
|        3876|    0.148000|  1.3813e-01|   -9.008830|   -8.922411|   -0.000003|    0.008295|
|        3877|    0.148000|  1.3813e-01|   -9.008850|   -8.922361|   -0.000003|    0.008295|
|        3878|    0.146000|  1.3813e-01|   -9.008871|   -8.922312|   -0.000003|    0.008294|
|        3879|    0.144000|  1.3814e-01|   -9.008891|   -8.922262|   -0.000003|    0.008294|
|        3880|    0.146000|  1.3814e-01|   -9.008912|   -8.922212|   -0.000003|    0.008294|
|        3881|    0.140000|  1.3814e-01|   -9.008932|   -8.922162|   -0.000003|    0.008294|
|        3882|    0.137000|  1.3814e-01|   -9.008953|   -8.922113|   -0.000003|    0.008294|
|        3883|    0.126000|  1.3813e-01|   -9.008973|   -8.922063|   -0.000003|    0.008294|
|        3884|    0.133000|  1.3813e-01|   -9.008993|   -8.922014|   -0.000003|    0.008294|
|        3885|    0.144000|  1.3813e-01|   -9.009014|   -8.921964|   -0.000003|    0.008294|
|        3886|    0.150000|  1.3814e-01|   -9.009034|   -8.921914|   -0.000003|    0.008294|
|        3887|    0.147000|  1.3814e-01|   -9.009055|   -8.921865|   -0.000003|    0.008294|
|        3888|    0.144000|  1.3814e-01|   -9.009075|   -8.921815|   -0.000003|    0.008294|
|        3889|    0.134000|  1.3814e-01|   -9.009096|   -8.921766|   -0.000003|    0.008294|
|        3890|    0.140000|  1.3814e-01|   -9.009116|   -8.921716|   -0.000003|    0.008294|
|        3891|    0.144000|  1.3814e-01|   -9.009136|   -8.921667|   -0.000003|    0.008294|
|        3892|    0.129000|  1.3814e-01|   -9.009157|   -8.921618|   -0.000003|    0.008294|
|        3893|    0.130000|  1.3814e-01|   -9.009177|   -8.921568|   -0.000003|    0.008294|
|        3894|    0.129000|  1.3814e-01|   -9.009197|   -8.921519|   -0.000003|    0.008294|
|        3895|    0.128000|  1.3813e-01|   -9.009218|   -8.921470|   -0.000003|    0.008294|
|        3896|    0.125000|  1.3813e-01|   -9.009238|   -8.921420|   -0.000003|    0.008294|
|        3897|    0.141000|  1.3813e-01|   -9.009258|   -8.921371|   -0.000003|    0.008294|
|        3898|    0.135000|  1.3813e-01|   -9.009279|   -8.921322|   -0.000003|    0.008294|
|        3899|    0.134000|  1.3813e-01|   -9.009299|   -8.921272|   -0.000003|    0.008294|
|        3900|    0.142000|  1.3813e-01|   -9.009319|   -8.921223|   -0.000003|    0.008294|
|        3901|    0.138000|  1.3813e-01|   -9.009339|   -8.921173|   -0.000003|    0.008294|
|        3902|    0.134000|  1.3813e-01|   -9.009359|   -8.921124|   -0.000003|    0.008294|
|        3903|    0.130000|  1.3813e-01|   -9.009380|   -8.921075|   -0.000003|    0.008293|
|        3904|    0.133000|  1.3812e-01|   -9.009400|   -8.921026|   -0.000003|    0.008293|
|        3905|    0.133000|  1.3812e-01|   -9.009420|   -8.920977|   -0.000003|    0.008293|
|        3906|    0.133000|  1.3812e-01|   -9.009440|   -8.920927|   -0.000003|    0.008293|
|        3907|    0.140000|  1.3812e-01|   -9.009460|   -8.920878|   -0.000003|    0.008293|
|        3908|    0.135000|  1.3812e-01|   -9.009480|   -8.920829|   -0.000003|    0.008293|
|        3909|    0.135000|  1.3812e-01|   -9.009500|   -8.920780|   -0.000003|    0.008293|
|        3910|    0.129000|  1.3812e-01|   -9.009519|   -8.920731|   -0.000003|    0.008293|
|        3911|    0.140000|  1.3812e-01|   -9.009539|   -8.920682|   -0.000003|    0.008293|
|        3912|    0.148000|  1.3812e-01|   -9.009559|   -8.920633|   -0.000003|    0.008293|
|        3913|    0.135000|  1.3812e-01|   -9.009579|   -8.920584|   -0.000003|    0.008293|
|        3914|    0.136000|  1.3812e-01|   -9.009599|   -8.920535|   -0.000003|    0.008293|
|        3915|    0.135000|  1.3812e-01|   -9.009618|   -8.920486|   -0.000003|    0.008293|
|        3916|    0.140000|  1.3812e-01|   -9.009638|   -8.920437|   -0.000003|    0.008293|
|        3917|    0.149000|  1.3812e-01|   -9.009658|   -8.920388|   -0.000003|    0.008293|
|        3918|    0.148000|  1.3813e-01|   -9.009677|   -8.920339|   -0.000003|    0.008293|
|        3919|    0.148000|  1.3813e-01|   -9.009697|   -8.920290|   -0.000003|    0.008293|
|        3920|    0.143000|  1.3813e-01|   -9.009716|   -8.920241|   -0.000003|    0.008293|
|        3921|    0.148000|  1.3813e-01|   -9.009736|   -8.920192|   -0.000003|    0.008293|
|        3922|    0.158000|  1.3814e-01|   -9.009755|   -8.920143|   -0.000003|    0.008293|
|        3923|    0.158000|  1.3814e-01|   -9.009774|   -8.920095|   -0.000003|    0.008293|
|        3924|    0.155000|  1.3815e-01|   -9.009794|   -8.920046|   -0.000003|    0.008293|
|        3925|    0.155000|  1.3815e-01|   -9.009813|   -8.919997|   -0.000003|    0.008293|
|        3926|    0.162000|  1.3816e-01|   -9.009832|   -8.919948|   -0.000003|    0.008293|
|        3927|    0.165000|  1.3816e-01|   -9.009852|   -8.919900|   -0.000003|    0.008293|
|        3928|    0.154000|  1.3817e-01|   -9.009871|   -8.919851|   -0.000003|    0.008292|
|        3929|    0.165000|  1.3817e-01|   -9.009890|   -8.919802|   -0.000003|    0.008292|
|        3930|    0.177000|  1.3818e-01|   -9.009909|   -8.919754|   -0.000003|    0.008292|
|        3931|    0.179000|  1.3819e-01|   -9.009928|   -8.919705|   -0.000003|    0.008292|
|        3932|    0.138000|  1.3819e-01|   -9.009948|   -8.919657|   -0.000003|    0.008292|
|        3933|    0.136000|  1.3819e-01|   -9.009967|   -8.919608|   -0.000003|    0.008292|
|        3934|    0.126000|  1.3819e-01|   -9.009986|   -8.919560|   -0.000003|    0.008292|
|        3935|    0.135000|  1.3819e-01|   -9.010005|   -8.919511|   -0.000003|    0.008292|
|        3936|    0.166000|  1.3820e-01|   -9.010024|   -8.919463|   -0.000003|    0.008292|
|        3937|    0.182000|  1.3821e-01|   -9.010042|   -8.919415|   -0.000003|    0.008292|
|        3938|    0.135000|  1.3821e-01|   -9.010061|   -8.919366|   -0.000003|    0.008292|
|        3939|    0.134000|  1.3821e-01|   -9.010080|   -8.919318|   -0.000003|    0.008292|
|        3940|    0.133000|  1.3820e-01|   -9.010099|   -8.919270|   -0.000003|    0.008292|
|        3941|    0.128000|  1.3820e-01|   -9.010117|   -8.919221|   -0.000003|    0.008292|
|        3942|    0.147000|  1.3820e-01|   -9.010136|   -8.919173|   -0.000003|    0.008292|
|        3943|    0.144000|  1.3821e-01|   -9.010155|   -8.919125|   -0.000003|    0.008292|
|        3944|    0.140000|  1.3821e-01|   -9.010173|   -8.919077|   -0.000003|    0.008292|
|        3945|    0.137000|  1.3821e-01|   -9.010192|   -8.919028|   -0.000003|    0.008292|
|        3946|    0.125000|  1.3820e-01|   -9.010210|   -8.918980|   -0.000003|    0.008292|
|        3947|    0.135000|  1.3820e-01|   -9.010228|   -8.918932|   -0.000003|    0.008292|
|        3948|    0.143000|  1.3820e-01|   -9.010247|   -8.918884|   -0.000003|    0.008292|
|        3949|    0.140000|  1.3820e-01|   -9.010265|   -8.918836|   -0.000003|    0.008292|
|        3950|    0.149000|  1.3821e-01|   -9.010283|   -8.918787|   -0.000003|    0.008292|
|        3951|    0.142000|  1.3821e-01|   -9.010301|   -8.918739|   -0.000003|    0.008292|
|        3952|    0.134000|  1.3821e-01|   -9.010319|   -8.918691|   -0.000003|    0.008292|
|        3953|    0.154000|  1.3821e-01|   -9.010337|   -8.918643|   -0.000003|    0.008291|
|        3954|    0.159000|  1.3822e-01|   -9.010355|   -8.918595|   -0.000003|    0.008291|
|        3955|    0.167000|  1.3822e-01|   -9.010373|   -8.918547|   -0.000003|    0.008291|
|        3956|    0.157000|  1.3823e-01|   -9.010390|   -8.918499|   -0.000003|    0.008291|
|        3957|    0.143000|  1.3823e-01|   -9.010408|   -8.918451|   -0.000003|    0.008291|
|        3958|    0.144000|  1.3823e-01|   -9.010426|   -8.918403|   -0.000003|    0.008291|
|        3959|    0.137000|  1.3823e-01|   -9.010443|   -8.918355|   -0.000003|    0.008291|
|        3960|    0.146000|  1.3823e-01|   -9.010461|   -8.918307|   -0.000003|    0.008291|
|        3961|    0.140000|  1.3823e-01|   -9.010478|   -8.918260|   -0.000003|    0.008291|
|        3962|    0.142000|  1.3823e-01|   -9.010495|   -8.918212|   -0.000003|    0.008291|
|        3963|    0.137000|  1.3823e-01|   -9.010513|   -8.918164|   -0.000003|    0.008291|
|        3964|    0.146000|  1.3823e-01|   -9.010530|   -8.918116|   -0.000003|    0.008291|
|        3965|    0.141000|  1.3824e-01|   -9.010547|   -8.918068|   -0.000003|    0.008291|
|        3966|    0.133000|  1.3823e-01|   -9.010564|   -8.918021|   -0.000003|    0.008291|
|        3967|    0.141000|  1.3823e-01|   -9.010581|   -8.917973|   -0.000003|    0.008291|
|        3968|    0.147000|  1.3824e-01|   -9.010598|   -8.917926|   -0.000003|    0.008291|
|        3969|    0.140000|  1.3824e-01|   -9.010616|   -8.917878|   -0.000003|    0.008291|
|        3970|    0.136000|  1.3824e-01|   -9.010633|   -8.917831|   -0.000003|    0.008291|
|        3971|    0.139000|  1.3824e-01|   -9.010650|   -8.917783|   -0.000003|    0.008291|
|        3972|    0.141000|  1.3824e-01|   -9.010667|   -8.917736|   -0.000003|    0.008291|
|        3973|    0.135000|  1.3824e-01|   -9.010684|   -8.917688|   -0.000003|    0.008291|
|        3974|    0.138000|  1.3824e-01|   -9.010701|   -8.917641|   -0.000003|    0.008291|
|        3975|    0.134000|  1.3824e-01|   -9.010718|   -8.917594|   -0.000003|    0.008291|
|        3976|    0.133000|  1.3823e-01|   -9.010735|   -8.917546|   -0.000003|    0.008291|
|        3977|    0.148000|  1.3824e-01|   -9.010752|   -8.917499|   -0.000003|    0.008291|
|        3978|    0.138000|  1.3824e-01|   -9.010770|   -8.917451|   -0.000003|    0.008291|
|        3979|    0.150000|  1.3824e-01|   -9.010787|   -8.917404|   -0.000003|    0.008290|
|        3980|    0.149000|  1.3824e-01|   -9.010805|   -8.917357|   -0.000003|    0.008290|
|        3981|    0.148000|  1.3825e-01|   -9.010822|   -8.917310|   -0.000003|    0.008290|
|        3982|    0.157000|  1.3825e-01|   -9.010840|   -8.917262|   -0.000003|    0.008290|
|        3983|    0.149000|  1.3825e-01|   -9.010857|   -8.917215|   -0.000003|    0.008290|
|        3984|    0.138000|  1.3825e-01|   -9.010875|   -8.917168|   -0.000003|    0.008290|
|        3985|    0.144000|  1.3825e-01|   -9.010893|   -8.917121|   -0.000003|    0.008290|
|        3986|    0.152000|  1.3826e-01|   -9.010911|   -8.917074|   -0.000003|    0.008290|
|        3987|    0.173000|  1.3827e-01|   -9.010929|   -8.917027|   -0.000003|    0.008290|
|        3988|    0.178000|  1.3828e-01|   -9.010948|   -8.916980|   -0.000003|    0.008290|
|        3989|    0.167000|  1.3828e-01|   -9.010966|   -8.916933|   -0.000003|    0.008290|
|        3990|    0.163000|  1.3829e-01|   -9.010985|   -8.916886|   -0.000003|    0.008290|
|        3991|    0.152000|  1.3829e-01|   -9.011003|   -8.916839|   -0.000003|    0.008290|
|        3992|    0.145000|  1.3829e-01|   -9.011022|   -8.916792|   -0.000003|    0.008290|
|        3993|    0.145000|  1.3830e-01|   -9.011041|   -8.916745|   -0.000003|    0.008290|
|        3994|    0.140000|  1.3830e-01|   -9.011060|   -8.916697|   -0.000003|    0.008290|
|        3995|    0.135000|  1.3830e-01|   -9.011079|   -8.916650|   -0.000003|    0.008290|
|        3996|    0.152000|  1.3830e-01|   -9.011099|   -8.916602|   -0.000003|    0.008290|
|        3997|    0.159000|  1.3830e-01|   -9.011118|   -8.916555|   -0.000003|    0.008290|
|        3998|    0.149000|  1.3831e-01|   -9.011138|   -8.916508|   -0.000003|    0.008290|
|        3999|    0.148000|  1.3831e-01|   -9.011158|   -8.916460|   -0.000003|    0.008290|
|        4000|    0.141000|  1.3831e-01|   -9.011178|   -8.916413|   -0.000003|    0.008290|
+-----------------------------------------------------------------------+
|        File Writing Summary       |              Filename             |
+-----------------------------------------------------------------------+
|SU2 binary restart                 |restart_flow_alpha0_449x129.dat    |
|Paraview                           |flow_alpha0_449x129.vtu            |
|Paraview surface                   |surface_flow_alpha0_449x129.vtu    |
+-----------------------------------------------------------------------+
+------------------------------------------------------------------------------------------+
|  Inner_Iter|   Time(sec)|   Time(sec)|      rms[P]|     rms[nu]|          CL|          CD|
+------------------------------------------------------------------------------------------+
|        4001|    0.230000|  1.3833e-01|   -9.011198|   -8.916366|   -0.000003|    0.008290|
|        4002|    0.133000|  1.3833e-01|   -9.011218|   -8.916318|   -0.000003|    0.008290|
|        4003|    0.137000|  1.3833e-01|   -9.011238|   -8.916271|   -0.000003|    0.008290|
|        4004|    0.145000|  1.3833e-01|   -9.011259|   -8.916224|   -0.000003|    0.008289|
|        4005|    0.145000|  1.3833e-01|   -9.011279|   -8.916176|   -0.000003|    0.008289|
|        4006|    0.148000|  1.3834e-01|   -9.011300|   -8.916129|   -0.000003|    0.008289|
|        4007|    0.136000|  1.3834e-01|   -9.011321|   -8.916082|   -0.000003|    0.008289|
|        4008|    0.150000|  1.3834e-01|   -9.011341|   -8.916035|   -0.000003|    0.008289|
|        4009|    0.134000|  1.3834e-01|   -9.011362|   -8.915988|   -0.000003|    0.008289|
|        4010|    0.129000|  1.3834e-01|   -9.011383|   -8.915941|   -0.000003|    0.008289|
|        4011|    0.132000|  1.3833e-01|   -9.011404|   -8.915894|   -0.000003|    0.008289|
|        4012|    0.139000|  1.3833e-01|   -9.011426|   -8.915847|   -0.000003|    0.008289|
|        4013|    0.141000|  1.3834e-01|   -9.011447|   -8.915800|   -0.000003|    0.008289|
|        4014|    0.151000|  1.3834e-01|   -9.011468|   -8.915753|   -0.000003|    0.008289|
|        4015|    0.153000|  1.3834e-01|   -9.011490|   -8.915706|   -0.000003|    0.008289|
|        4016|    0.150000|  1.3835e-01|   -9.011511|   -8.915659|   -0.000003|    0.008289|
|        4017|    0.138000|  1.3834e-01|   -9.011533|   -8.915612|   -0.000003|    0.008289|
|        4018|    0.166000|  1.3835e-01|   -9.011554|   -8.915565|   -0.000003|    0.008289|
|        4019|    0.148000|  1.3835e-01|   -9.011576|   -8.915518|   -0.000003|    0.008289|
|        4020|    0.155000|  1.3836e-01|   -9.011598|   -8.915472|   -0.000003|    0.008289|
|        4021|    0.152000|  1.3836e-01|   -9.011620|   -8.915425|   -0.000003|    0.008289|
|        4022|    0.153000|  1.3837e-01|   -9.011642|   -8.915378|   -0.000003|    0.008289|
|        4023|    0.137000|  1.3837e-01|   -9.011663|   -8.915331|   -0.000003|    0.008289|
|        4024|    0.157000|  1.3837e-01|   -9.011685|   -8.915285|   -0.000003|    0.008289|
|        4025|    0.140000|  1.3837e-01|   -9.011708|   -8.915238|   -0.000003|    0.008289|
|        4026|    0.140000|  1.3837e-01|   -9.011730|   -8.915191|   -0.000003|    0.008289|
|        4027|    0.147000|  1.3837e-01|   -9.011752|   -8.915145|   -0.000003|    0.008289|
|        4028|    0.161000|  1.3838e-01|   -9.011774|   -8.915098|   -0.000003|    0.008289|
|        4029|    0.160000|  1.3838e-01|   -9.011797|   -8.915051|   -0.000003|    0.008289|
|        4030|    0.132000|  1.3838e-01|   -9.011819|   -8.915005|   -0.000003|    0.008288|
|        4031|    0.149000|  1.3838e-01|   -9.011841|   -8.914958|   -0.000003|    0.008288|
|        4032|    0.143000|  1.3839e-01|   -9.011864|   -8.914912|   -0.000003|    0.008288|
|        4033|    0.146000|  1.3839e-01|   -9.011886|   -8.914865|   -0.000003|    0.008288|
|        4034|    0.142000|  1.3839e-01|   -9.011909|   -8.914819|   -0.000003|    0.008288|
|        4035|    0.145000|  1.3839e-01|   -9.011932|   -8.914773|   -0.000003|    0.008288|
|        4036|    0.147000|  1.3839e-01|   -9.011954|   -8.914726|   -0.000003|    0.008288|
|        4037|    0.139000|  1.3839e-01|   -9.011977|   -8.914680|   -0.000003|    0.008288|
|        4038|    0.132000|  1.3839e-01|   -9.012000|   -8.914634|   -0.000003|    0.008288|
|        4039|    0.145000|  1.3839e-01|   -9.012022|   -8.914587|   -0.000003|    0.008288|
|        4040|    0.134000|  1.3839e-01|   -9.012045|   -8.914541|   -0.000003|    0.008288|
|        4041|    0.134000|  1.3839e-01|   -9.012068|   -8.914495|   -0.000003|    0.008288|
|        4042|    0.136000|  1.3839e-01|   -9.012091|   -8.914448|   -0.000003|    0.008288|
|        4043|    0.146000|  1.3839e-01|   -9.012114|   -8.914402|   -0.000003|    0.008288|
|        4044|    0.144000|  1.3839e-01|   -9.012137|   -8.914356|   -0.000003|    0.008288|
|        4045|    0.139000|  1.3839e-01|   -9.012160|   -8.914310|   -0.000003|    0.008288|
|        4046|    0.135000|  1.3839e-01|   -9.012183|   -8.914264|   -0.000003|    0.008288|
|        4047|    0.142000|  1.3839e-01|   -9.012206|   -8.914218|   -0.000003|    0.008288|
|        4048|    0.135000|  1.3839e-01|   -9.012229|   -8.914172|   -0.000003|    0.008288|
|        4049|    0.138000|  1.3839e-01|   -9.012252|   -8.914126|   -0.000003|    0.008288|
|        4050|    0.145000|  1.3839e-01|   -9.012275|   -8.914080|   -0.000003|    0.008288|
|        4051|    0.133000|  1.3839e-01|   -9.012298|   -8.914034|   -0.000003|    0.008288|
|        4052|    0.157000|  1.3840e-01|   -9.012321|   -8.913988|   -0.000003|    0.008288|
|        4053|    0.165000|  1.3840e-01|   -9.012344|   -8.913942|   -0.000003|    0.008288|
|        4054|    0.163000|  1.3841e-01|   -9.012367|   -8.913896|   -0.000003|    0.008288|
|        4055|    0.161000|  1.3842e-01|   -9.012390|   -8.913850|   -0.000003|    0.008288|
|        4056|    0.171000|  1.3842e-01|   -9.012413|   -8.913804|   -0.000003|    0.008287|
|        4057|    0.162000|  1.3843e-01|   -9.012436|   -8.913758|   -0.000003|    0.008287|
|        4058|    0.161000|  1.3843e-01|   -9.012458|   -8.913712|   -0.000003|    0.008287|
|        4059|    0.163000|  1.3844e-01|   -9.012481|   -8.913666|   -0.000003|    0.008287|
|        4060|    0.175000|  1.3845e-01|   -9.012504|   -8.913620|   -0.000003|    0.008287|
|        4061|    0.156000|  1.3845e-01|   -9.012527|   -8.913575|   -0.000003|    0.008287|
|        4062|    0.160000|  1.3846e-01|   -9.012550|   -8.913529|   -0.000003|    0.008287|
|        4063|    0.180000|  1.3847e-01|   -9.012572|   -8.913483|   -0.000003|    0.008287|
|        4064|    0.154000|  1.3847e-01|   -9.012595|   -8.913438|   -0.000003|    0.008287|
|        4065|    0.135000|  1.3847e-01|   -9.012618|   -8.913392|   -0.000003|    0.008287|
|        4066|    0.162000|  1.3848e-01|   -9.012640|   -8.913347|   -0.000003|    0.008287|
|        4067|    0.150000|  1.3848e-01|   -9.012663|   -8.913301|   -0.000003|    0.008287|
|        4068|    0.149000|  1.3848e-01|   -9.012685|   -8.913255|   -0.000003|    0.008287|
|        4069|    0.141000|  1.3848e-01|   -9.012707|   -8.913210|   -0.000003|    0.008287|
|        4070|    0.164000|  1.3849e-01|   -9.012730|   -8.913164|   -0.000003|    0.008287|
|        4071|    0.142000|  1.3849e-01|   -9.012752|   -8.913119|   -0.000003|    0.008287|
|        4072|    0.135000|  1.3849e-01|   -9.012774|   -8.913073|   -0.000003|    0.008287|
|        4073|    0.144000|  1.3849e-01|   -9.012797|   -8.913027|   -0.000003|    0.008287|
|        4074|    0.136000|  1.3849e-01|   -9.012819|   -8.912982|   -0.000003|    0.008287|
|        4075|    0.151000|  1.3849e-01|   -9.012841|   -8.912936|   -0.000003|    0.008287|
|        4076|    0.179000|  1.3850e-01|   -9.012863|   -8.912890|   -0.000003|    0.008287|
|        4077|    0.152000|  1.3851e-01|   -9.012885|   -8.912845|   -0.000003|    0.008287|
|        4078|    0.168000|  1.3852e-01|   -9.012907|   -8.912799|   -0.000003|    0.008287|
|        4079|    0.175000|  1.3852e-01|   -9.012930|   -8.912753|   -0.000003|    0.008287|
|        4080|    0.157000|  1.3853e-01|   -9.012952|   -8.912708|   -0.000003|    0.008287|
|        4081|    0.143000|  1.3853e-01|   -9.012974|   -8.912662|   -0.000003|    0.008287|
|        4082|    0.144000|  1.3853e-01|   -9.012996|   -8.912616|   -0.000003|    0.008286|
|        4083|    0.145000|  1.3853e-01|   -9.013018|   -8.912571|   -0.000003|    0.008286|
|        4084|    0.160000|  1.3854e-01|   -9.013040|   -8.912525|   -0.000003|    0.008286|
|        4085|    0.143000|  1.3854e-01|   -9.013062|   -8.912480|   -0.000003|    0.008286|
|        4086|    0.142000|  1.3854e-01|   -9.013084|   -8.912434|   -0.000003|    0.008286|
|        4087|    0.136000|  1.3854e-01|   -9.013106|   -8.912389|   -0.000003|    0.008286|
|        4088|    0.137000|  1.3854e-01|   -9.013128|   -8.912343|   -0.000003|    0.008286|
|        4089|    0.150000|  1.3854e-01|   -9.013151|   -8.912298|   -0.000003|    0.008286|
|        4090|    0.147000|  1.3854e-01|   -9.013173|   -8.912252|   -0.000003|    0.008286|
|        4091|    0.154000|  1.3855e-01|   -9.013195|   -8.912207|   -0.000003|    0.008286|
|        4092|    0.154000|  1.3855e-01|   -9.013217|   -8.912162|   -0.000003|    0.008286|
|        4093|    0.156000|  1.3856e-01|   -9.013239|   -8.912116|   -0.000003|    0.008286|
|        4094|    0.151000|  1.3856e-01|   -9.013261|   -8.912071|   -0.000003|    0.008286|
|        4095|    0.142000|  1.3856e-01|   -9.013283|   -8.912026|   -0.000003|    0.008286|
|        4096|    0.132000|  1.3856e-01|   -9.013306|   -8.911980|   -0.000003|    0.008286|
|        4097|    0.149000|  1.3856e-01|   -9.013328|   -8.911935|   -0.000003|    0.008286|
|        4098|    0.143000|  1.3856e-01|   -9.013350|   -8.911890|   -0.000003|    0.008286|
|        4099|    0.148000|  1.3856e-01|   -9.013372|   -8.911845|   -0.000003|    0.008286|
|        4100|    0.152000|  1.3857e-01|   -9.013395|   -8.911799|   -0.000003|    0.008286|
|        4101|    0.142000|  1.3857e-01|   -9.013417|   -8.911754|   -0.000003|    0.008286|
|        4102|    0.151000|  1.3857e-01|   -9.013440|   -8.911709|   -0.000003|    0.008286|
|        4103|    0.144000|  1.3857e-01|   -9.013462|   -8.911664|   -0.000003|    0.008286|
|        4104|    0.138000|  1.3857e-01|   -9.013485|   -8.911619|   -0.000003|    0.008286|
|        4105|    0.146000|  1.3857e-01|   -9.013507|   -8.911574|   -0.000003|    0.008286|
|        4106|    0.149000|  1.3858e-01|   -9.013530|   -8.911529|   -0.000003|    0.008286|
|        4107|    0.137000|  1.3858e-01|   -9.013553|   -8.911484|   -0.000003|    0.008286|
|        4108|    0.139000|  1.3858e-01|   -9.013576|   -8.911439|   -0.000003|    0.008286|
|        4109|    0.152000|  1.3858e-01|   -9.013599|   -8.911394|   -0.000003|    0.008285|
|        4110|    0.160000|  1.3858e-01|   -9.013622|   -8.911349|   -0.000003|    0.008285|
|        4111|    0.147000|  1.3859e-01|   -9.013645|   -8.911304|   -0.000003|    0.008285|
|        4112|    0.131000|  1.3858e-01|   -9.013668|   -8.911259|   -0.000003|    0.008285|
|        4113|    0.133000|  1.3858e-01|   -9.013691|   -8.911214|   -0.000003|    0.008285|
|        4114|    0.141000|  1.3858e-01|   -9.013714|   -8.911169|   -0.000003|    0.008285|
|        4115|    0.151000|  1.3859e-01|   -9.013737|   -8.911124|   -0.000003|    0.008285|
|        4116|    0.148000|  1.3859e-01|   -9.013761|   -8.911079|   -0.000003|    0.008285|
|        4117|    0.164000|  1.3860e-01|   -9.013784|   -8.911034|   -0.000003|    0.008285|
|        4118|    0.159000|  1.3860e-01|   -9.013808|   -8.910989|   -0.000003|    0.008285|
|        4119|    0.166000|  1.3861e-01|   -9.013831|   -8.910945|   -0.000003|    0.008285|
|        4120|    0.178000|  1.3862e-01|   -9.013855|   -8.910900|   -0.000003|    0.008285|
|        4121|    0.126000|  1.3861e-01|   -9.013879|   -8.910855|   -0.000003|    0.008285|
|        4122|    0.139000|  1.3861e-01|   -9.013903|   -8.910810|   -0.000003|    0.008285|
|        4123|    0.155000|  1.3862e-01|   -9.013926|   -8.910765|   -0.000003|    0.008285|
|        4124|    0.140000|  1.3862e-01|   -9.013950|   -8.910721|   -0.000003|    0.008285|
|        4125|    0.145000|  1.3862e-01|   -9.013974|   -8.910676|   -0.000003|    0.008285|
|        4126|    0.131000|  1.3862e-01|   -9.013999|   -8.910632|   -0.000003|    0.008285|
|        4127|    0.140000|  1.3862e-01|   -9.014023|   -8.910587|   -0.000003|    0.008285|
|        4128|    0.143000|  1.3862e-01|   -9.014047|   -8.910543|   -0.000003|    0.008285|
|        4129|    0.138000|  1.3862e-01|   -9.014071|   -8.910498|   -0.000003|    0.008285|
|        4130|    0.138000|  1.3862e-01|   -9.014095|   -8.910454|   -0.000003|    0.008285|
|        4131|    0.149000|  1.3862e-01|   -9.014120|   -8.910409|   -0.000003|    0.008285|
|        4132|    0.130000|  1.3862e-01|   -9.014144|   -8.910365|   -0.000003|    0.008285|
|        4133|    0.150000|  1.3862e-01|   -9.014169|   -8.910320|   -0.000003|    0.008285|
|        4134|    0.140000|  1.3862e-01|   -9.014193|   -8.910276|   -0.000003|    0.008285|
|        4135|    0.134000|  1.3862e-01|   -9.014218|   -8.910232|   -0.000003|    0.008284|
|        4136|    0.142000|  1.3862e-01|   -9.014242|   -8.910187|   -0.000003|    0.008284|
|        4137|    0.153000|  1.3863e-01|   -9.014267|   -8.910143|   -0.000003|    0.008284|
|        4138|    0.141000|  1.3863e-01|   -9.014292|   -8.910099|   -0.000003|    0.008284|
|        4139|    0.133000|  1.3862e-01|   -9.014316|   -8.910054|   -0.000003|    0.008284|
|        4140|    0.137000|  1.3862e-01|   -9.014341|   -8.910010|   -0.000003|    0.008284|
|        4141|    0.138000|  1.3862e-01|   -9.014366|   -8.909966|   -0.000003|    0.008284|
|        4142|    0.131000|  1.3862e-01|   -9.014390|   -8.909922|   -0.000003|    0.008284|
|        4143|    0.146000|  1.3862e-01|   -9.014415|   -8.909878|   -0.000003|    0.008284|
|        4144|    0.141000|  1.3862e-01|   -9.014440|   -8.909833|   -0.000003|    0.008284|
|        4145|    0.146000|  1.3863e-01|   -9.014465|   -8.909789|   -0.000003|    0.008284|
|        4146|    0.137000|  1.3863e-01|   -9.014489|   -8.909745|   -0.000003|    0.008284|
|        4147|    0.144000|  1.3863e-01|   -9.014514|   -8.909701|   -0.000003|    0.008284|
|        4148|    0.135000|  1.3863e-01|   -9.014539|   -8.909657|   -0.000003|    0.008284|
|        4149|    0.141000|  1.3863e-01|   -9.014564|   -8.909613|   -0.000003|    0.008284|
|        4150|    0.148000|  1.3863e-01|   -9.014589|   -8.909569|   -0.000003|    0.008284|
|        4151|    0.134000|  1.3863e-01|   -9.014613|   -8.909525|   -0.000003|    0.008284|
|        4152|    0.149000|  1.3863e-01|   -9.014638|   -8.909481|   -0.000003|    0.008284|
|        4153|    0.142000|  1.3863e-01|   -9.014663|   -8.909437|   -0.000003|    0.008284|
|        4154|    0.137000|  1.3863e-01|   -9.014688|   -8.909393|   -0.000003|    0.008284|
|        4155|    0.134000|  1.3863e-01|   -9.014712|   -8.909348|   -0.000003|    0.008284|
|        4156|    0.141000|  1.3863e-01|   -9.014737|   -8.909304|   -0.000003|    0.008284|
|        4157|    0.137000|  1.3863e-01|   -9.014762|   -8.909260|   -0.000003|    0.008284|
|        4158|    0.169000|  1.3864e-01|   -9.014786|   -8.909216|   -0.000003|    0.008284|
|        4159|    0.171000|  1.3865e-01|   -9.014811|   -8.909172|   -0.000003|    0.008284|
|        4160|    0.138000|  1.3865e-01|   -9.014836|   -8.909128|   -0.000003|    0.008284|
|        4161|    0.145000|  1.3865e-01|   -9.014860|   -8.909085|   -0.000003|    0.008284|
|        4162|    0.142000|  1.3865e-01|   -9.014885|   -8.909041|   -0.000003|    0.008283|
|        4163|    0.138000|  1.3865e-01|   -9.014909|   -8.908997|   -0.000003|    0.008283|
|        4164|    0.150000|  1.3865e-01|   -9.014934|   -8.908953|   -0.000003|    0.008283|
|        4165|    0.141000|  1.3865e-01|   -9.014958|   -8.908909|   -0.000003|    0.008283|
|        4166|    0.146000|  1.3865e-01|   -9.014983|   -8.908865|   -0.000003|    0.008283|
|        4167|    0.150000|  1.3865e-01|   -9.015007|   -8.908822|   -0.000003|    0.008283|
|        4168|    0.154000|  1.3866e-01|   -9.015032|   -8.908778|   -0.000003|    0.008283|
|        4169|    0.147000|  1.3866e-01|   -9.015056|   -8.908734|   -0.000003|    0.008283|
|        4170|    0.136000|  1.3866e-01|   -9.015080|   -8.908691|   -0.000003|    0.008283|
|        4171|    0.134000|  1.3866e-01|   -9.015104|   -8.908647|   -0.000003|    0.008283|
|        4172|    0.140000|  1.3866e-01|   -9.015128|   -8.908603|   -0.000003|    0.008283|
|        4173|    0.137000|  1.3866e-01|   -9.015153|   -8.908560|   -0.000003|    0.008283|
|        4174|    0.142000|  1.3866e-01|   -9.015177|   -8.908516|   -0.000003|    0.008283|
|        4175|    0.122000|  1.3866e-01|   -9.015201|   -8.908472|   -0.000003|    0.008283|
|        4176|    0.132000|  1.3865e-01|   -9.015225|   -8.908428|   -0.000003|    0.008283|
|        4177|    0.166000|  1.3866e-01|   -9.015248|   -8.908384|   -0.000003|    0.008283|
|        4178|    0.164000|  1.3867e-01|   -9.015272|   -8.908340|   -0.000003|    0.008283|
|        4179|    0.156000|  1.3867e-01|   -9.015296|   -8.908296|   -0.000003|    0.008283|
|        4180|    0.164000|  1.3868e-01|   -9.015320|   -8.908252|   -0.000003|    0.008283|
|        4181|    0.145000|  1.3868e-01|   -9.015344|   -8.908208|   -0.000003|    0.008283|
|        4182|    0.146000|  1.3868e-01|   -9.015367|   -8.908164|   -0.000003|    0.008283|
|        4183|    0.138000|  1.3868e-01|   -9.015391|   -8.908120|   -0.000003|    0.008283|
|        4184|    0.136000|  1.3868e-01|   -9.015415|   -8.908076|   -0.000003|    0.008283|
|        4185|    0.141000|  1.3868e-01|   -9.015438|   -8.908032|   -0.000003|    0.008283|
|        4186|    0.137000|  1.3868e-01|   -9.015462|   -8.907988|   -0.000003|    0.008283|
|        4187|    0.144000|  1.3868e-01|   -9.015485|   -8.907944|   -0.000003|    0.008283|
|        4188|    0.160000|  1.3869e-01|   -9.015509|   -8.907900|   -0.000003|    0.008283|
|        4189|    0.140000|  1.3869e-01|   -9.015532|   -8.907857|   -0.000003|    0.008282|
|        4190|    0.140000|  1.3869e-01|   -9.015555|   -8.907813|   -0.000003|    0.008282|
|        4191|    0.157000|  1.3869e-01|   -9.015579|   -8.907769|   -0.000003|    0.008282|
|        4192|    0.130000|  1.3869e-01|   -9.015602|   -8.907725|   -0.000003|    0.008282|
|        4193|    0.157000|  1.3869e-01|   -9.015625|   -8.907681|   -0.000003|    0.008282|
|        4194|    0.154000|  1.3870e-01|   -9.015648|   -8.907638|   -0.000003|    0.008282|
|        4195|    0.177000|  1.3871e-01|   -9.015672|   -8.907594|   -0.000003|    0.008282|
|        4196|    0.151000|  1.3871e-01|   -9.015695|   -8.907550|   -0.000003|    0.008282|
|        4197|    0.146000|  1.3871e-01|   -9.015718|   -8.907507|   -0.000003|    0.008282|
|        4198|    0.138000|  1.3871e-01|   -9.015741|   -8.907463|   -0.000003|    0.008282|
|        4199|    0.135000|  1.3871e-01|   -9.015764|   -8.907420|   -0.000003|    0.008282|
|        4200|    0.125000|  1.3871e-01|   -9.015787|   -8.907376|   -0.000003|    0.008282|
|        4201|    0.133000|  1.3870e-01|   -9.015810|   -8.907333|   -0.000003|    0.008282|
|        4202|    0.126000|  1.3870e-01|   -9.015833|   -8.907289|   -0.000003|    0.008282|
|        4203|    0.147000|  1.3870e-01|   -9.015856|   -8.907246|   -0.000003|    0.008282|
|        4204|    0.160000|  1.3871e-01|   -9.015879|   -8.907202|   -0.000003|    0.008282|
|        4205|    0.143000|  1.3871e-01|   -9.015902|   -8.907159|   -0.000003|    0.008282|
|        4206|    0.148000|  1.3871e-01|   -9.015925|   -8.907116|   -0.000003|    0.008282|
|        4207|    0.150000|  1.3871e-01|   -9.015947|   -8.907072|   -0.000003|    0.008282|
|        4208|    0.175000|  1.3872e-01|   -9.015970|   -8.907029|   -0.000003|    0.008282|
|        4209|    0.168000|  1.3873e-01|   -9.015993|   -8.906986|   -0.000003|    0.008282|
|        4210|    0.143000|  1.3873e-01|   -9.016016|   -8.906943|   -0.000003|    0.008282|
|        4211|    0.132000|  1.3873e-01|   -9.016039|   -8.906899|   -0.000003|    0.008282|
|        4212|    0.123000|  1.3873e-01|   -9.016061|   -8.906856|   -0.000003|    0.008282|
|        4213|    0.145000|  1.3873e-01|   -9.016084|   -8.906813|   -0.000003|    0.008282|
|        4214|    0.134000|  1.3873e-01|   -9.016107|   -8.906770|   -0.000003|    0.008282|
|        4215|    0.141000|  1.3873e-01|   -9.016130|   -8.906727|   -0.000003|    0.008282|
|        4216|    0.142000|  1.3873e-01|   -9.016152|   -8.906684|   -0.000003|    0.008282|
|        4217|    0.153000|  1.3873e-01|   -9.016175|   -8.906640|   -0.000003|    0.008281|
|        4218|    0.148000|  1.3873e-01|   -9.016197|   -8.906597|   -0.000003|    0.008281|
|        4219|    0.167000|  1.3874e-01|   -9.016220|   -8.906554|   -0.000003|    0.008281|
|        4220|    0.176000|  1.3875e-01|   -9.016243|   -8.906511|   -0.000003|    0.008281|
|        4221|    0.150000|  1.3875e-01|   -9.016265|   -8.906468|   -0.000003|    0.008281|
|        4222|    0.162000|  1.3876e-01|   -9.016288|   -8.906425|   -0.000003|    0.008281|
|        4223|    0.155000|  1.3876e-01|   -9.016310|   -8.906382|   -0.000003|    0.008281|
|        4224|    0.162000|  1.3877e-01|   -9.016333|   -8.906340|   -0.000003|    0.008281|
|        4225|    0.160000|  1.3877e-01|   -9.016355|   -8.906297|   -0.000003|    0.008281|
|        4226|    0.145000|  1.3877e-01|   -9.016378|   -8.906254|   -0.000003|    0.008281|
|        4227|    0.156000|  1.3878e-01|   -9.016400|   -8.906211|   -0.000003|    0.008281|
|        4228|    0.144000|  1.3878e-01|   -9.016423|   -8.906168|   -0.000003|    0.008281|
|        4229|    0.132000|  1.3878e-01|   -9.016445|   -8.906125|   -0.000003|    0.008281|
|        4230|    0.133000|  1.3878e-01|   -9.016468|   -8.906082|   -0.000003|    0.008281|
|        4231|    0.129000|  1.3877e-01|   -9.016490|   -8.906040|   -0.000003|    0.008281|
|        4232|    0.127000|  1.3877e-01|   -9.016512|   -8.905997|   -0.000003|    0.008281|
|        4233|    0.137000|  1.3877e-01|   -9.016535|   -8.905954|   -0.000003|    0.008281|
|        4234|    0.136000|  1.3877e-01|   -9.016557|   -8.905912|   -0.000003|    0.008281|
|        4235|    0.142000|  1.3877e-01|   -9.016579|   -8.905869|   -0.000003|    0.008281|
|        4236|    0.155000|  1.3877e-01|   -9.016602|   -8.905826|   -0.000003|    0.008281|
|        4237|    0.150000|  1.3878e-01|   -9.016624|   -8.905784|   -0.000003|    0.008281|
|        4238|    0.137000|  1.3878e-01|   -9.016646|   -8.905741|   -0.000003|    0.008281|
|        4239|    0.147000|  1.3878e-01|   -9.016668|   -8.905698|   -0.000003|    0.008281|
|        4240|    0.156000|  1.3878e-01|   -9.016690|   -8.905655|   -0.000003|    0.008281|
|        4241|    0.130000|  1.3878e-01|   -9.016713|   -8.905612|   -0.000003|    0.008281|
|        4242|    0.148000|  1.3878e-01|   -9.016735|   -8.905569|   -0.000003|    0.008281|
|        4243|    0.139000|  1.3878e-01|   -9.016757|   -8.905526|   -0.000003|    0.008281|
|        4244|    0.171000|  1.3879e-01|   -9.016779|   -8.905483|   -0.000003|    0.008280|
|        4245|    0.176000|  1.3880e-01|   -9.016801|   -8.905440|   -0.000003|    0.008280|
|        4246|    0.173000|  1.3881e-01|   -9.016823|   -8.905397|   -0.000003|    0.008280|
|        4247|    0.176000|  1.3882e-01|   -9.016845|   -8.905355|   -0.000003|    0.008280|
|        4248|    0.154000|  1.3882e-01|   -9.016867|   -8.905312|   -0.000003|    0.008280|
|        4249|    0.138000|  1.3882e-01|   -9.016889|   -8.905269|   -0.000003|    0.008280|
|        4250|    0.141000|  1.3882e-01|   -9.016910|   -8.905227|   -0.000003|    0.008280|
+-----------------------------------------------------------------------+
|        File Writing Summary       |              Filename             |
+-----------------------------------------------------------------------+
|SU2 binary restart                 |restart_flow_alpha0_449x129.dat    |
|Paraview                           |flow_alpha0_449x129.vtu            |
|Paraview surface                   |surface_flow_alpha0_449x129.vtu    |
+-----------------------------------------------------------------------+
+------------------------------------------------------------------------------------------+
|  Inner_Iter|   Time(sec)|   Time(sec)|      rms[P]|     rms[nu]|          CL|          CD|
+------------------------------------------------------------------------------------------+
|        4251|    0.225000|  1.3884e-01|   -9.016932|   -8.905184|   -0.000003|    0.008280|
|        4252|    0.127000|  1.3884e-01|   -9.016954|   -8.905141|   -0.000003|    0.008280|
|        4253|    0.136000|  1.3884e-01|   -9.016976|   -8.905099|   -0.000003|    0.008280|
|        4254|    0.142000|  1.3884e-01|   -9.016997|   -8.905056|   -0.000003|    0.008280|
|        4255|    0.154000|  1.3884e-01|   -9.017019|   -8.905014|   -0.000003|    0.008280|
|        4256|    0.152000|  1.3884e-01|   -9.017041|   -8.904971|   -0.000003|    0.008280|
|        4257|    0.143000|  1.3884e-01|   -9.017062|   -8.904929|   -0.000003|    0.008280|
|        4258|    0.149000|  1.3885e-01|   -9.017084|   -8.904886|   -0.000003|    0.008280|
|        4259|    0.134000|  1.3885e-01|   -9.017105|   -8.904844|   -0.000003|    0.008280|
|        4260|    0.137000|  1.3885e-01|   -9.017127|   -8.904801|   -0.000003|    0.008280|
|        4261|    0.150000|  1.3885e-01|   -9.017148|   -8.904759|   -0.000003|    0.008280|
|        4262|    0.138000|  1.3885e-01|   -9.017170|   -8.904717|   -0.000003|    0.008280|
|        4263|    0.140000|  1.3885e-01|   -9.017191|   -8.904674|   -0.000003|    0.008280|
|        4264|    0.134000|  1.3885e-01|   -9.017212|   -8.904632|   -0.000003|    0.008280|
|        4265|    0.135000|  1.3885e-01|   -9.017234|   -8.904590|   -0.000003|    0.008280|
|        4266|    0.148000|  1.3885e-01|   -9.017255|   -8.904547|   -0.000003|    0.008280|
|        4267|    0.134000|  1.3885e-01|   -9.017276|   -8.904505|   -0.000003|    0.008280|
|        4268|    0.138000|  1.3885e-01|   -9.017297|   -8.904463|   -0.000003|    0.008280|
|        4269|    0.141000|  1.3885e-01|   -9.017318|   -8.904421|   -0.000003|    0.008280|
|        4270|    0.132000|  1.3885e-01|   -9.017339|   -8.904379|   -0.000003|    0.008280|
|        4271|    0.137000|  1.3885e-01|   -9.017360|   -8.904336|   -0.000003|    0.008280|
|        4272|    0.130000|  1.3884e-01|   -9.017381|   -8.904294|   -0.000003|    0.008279|
|        4273|    0.140000|  1.3884e-01|   -9.017402|   -8.904252|   -0.000003|    0.008279|
|        4274|    0.161000|  1.3885e-01|   -9.017422|   -8.904210|   -0.000003|    0.008279|
|        4275|    0.145000|  1.3885e-01|   -9.017443|   -8.904168|   -0.000003|    0.008279|
|        4276|    0.139000|  1.3885e-01|   -9.017464|   -8.904126|   -0.000003|    0.008279|
|        4277|    0.139000|  1.3885e-01|   -9.017485|   -8.904084|   -0.000003|    0.008279|
|        4278|    0.155000|  1.3885e-01|   -9.017505|   -8.904042|   -0.000003|    0.008279|
|        4279|    0.144000|  1.3885e-01|   -9.017526|   -8.904000|   -0.000003|    0.008279|
|        4280|    0.140000|  1.3886e-01|   -9.017547|   -8.903958|   -0.000003|    0.008279|
|        4281|    0.146000|  1.3886e-01|   -9.017567|   -8.903916|   -0.000003|    0.008279|
|        4282|    0.151000|  1.3886e-01|   -9.017588|   -8.903875|   -0.000003|    0.008279|
|        4283|    0.156000|  1.3886e-01|   -9.017608|   -8.903833|   -0.000003|    0.008279|
|        4284|    0.148000|  1.3887e-01|   -9.017629|   -8.903791|   -0.000003|    0.008279|
|        4285|    0.145000|  1.3887e-01|   -9.017649|   -8.903749|   -0.000003|    0.008279|
|        4286|    0.141000|  1.3887e-01|   -9.017670|   -8.903707|   -0.000003|    0.008279|
|        4287|    0.155000|  1.3887e-01|   -9.017691|   -8.903665|   -0.000003|    0.008279|
|        4288|    0.164000|  1.3888e-01|   -9.017711|   -8.903623|   -0.000003|    0.008279|
|        4289|    0.158000|  1.3888e-01|   -9.017732|   -8.903582|   -0.000003|    0.008279|
|        4290|    0.146000|  1.3888e-01|   -9.017752|   -8.903540|   -0.000003|    0.008279|
|        4291|    0.129000|  1.3888e-01|   -9.017773|   -8.903498|   -0.000003|    0.008279|
|        4292|    0.140000|  1.3888e-01|   -9.017793|   -8.903456|   -0.000003|    0.008279|
|        4293|    0.140000|  1.3888e-01|   -9.017814|   -8.903414|   -0.000003|    0.008279|
|        4294|    0.133000|  1.3888e-01|   -9.017834|   -8.903373|   -0.000003|    0.008279|
|        4295|    0.140000|  1.3888e-01|   -9.017855|   -8.903331|   -0.000003|    0.008279|
|        4296|    0.142000|  1.3888e-01|   -9.017876|   -8.903289|   -0.000003|    0.008279|
|        4297|    0.144000|  1.3888e-01|   -9.017896|   -8.903248|   -0.000003|    0.008279|
|        4298|    0.155000|  1.3889e-01|   -9.017917|   -8.903206|   -0.000003|    0.008279|
|        4299|    0.157000|  1.3889e-01|   -9.017938|   -8.903164|   -0.000003|    0.008279|
|        4300|    0.183000|  1.3890e-01|   -9.017958|   -8.903123|   -0.000003|    0.008278|
|        4301|    0.154000|  1.3890e-01|   -9.017979|   -8.903081|   -0.000003|    0.008278|
|        4302|    0.143000|  1.3891e-01|   -9.018000|   -8.903040|   -0.000003|    0.008278|
|        4303|    0.144000|  1.3891e-01|   -9.018021|   -8.902998|   -0.000003|    0.008278|
|        4304|    0.135000|  1.3891e-01|   -9.018041|   -8.902957|   -0.000003|    0.008278|
|        4305|    0.144000|  1.3891e-01|   -9.018062|   -8.902915|   -0.000003|    0.008278|
|        4306|    0.146000|  1.3891e-01|   -9.018083|   -8.902874|   -0.000003|    0.008278|
|        4307|    0.150000|  1.3891e-01|   -9.018104|   -8.902832|   -0.000003|    0.008278|
|        4308|    0.141000|  1.3891e-01|   -9.018125|   -8.902791|   -0.000003|    0.008278|
|        4309|    0.144000|  1.3891e-01|   -9.018146|   -8.902749|   -0.000003|    0.008278|
|        4310|    0.156000|  1.3892e-01|   -9.018167|   -8.902708|   -0.000003|    0.008278|
|        4311|    0.161000|  1.3892e-01|   -9.018188|   -8.902666|   -0.000003|    0.008278|
|        4312|    0.164000|  1.3893e-01|   -9.018210|   -8.902625|   -0.000003|    0.008278|
|        4313|    0.135000|  1.3893e-01|   -9.018231|   -8.902583|   -0.000003|    0.008278|
|        4314|    0.140000|  1.3893e-01|   -9.018252|   -8.902542|   -0.000003|    0.008278|
|        4315|    0.150000|  1.3893e-01|   -9.018274|   -8.902500|   -0.000003|    0.008278|
|        4316|    0.144000|  1.3893e-01|   -9.018295|   -8.902459|   -0.000003|    0.008278|
|        4317|    0.175000|  1.3894e-01|   -9.018316|   -8.902418|   -0.000003|    0.008278|
|        4318|    0.175000|  1.3895e-01|   -9.018338|   -8.902376|   -0.000003|    0.008278|
|        4319|    0.168000|  1.3895e-01|   -9.018359|   -8.902335|   -0.000003|    0.008278|
|        4320|    0.157000|  1.3896e-01|   -9.018381|   -8.902294|   -0.000003|    0.008278|
|        4321|    0.134000|  1.3896e-01|   -9.018403|   -8.902252|   -0.000003|    0.008278|
|        4322|    0.141000|  1.3896e-01|   -9.018424|   -8.902211|   -0.000003|    0.008278|
|        4323|    0.147000|  1.3896e-01|   -9.018446|   -8.902170|   -0.000003|    0.008278|
|        4324|    0.132000|  1.3896e-01|   -9.018468|   -8.902128|   -0.000003|    0.008278|
|        4325|    0.140000|  1.3896e-01|   -9.018490|   -8.902087|   -0.000003|    0.008278|
|        4326|    0.141000|  1.3896e-01|   -9.018512|   -8.902046|   -0.000003|    0.008278|
|        4327|    0.126000|  1.3896e-01|   -9.018534|   -8.902005|   -0.000003|    0.008278|
|        4328|    0.139000|  1.3896e-01|   -9.018556|   -8.901964|   -0.000003|    0.008277|
|        4329|    0.131000|  1.3895e-01|   -9.018578|   -8.901922|   -0.000003|    0.008277|
|        4330|    0.125000|  1.3895e-01|   -9.018600|   -8.901881|   -0.000003|    0.008277|
|        4331|    0.133000|  1.3895e-01|   -9.018622|   -8.901840|   -0.000003|    0.008277|
|        4332|    0.142000|  1.3895e-01|   -9.018645|   -8.901799|   -0.000003|    0.008277|
|        4333|    0.157000|  1.3895e-01|   -9.018667|   -8.901758|   -0.000003|    0.008277|
|        4334|    0.166000|  1.3896e-01|   -9.018689|   -8.901717|   -0.000003|    0.008277|
|        4335|    0.147000|  1.3896e-01|   -9.018712|   -8.901676|   -0.000003|    0.008277|
|        4336|    0.139000|  1.3896e-01|   -9.018734|   -8.901635|   -0.000003|    0.008277|
|        4337|    0.169000|  1.3897e-01|   -9.018757|   -8.901594|   -0.000003|    0.008277|
|        4338|    0.159000|  1.3897e-01|   -9.018779|   -8.901553|   -0.000003|    0.008277|
|        4339|    0.139000|  1.3897e-01|   -9.018802|   -8.901512|   -0.000003|    0.008277|
|        4340|    0.130000|  1.3897e-01|   -9.018824|   -8.901471|   -0.000003|    0.008277|
|        4341|    0.140000|  1.3897e-01|   -9.018847|   -8.901430|   -0.000003|    0.008277|
|        4342|    0.134000|  1.3897e-01|   -9.018870|   -8.901389|   -0.000003|    0.008277|
|        4343|    0.131000|  1.3897e-01|   -9.018892|   -8.901348|   -0.000003|    0.008277|
|        4344|    0.169000|  1.3898e-01|   -9.018915|   -8.901307|   -0.000003|    0.008277|
|        4345|    0.130000|  1.3897e-01|   -9.018938|   -8.901266|   -0.000003|    0.008277|
|        4346|    0.142000|  1.3897e-01|   -9.018961|   -8.901225|   -0.000003|    0.008277|
|        4347|    0.147000|  1.3898e-01|   -9.018984|   -8.901185|   -0.000003|    0.008277|
|        4348|    0.153000|  1.3898e-01|   -9.019007|   -8.901144|   -0.000003|    0.008277|
|        4349|    0.151000|  1.3898e-01|   -9.019029|   -8.901103|   -0.000003|    0.008277|
|        4350|    0.124000|  1.3898e-01|   -9.019052|   -8.901062|   -0.000003|    0.008277|
|        4351|    0.135000|  1.3898e-01|   -9.019075|   -8.901021|   -0.000003|    0.008277|
|        4352|    0.137000|  1.3898e-01|   -9.019098|   -8.900981|   -0.000003|    0.008277|
|        4353|    0.179000|  1.3899e-01|   -9.019121|   -8.900940|   -0.000003|    0.008277|
|        4354|    0.155000|  1.3899e-01|   -9.019144|   -8.900899|   -0.000003|    0.008277|
|        4355|    0.154000|  1.3899e-01|   -9.019167|   -8.900857|   -0.000003|    0.008277|
|        4356|    0.138000|  1.3899e-01|   -9.019190|   -8.900816|   -0.000003|    0.008276|
|        4357|    0.134000|  1.3899e-01|   -9.019213|   -8.900775|   -0.000003|    0.008276|
|        4358|    0.138000|  1.3899e-01|   -9.019237|   -8.900734|   -0.000003|    0.008276|
|        4359|    0.136000|  1.3899e-01|   -9.019260|   -8.900693|   -0.000003|    0.008276|
|        4360|    0.163000|  1.3900e-01|   -9.019283|   -8.900652|   -0.000003|    0.008276|
|        4361|    0.157000|  1.3900e-01|   -9.019306|   -8.900611|   -0.000003|    0.008276|
|        4362|    0.145000|  1.3900e-01|   -9.019329|   -8.900570|   -0.000003|    0.008276|
|        4363|    0.126000|  1.3900e-01|   -9.019352|   -8.900529|   -0.000003|    0.008276|
|        4364|    0.132000|  1.3900e-01|   -9.019375|   -8.900488|   -0.000003|    0.008276|
|        4365|    0.142000|  1.3900e-01|   -9.019398|   -8.900447|   -0.000003|    0.008276|
|        4366|    0.141000|  1.3900e-01|   -9.019421|   -8.900407|   -0.000003|    0.008276|
|        4367|    0.143000|  1.3900e-01|   -9.019444|   -8.900366|   -0.000003|    0.008276|
|        4368|    0.146000|  1.3900e-01|   -9.019468|   -8.900325|   -0.000003|    0.008276|
|        4369|    0.149000|  1.3900e-01|   -9.019491|   -8.900284|   -0.000003|    0.008276|
|        4370|    0.148000|  1.3901e-01|   -9.019514|   -8.900243|   -0.000003|    0.008276|
|        4371|    0.150000|  1.3901e-01|   -9.019537|   -8.900203|   -0.000003|    0.008276|
|        4372|    0.168000|  1.3901e-01|   -9.019560|   -8.900162|   -0.000003|    0.008276|
|        4373|    0.156000|  1.3902e-01|   -9.019583|   -8.900121|   -0.000003|    0.008276|
|        4374|    0.160000|  1.3902e-01|   -9.019606|   -8.900081|   -0.000003|    0.008276|
|        4375|    0.146000|  1.3903e-01|   -9.019629|   -8.900040|   -0.000003|    0.008276|
|        4376|    0.157000|  1.3903e-01|   -9.019653|   -8.899999|   -0.000003|    0.008276|
|        4377|    0.151000|  1.3903e-01|   -9.019676|   -8.899959|   -0.000003|    0.008276|
|        4378|    0.137000|  1.3903e-01|   -9.019699|   -8.899918|   -0.000003|    0.008276|
|        4379|    0.146000|  1.3903e-01|   -9.019722|   -8.899878|   -0.000003|    0.008276|
|        4380|    0.151000|  1.3904e-01|   -9.019745|   -8.899837|   -0.000003|    0.008276|
|        4381|    0.137000|  1.3904e-01|   -9.019768|   -8.899797|   -0.000003|    0.008276|
|        4382|    0.145000|  1.3904e-01|   -9.019791|   -8.899756|   -0.000003|    0.008276|
|        4383|    0.143000|  1.3904e-01|   -9.019814|   -8.899716|   -0.000003|    0.008276|
|        4384|    0.147000|  1.3904e-01|   -9.019837|   -8.899675|   -0.000003|    0.008276|
|        4385|    0.129000|  1.3904e-01|   -9.019860|   -8.899635|   -0.000003|    0.008275|
|        4386|    0.136000|  1.3904e-01|   -9.019883|   -8.899594|   -0.000003|    0.008275|
|        4387|    0.136000|  1.3904e-01|   -9.019906|   -8.899553|   -0.000003|    0.008275|
|        4388|    0.147000|  1.3904e-01|   -9.019929|   -8.899513|   -0.000003|    0.008275|
|        4389|    0.156000|  1.3904e-01|   -9.019952|   -8.899472|   -0.000003|    0.008275|
|        4390|    0.164000|  1.3905e-01|   -9.019975|   -8.899432|   -0.000003|    0.008275|
|        4391|    0.162000|  1.3905e-01|   -9.019998|   -8.899391|   -0.000003|    0.008275|
|        4392|    0.157000|  1.3906e-01|   -9.020021|   -8.899351|   -0.000003|    0.008275|
|        4393|    0.160000|  1.3906e-01|   -9.020044|   -8.899310|   -0.000003|    0.008275|
|        4394|    0.145000|  1.3906e-01|   -9.020066|   -8.899270|   -0.000003|    0.008275|
|        4395|    0.131000|  1.3906e-01|   -9.020089|   -8.899229|   -0.000003|    0.008275|
|        4396|    0.144000|  1.3906e-01|   -9.020112|   -8.899189|   -0.000003|    0.008275|
|        4397|    0.153000|  1.3907e-01|   -9.020135|   -8.899149|   -0.000003|    0.008275|
|        4398|    0.140000|  1.3907e-01|   -9.020158|   -8.899108|   -0.000003|    0.008275|
|        4399|    0.137000|  1.3906e-01|   -9.020180|   -8.899068|   -0.000003|    0.008275|
|        4400|    0.148000|  1.3907e-01|   -9.020203|   -8.899028|   -0.000003|    0.008275|
|        4401|    0.142000|  1.3907e-01|   -9.020226|   -8.898987|   -0.000003|    0.008275|
|        4402|    0.135000|  1.3907e-01|   -9.020249|   -8.898947|   -0.000003|    0.008275|
|        4403|    0.153000|  1.3907e-01|   -9.020271|   -8.898907|   -0.000003|    0.008275|
|        4404|    0.145000|  1.3907e-01|   -9.020294|   -8.898867|   -0.000003|    0.008275|
|        4405|    0.143000|  1.3907e-01|   -9.020317|   -8.898827|   -0.000003|    0.008275|
|        4406|    0.150000|  1.3907e-01|   -9.020339|   -8.898786|   -0.000003|    0.008275|
|        4407|    0.170000|  1.3908e-01|   -9.020362|   -8.898746|   -0.000003|    0.008275|
|        4408|    0.183000|  1.3909e-01|   -9.020385|   -8.898706|   -0.000003|    0.008275|
|        4409|    0.171000|  1.3910e-01|   -9.020407|   -8.898666|   -0.000003|    0.008275|
|        4410|    0.174000|  1.3911e-01|   -9.020430|   -8.898626|   -0.000003|    0.008275|
|        4411|    0.144000|  1.3911e-01|   -9.020453|   -8.898586|   -0.000003|    0.008275|
|        4412|    0.132000|  1.3911e-01|   -9.020475|   -8.898546|   -0.000003|    0.008275|
|        4413|    0.125000|  1.3910e-01|   -9.020498|   -8.898506|   -0.000003|    0.008274|
|        4414|    0.139000|  1.3910e-01|   -9.020520|   -8.898466|   -0.000003|    0.008274|
|        4415|    0.136000|  1.3910e-01|   -9.020543|   -8.898426|   -0.000003|    0.008274|
|        4416|    0.144000|  1.3910e-01|   -9.020565|   -8.898386|   -0.000003|    0.008274|
|        4417|    0.141000|  1.3910e-01|   -9.020588|   -8.898346|   -0.000003|    0.008274|
|        4418|    0.141000|  1.3910e-01|   -9.020610|   -8.898306|   -0.000003|    0.008274|
|        4419|    0.144000|  1.3911e-01|   -9.020633|   -8.898266|   -0.000003|    0.008274|
|        4420|    0.138000|  1.3910e-01|   -9.020655|   -8.898227|   -0.000003|    0.008274|
|        4421|    0.145000|  1.3911e-01|   -9.020678|   -8.898187|   -0.000003|    0.008274|
|        4422|    0.150000|  1.3911e-01|   -9.020700|   -8.898147|   -0.000003|    0.008274|
|        4423|    0.157000|  1.3911e-01|   -9.020723|   -8.898107|   -0.000003|    0.008274|
|        4424|    0.149000|  1.3912e-01|   -9.020745|   -8.898067|   -0.000003|    0.008274|
|        4425|    0.151000|  1.3912e-01|   -9.020767|   -8.898028|   -0.000003|    0.008274|
|        4426|    0.152000|  1.3912e-01|   -9.020790|   -8.897988|   -0.000003|    0.008274|
|        4427|    0.148000|  1.3912e-01|   -9.020812|   -8.897948|   -0.000003|    0.008274|
|        4428|    0.148000|  1.3912e-01|   -9.020834|   -8.897909|   -0.000003|    0.008274|
|        4429|    0.155000|  1.3913e-01|   -9.020857|   -8.897869|   -0.000003|    0.008274|
|        4430|    0.140000|  1.3913e-01|   -9.020879|   -8.897829|   -0.000003|    0.008274|
|        4431|    0.137000|  1.3913e-01|   -9.020901|   -8.897790|   -0.000003|    0.008274|
|        4432|    0.156000|  1.3913e-01|   -9.020924|   -8.897750|   -0.000003|    0.008274|
|        4433|    0.168000|  1.3914e-01|   -9.020946|   -8.897710|   -0.000003|    0.008274|
|        4434|    0.158000|  1.3914e-01|   -9.020968|   -8.897670|   -0.000003|    0.008274|
|        4435|    0.166000|  1.3915e-01|   -9.020990|   -8.897630|   -0.000003|    0.008274|
|        4436|    0.161000|  1.3915e-01|   -9.021012|   -8.897590|   -0.000003|    0.008274|
|        4437|    0.169000|  1.3916e-01|   -9.021034|   -8.897550|   -0.000003|    0.008274|
|        4438|    0.177000|  1.3917e-01|   -9.021056|   -8.897510|   -0.000003|    0.008274|
|        4439|    0.166000|  1.3917e-01|   -9.021079|   -8.897470|   -0.000003|    0.008274|
|        4440|    0.160000|  1.3918e-01|   -9.021101|   -8.897430|   -0.000003|    0.008274|
|        4441|    0.145000|  1.3918e-01|   -9.021123|   -8.897391|   -0.000003|    0.008274|
|        4442|    0.149000|  1.3918e-01|   -9.021145|   -8.897351|   -0.000003|    0.008273|
|        4443|    0.155000|  1.3919e-01|   -9.021167|   -8.897311|   -0.000003|    0.008273|
|        4444|    0.157000|  1.3919e-01|   -9.021189|   -8.897271|   -0.000003|    0.008273|
|        4445|    0.158000|  1.3919e-01|   -9.021210|   -8.897231|   -0.000003|    0.008273|
|        4446|    0.171000|  1.3920e-01|   -9.021232|   -8.897192|   -0.000003|    0.008273|
|        4447|    0.144000|  1.3920e-01|   -9.021254|   -8.897152|   -0.000003|    0.008273|
|        4448|    0.146000|  1.3920e-01|   -9.021276|   -8.897112|   -0.000003|    0.008273|
|        4449|    0.146000|  1.3921e-01|   -9.021298|   -8.897073|   -0.000003|    0.008273|
|        4450|    0.166000|  1.3921e-01|   -9.021320|   -8.897033|   -0.000003|    0.008273|
|        4451|    0.160000|  1.3922e-01|   -9.021341|   -8.896994|   -0.000003|    0.008273|
|        4452|    0.168000|  1.3922e-01|   -9.021363|   -8.896954|   -0.000003|    0.008273|
|        4453|    0.168000|  1.3923e-01|   -9.021385|   -8.896915|   -0.000003|    0.008273|
|        4454|    0.153000|  1.3923e-01|   -9.021407|   -8.896875|   -0.000003|    0.008273|
|        4455|    0.156000|  1.3924e-01|   -9.021428|   -8.896836|   -0.000003|    0.008273|
|        4456|    0.164000|  1.3924e-01|   -9.021450|   -8.896796|   -0.000003|    0.008273|
|        4457|    0.176000|  1.3925e-01|   -9.021471|   -8.896757|   -0.000003|    0.008273|
|        4458|    0.150000|  1.3925e-01|   -9.021493|   -8.896717|   -0.000003|    0.008273|
|        4459|    0.135000|  1.3925e-01|   -9.021515|   -8.896678|   -0.000003|    0.008273|
|        4460|    0.140000|  1.3925e-01|   -9.021536|   -8.896639|   -0.000003|    0.008273|
|        4461|    0.153000|  1.3926e-01|   -9.021558|   -8.896599|   -0.000003|    0.008273|
|        4462|    0.138000|  1.3925e-01|   -9.021579|   -8.896560|   -0.000003|    0.008273|
|        4463|    0.143000|  1.3926e-01|   -9.021601|   -8.896521|   -0.000003|    0.008273|
|        4464|    0.132000|  1.3925e-01|   -9.021622|   -8.896482|   -0.000003|    0.008273|
|        4465|    0.140000|  1.3925e-01|   -9.021644|   -8.896442|   -0.000003|    0.008273|
|        4466|    0.136000|  1.3925e-01|   -9.021666|   -8.896403|   -0.000003|    0.008273|
|        4467|    0.143000|  1.3925e-01|   -9.021687|   -8.896364|   -0.000003|    0.008273|
|        4468|    0.133000|  1.3925e-01|   -9.021709|   -8.896325|   -0.000003|    0.008273|
|        4469|    0.134000|  1.3925e-01|   -9.021730|   -8.896286|   -0.000003|    0.008273|
|        4470|    0.142000|  1.3925e-01|   -9.021752|   -8.896247|   -0.000003|    0.008273|
|        4471|    0.136000|  1.3925e-01|   -9.021773|   -8.896208|   -0.000003|    0.008272|
|        4472|    0.132000|  1.3925e-01|   -9.021795|   -8.896169|   -0.000003|    0.008272|
|        4473|    0.137000|  1.3925e-01|   -9.021816|   -8.896130|   -0.000003|    0.008272|
|        4474|    0.141000|  1.3925e-01|   -9.021838|   -8.896091|   -0.000003|    0.008272|
|        4475|    0.138000|  1.3925e-01|   -9.021859|   -8.896052|   -0.000003|    0.008272|
|        4476|    0.148000|  1.3925e-01|   -9.021881|   -8.896013|   -0.000003|    0.008272|
|        4477|    0.144000|  1.3925e-01|   -9.021903|   -8.895974|   -0.000003|    0.008272|
|        4478|    0.136000|  1.3925e-01|   -9.021924|   -8.895935|   -0.000003|    0.008272|
|        4479|    0.135000|  1.3925e-01|   -9.021946|   -8.895896|   -0.000003|    0.008272|
|        4480|    0.133000|  1.3925e-01|   -9.021967|   -8.895857|   -0.000003|    0.008272|
|        4481|    0.131000|  1.3925e-01|   -9.021989|   -8.895818|   -0.000003|    0.008272|
|        4482|    0.123000|  1.3924e-01|   -9.022011|   -8.895779|   -0.000003|    0.008272|
|        4483|    0.147000|  1.3925e-01|   -9.022032|   -8.895740|   -0.000003|    0.008272|
|        4484|    0.139000|  1.3925e-01|   -9.022054|   -8.895701|   -0.000003|    0.008272|
|        4485|    0.136000|  1.3924e-01|   -9.022076|   -8.895662|   -0.000003|    0.008272|
|        4486|    0.146000|  1.3925e-01|   -9.022097|   -8.895623|   -0.000003|    0.008272|
|        4487|    0.144000|  1.3925e-01|   -9.022119|   -8.895584|   -0.000003|    0.008272|
|        4488|    0.144000|  1.3925e-01|   -9.022141|   -8.895545|   -0.000003|    0.008272|
|        4489|    0.136000|  1.3925e-01|   -9.022162|   -8.895507|   -0.000003|    0.008272|
|        4490|    0.146000|  1.3925e-01|   -9.022184|   -8.895468|   -0.000003|    0.008272|
|        4491|    0.152000|  1.3925e-01|   -9.022206|   -8.895429|   -0.000003|    0.008272|
|        4492|    0.146000|  1.3925e-01|   -9.022228|   -8.895390|   -0.000003|    0.008272|
|        4493|    0.126000|  1.3925e-01|   -9.022249|   -8.895352|   -0.000003|    0.008272|
|        4494|    0.125000|  1.3925e-01|   -9.022271|   -8.895313|   -0.000003|    0.008272|
|        4495|    0.139000|  1.3925e-01|   -9.022293|   -8.895274|   -0.000003|    0.008272|
|        4496|    0.133000|  1.3925e-01|   -9.022315|   -8.895236|   -0.000003|    0.008272|
|        4497|    0.137000|  1.3925e-01|   -9.022337|   -8.895197|   -0.000003|    0.008272|
|        4498|    0.136000|  1.3924e-01|   -9.022359|   -8.895159|   -0.000003|    0.008272|
|        4499|    0.136000|  1.3924e-01|   -9.022380|   -8.895120|   -0.000003|    0.008272|
|        4500|    0.128000|  1.3924e-01|   -9.022402|   -8.895082|   -0.000003|    0.008272|
+-----------------------------------------------------------------------+
|        File Writing Summary       |              Filename             |
+-----------------------------------------------------------------------+
|SU2 binary restart                 |restart_flow_alpha0_449x129.dat    |
|Paraview                           |flow_alpha0_449x129.vtu            |
|Paraview surface                   |surface_flow_alpha0_449x129.vtu    |
+-----------------------------------------------------------------------+
+------------------------------------------------------------------------------------------+
|  Inner_Iter|   Time(sec)|   Time(sec)|      rms[P]|     rms[nu]|          CL|          CD|
+------------------------------------------------------------------------------------------+
|        4501|    0.234000|  1.3926e-01|   -9.022424|   -8.895043|   -0.000003|    0.008271|
|        4502|    0.129000|  1.3926e-01|   -9.022446|   -8.895005|   -0.000003|    0.008271|
|        4503|    0.143000|  1.3926e-01|   -9.022468|   -8.894966|   -0.000003|    0.008271|
|        4504|    0.129000|  1.3926e-01|   -9.022490|   -8.894927|   -0.000003|    0.008271|
|        4505|    0.130000|  1.3926e-01|   -9.022512|   -8.894889|   -0.000003|    0.008271|
|        4506|    0.135000|  1.3926e-01|   -9.022534|   -8.894850|   -0.000003|    0.008271|
|        4507|    0.144000|  1.3926e-01|   -9.022556|   -8.894812|   -0.000003|    0.008271|
|        4508|    0.163000|  1.3926e-01|   -9.022578|   -8.894773|   -0.000003|    0.008271|
|        4509|    0.138000|  1.3926e-01|   -9.022600|   -8.894734|   -0.000003|    0.008271|
|        4510|    0.164000|  1.3927e-01|   -9.022622|   -8.894696|   -0.000003|    0.008271|
|        4511|    0.143000|  1.3927e-01|   -9.022644|   -8.894657|   -0.000003|    0.008271|
|        4512|    0.155000|  1.3927e-01|   -9.022666|   -8.894619|   -0.000003|    0.008271|
|        4513|    0.133000|  1.3927e-01|   -9.022688|   -8.894580|   -0.000003|    0.008271|
|        4514|    0.137000|  1.3927e-01|   -9.022710|   -8.894542|   -0.000003|    0.008271|
|        4515|    0.162000|  1.3928e-01|   -9.022732|   -8.894503|   -0.000003|    0.008271|
|        4516|    0.146000|  1.3928e-01|   -9.022754|   -8.894465|   -0.000003|    0.008271|
|        4517|    0.149000|  1.3928e-01|   -9.022776|   -8.894427|   -0.000003|    0.008271|
|        4518|    0.158000|  1.3928e-01|   -9.022799|   -8.894388|   -0.000003|    0.008271|
|        4519|    0.159000|  1.3929e-01|   -9.022821|   -8.894350|   -0.000003|    0.008271|
|        4520|    0.136000|  1.3929e-01|   -9.022843|   -8.894311|   -0.000003|    0.008271|
|        4521|    0.149000|  1.3929e-01|   -9.022865|   -8.894273|   -0.000003|    0.008271|
|        4522|    0.137000|  1.3929e-01|   -9.022887|   -8.894235|   -0.000003|    0.008271|
|        4523|    0.131000|  1.3929e-01|   -9.022909|   -8.894197|   -0.000003|    0.008271|
|        4524|    0.125000|  1.3928e-01|   -9.022931|   -8.894158|   -0.000003|    0.008271|
|        4525|    0.172000|  1.3929e-01|   -9.022953|   -8.894120|   -0.000003|    0.008271|
|        4526|    0.156000|  1.3929e-01|   -9.022976|   -8.894082|   -0.000003|    0.008271|
|        4527|    0.160000|  1.3930e-01|   -9.022998|   -8.894043|   -0.000003|    0.008271|
|        4528|    0.176000|  1.3931e-01|   -9.023020|   -8.894005|   -0.000003|    0.008271|
|        4529|    0.158000|  1.3931e-01|   -9.023042|   -8.893967|   -0.000003|    0.008271|
|        4530|    0.166000|  1.3932e-01|   -9.023064|   -8.893929|   -0.000003|    0.008270|
|        4531|    0.166000|  1.3932e-01|   -9.023086|   -8.893890|   -0.000003|    0.008270|
|        4532|    0.166000|  1.3933e-01|   -9.023109|   -8.893852|   -0.000003|    0.008270|
|        4533|    0.177000|  1.3934e-01|   -9.023131|   -8.893814|   -0.000003|    0.008270|
|        4534|    0.158000|  1.3934e-01|   -9.023153|   -8.893776|   -0.000003|    0.008270|
|        4535|    0.134000|  1.3934e-01|   -9.023175|   -8.893738|   -0.000003|    0.008270|
|        4536|    0.129000|  1.3934e-01|   -9.023197|   -8.893700|   -0.000003|    0.008270|
|        4537|    0.153000|  1.3934e-01|   -9.023220|   -8.893661|   -0.000003|    0.008270|
|        4538|    0.136000|  1.3934e-01|   -9.023242|   -8.893623|   -0.000003|    0.008270|
|        4539|    0.134000|  1.3934e-01|   -9.023264|   -8.893585|   -0.000003|    0.008270|
|        4540|    0.139000|  1.3934e-01|   -9.023286|   -8.893547|   -0.000003|    0.008270|
|        4541|    0.150000|  1.3934e-01|   -9.023308|   -8.893509|   -0.000003|    0.008270|
|        4542|    0.150000|  1.3934e-01|   -9.023331|   -8.893471|   -0.000003|    0.008270|
|        4543|    0.138000|  1.3934e-01|   -9.023353|   -8.893433|   -0.000003|    0.008270|
|        4544|    0.143000|  1.3934e-01|   -9.023375|   -8.893395|   -0.000003|    0.008270|
|        4545|    0.134000|  1.3934e-01|   -9.023397|   -8.893357|   -0.000003|    0.008270|
|        4546|    0.140000|  1.3934e-01|   -9.023419|   -8.893319|   -0.000003|    0.008270|
|        4547|    0.153000|  1.3935e-01|   -9.023441|   -8.893281|   -0.000003|    0.008270|
|        4548|    0.143000|  1.3935e-01|   -9.023463|   -8.893243|   -0.000003|    0.008270|
|        4549|    0.169000|  1.3935e-01|   -9.023485|   -8.893205|   -0.000003|    0.008270|
|        4550|    0.145000|  1.3935e-01|   -9.023507|   -8.893167|   -0.000003|    0.008270|
|        4551|    0.140000|  1.3935e-01|   -9.023529|   -8.893128|   -0.000003|    0.008270|
|        4552|    0.170000|  1.3936e-01|   -9.023551|   -8.893090|   -0.000003|    0.008270|
|        4553|    0.150000|  1.3936e-01|   -9.023573|   -8.893052|   -0.000003|    0.008270|
|        4554|    0.159000|  1.3937e-01|   -9.023595|   -8.893014|   -0.000003|    0.008270|
|        4555|    0.191000|  1.3938e-01|   -9.023617|   -8.892976|   -0.000003|    0.008270|
|        4556|    0.231000|  1.3940e-01|   -9.023639|   -8.892939|   -0.000003|    0.008270|
|        4557|    0.189000|  1.3941e-01|   -9.023661|   -8.892901|   -0.000003|    0.008270|
|        4558|    0.181000|  1.3942e-01|   -9.023683|   -8.892863|   -0.000003|    0.008270|
|        4559|    0.165000|  1.3942e-01|   -9.023705|   -8.892825|   -0.000003|    0.008270|
|        4560|    0.152000|  1.3943e-01|   -9.023727|   -8.892787|   -0.000003|    0.008269|
|        4561|    0.140000|  1.3943e-01|   -9.023749|   -8.892749|   -0.000003|    0.008269|
|        4562|    0.132000|  1.3943e-01|   -9.023771|   -8.892712|   -0.000003|    0.008269|
|        4563|    0.137000|  1.3943e-01|   -9.023792|   -8.892674|   -0.000003|    0.008269|
|        4564|    0.131000|  1.3942e-01|   -9.023814|   -8.892636|   -0.000003|    0.008269|
|        4565|    0.128000|  1.3942e-01|   -9.023836|   -8.892598|   -0.000003|    0.008269|
|        4566|    0.143000|  1.3942e-01|   -9.023858|   -8.892561|   -0.000003|    0.008269|
|        4567|    0.138000|  1.3942e-01|   -9.023879|   -8.892523|   -0.000003|    0.008269|
|        4568|    0.140000|  1.3942e-01|   -9.023901|   -8.892485|   -0.000003|    0.008269|
|        4569|    0.138000|  1.3942e-01|   -9.023923|   -8.892448|   -0.000003|    0.008269|
|        4570|    0.136000|  1.3942e-01|   -9.023944|   -8.892410|   -0.000003|    0.008269|
|        4571|    0.138000|  1.3942e-01|   -9.023966|   -8.892373|   -0.000003|    0.008269|
|        4572|    0.151000|  1.3942e-01|   -9.023988|   -8.892335|   -0.000003|    0.008269|
|        4573|    0.157000|  1.3943e-01|   -9.024009|   -8.892297|   -0.000003|    0.008269|
|        4574|    0.155000|  1.3943e-01|   -9.024031|   -8.892260|   -0.000003|    0.008269|
|        4575|    0.146000|  1.3943e-01|   -9.024052|   -8.892222|   -0.000003|    0.008269|
|        4576|    0.144000|  1.3943e-01|   -9.024074|   -8.892185|   -0.000003|    0.008269|
|        4577|    0.131000|  1.3943e-01|   -9.024095|   -8.892147|   -0.000003|    0.008269|
|        4578|    0.144000|  1.3943e-01|   -9.024117|   -8.892110|   -0.000003|    0.008269|
|        4579|    0.129000|  1.3943e-01|   -9.024138|   -8.892072|   -0.000003|    0.008269|
|        4580|    0.133000|  1.3943e-01|   -9.024160|   -8.892035|   -0.000003|    0.008269|
|        4581|    0.133000|  1.3943e-01|   -9.024181|   -8.891997|   -0.000003|    0.008269|
|        4582|    0.135000|  1.3943e-01|   -9.024203|   -8.891960|   -0.000003|    0.008269|
|        4583|    0.141000|  1.3943e-01|   -9.024224|   -8.891923|   -0.000003|    0.008269|
|        4584|    0.174000|  1.3943e-01|   -9.024246|   -8.891885|   -0.000003|    0.008269|
|        4585|    0.178000|  1.3944e-01|   -9.024267|   -8.891848|   -0.000003|    0.008269|
|        4586|    0.186000|  1.3945e-01|   -9.024289|   -8.891811|   -0.000003|    0.008269|
|        4587|    0.160000|  1.3946e-01|   -9.024311|   -8.891773|   -0.000003|    0.008269|
|        4588|    0.142000|  1.3946e-01|   -9.024332|   -8.891736|   -0.000003|    0.008269|
|        4589|    0.143000|  1.3946e-01|   -9.024354|   -8.891699|   -0.000003|    0.008269|
|        4590|    0.147000|  1.3946e-01|   -9.024376|   -8.891661|   -0.000003|    0.008268|
|        4591|    0.143000|  1.3946e-01|   -9.024398|   -8.891624|   -0.000003|    0.008268|
|        4592|    0.132000|  1.3946e-01|   -9.024419|   -8.891587|   -0.000003|    0.008268|
|        4593|    0.142000|  1.3946e-01|   -9.024441|   -8.891549|   -0.000003|    0.008268|
|        4594|    0.137000|  1.3946e-01|   -9.024463|   -8.891512|   -0.000003|    0.008268|
|        4595|    0.130000|  1.3946e-01|   -9.024485|   -8.891475|   -0.000003|    0.008268|
|        4596|    0.128000|  1.3945e-01|   -9.024508|   -8.891438|   -0.000003|    0.008268|
|        4597|    0.131000|  1.3945e-01|   -9.024530|   -8.891400|   -0.000003|    0.008268|
|        4598|    0.136000|  1.3945e-01|   -9.024552|   -8.891363|   -0.000003|    0.008268|
|        4599|    0.133000|  1.3945e-01|   -9.024574|   -8.891326|   -0.000003|    0.008268|
|        4600|    0.142000|  1.3945e-01|   -9.024597|   -8.891289|   -0.000003|    0.008268|
|        4601|    0.135000|  1.3945e-01|   -9.024619|   -8.891252|   -0.000003|    0.008268|
|        4602|    0.135000|  1.3945e-01|   -9.024642|   -8.891215|   -0.000003|    0.008268|
|        4603|    0.137000|  1.3945e-01|   -9.024664|   -8.891177|   -0.000003|    0.008268|
|        4604|    0.139000|  1.3945e-01|   -9.024687|   -8.891140|   -0.000003|    0.008268|
|        4605|    0.137000|  1.3945e-01|   -9.024710|   -8.891103|   -0.000003|    0.008268|
|        4606|    0.135000|  1.3945e-01|   -9.024732|   -8.891066|   -0.000003|    0.008268|
|        4607|    0.139000|  1.3945e-01|   -9.024755|   -8.891029|   -0.000003|    0.008268|
|        4608|    0.160000|  1.3945e-01|   -9.024778|   -8.890992|   -0.000003|    0.008268|
|        4609|    0.138000|  1.3945e-01|   -9.024801|   -8.890955|   -0.000003|    0.008268|
|        4610|    0.151000|  1.3945e-01|   -9.024824|   -8.890918|   -0.000003|    0.008268|
|        4611|    0.156000|  1.3946e-01|   -9.024847|   -8.890881|   -0.000003|    0.008268|
|        4612|    0.148000|  1.3946e-01|   -9.024870|   -8.890844|   -0.000003|    0.008268|
|        4613|    0.154000|  1.3946e-01|   -9.024894|   -8.890807|   -0.000003|    0.008268|
|        4614|    0.142000|  1.3946e-01|   -9.024917|   -8.890770|   -0.000003|    0.008268|
|        4615|    0.144000|  1.3946e-01|   -9.024940|   -8.890733|   -0.000003|    0.008268|
|        4616|    0.137000|  1.3946e-01|   -9.024963|   -8.890696|   -0.000003|    0.008268|
|        4617|    0.134000|  1.3946e-01|   -9.024987|   -8.890659|   -0.000003|    0.008268|
|        4618|    0.130000|  1.3946e-01|   -9.025010|   -8.890622|   -0.000003|    0.008268|
|        4619|    0.133000|  1.3946e-01|   -9.025034|   -8.890585|   -0.000003|    0.008268|
|        4620|    0.128000|  1.3946e-01|   -9.025057|   -8.890548|   -0.000003|    0.008267|
|        4621|    0.160000|  1.3946e-01|   -9.025081|   -8.890511|   -0.000003|    0.008267|
|        4622|    0.174000|  1.3947e-01|   -9.025104|   -8.890474|   -0.000003|    0.008267|
|        4623|    0.181000|  1.3948e-01|   -9.025128|   -8.890438|   -0.000003|    0.008267|
|        4624|    0.184000|  1.3949e-01|   -9.025151|   -8.890401|   -0.000003|    0.008267|
|        4625|    0.150000|  1.3949e-01|   -9.025175|   -8.890364|   -0.000003|    0.008267|
|        4626|    0.153000|  1.3949e-01|   -9.025199|   -8.890327|   -0.000003|    0.008267|
|        4627|    0.153000|  1.3949e-01|   -9.025222|   -8.890290|   -0.000003|    0.008267|
|        4628|    0.153000|  1.3950e-01|   -9.025246|   -8.890254|   -0.000003|    0.008267|
|        4629|    0.170000|  1.3950e-01|   -9.025270|   -8.890217|   -0.000003|    0.008267|
|        4630|    0.157000|  1.3951e-01|   -9.025293|   -8.890180|   -0.000003|    0.008267|
|        4631|    0.148000|  1.3951e-01|   -9.025317|   -8.890144|   -0.000003|    0.008267|
|        4632|    0.132000|  1.3951e-01|   -9.025341|   -8.890107|   -0.000003|    0.008267|
|        4633|    0.131000|  1.3951e-01|   -9.025365|   -8.890070|   -0.000003|    0.008267|
|        4634|    0.136000|  1.3951e-01|   -9.025389|   -8.890034|   -0.000003|    0.008267|
|        4635|    0.134000|  1.3950e-01|   -9.025412|   -8.889997|   -0.000003|    0.008267|
|        4636|    0.142000|  1.3950e-01|   -9.025436|   -8.889961|   -0.000003|    0.008267|
|        4637|    0.138000|  1.3950e-01|   -9.025460|   -8.889924|   -0.000003|    0.008267|
|        4638|    0.137000|  1.3950e-01|   -9.025484|   -8.889887|   -0.000003|    0.008267|
|        4639|    0.141000|  1.3950e-01|   -9.025508|   -8.889851|   -0.000003|    0.008267|
|        4640|    0.131000|  1.3950e-01|   -9.025532|   -8.889814|   -0.000003|    0.008267|
|        4641|    0.137000|  1.3950e-01|   -9.025556|   -8.889778|   -0.000003|    0.008267|
|        4642|    0.139000|  1.3950e-01|   -9.025580|   -8.889741|   -0.000003|    0.008267|
|        4643|    0.137000|  1.3950e-01|   -9.025604|   -8.889704|   -0.000003|    0.008267|
|        4644|    0.154000|  1.3950e-01|   -9.025628|   -8.889667|   -0.000003|    0.008267|
|        4645|    0.139000|  1.3950e-01|   -9.025652|   -8.889630|   -0.000003|    0.008267|
|        4646|    0.133000|  1.3950e-01|   -9.025676|   -8.889593|   -0.000003|    0.008267|
|        4647|    0.134000|  1.3950e-01|   -9.025700|   -8.889556|   -0.000003|    0.008267|
|        4648|    0.125000|  1.3950e-01|   -9.025724|   -8.889519|   -0.000003|    0.008267|
|        4649|    0.150000|  1.3950e-01|   -9.025749|   -8.889482|   -0.000003|    0.008267|
|        4650|    0.135000|  1.3950e-01|   -9.025773|   -8.889445|   -0.000003|    0.008267|
|        4651|    0.160000|  1.3950e-01|   -9.025797|   -8.889408|   -0.000003|    0.008266|
|        4652|    0.146000|  1.3951e-01|   -9.025821|   -8.889372|   -0.000003|    0.008266|
|        4653|    0.144000|  1.3951e-01|   -9.025845|   -8.889335|   -0.000003|    0.008266|
|        4654|    0.147000|  1.3951e-01|   -9.025869|   -8.889298|   -0.000003|    0.008266|
|        4655|    0.149000|  1.3951e-01|   -9.025894|   -8.889261|   -0.000003|    0.008266|
|        4656|    0.162000|  1.3951e-01|   -9.025918|   -8.889224|   -0.000003|    0.008266|
|        4657|    0.157000|  1.3952e-01|   -9.025942|   -8.889187|   -0.000003|    0.008266|
|        4658|    0.148000|  1.3952e-01|   -9.025966|   -8.889150|   -0.000003|    0.008266|
|        4659|    0.150000|  1.3952e-01|   -9.025991|   -8.889113|   -0.000003|    0.008266|
|        4660|    0.147000|  1.3952e-01|   -9.026015|   -8.889077|   -0.000003|    0.008266|
|        4661|    0.138000|  1.3952e-01|   -9.026039|   -8.889040|   -0.000003|    0.008266|
|        4662|    0.130000|  1.3952e-01|   -9.026064|   -8.889003|   -0.000003|    0.008266|
|        4663|    0.130000|  1.3952e-01|   -9.026088|   -8.888966|   -0.000003|    0.008266|
|        4664|    0.145000|  1.3952e-01|   -9.026112|   -8.888930|   -0.000003|    0.008266|
|        4665|    0.130000|  1.3952e-01|   -9.026136|   -8.888893|   -0.000003|    0.008266|
|        4666|    0.137000|  1.3952e-01|   -9.026161|   -8.888856|   -0.000003|    0.008266|
|        4667|    0.131000|  1.3952e-01|   -9.026185|   -8.888819|   -0.000003|    0.008266|
|        4668|    0.135000|  1.3952e-01|   -9.026209|   -8.888783|   -0.000003|    0.008266|
|        4669|    0.130000|  1.3951e-01|   -9.026234|   -8.888746|   -0.000003|    0.008266|
|        4670|    0.128000|  1.3951e-01|   -9.026258|   -8.888709|   -0.000003|    0.008266|
|        4671|    0.137000|  1.3951e-01|   -9.026283|   -8.888673|   -0.000003|    0.008266|
|        4672|    0.134000|  1.3951e-01|   -9.026307|   -8.888636|   -0.000003|    0.008266|
|        4673|    0.135000|  1.3951e-01|   -9.026331|   -8.888599|   -0.000003|    0.008266|
|        4674|    0.128000|  1.3951e-01|   -9.026356|   -8.888563|   -0.000003|    0.008266|
|        4675|    0.137000|  1.3951e-01|   -9.026380|   -8.888526|   -0.000003|    0.008266|
|        4676|    0.132000|  1.3950e-01|   -9.026404|   -8.888489|   -0.000003|    0.008266|
|        4677|    0.144000|  1.3950e-01|   -9.026429|   -8.888453|   -0.000003|    0.008266|
|        4678|    0.131000|  1.3950e-01|   -9.026453|   -8.888416|   -0.000003|    0.008266|
|        4679|    0.137000|  1.3950e-01|   -9.026477|   -8.888380|   -0.000003|    0.008266|
|        4680|    0.136000|  1.3950e-01|   -9.026502|   -8.888343|   -0.000003|    0.008266|
|        4681|    0.136000|  1.3950e-01|   -9.026526|   -8.888306|   -0.000003|    0.008266|
|        4682|    0.138000|  1.3950e-01|   -9.026550|   -8.888270|   -0.000003|    0.008265|
|        4683|    0.145000|  1.3950e-01|   -9.026575|   -8.888233|   -0.000003|    0.008265|
|        4684|    0.134000|  1.3950e-01|   -9.026599|   -8.888197|   -0.000003|    0.008265|
|        4685|    0.132000|  1.3950e-01|   -9.026623|   -8.888160|   -0.000003|    0.008265|
|        4686|    0.147000|  1.3950e-01|   -9.026647|   -8.888124|   -0.000003|    0.008265|
|        4687|    0.137000|  1.3950e-01|   -9.026672|   -8.888087|   -0.000003|    0.008265|
|        4688|    0.149000|  1.3950e-01|   -9.026696|   -8.888051|   -0.000003|    0.008265|
|        4689|    0.135000|  1.3950e-01|   -9.026720|   -8.888014|   -0.000003|    0.008265|
|        4690|    0.136000|  1.3950e-01|   -9.026744|   -8.887978|   -0.000003|    0.008265|
|        4691|    0.133000|  1.3950e-01|   -9.026769|   -8.887941|   -0.000003|    0.008265|
|        4692|    0.131000|  1.3950e-01|   -9.026793|   -8.887905|   -0.000003|    0.008265|
|        4693|    0.137000|  1.3950e-01|   -9.026817|   -8.887868|   -0.000003|    0.008265|
|        4694|    0.133000|  1.3950e-01|   -9.026841|   -8.887832|   -0.000003|    0.008265|
|        4695|    0.131000|  1.3949e-01|   -9.026865|   -8.887795|   -0.000003|    0.008265|
|        4696|    0.129000|  1.3949e-01|   -9.026889|   -8.887759|   -0.000003|    0.008265|
|        4697|    0.144000|  1.3949e-01|   -9.026914|   -8.887722|   -0.000003|    0.008265|
|        4698|    0.141000|  1.3949e-01|   -9.026938|   -8.887686|   -0.000003|    0.008265|
|        4699|    0.142000|  1.3949e-01|   -9.026962|   -8.887649|   -0.000003|    0.008265|
|        4700|    0.145000|  1.3949e-01|   -9.026986|   -8.887613|   -0.000003|    0.008265|
|        4701|    0.132000|  1.3949e-01|   -9.027010|   -8.887577|   -0.000003|    0.008265|
|        4702|    0.142000|  1.3949e-01|   -9.027034|   -8.887540|   -0.000003|    0.008265|
|        4703|    0.143000|  1.3949e-01|   -9.027058|   -8.887504|   -0.000003|    0.008265|
|        4704|    0.129000|  1.3949e-01|   -9.027082|   -8.887468|   -0.000003|    0.008265|
|        4705|    0.133000|  1.3949e-01|   -9.027106|   -8.887431|   -0.000003|    0.008265|
|        4706|    0.139000|  1.3949e-01|   -9.027130|   -8.887395|   -0.000003|    0.008265|
|        4707|    0.136000|  1.3949e-01|   -9.027154|   -8.887359|   -0.000003|    0.008265|
|        4708|    0.141000|  1.3949e-01|   -9.027178|   -8.887323|   -0.000003|    0.008265|
|        4709|    0.142000|  1.3949e-01|   -9.027202|   -8.887287|   -0.000003|    0.008265|
|        4710|    0.141000|  1.3949e-01|   -9.027226|   -8.887250|   -0.000003|    0.008265|
|        4711|    0.134000|  1.3949e-01|   -9.027250|   -8.887214|   -0.000003|    0.008265|
|        4712|    0.134000|  1.3949e-01|   -9.027274|   -8.887178|   -0.000003|    0.008265|
|        4713|    0.130000|  1.3949e-01|   -9.027298|   -8.887142|   -0.000003|    0.008264|
|        4714|    0.130000|  1.3948e-01|   -9.027322|   -8.887106|   -0.000003|    0.008264|
|        4715|    0.129000|  1.3948e-01|   -9.027346|   -8.887070|   -0.000003|    0.008264|
|        4716|    0.132000|  1.3948e-01|   -9.027369|   -8.887034|   -0.000003|    0.008264|
|        4717|    0.141000|  1.3948e-01|   -9.027393|   -8.886997|   -0.000003|    0.008264|
|        4718|    0.145000|  1.3948e-01|   -9.027417|   -8.886961|   -0.000003|    0.008264|
|        4719|    0.131000|  1.3948e-01|   -9.027441|   -8.886925|   -0.000003|    0.008264|
|        4720|    0.129000|  1.3948e-01|   -9.027465|   -8.886889|   -0.000003|    0.008264|
|        4721|    0.133000|  1.3948e-01|   -9.027489|   -8.886853|   -0.000003|    0.008264|
|        4722|    0.142000|  1.3948e-01|   -9.027512|   -8.886817|   -0.000003|    0.008264|
|        4723|    0.133000|  1.3948e-01|   -9.027536|   -8.886781|   -0.000003|    0.008264|
|        4724|    0.135000|  1.3947e-01|   -9.027560|   -8.886745|   -0.000003|    0.008264|
|        4725|    0.135000|  1.3947e-01|   -9.027584|   -8.886709|   -0.000003|    0.008264|
|        4726|    0.143000|  1.3947e-01|   -9.027607|   -8.886674|   -0.000003|    0.008264|
|        4727|    0.138000|  1.3947e-01|   -9.027631|   -8.886638|   -0.000003|    0.008264|
|        4728|    0.135000|  1.3947e-01|   -9.027655|   -8.886602|   -0.000003|    0.008264|
|        4729|    0.138000|  1.3947e-01|   -9.027679|   -8.886566|   -0.000003|    0.008264|
|        4730|    0.129000|  1.3947e-01|   -9.027702|   -8.886530|   -0.000003|    0.008264|
|        4731|    0.136000|  1.3947e-01|   -9.027726|   -8.886494|   -0.000003|    0.008264|
|        4732|    0.145000|  1.3947e-01|   -9.027750|   -8.886459|   -0.000003|    0.008264|
|        4733|    0.141000|  1.3947e-01|   -9.027773|   -8.886423|   -0.000003|    0.008264|
|        4734|    0.136000|  1.3947e-01|   -9.027797|   -8.886387|   -0.000003|    0.008264|
|        4735|    0.137000|  1.3947e-01|   -9.027821|   -8.886351|   -0.000003|    0.008264|
|        4736|    0.132000|  1.3947e-01|   -9.027844|   -8.886315|   -0.000003|    0.008264|
|        4737|    0.135000|  1.3947e-01|   -9.027868|   -8.886280|   -0.000003|    0.008264|
|        4738|    0.134000|  1.3947e-01|   -9.027892|   -8.886244|   -0.000003|    0.008264|
|        4739|    0.135000|  1.3947e-01|   -9.027915|   -8.886208|   -0.000003|    0.008264|
|        4740|    0.140000|  1.3947e-01|   -9.027939|   -8.886173|   -0.000003|    0.008264|
|        4741|    0.136000|  1.3947e-01|   -9.027963|   -8.886137|   -0.000003|    0.008264|
|        4742|    0.131000|  1.3946e-01|   -9.027986|   -8.886101|   -0.000003|    0.008264|
|        4743|    0.133000|  1.3946e-01|   -9.028010|   -8.886065|   -0.000003|    0.008264|
|        4744|    0.135000|  1.3946e-01|   -9.028034|   -8.886030|   -0.000003|    0.008263|
|        4745|    0.146000|  1.3946e-01|   -9.028057|   -8.885994|   -0.000003|    0.008263|
|        4746|    0.137000|  1.3946e-01|   -9.028081|   -8.885958|   -0.000003|    0.008263|
|        4747|    0.132000|  1.3946e-01|   -9.028104|   -8.885923|   -0.000003|    0.008263|
|        4748|    0.140000|  1.3946e-01|   -9.028128|   -8.885887|   -0.000003|    0.008263|
|        4749|    0.130000|  1.3946e-01|   -9.028152|   -8.885852|   -0.000003|    0.008263|
|        4750|    0.133000|  1.3946e-01|   -9.028175|   -8.885816|   -0.000003|    0.008263|
+-----------------------------------------------------------------------+
|        File Writing Summary       |              Filename             |
+-----------------------------------------------------------------------+
|SU2 binary restart                 |restart_flow_alpha0_449x129.dat    |
|Paraview                           |flow_alpha0_449x129.vtu            |
|Paraview surface                   |surface_flow_alpha0_449x129.vtu    |
+-----------------------------------------------------------------------+
+------------------------------------------------------------------------------------------+
|  Inner_Iter|   Time(sec)|   Time(sec)|      rms[P]|     rms[nu]|          CL|          CD|
+------------------------------------------------------------------------------------------+
|        4751|    0.231000|  1.3948e-01|   -9.028199|   -8.885781|   -0.000003|    0.008263|
|        4752|    0.139000|  1.3948e-01|   -9.028222|   -8.885745|   -0.000003|    0.008263|
|        4753|    0.135000|  1.3948e-01|   -9.028246|   -8.885710|   -0.000003|    0.008263|
|        4754|    0.141000|  1.3948e-01|   -9.028269|   -8.885674|   -0.000003|    0.008263|
|        4755|    0.132000|  1.3947e-01|   -9.028293|   -8.885639|   -0.000003|    0.008263|
|        4756|    0.127000|  1.3947e-01|   -9.028316|   -8.885603|   -0.000003|    0.008263|
|        4757|    0.148000|  1.3947e-01|   -9.028340|   -8.885567|   -0.000003|    0.008263|
|        4758|    0.135000|  1.3947e-01|   -9.028363|   -8.885532|   -0.000003|    0.008263|
|        4759|    0.137000|  1.3947e-01|   -9.028387|   -8.885496|   -0.000003|    0.008263|
|        4760|    0.132000|  1.3947e-01|   -9.028410|   -8.885461|   -0.000003|    0.008263|
|        4761|    0.130000|  1.3947e-01|   -9.028434|   -8.885425|   -0.000003|    0.008263|
|        4762|    0.134000|  1.3947e-01|   -9.028457|   -8.885390|   -0.000003|    0.008263|
|        4763|    0.135000|  1.3947e-01|   -9.028481|   -8.885354|   -0.000003|    0.008263|
|        4764|    0.138000|  1.3947e-01|   -9.028504|   -8.885319|   -0.000003|    0.008263|
|        4765|    0.136000|  1.3947e-01|   -9.028528|   -8.885283|   -0.000003|    0.008263|
|        4766|    0.133000|  1.3946e-01|   -9.028551|   -8.885248|   -0.000003|    0.008263|
|        4767|    0.143000|  1.3946e-01|   -9.028575|   -8.885212|   -0.000003|    0.008263|
|        4768|    0.136000|  1.3946e-01|   -9.028598|   -8.885177|   -0.000003|    0.008263|
|        4769|    0.143000|  1.3946e-01|   -9.028621|   -8.885142|   -0.000003|    0.008263|
|        4770|    0.141000|  1.3946e-01|   -9.028645|   -8.885106|   -0.000003|    0.008263|
|        4771|    0.141000|  1.3947e-01|   -9.028668|   -8.885071|   -0.000003|    0.008263|
|        4772|    0.137000|  1.3946e-01|   -9.028691|   -8.885035|   -0.000003|    0.008263|
|        4773|    0.132000|  1.3946e-01|   -9.028715|   -8.885000|   -0.000003|    0.008263|
|        4774|    0.129000|  1.3946e-01|   -9.028738|   -8.884965|   -0.000003|    0.008263|
|        4775|    0.133000|  1.3946e-01|   -9.028761|   -8.884929|   -0.000003|    0.008262|
|        4776|    0.146000|  1.3946e-01|   -9.028784|   -8.884894|   -0.000003|    0.008262|
|        4777|    0.162000|  1.3947e-01|   -9.028808|   -8.884859|   -0.000003|    0.008262|
|        4778|    0.172000|  1.3947e-01|   -9.028831|   -8.884824|   -0.000003|    0.008262|
|        4779|    0.164000|  1.3948e-01|   -9.028854|   -8.884788|   -0.000003|    0.008262|
|        4780|    0.164000|  1.3948e-01|   -9.028877|   -8.884753|   -0.000003|    0.008262|
|        4781|    0.159000|  1.3949e-01|   -9.028900|   -8.884718|   -0.000003|    0.008262|
|        4782|    0.159000|  1.3949e-01|   -9.028924|   -8.884683|   -0.000003|    0.008262|
|        4783|    0.167000|  1.3950e-01|   -9.028947|   -8.884648|   -0.000003|    0.008262|
|        4784|    0.161000|  1.3950e-01|   -9.028970|   -8.884612|   -0.000003|    0.008262|
|        4785|    0.157000|  1.3950e-01|   -9.028993|   -8.884577|   -0.000003|    0.008262|
|        4786|    0.161000|  1.3951e-01|   -9.029016|   -8.884542|   -0.000003|    0.008262|
|        4787|    0.161000|  1.3951e-01|   -9.029039|   -8.884507|   -0.000003|    0.008262|
|        4788|    0.163000|  1.3952e-01|   -9.029062|   -8.884472|   -0.000003|    0.008262|
|        4789|    0.151000|  1.3952e-01|   -9.029085|   -8.884437|   -0.000003|    0.008262|
|        4790|    0.155000|  1.3952e-01|   -9.029109|   -8.884402|   -0.000003|    0.008262|
|        4791|    0.164000|  1.3953e-01|   -9.029132|   -8.884367|   -0.000003|    0.008262|
|        4792|    0.162000|  1.3953e-01|   -9.029155|   -8.884332|   -0.000003|    0.008262|
|        4793|    0.152000|  1.3954e-01|   -9.029178|   -8.884297|   -0.000003|    0.008262|
|        4794|    0.152000|  1.3954e-01|   -9.029201|   -8.884262|   -0.000003|    0.008262|
|        4795|    0.147000|  1.3954e-01|   -9.029224|   -8.884227|   -0.000003|    0.008262|
|        4796|    0.149000|  1.3954e-01|   -9.029247|   -8.884192|   -0.000003|    0.008262|
|        4797|    0.132000|  1.3954e-01|   -9.029270|   -8.884157|   -0.000003|    0.008262|
|        4798|    0.135000|  1.3954e-01|   -9.029294|   -8.884122|   -0.000003|    0.008262|
|        4799|    0.150000|  1.3954e-01|   -9.029317|   -8.884087|   -0.000003|    0.008262|
|        4800|    0.150000|  1.3954e-01|   -9.029340|   -8.884052|   -0.000003|    0.008262|
|        4801|    0.130000|  1.3954e-01|   -9.029363|   -8.884017|   -0.000003|    0.008262|
|        4802|    0.134000|  1.3954e-01|   -9.029386|   -8.883982|   -0.000003|    0.008262|
|        4803|    0.134000|  1.3954e-01|   -9.029410|   -8.883947|   -0.000003|    0.008262|
|        4804|    0.140000|  1.3954e-01|   -9.029433|   -8.883912|   -0.000003|    0.008262|
|        4805|    0.146000|  1.3954e-01|   -9.029456|   -8.883878|   -0.000003|    0.008262|
|        4806|    0.152000|  1.3954e-01|   -9.029479|   -8.883843|   -0.000003|    0.008262|
|        4807|    0.145000|  1.3955e-01|   -9.029503|   -8.883808|   -0.000003|    0.008261|
|        4808|    0.130000|  1.3954e-01|   -9.029526|   -8.883773|   -0.000003|    0.008261|
|        4809|    0.137000|  1.3954e-01|   -9.029549|   -8.883738|   -0.000003|    0.008261|
|        4810|    0.145000|  1.3954e-01|   -9.029573|   -8.883703|   -0.000003|    0.008261|
|        4811|    0.151000|  1.3955e-01|   -9.029596|   -8.883669|   -0.000003|    0.008261|
|        4812|    0.141000|  1.3955e-01|   -9.029620|   -8.883634|   -0.000003|    0.008261|
|        4813|    0.138000|  1.3955e-01|   -9.029643|   -8.883599|   -0.000003|    0.008261|
|        4814|    0.145000|  1.3955e-01|   -9.029667|   -8.883564|   -0.000003|    0.008261|
|        4815|    0.128000|  1.3955e-01|   -9.029690|   -8.883530|   -0.000003|    0.008261|
|        4816|    0.131000|  1.3954e-01|   -9.029713|   -8.883495|   -0.000003|    0.008261|
|        4817|    0.140000|  1.3954e-01|   -9.029737|   -8.883460|   -0.000003|    0.008261|
|        4818|    0.138000|  1.3954e-01|   -9.029761|   -8.883426|   -0.000003|    0.008261|
|        4819|    0.142000|  1.3954e-01|   -9.029784|   -8.883391|   -0.000003|    0.008261|
|        4820|    0.142000|  1.3954e-01|   -9.029808|   -8.883356|   -0.000003|    0.008261|
|        4821|    0.134000|  1.3954e-01|   -9.029831|   -8.883322|   -0.000003|    0.008261|
|        4822|    0.135000|  1.3954e-01|   -9.029855|   -8.883287|   -0.000003|    0.008261|
|        4823|    0.145000|  1.3954e-01|   -9.029878|   -8.883252|   -0.000003|    0.008261|
|        4824|    0.130000|  1.3954e-01|   -9.029902|   -8.883218|   -0.000003|    0.008261|
|        4825|    0.140000|  1.3954e-01|   -9.029926|   -8.883183|   -0.000003|    0.008261|
|        4826|    0.133000|  1.3954e-01|   -9.029949|   -8.883149|   -0.000003|    0.008261|
|        4827|    0.137000|  1.3954e-01|   -9.029973|   -8.883114|   -0.000003|    0.008261|
|        4828|    0.131000|  1.3954e-01|   -9.029996|   -8.883080|   -0.000003|    0.008261|
|        4829|    0.138000|  1.3954e-01|   -9.030020|   -8.883045|   -0.000003|    0.008261|
|        4830|    0.141000|  1.3954e-01|   -9.030044|   -8.883011|   -0.000003|    0.008261|
|        4831|    0.143000|  1.3954e-01|   -9.030067|   -8.882976|   -0.000003|    0.008261|
|        4832|    0.141000|  1.3954e-01|   -9.030091|   -8.882942|   -0.000003|    0.008261|
|        4833|    0.130000|  1.3954e-01|   -9.030115|   -8.882908|   -0.000003|    0.008261|
|        4834|    0.141000|  1.3954e-01|   -9.030138|   -8.882873|   -0.000003|    0.008261|
|        4835|    0.133000|  1.3954e-01|   -9.030162|   -8.882839|   -0.000003|    0.008261|
|        4836|    0.136000|  1.3954e-01|   -9.030186|   -8.882805|   -0.000003|    0.008261|
|        4837|    0.131000|  1.3953e-01|   -9.030209|   -8.882770|   -0.000003|    0.008261|
|        4838|    0.135000|  1.3953e-01|   -9.030233|   -8.882736|   -0.000003|    0.008261|
|        4839|    0.128000|  1.3953e-01|   -9.030257|   -8.882701|   -0.000003|    0.008260|
|        4840|    0.146000|  1.3953e-01|   -9.030280|   -8.882667|   -0.000003|    0.008260|
|        4841|    0.147000|  1.3953e-01|   -9.030304|   -8.882633|   -0.000003|    0.008260|
|        4842|    0.156000|  1.3954e-01|   -9.030328|   -8.882598|   -0.000003|    0.008260|
|        4843|    0.149000|  1.3954e-01|   -9.030351|   -8.882564|   -0.000003|    0.008260|
|        4844|    0.130000|  1.3954e-01|   -9.030375|   -8.882529|   -0.000003|    0.008260|
|        4845|    0.143000|  1.3954e-01|   -9.030399|   -8.882495|   -0.000003|    0.008260|
|        4846|    0.131000|  1.3954e-01|   -9.030422|   -8.882461|   -0.000003|    0.008260|
|        4847|    0.132000|  1.3953e-01|   -9.030446|   -8.882426|   -0.000003|    0.008260|
|        4848|    0.124000|  1.3953e-01|   -9.030470|   -8.882392|   -0.000003|    0.008260|
|        4849|    0.146000|  1.3953e-01|   -9.030494|   -8.882358|   -0.000003|    0.008260|
|        4850|    0.135000|  1.3953e-01|   -9.030518|   -8.882323|   -0.000003|    0.008260|
|        4851|    0.145000|  1.3953e-01|   -9.030542|   -8.882289|   -0.000003|    0.008260|
|        4852|    0.135000|  1.3953e-01|   -9.030566|   -8.882255|   -0.000003|    0.008260|
|        4853|    0.136000|  1.3953e-01|   -9.030590|   -8.882220|   -0.000003|    0.008260|
|        4854|    0.131000|  1.3953e-01|   -9.030614|   -8.882186|   -0.000003|    0.008260|
|        4855|    0.135000|  1.3953e-01|   -9.030638|   -8.882152|   -0.000003|    0.008260|
|        4856|    0.145000|  1.3953e-01|   -9.030662|   -8.882118|   -0.000003|    0.008260|
|        4857|    0.178000|  1.3954e-01|   -9.030686|   -8.882083|   -0.000003|    0.008260|
|        4858|    0.164000|  1.3954e-01|   -9.030710|   -8.882048|   -0.000003|    0.008260|
|        4859|    0.181000|  1.3955e-01|   -9.030734|   -8.882014|   -0.000003|    0.008260|
|        4860|    0.165000|  1.3956e-01|   -9.030759|   -8.881979|   -0.000003|    0.008260|
|        4861|    0.166000|  1.3956e-01|   -9.030783|   -8.881944|   -0.000003|    0.008260|
|        4862|    0.158000|  1.3956e-01|   -9.030807|   -8.881909|   -0.000003|    0.008260|
|        4863|    0.152000|  1.3957e-01|   -9.030832|   -8.881874|   -0.000003|    0.008260|
|        4864|    0.165000|  1.3957e-01|   -9.030856|   -8.881840|   -0.000003|    0.008260|
|        4865|    0.158000|  1.3958e-01|   -9.030881|   -8.881805|   -0.000003|    0.008260|
|        4866|    0.161000|  1.3958e-01|   -9.030906|   -8.881770|   -0.000003|    0.008260|
|        4867|    0.152000|  1.3958e-01|   -9.030930|   -8.881735|   -0.000003|    0.008260|
|        4868|    0.161000|  1.3959e-01|   -9.030955|   -8.881701|   -0.000003|    0.008260|
|        4869|    0.169000|  1.3959e-01|   -9.030980|   -8.881666|   -0.000003|    0.008260|
|        4870|    0.163000|  1.3960e-01|   -9.031005|   -8.881631|   -0.000003|    0.008260|
|        4871|    0.167000|  1.3960e-01|   -9.031029|   -8.881596|   -0.000003|    0.008259|
|        4872|    0.161000|  1.3961e-01|   -9.031054|   -8.881562|   -0.000003|    0.008259|
|        4873|    0.163000|  1.3961e-01|   -9.031079|   -8.881527|   -0.000003|    0.008259|
|        4874|    0.155000|  1.3962e-01|   -9.031104|   -8.881492|   -0.000003|    0.008259|
|        4875|    0.156000|  1.3962e-01|   -9.031129|   -8.881458|   -0.000003|    0.008259|
|        4876|    0.165000|  1.3962e-01|   -9.031155|   -8.881423|   -0.000003|    0.008259|
|        4877|    0.150000|  1.3963e-01|   -9.031180|   -8.881388|   -0.000003|    0.008259|
|        4878|    0.153000|  1.3963e-01|   -9.031205|   -8.881354|   -0.000003|    0.008259|
|        4879|    0.150000|  1.3963e-01|   -9.031230|   -8.881319|   -0.000003|    0.008259|
|        4880|    0.151000|  1.3963e-01|   -9.031256|   -8.881284|   -0.000003|    0.008259|
|        4881|    0.146000|  1.3964e-01|   -9.031281|   -8.881250|   -0.000003|    0.008259|
|        4882|    0.139000|  1.3964e-01|   -9.031306|   -8.881215|   -0.000003|    0.008259|
|        4883|    0.173000|  1.3964e-01|   -9.031332|   -8.881181|   -0.000003|    0.008259|
|        4884|    0.151000|  1.3964e-01|   -9.031357|   -8.881146|   -0.000003|    0.008259|
|        4885|    0.138000|  1.3964e-01|   -9.031383|   -8.881111|   -0.000003|    0.008259|
|        4886|    0.137000|  1.3964e-01|   -9.031408|   -8.881077|   -0.000003|    0.008259|
|        4887|    0.124000|  1.3964e-01|   -9.031434|   -8.881042|   -0.000003|    0.008259|
|        4888|    0.159000|  1.3964e-01|   -9.031459|   -8.881007|   -0.000003|    0.008259|
|        4889|    0.171000|  1.3965e-01|   -9.031485|   -8.880973|   -0.000003|    0.008259|
|        4890|    0.174000|  1.3966e-01|   -9.031511|   -8.880938|   -0.000003|    0.008259|
|        4891|    0.154000|  1.3966e-01|   -9.031536|   -8.880904|   -0.000003|    0.008259|
|        4892|    0.156000|  1.3966e-01|   -9.031562|   -8.880869|   -0.000003|    0.008259|
|        4893|    0.150000|  1.3967e-01|   -9.031588|   -8.880834|   -0.000003|    0.008259|
|        4894|    0.141000|  1.3967e-01|   -9.031614|   -8.880800|   -0.000003|    0.008259|
|        4895|    0.102000|  1.3966e-01|   -9.031639|   -8.880765|   -0.000003|    0.008259|
|        4896|    0.101000|  1.3965e-01|   -9.031665|   -8.880731|   -0.000003|    0.008259|
|        4897|    0.092000|  1.3964e-01|   -9.031691|   -8.880696|   -0.000003|    0.008259|
|        4898|    0.080000|  1.3963e-01|   -9.031717|   -8.880662|   -0.000003|    0.008259|
|        4899|    0.077000|  1.3962e-01|   -9.031743|   -8.880627|   -0.000003|    0.008259|
|        4900|    0.111000|  1.3961e-01|   -9.031768|   -8.880593|   -0.000003|    0.008259|
|        4901|    0.083000|  1.3960e-01|   -9.031794|   -8.880559|   -0.000003|    0.008259|
|        4902|    0.078000|  1.3959e-01|   -9.031820|   -8.880524|   -0.000003|    0.008259|
|        4903|    0.077000|  1.3957e-01|   -9.031846|   -8.880490|   -0.000003|    0.008258|
|        4904|    0.083000|  1.3956e-01|   -9.031872|   -8.880455|   -0.000003|    0.008258|
|        4905|    0.081000|  1.3955e-01|   -9.031898|   -8.880421|   -0.000003|    0.008258|
|        4906|    0.078000|  1.3954e-01|   -9.031924|   -8.880387|   -0.000003|    0.008258|
|        4907|    0.079000|  1.3953e-01|   -9.031950|   -8.880352|   -0.000003|    0.008258|
|        4908|    0.079000|  1.3951e-01|   -9.031976|   -8.880318|   -0.000003|    0.008258|
|        4909|    0.082000|  1.3950e-01|   -9.032002|   -8.880284|   -0.000003|    0.008258|
|        4910|    0.079000|  1.3949e-01|   -9.032028|   -8.880249|   -0.000003|    0.008258|
|        4911|    0.077000|  1.3948e-01|   -9.032053|   -8.880215|   -0.000003|    0.008258|
|        4912|    0.081000|  1.3946e-01|   -9.032079|   -8.880181|   -0.000003|    0.008258|
|        4913|    0.077000|  1.3945e-01|   -9.032105|   -8.880146|   -0.000003|    0.008258|
|        4914|    0.072000|  1.3944e-01|   -9.032131|   -8.880112|   -0.000003|    0.008258|
|        4915|    0.077000|  1.3943e-01|   -9.032157|   -8.880078|   -0.000003|    0.008258|
|        4916|    0.076000|  1.3941e-01|   -9.032183|   -8.880044|   -0.000003|    0.008258|
|        4917|    0.075000|  1.3940e-01|   -9.032209|   -8.880010|   -0.000003|    0.008258|
|        4918|    0.077000|  1.3939e-01|   -9.032235|   -8.879975|   -0.000003|    0.008258|
|        4919|    0.073000|  1.3937e-01|   -9.032261|   -8.879941|   -0.000003|    0.008258|
|        4920|    0.075000|  1.3936e-01|   -9.032287|   -8.879907|   -0.000003|    0.008258|
|        4921|    0.075000|  1.3935e-01|   -9.032313|   -8.879873|   -0.000003|    0.008258|
|        4922|    0.073000|  1.3933e-01|   -9.032339|   -8.879839|   -0.000003|    0.008258|
|        4923|    0.077000|  1.3932e-01|   -9.032365|   -8.879805|   -0.000003|    0.008258|
|        4924|    0.074000|  1.3931e-01|   -9.032391|   -8.879771|   -0.000003|    0.008258|
|        4925|    0.077000|  1.3929e-01|   -9.032417|   -8.879736|   -0.000003|    0.008258|
|        4926|    0.078000|  1.3928e-01|   -9.032443|   -8.879702|   -0.000003|    0.008258|
|        4927|    0.078000|  1.3927e-01|   -9.032469|   -8.879668|   -0.000003|    0.008258|
|        4928|    0.081000|  1.3926e-01|   -9.032495|   -8.879634|   -0.000003|    0.008258|
|        4929|    0.077000|  1.3925e-01|   -9.032521|   -8.879600|   -0.000003|    0.008258|
|        4930|    0.082000|  1.3923e-01|   -9.032547|   -8.879566|   -0.000003|    0.008258|
|        4931|    0.080000|  1.3922e-01|   -9.032572|   -8.879532|   -0.000003|    0.008258|
|        4932|    0.084000|  1.3921e-01|   -9.032598|   -8.879498|   -0.000003|    0.008258|
|        4933|    0.091000|  1.3920e-01|   -9.032624|   -8.879464|   -0.000003|    0.008258|
|        4934|    0.106000|  1.3919e-01|   -9.032650|   -8.879430|   -0.000003|    0.008258|
|        4935|    0.124000|  1.3919e-01|   -9.032676|   -8.879396|   -0.000003|    0.008258|
|        4936|    0.127000|  1.3919e-01|   -9.032702|   -8.879362|   -0.000003|    0.008257|
|        4937|    0.125000|  1.3919e-01|   -9.032727|   -8.879328|   -0.000003|    0.008257|
|        4938|    0.129000|  1.3918e-01|   -9.032753|   -8.879294|   -0.000003|    0.008257|
|        4939|    0.134000|  1.3918e-01|   -9.032779|   -8.879260|   -0.000003|    0.008257|
|        4940|    0.127000|  1.3918e-01|   -9.032804|   -8.879225|   -0.000003|    0.008257|
|        4941|    0.128000|  1.3918e-01|   -9.032830|   -8.879191|   -0.000003|    0.008257|
|        4942|    0.128000|  1.3918e-01|   -9.032855|   -8.879156|   -0.000003|    0.008257|
|        4943|    0.123000|  1.3917e-01|   -9.032881|   -8.879122|   -0.000003|    0.008257|
|        4944|    0.128000|  1.3917e-01|   -9.032906|   -8.879087|   -0.000003|    0.008257|
|        4945|    0.127000|  1.3917e-01|   -9.032932|   -8.879053|   -0.000003|    0.008257|
|        4946|    0.128000|  1.3917e-01|   -9.032957|   -8.879019|   -0.000003|    0.008257|
|        4947|    0.127000|  1.3916e-01|   -9.032983|   -8.878984|   -0.000003|    0.008257|
|        4948|    0.130000|  1.3916e-01|   -9.033008|   -8.878950|   -0.000003|    0.008257|
|        4949|    0.127000|  1.3916e-01|   -9.033033|   -8.878915|   -0.000003|    0.008257|
|        4950|    0.127000|  1.3916e-01|   -9.033058|   -8.878881|   -0.000003|    0.008257|
|        4951|    0.127000|  1.3915e-01|   -9.033084|   -8.878847|   -0.000003|    0.008257|
|        4952|    0.123000|  1.3915e-01|   -9.033109|   -8.878812|   -0.000003|    0.008257|
|        4953|    0.114000|  1.3915e-01|   -9.033134|   -8.878778|   -0.000003|    0.008257|
|        4954|    0.105000|  1.3914e-01|   -9.033159|   -8.878744|   -0.000003|    0.008257|
|        4955|    0.088000|  1.3913e-01|   -9.033184|   -8.878710|   -0.000003|    0.008257|
|        4956|    0.081000|  1.3912e-01|   -9.033209|   -8.878675|   -0.000003|    0.008257|
|        4957|    0.075000|  1.3910e-01|   -9.033234|   -8.878641|   -0.000003|    0.008257|
|        4958|    0.074000|  1.3909e-01|   -9.033259|   -8.878607|   -0.000003|    0.008257|
|        4959|    0.073000|  1.3908e-01|   -9.033284|   -8.878573|   -0.000003|    0.008257|
|        4960|    0.074000|  1.3906e-01|   -9.033309|   -8.878538|   -0.000003|    0.008257|
|        4961|    0.073000|  1.3905e-01|   -9.033334|   -8.878504|   -0.000003|    0.008257|
|        4962|    0.075000|  1.3904e-01|   -9.033359|   -8.878470|   -0.000003|    0.008257|
|        4963|    0.075000|  1.3902e-01|   -9.033384|   -8.878436|   -0.000003|    0.008257|
|        4964|    0.080000|  1.3901e-01|   -9.033409|   -8.878402|   -0.000003|    0.008257|
|        4965|    0.079000|  1.3900e-01|   -9.033433|   -8.878367|   -0.000003|    0.008257|
|        4966|    0.081000|  1.3899e-01|   -9.033458|   -8.878333|   -0.000003|    0.008257|
|        4967|    0.083000|  1.3898e-01|   -9.033483|   -8.878299|   -0.000003|    0.008257|
|        4968|    0.082000|  1.3897e-01|   -9.033508|   -8.878265|   -0.000003|    0.008257|
|        4969|    0.090000|  1.3896e-01|   -9.033532|   -8.878231|   -0.000003|    0.008256|
|        4970|    0.108000|  1.3895e-01|   -9.033557|   -8.878197|   -0.000003|    0.008256|
|        4971|    0.118000|  1.3895e-01|   -9.033582|   -8.878163|   -0.000003|    0.008256|
|        4972|    0.128000|  1.3894e-01|   -9.033606|   -8.878129|   -0.000003|    0.008256|
|        4973|    0.133000|  1.3894e-01|   -9.033631|   -8.878095|   -0.000003|    0.008256|
|        4974|    0.130000|  1.3894e-01|   -9.033656|   -8.878061|   -0.000003|    0.008256|
|        4975|    0.132000|  1.3894e-01|   -9.033680|   -8.878027|   -0.000003|    0.008256|
|        4976|    0.132000|  1.3894e-01|   -9.033705|   -8.877993|   -0.000003|    0.008256|
|        4977|    0.128000|  1.3894e-01|   -9.033730|   -8.877958|   -0.000003|    0.008256|
|        4978|    0.134000|  1.3893e-01|   -9.033754|   -8.877924|   -0.000003|    0.008256|
|        4979|    0.119000|  1.3893e-01|   -9.033779|   -8.877890|   -0.000003|    0.008256|
|        4980|    0.124000|  1.3893e-01|   -9.033804|   -8.877857|   -0.000003|    0.008256|
|        4981|    0.128000|  1.3893e-01|   -9.033828|   -8.877823|   -0.000003|    0.008256|
|        4982|    0.127000|  1.3892e-01|   -9.033853|   -8.877789|   -0.000003|    0.008256|
|        4983|    0.130000|  1.3892e-01|   -9.033877|   -8.877755|   -0.000003|    0.008256|
|        4984|    0.126000|  1.3892e-01|   -9.033902|   -8.877721|   -0.000003|    0.008256|
|        4985|    0.128000|  1.3892e-01|   -9.033927|   -8.877687|   -0.000003|    0.008256|
|        4986|    0.127000|  1.3891e-01|   -9.033951|   -8.877653|   -0.000003|    0.008256|
|        4987|    0.130000|  1.3891e-01|   -9.033976|   -8.877619|   -0.000003|    0.008256|
|        4988|    0.139000|  1.3891e-01|   -9.034001|   -8.877586|   -0.000003|    0.008256|
|        4989|    0.135000|  1.3891e-01|   -9.034025|   -8.877552|   -0.000003|    0.008256|
|        4990|    0.129000|  1.3891e-01|   -9.034050|   -8.877518|   -0.000003|    0.008256|
|        4991|    0.130000|  1.3891e-01|   -9.034075|   -8.877484|   -0.000003|    0.008256|
|        4992|    0.129000|  1.3891e-01|   -9.034099|   -8.877451|   -0.000003|    0.008256|
|        4993|    0.124000|  1.3890e-01|   -9.034124|   -8.877417|   -0.000003|    0.008256|
|        4994|    0.122000|  1.3890e-01|   -9.034149|   -8.877383|   -0.000003|    0.008256|
|        4995|    0.125000|  1.3890e-01|   -9.034173|   -8.877350|   -0.000003|    0.008256|
|        4996|    0.128000|  1.3889e-01|   -9.034198|   -8.877316|   -0.000003|    0.008256|
|        4997|    0.135000|  1.3889e-01|   -9.034223|   -8.877282|   -0.000003|    0.008256|
|        4998|    0.142000|  1.3889e-01|   -9.034247|   -8.877249|   -0.000003|    0.008256|
|        4999|    0.142000|  1.3890e-01|   -9.034272|   -8.877215|   -0.000003|    0.008256|
|        5000|    0.165000|  1.3890e-01|   -9.034297|   -8.877182|   -0.000003|    0.008256|
+-----------------------------------------------------------------------+
|        File Writing Summary       |              Filename             |
+-----------------------------------------------------------------------+
|SU2 binary restart                 |restart_flow_alpha0_449x129.dat    |
|Paraview                           |flow_alpha0_449x129.vtu            |
|Paraview surface                   |surface_flow_alpha0_449x129.vtu    |
+-----------------------------------------------------------------------+
+------------------------------------------------------------------------------------------+
|  Inner_Iter|   Time(sec)|   Time(sec)|      rms[P]|     rms[nu]|          CL|          CD|
+------------------------------------------------------------------------------------------+
|        5001|    0.231000|  1.3892e-01|   -9.034321|   -8.877148|   -0.000003|    0.008256|
|        5002|    0.133000|  1.3892e-01|   -9.034346|   -8.877115|   -0.000003|    0.008255|
|        5003|    0.134000|  1.3892e-01|   -9.034371|   -8.877081|   -0.000003|    0.008255|
|        5004|    0.143000|  1.3892e-01|   -9.034396|   -8.877048|   -0.000003|    0.008255|
|        5005|    0.134000|  1.3892e-01|   -9.034420|   -8.877014|   -0.000003|    0.008255|
|        5006|    0.135000|  1.3892e-01|   -9.034445|   -8.876981|   -0.000003|    0.008255|
|        5007|    0.147000|  1.3892e-01|   -9.034470|   -8.876947|   -0.000003|    0.008255|
|        5008|    0.153000|  1.3892e-01|   -9.034495|   -8.876914|   -0.000003|    0.008255|
|        5009|    0.133000|  1.3892e-01|   -9.034519|   -8.876880|   -0.000003|    0.008255|
|        5010|    0.147000|  1.3892e-01|   -9.034544|   -8.876847|   -0.000003|    0.008255|
|        5011|    0.131000|  1.3892e-01|   -9.034569|   -8.876813|   -0.000003|    0.008255|
|        5012|    0.156000|  1.3892e-01|   -9.034594|   -8.876780|   -0.000003|    0.008255|
|        5013|    0.163000|  1.3893e-01|   -9.034618|   -8.876746|   -0.000003|    0.008255|
|        5014|    0.142000|  1.3893e-01|   -9.034643|   -8.876713|   -0.000003|    0.008255|
|        5015|    0.145000|  1.3893e-01|   -9.034668|   -8.876679|   -0.000003|    0.008255|
|        5016|    0.138000|  1.3893e-01|   -9.034693|   -8.876646|   -0.000003|    0.008255|
|        5017|    0.137000|  1.3893e-01|   -9.034718|   -8.876613|   -0.000003|    0.008255|
|        5018|    0.138000|  1.3893e-01|   -9.034742|   -8.876579|   -0.000003|    0.008255|
|        5019|    0.126000|  1.3893e-01|   -9.034767|   -8.876546|   -0.000003|    0.008255|
|        5020|    0.139000|  1.3893e-01|   -9.034792|   -8.876513|   -0.000003|    0.008255|
|        5021|    0.135000|  1.3892e-01|   -9.034817|   -8.876479|   -0.000003|    0.008255|
|        5022|    0.141000|  1.3893e-01|   -9.034842|   -8.876446|   -0.000003|    0.008255|
|        5023|    0.162000|  1.3893e-01|   -9.034867|   -8.876413|   -0.000003|    0.008255|
|        5024|    0.133000|  1.3893e-01|   -9.034892|   -8.876379|   -0.000003|    0.008255|
|        5025|    0.145000|  1.3893e-01|   -9.034916|   -8.876346|   -0.000003|    0.008255|
|        5026|    0.135000|  1.3893e-01|   -9.034941|   -8.876313|   -0.000003|    0.008255|
|        5027|    0.130000|  1.3893e-01|   -9.034966|   -8.876280|   -0.000003|    0.008255|
|        5028|    0.132000|  1.3893e-01|   -9.034991|   -8.876247|   -0.000003|    0.008255|
|        5029|    0.147000|  1.3893e-01|   -9.035016|   -8.876213|   -0.000003|    0.008255|
|        5030|    0.144000|  1.3893e-01|   -9.035041|   -8.876180|   -0.000003|    0.008255|
|        5031|    0.129000|  1.3893e-01|   -9.035066|   -8.876147|   -0.000003|    0.008255|
|        5032|    0.135000|  1.3893e-01|   -9.035090|   -8.876114|   -0.000003|    0.008255|
|        5033|    0.138000|  1.3893e-01|   -9.035115|   -8.876081|   -0.000003|    0.008255|
|        5034|    0.133000|  1.3892e-01|   -9.035140|   -8.876048|   -0.000003|    0.008255|
|        5035|    0.136000|  1.3892e-01|   -9.035165|   -8.876014|   -0.000003|    0.008254|
|        5036|    0.130000|  1.3892e-01|   -9.035190|   -8.875981|   -0.000003|    0.008254|
|        5037|    0.130000|  1.3892e-01|   -9.035215|   -8.875948|   -0.000003|    0.008254|
|        5038|    0.131000|  1.3892e-01|   -9.035239|   -8.875915|   -0.000003|    0.008254|
|        5039|    0.142000|  1.3892e-01|   -9.035264|   -8.875882|   -0.000003|    0.008254|
|        5040|    0.129000|  1.3892e-01|   -9.035289|   -8.875849|   -0.000003|    0.008254|
|        5041|    0.136000|  1.3892e-01|   -9.035314|   -8.875816|   -0.000003|    0.008254|
|        5042|    0.133000|  1.3892e-01|   -9.035339|   -8.875783|   -0.000003|    0.008254|
|        5043|    0.135000|  1.3891e-01|   -9.035363|   -8.875750|   -0.000003|    0.008254|
|        5044|    0.134000|  1.3891e-01|   -9.035388|   -8.875717|   -0.000003|    0.008254|
|        5045|    0.132000|  1.3891e-01|   -9.035413|   -8.875684|   -0.000003|    0.008254|
|        5046|    0.145000|  1.3891e-01|   -9.035438|   -8.875651|   -0.000003|    0.008254|
|        5047|    0.144000|  1.3891e-01|   -9.035462|   -8.875618|   -0.000003|    0.008254|
|        5048|    0.138000|  1.3891e-01|   -9.035487|   -8.875585|   -0.000003|    0.008254|
|        5049|    0.133000|  1.3891e-01|   -9.035512|   -8.875552|   -0.000003|    0.008254|
|        5050|    0.147000|  1.3892e-01|   -9.035536|   -8.875520|   -0.000003|    0.008254|
|        5051|    0.140000|  1.3892e-01|   -9.035561|   -8.875487|   -0.000003|    0.008254|
|        5052|    0.141000|  1.3892e-01|   -9.035586|   -8.875454|   -0.000003|    0.008254|
|        5053|    0.139000|  1.3892e-01|   -9.035610|   -8.875421|   -0.000003|    0.008254|
|        5054|    0.128000|  1.3891e-01|   -9.035635|   -8.875388|   -0.000003|    0.008254|
|        5055|    0.136000|  1.3891e-01|   -9.035660|   -8.875355|   -0.000003|    0.008254|
|        5056|    0.145000|  1.3891e-01|   -9.035684|   -8.875323|   -0.000003|    0.008254|
|        5057|    0.139000|  1.3891e-01|   -9.035709|   -8.875290|   -0.000003|    0.008254|
|        5058|    0.128000|  1.3891e-01|   -9.035733|   -8.875257|   -0.000003|    0.008254|
|        5059|    0.131000|  1.3891e-01|   -9.035758|   -8.875225|   -0.000003|    0.008254|
|        5060|    0.142000|  1.3891e-01|   -9.035783|   -8.875192|   -0.000003|    0.008254|
|        5061|    0.136000|  1.3891e-01|   -9.035807|   -8.875159|   -0.000003|    0.008254|
|        5062|    0.136000|  1.3891e-01|   -9.035832|   -8.875126|   -0.000003|    0.008254|
|        5063|    0.147000|  1.3891e-01|   -9.035856|   -8.875094|   -0.000003|    0.008254|
|        5064|    0.138000|  1.3891e-01|   -9.035881|   -8.875061|   -0.000003|    0.008254|
|        5065|    0.136000|  1.3891e-01|   -9.035905|   -8.875029|   -0.000003|    0.008254|
|        5066|    0.144000|  1.3891e-01|   -9.035930|   -8.874996|   -0.000003|    0.008254|
|        5067|    0.133000|  1.3891e-01|   -9.035954|   -8.874963|   -0.000003|    0.008254|
|        5068|    0.130000|  1.3891e-01|   -9.035979|   -8.874930|   -0.000003|    0.008254|
|        5069|    0.134000|  1.3891e-01|   -9.036003|   -8.874898|   -0.000003|    0.008253|
|        5070|    0.146000|  1.3891e-01|   -9.036028|   -8.874865|   -0.000003|    0.008253|
|        5071|    0.156000|  1.3891e-01|   -9.036052|   -8.874832|   -0.000003|    0.008253|
|        5072|    0.161000|  1.3892e-01|   -9.036077|   -8.874799|   -0.000003|    0.008253|
|        5073|    0.171000|  1.3892e-01|   -9.036101|   -8.874766|   -0.000003|    0.008253|
|        5074|    0.161000|  1.3893e-01|   -9.036126|   -8.874733|   -0.000003|    0.008253|
|        5075|    0.174000|  1.3893e-01|   -9.036150|   -8.874700|   -0.000003|    0.008253|
|        5076|    0.176000|  1.3894e-01|   -9.036174|   -8.874668|   -0.000003|    0.008253|
|        5077|    0.169000|  1.3895e-01|   -9.036199|   -8.874635|   -0.000003|    0.008253|
|        5078|    0.159000|  1.3895e-01|   -9.036223|   -8.874602|   -0.000003|    0.008253|
|        5079|    0.161000|  1.3896e-01|   -9.036247|   -8.874569|   -0.000003|    0.008253|
|        5080|    0.162000|  1.3896e-01|   -9.036272|   -8.874536|   -0.000003|    0.008253|
|        5081|    0.150000|  1.3896e-01|   -9.036296|   -8.874504|   -0.000003|    0.008253|
|        5082|    0.143000|  1.3896e-01|   -9.036320|   -8.874471|   -0.000003|    0.008253|
|        5083|    0.158000|  1.3897e-01|   -9.036344|   -8.874438|   -0.000003|    0.008253|
|        5084|    0.151000|  1.3897e-01|   -9.036369|   -8.874405|   -0.000003|    0.008253|
|        5085|    0.152000|  1.3897e-01|   -9.036393|   -8.874373|   -0.000003|    0.008253|
|        5086|    0.147000|  1.3897e-01|   -9.036417|   -8.874340|   -0.000003|    0.008253|
|        5087|    0.150000|  1.3898e-01|   -9.036442|   -8.874307|   -0.000003|    0.008253|
|        5088|    0.148000|  1.3898e-01|   -9.036466|   -8.874275|   -0.000003|    0.008253|
|        5089|    0.144000|  1.3898e-01|   -9.036490|   -8.874242|   -0.000003|    0.008253|
|        5090|    0.151000|  1.3898e-01|   -9.036515|   -8.874209|   -0.000003|    0.008253|
|        5091|    0.150000|  1.3898e-01|   -9.036539|   -8.874177|   -0.000003|    0.008253|
|        5092|    0.150000|  1.3899e-01|   -9.036564|   -8.874144|   -0.000003|    0.008253|
|        5093|    0.155000|  1.3899e-01|   -9.036588|   -8.874111|   -0.000003|    0.008253|
|        5094|    0.145000|  1.3899e-01|   -9.036613|   -8.874079|   -0.000003|    0.008253|
|        5095|    0.141000|  1.3899e-01|   -9.036637|   -8.874046|   -0.000003|    0.008253|
|        5096|    0.143000|  1.3899e-01|   -9.036662|   -8.874014|   -0.000003|    0.008253|
|        5097|    0.142000|  1.3899e-01|   -9.036687|   -8.873981|   -0.000003|    0.008253|
|        5098|    0.144000|  1.3899e-01|   -9.036711|   -8.873949|   -0.000003|    0.008253|
|        5099|    0.160000|  1.3900e-01|   -9.036736|   -8.873916|   -0.000003|    0.008253|
|        5100|    0.155000|  1.3900e-01|   -9.036761|   -8.873884|   -0.000003|    0.008253|
|        5101|    0.166000|  1.3901e-01|   -9.036786|   -8.873851|   -0.000003|    0.008253|
|        5102|    0.161000|  1.3901e-01|   -9.036811|   -8.873819|   -0.000003|    0.008253|
|        5103|    0.136000|  1.3901e-01|   -9.036836|   -8.873786|   -0.000003|    0.008252|
|        5104|    0.134000|  1.3901e-01|   -9.036861|   -8.873754|   -0.000003|    0.008252|
|        5105|    0.161000|  1.3901e-01|   -9.036886|   -8.873721|   -0.000003|    0.008252|
|        5106|    0.138000|  1.3901e-01|   -9.036911|   -8.873689|   -0.000003|    0.008252|
|        5107|    0.158000|  1.3902e-01|   -9.036937|   -8.873656|   -0.000003|    0.008252|
|        5108|    0.139000|  1.3902e-01|   -9.036962|   -8.873624|   -0.000003|    0.008252|
|        5109|    0.127000|  1.3901e-01|   -9.036988|   -8.873592|   -0.000003|    0.008252|
|        5110|    0.136000|  1.3901e-01|   -9.037013|   -8.873559|   -0.000003|    0.008252|
|        5111|    0.136000|  1.3901e-01|   -9.037039|   -8.873527|   -0.000003|    0.008252|
|        5112|    0.144000|  1.3901e-01|   -9.037064|   -8.873494|   -0.000003|    0.008252|
|        5113|    0.146000|  1.3901e-01|   -9.037090|   -8.873462|   -0.000003|    0.008252|
|        5114|    0.140000|  1.3901e-01|   -9.037116|   -8.873430|   -0.000003|    0.008252|
|        5115|    0.151000|  1.3902e-01|   -9.037142|   -8.873397|   -0.000003|    0.008252|
|        5116|    0.157000|  1.3902e-01|   -9.037168|   -8.873365|   -0.000003|    0.008252|
|        5117|    0.152000|  1.3902e-01|   -9.037194|   -8.873333|   -0.000003|    0.008252|
|        5118|    0.135000|  1.3902e-01|   -9.037220|   -8.873300|   -0.000003|    0.008252|
|        5119|    0.134000|  1.3902e-01|   -9.037246|   -8.873268|   -0.000003|    0.008252|
|        5120|    0.135000|  1.3902e-01|   -9.037272|   -8.873236|   -0.000003|    0.008252|
|        5121|    0.155000|  1.3902e-01|   -9.037298|   -8.873204|   -0.000003|    0.008252|
|        5122|    0.141000|  1.3902e-01|   -9.037324|   -8.873172|   -0.000003|    0.008252|
|        5123|    0.132000|  1.3902e-01|   -9.037351|   -8.873139|   -0.000003|    0.008252|
|        5124|    0.139000|  1.3902e-01|   -9.037377|   -8.873107|   -0.000003|    0.008252|
|        5125|    0.143000|  1.3902e-01|   -9.037404|   -8.873075|   -0.000003|    0.008252|
|        5126|    0.141000|  1.3902e-01|   -9.037430|   -8.873043|   -0.000003|    0.008252|
|        5127|    0.135000|  1.3902e-01|   -9.037457|   -8.873011|   -0.000003|    0.008252|
|        5128|    0.144000|  1.3902e-01|   -9.037484|   -8.872979|   -0.000003|    0.008252|
|        5129|    0.128000|  1.3902e-01|   -9.037510|   -8.872946|   -0.000003|    0.008252|
|        5130|    0.133000|  1.3902e-01|   -9.037537|   -8.872914|   -0.000003|    0.008252|
|        5131|    0.136000|  1.3902e-01|   -9.037564|   -8.872882|   -0.000003|    0.008252|
|        5132|    0.135000|  1.3902e-01|   -9.037591|   -8.872850|   -0.000003|    0.008252|
|        5133|    0.135000|  1.3902e-01|   -9.037618|   -8.872818|   -0.000003|    0.008252|
|        5134|    0.134000|  1.3902e-01|   -9.037645|   -8.872786|   -0.000003|    0.008252|
|        5135|    0.142000|  1.3902e-01|   -9.037672|   -8.872754|   -0.000003|    0.008252|
|        5136|    0.128000|  1.3902e-01|   -9.037699|   -8.872722|   -0.000003|    0.008252|
|        5137|    0.135000|  1.3902e-01|   -9.037726|   -8.872690|   -0.000003|    0.008251|
|        5138|    0.135000|  1.3901e-01|   -9.037753|   -8.872658|   -0.000003|    0.008251|
|        5139|    0.133000|  1.3901e-01|   -9.037780|   -8.872626|   -0.000003|    0.008251|
|        5140|    0.141000|  1.3901e-01|   -9.037807|   -8.872594|   -0.000003|    0.008251|
|        5141|    0.150000|  1.3902e-01|   -9.037834|   -8.872562|   -0.000003|    0.008251|
|        5142|    0.148000|  1.3902e-01|   -9.037862|   -8.872530|   -0.000003|    0.008251|
|        5143|    0.136000|  1.3902e-01|   -9.037889|   -8.872499|   -0.000003|    0.008251|
|        5144|    0.129000|  1.3901e-01|   -9.037916|   -8.872467|   -0.000003|    0.008251|
|        5145|    0.134000|  1.3901e-01|   -9.037944|   -8.872435|   -0.000003|    0.008251|
|        5146|    0.135000|  1.3901e-01|   -9.037971|   -8.872403|   -0.000003|    0.008251|
|        5147|    0.135000|  1.3901e-01|   -9.037998|   -8.872371|   -0.000003|    0.008251|
|        5148|    0.128000|  1.3901e-01|   -9.038026|   -8.872339|   -0.000003|    0.008251|
|        5149|    0.145000|  1.3901e-01|   -9.038053|   -8.872307|   -0.000003|    0.008251|
|        5150|    0.137000|  1.3901e-01|   -9.038081|   -8.872275|   -0.000003|    0.008251|
|        5151|    0.145000|  1.3901e-01|   -9.038108|   -8.872243|   -0.000003|    0.008251|
|        5152|    0.134000|  1.3901e-01|   -9.038136|   -8.872211|   -0.000003|    0.008251|
|        5153|    0.136000|  1.3901e-01|   -9.038163|   -8.872180|   -0.000003|    0.008251|
|        5154|    0.137000|  1.3901e-01|   -9.038190|   -8.872148|   -0.000003|    0.008251|
|        5155|    0.133000|  1.3901e-01|   -9.038218|   -8.872116|   -0.000003|    0.008251|
|        5156|    0.142000|  1.3901e-01|   -9.038245|   -8.872084|   -0.000003|    0.008251|
|        5157|    0.178000|  1.3902e-01|   -9.038273|   -8.872052|   -0.000003|    0.008251|
|        5158|    0.164000|  1.3902e-01|   -9.038300|   -8.872020|   -0.000003|    0.008251|
|        5159|    0.148000|  1.3902e-01|   -9.038328|   -8.871988|   -0.000003|    0.008251|
|        5160|    0.162000|  1.3903e-01|   -9.038355|   -8.871957|   -0.000003|    0.008251|
|        5161|    0.170000|  1.3903e-01|   -9.038383|   -8.871925|   -0.000003|    0.008251|
|        5162|    0.154000|  1.3904e-01|   -9.038410|   -8.871893|   -0.000003|    0.008251|
|        5163|    0.146000|  1.3904e-01|   -9.038438|   -8.871861|   -0.000003|    0.008251|
|        5164|    0.145000|  1.3904e-01|   -9.038465|   -8.871829|   -0.000003|    0.008251|
|        5165|    0.148000|  1.3904e-01|   -9.038493|   -8.871798|   -0.000003|    0.008251|
|        5166|    0.163000|  1.3905e-01|   -9.038520|   -8.871766|   -0.000003|    0.008251|
|        5167|    0.152000|  1.3905e-01|   -9.038547|   -8.871734|   -0.000003|    0.008251|
|        5168|    0.145000|  1.3905e-01|   -9.038575|   -8.871702|   -0.000003|    0.008251|
|        5169|    0.153000|  1.3905e-01|   -9.038602|   -8.871669|   -0.000003|    0.008251|
|        5170|    0.157000|  1.3906e-01|   -9.038629|   -8.871637|   -0.000003|    0.008251|
|        5171|    0.153000|  1.3906e-01|   -9.038657|   -8.871605|   -0.000003|    0.008250|
|        5172|    0.149000|  1.3906e-01|   -9.038684|   -8.871573|   -0.000003|    0.008250|
|        5173|    0.144000|  1.3906e-01|   -9.038711|   -8.871541|   -0.000003|    0.008250|
|        5174|    0.132000|  1.3906e-01|   -9.038739|   -8.871509|   -0.000003|    0.008250|
|        5175|    0.128000|  1.3906e-01|   -9.038766|   -8.871477|   -0.000003|    0.008250|
|        5176|    0.134000|  1.3906e-01|   -9.038793|   -8.871445|   -0.000003|    0.008250|
|        5177|    0.140000|  1.3906e-01|   -9.038820|   -8.871413|   -0.000003|    0.008250|
|        5178|    0.131000|  1.3906e-01|   -9.038847|   -8.871381|   -0.000003|    0.008250|
|        5179|    0.129000|  1.3905e-01|   -9.038874|   -8.871349|   -0.000003|    0.008250|
|        5180|    0.134000|  1.3905e-01|   -9.038901|   -8.871317|   -0.000003|    0.008250|
|        5181|    0.133000|  1.3905e-01|   -9.038928|   -8.871285|   -0.000003|    0.008250|
|        5182|    0.134000|  1.3905e-01|   -9.038955|   -8.871253|   -0.000003|    0.008250|
|        5183|    0.134000|  1.3905e-01|   -9.038982|   -8.871221|   -0.000003|    0.008250|
|        5184|    0.136000|  1.3905e-01|   -9.039009|   -8.871189|   -0.000003|    0.008250|
|        5185|    0.141000|  1.3905e-01|   -9.039036|   -8.871157|   -0.000003|    0.008250|
|        5186|    0.135000|  1.3905e-01|   -9.039062|   -8.871125|   -0.000003|    0.008250|
|        5187|    0.145000|  1.3905e-01|   -9.039089|   -8.871093|   -0.000003|    0.008250|
|        5188|    0.139000|  1.3905e-01|   -9.039116|   -8.871062|   -0.000003|    0.008250|
|        5189|    0.149000|  1.3905e-01|   -9.039142|   -8.871030|   -0.000003|    0.008250|
|        5190|    0.137000|  1.3905e-01|   -9.039169|   -8.870998|   -0.000003|    0.008250|
|        5191|    0.136000|  1.3905e-01|   -9.039195|   -8.870966|   -0.000003|    0.008250|
|        5192|    0.140000|  1.3905e-01|   -9.039222|   -8.870934|   -0.000003|    0.008250|
|        5193|    0.130000|  1.3905e-01|   -9.039248|   -8.870902|   -0.000003|    0.008250|
|        5194|    0.137000|  1.3905e-01|   -9.039275|   -8.870870|   -0.000003|    0.008250|
|        5195|    0.141000|  1.3905e-01|   -9.039301|   -8.870838|   -0.000003|    0.008250|
|        5196|    0.138000|  1.3905e-01|   -9.039327|   -8.870806|   -0.000003|    0.008250|
|        5197|    0.128000|  1.3905e-01|   -9.039353|   -8.870774|   -0.000003|    0.008250|
|        5198|    0.139000|  1.3905e-01|   -9.039380|   -8.870742|   -0.000003|    0.008250|
|        5199|    0.141000|  1.3905e-01|   -9.039406|   -8.870710|   -0.000003|    0.008250|
|        5200|    0.139000|  1.3905e-01|   -9.039432|   -8.870678|   -0.000003|    0.008250|
|        5201|    0.142000|  1.3905e-01|   -9.039458|   -8.870646|   -0.000003|    0.008250|
|        5202|    0.140000|  1.3905e-01|   -9.039484|   -8.870614|   -0.000003|    0.008250|
|        5203|    0.128000|  1.3905e-01|   -9.039510|   -8.870582|   -0.000003|    0.008250|
|        5204|    0.140000|  1.3905e-01|   -9.039536|   -8.870550|   -0.000003|    0.008250|
|        5205|    0.142000|  1.3905e-01|   -9.039562|   -8.870518|   -0.000003|    0.008250|
|        5206|    0.135000|  1.3905e-01|   -9.039587|   -8.870486|   -0.000003|    0.008249|
|        5207|    0.135000|  1.3904e-01|   -9.039613|   -8.870454|   -0.000003|    0.008249|
|        5208|    0.133000|  1.3904e-01|   -9.039639|   -8.870422|   -0.000003|    0.008249|
|        5209|    0.128000|  1.3904e-01|   -9.039665|   -8.870390|   -0.000003|    0.008249|
|        5210|    0.130000|  1.3904e-01|   -9.039691|   -8.870358|   -0.000003|    0.008249|
|        5211|    0.131000|  1.3904e-01|   -9.039717|   -8.870327|   -0.000003|    0.008249|
|        5212|    0.126000|  1.3904e-01|   -9.039742|   -8.870295|   -0.000003|    0.008249|
|        5213|    0.127000|  1.3903e-01|   -9.039768|   -8.870263|   -0.000003|    0.008249|
|        5214|    0.143000|  1.3903e-01|   -9.039794|   -8.870231|   -0.000003|    0.008249|
|        5215|    0.136000|  1.3903e-01|   -9.039820|   -8.870199|   -0.000003|    0.008249|
|        5216|    0.132000|  1.3903e-01|   -9.039846|   -8.870168|   -0.000003|    0.008249|
|        5217|    0.132000|  1.3903e-01|   -9.039872|   -8.870136|   -0.000003|    0.008249|
|        5218|    0.147000|  1.3903e-01|   -9.039897|   -8.870104|   -0.000003|    0.008249|
|        5219|    0.133000|  1.3903e-01|   -9.039923|   -8.870073|   -0.000003|    0.008249|
|        5220|    0.130000|  1.3903e-01|   -9.039949|   -8.870041|   -0.000003|    0.008249|
|        5221|    0.150000|  1.3903e-01|   -9.039975|   -8.870009|   -0.000003|    0.008249|
|        5222|    0.139000|  1.3903e-01|   -9.040001|   -8.869977|   -0.000003|    0.008249|
|        5223|    0.135000|  1.3903e-01|   -9.040027|   -8.869946|   -0.000003|    0.008249|
|        5224|    0.135000|  1.3903e-01|   -9.040053|   -8.869914|   -0.000003|    0.008249|
|        5225|    0.127000|  1.3903e-01|   -9.040079|   -8.869882|   -0.000003|    0.008249|
|        5226|    0.143000|  1.3903e-01|   -9.040105|   -8.869850|   -0.000003|    0.008249|
|        5227|    0.136000|  1.3903e-01|   -9.040131|   -8.869818|   -0.000003|    0.008249|
|        5228|    0.142000|  1.3903e-01|   -9.040157|   -8.869786|   -0.000003|    0.008249|
|        5229|    0.138000|  1.3903e-01|   -9.040183|   -8.869755|   -0.000003|    0.008249|
|        5230|    0.135000|  1.3903e-01|   -9.040209|   -8.869723|   -0.000003|    0.008249|
|        5231|    0.135000|  1.3903e-01|   -9.040235|   -8.869691|   -0.000003|    0.008249|
|        5232|    0.142000|  1.3903e-01|   -9.040261|   -8.869659|   -0.000003|    0.008249|
|        5233|    0.145000|  1.3903e-01|   -9.040287|   -8.869627|   -0.000003|    0.008249|
|        5234|    0.159000|  1.3903e-01|   -9.040313|   -8.869595|   -0.000003|    0.008249|
|        5235|    0.153000|  1.3904e-01|   -9.040339|   -8.869563|   -0.000003|    0.008249|
|        5236|    0.156000|  1.3904e-01|   -9.040365|   -8.869532|   -0.000003|    0.008249|
|        5237|    0.141000|  1.3904e-01|   -9.040391|   -8.869500|   -0.000003|    0.008249|
|        5238|    0.147000|  1.3904e-01|   -9.040417|   -8.869468|   -0.000003|    0.008249|
|        5239|    0.136000|  1.3904e-01|   -9.040443|   -8.869436|   -0.000003|    0.008249|
|        5240|    0.139000|  1.3904e-01|   -9.040469|   -8.869405|   -0.000003|    0.008249|
|        5241|    0.139000|  1.3904e-01|   -9.040495|   -8.869373|   -0.000003|    0.008248|
|        5242|    0.154000|  1.3904e-01|   -9.040522|   -8.869341|   -0.000003|    0.008248|
|        5243|    0.147000|  1.3904e-01|   -9.040548|   -8.869309|   -0.000003|    0.008248|
|        5244|    0.138000|  1.3904e-01|   -9.040574|   -8.869277|   -0.000003|    0.008248|
|        5245|    0.136000|  1.3904e-01|   -9.040601|   -8.869245|   -0.000003|    0.008248|
|        5246|    0.134000|  1.3904e-01|   -9.040627|   -8.869213|   -0.000003|    0.008248|
|        5247|    0.136000|  1.3904e-01|   -9.040653|   -8.869181|   -0.000003|    0.008248|
|        5248|    0.143000|  1.3904e-01|   -9.040680|   -8.869149|   -0.000003|    0.008248|
|        5249|    0.135000|  1.3904e-01|   -9.040706|   -8.869117|   -0.000003|    0.008248|
|        5250|    0.136000|  1.3904e-01|   -9.040733|   -8.869086|   -0.000003|    0.008248|
+-----------------------------------------------------------------------+
|        File Writing Summary       |              Filename             |
+-----------------------------------------------------------------------+
|SU2 binary restart                 |restart_flow_alpha0_449x129.dat    |
|Paraview                           |flow_alpha0_449x129.vtu            |
|Paraview surface                   |surface_flow_alpha0_449x129.vtu    |
+-----------------------------------------------------------------------+
+------------------------------------------------------------------------------------------+
|  Inner_Iter|   Time(sec)|   Time(sec)|      rms[P]|     rms[nu]|          CL|          CD|
+------------------------------------------------------------------------------------------+
|        5251|    0.244000|  1.3906e-01|   -9.040759|   -8.869054|   -0.000003|    0.008248|
|        5252|    0.132000|  1.3906e-01|   -9.040786|   -8.869022|   -0.000003|    0.008248|
|        5253|    0.136000|  1.3906e-01|   -9.040813|   -8.868990|   -0.000003|    0.008248|
|        5254|    0.136000|  1.3906e-01|   -9.040839|   -8.868958|   -0.000003|    0.008248|
|        5255|    0.133000|  1.3906e-01|   -9.040866|   -8.868926|   -0.000003|    0.008248|
|        5256|    0.133000|  1.3906e-01|   -9.040893|   -8.868895|   -0.000003|    0.008248|
|        5257|    0.132000|  1.3905e-01|   -9.040919|   -8.868863|   -0.000003|    0.008248|
|        5258|    0.127000|  1.3905e-01|   -9.040946|   -8.868831|   -0.000003|    0.008248|
|        5259|    0.143000|  1.3905e-01|   -9.040973|   -8.868799|   -0.000003|    0.008248|
|        5260|    0.132000|  1.3905e-01|   -9.041000|   -8.868767|   -0.000003|    0.008248|
|        5261|    0.134000|  1.3905e-01|   -9.041027|   -8.868736|   -0.000003|    0.008248|
|        5262|    0.130000|  1.3905e-01|   -9.041054|   -8.868704|   -0.000003|    0.008248|
|        5263|    0.138000|  1.3905e-01|   -9.041081|   -8.868672|   -0.000003|    0.008248|
|        5264|    0.139000|  1.3905e-01|   -9.041108|   -8.868640|   -0.000003|    0.008248|
|        5265|    0.136000|  1.3905e-01|   -9.041135|   -8.868609|   -0.000003|    0.008248|
|        5266|    0.130000|  1.3905e-01|   -9.041162|   -8.868577|   -0.000003|    0.008248|
|        5267|    0.136000|  1.3905e-01|   -9.041189|   -8.868545|   -0.000003|    0.008248|
|        5268|    0.135000|  1.3905e-01|   -9.041216|   -8.868514|   -0.000003|    0.008248|
|        5269|    0.124000|  1.3904e-01|   -9.041243|   -8.868482|   -0.000003|    0.008248|
|        5270|    0.143000|  1.3904e-01|   -9.041270|   -8.868450|   -0.000003|    0.008248|
|        5271|    0.164000|  1.3905e-01|   -9.041297|   -8.868419|   -0.000003|    0.008248|
|        5272|    0.154000|  1.3905e-01|   -9.041324|   -8.868387|   -0.000003|    0.008248|
|        5273|    0.148000|  1.3905e-01|   -9.041351|   -8.868355|   -0.000003|    0.008248|
|        5274|    0.130000|  1.3905e-01|   -9.041379|   -8.868324|   -0.000003|    0.008248|
|        5275|    0.140000|  1.3905e-01|   -9.041406|   -8.868292|   -0.000003|    0.008248|
|        5276|    0.150000|  1.3905e-01|   -9.041434|   -8.868261|   -0.000003|    0.008247|
|        5277|    0.142000|  1.3905e-01|   -9.041461|   -8.868229|   -0.000003|    0.008247|
|        5278|    0.126000|  1.3905e-01|   -9.041488|   -8.868197|   -0.000003|    0.008247|
|        5279|    0.139000|  1.3905e-01|   -9.041516|   -8.868166|   -0.000003|    0.008247|
|        5280|    0.147000|  1.3905e-01|   -9.041544|   -8.868134|   -0.000003|    0.008247|
|        5281|    0.150000|  1.3905e-01|   -9.041571|   -8.868103|   -0.000003|    0.008247|
|        5282|    0.145000|  1.3906e-01|   -9.041599|   -8.868071|   -0.000003|    0.008247|
|        5283|    0.132000|  1.3905e-01|   -9.041627|   -8.868040|   -0.000003|    0.008247|
|        5284|    0.149000|  1.3906e-01|   -9.041654|   -8.868008|   -0.000003|    0.008247|
|        5285|    0.141000|  1.3906e-01|   -9.041682|   -8.867977|   -0.000003|    0.008247|
|        5286|    0.141000|  1.3906e-01|   -9.041710|   -8.867946|   -0.000003|    0.008247|
|        5287|    0.143000|  1.3906e-01|   -9.041738|   -8.867914|   -0.000003|    0.008247|
|        5288|    0.141000|  1.3906e-01|   -9.041766|   -8.867883|   -0.000003|    0.008247|
|        5289|    0.146000|  1.3906e-01|   -9.041794|   -8.867851|   -0.000003|    0.008247|
|        5290|    0.141000|  1.3906e-01|   -9.041822|   -8.867820|   -0.000003|    0.008247|
|        5291|    0.131000|  1.3906e-01|   -9.041851|   -8.867789|   -0.000003|    0.008247|
|        5292|    0.133000|  1.3906e-01|   -9.041879|   -8.867757|   -0.000003|    0.008247|
|        5293|    0.140000|  1.3906e-01|   -9.041907|   -8.867726|   -0.000003|    0.008247|
|        5294|    0.138000|  1.3906e-01|   -9.041935|   -8.867695|   -0.000003|    0.008247|
|        5295|    0.144000|  1.3906e-01|   -9.041964|   -8.867664|   -0.000003|    0.008247|
|        5296|    0.146000|  1.3906e-01|   -9.041992|   -8.867632|   -0.000003|    0.008247|
|        5297|    0.134000|  1.3906e-01|   -9.042021|   -8.867601|   -0.000003|    0.008247|
|        5298|    0.140000|  1.3906e-01|   -9.042049|   -8.867570|   -0.000003|    0.008247|
|        5299|    0.135000|  1.3906e-01|   -9.042078|   -8.867539|   -0.000003|    0.008247|
|        5300|    0.130000|  1.3906e-01|   -9.042106|   -8.867507|   -0.000003|    0.008247|
|        5301|    0.136000|  1.3906e-01|   -9.042135|   -8.867476|   -0.000003|    0.008247|
|        5302|    0.143000|  1.3906e-01|   -9.042163|   -8.867445|   -0.000003|    0.008247|
|        5303|    0.136000|  1.3906e-01|   -9.042192|   -8.867414|   -0.000003|    0.008247|
|        5304|    0.136000|  1.3906e-01|   -9.042221|   -8.867383|   -0.000003|    0.008247|
|        5305|    0.138000|  1.3906e-01|   -9.042249|   -8.867351|   -0.000003|    0.008247|
|        5306|    0.142000|  1.3906e-01|   -9.042278|   -8.867320|   -0.000003|    0.008247|
|        5307|    0.149000|  1.3906e-01|   -9.042307|   -8.867289|   -0.000003|    0.008247|
|        5308|    0.141000|  1.3906e-01|   -9.042336|   -8.867258|   -0.000003|    0.008247|
|        5309|    0.140000|  1.3906e-01|   -9.042364|   -8.867227|   -0.000003|    0.008247|
|        5310|    0.145000|  1.3906e-01|   -9.042393|   -8.867196|   -0.000003|    0.008247|
|        5311|    0.141000|  1.3906e-01|   -9.042422|   -8.867165|   -0.000003|    0.008247|
|        5312|    0.141000|  1.3906e-01|   -9.042451|   -8.867134|   -0.000003|    0.008246|
|        5313|    0.134000|  1.3906e-01|   -9.042479|   -8.867103|   -0.000003|    0.008246|
|        5314|    0.130000|  1.3906e-01|   -9.042508|   -8.867072|   -0.000003|    0.008246|
|        5315|    0.144000|  1.3906e-01|   -9.042537|   -8.867041|   -0.000003|    0.008246|
|        5316|    0.147000|  1.3906e-01|   -9.042566|   -8.867010|   -0.000003|    0.008246|
|        5317|    0.138000|  1.3906e-01|   -9.042594|   -8.866979|   -0.000003|    0.008246|
|        5318|    0.141000|  1.3906e-01|   -9.042623|   -8.866948|   -0.000003|    0.008246|
|        5319|    0.147000|  1.3906e-01|   -9.042652|   -8.866917|   -0.000003|    0.008246|
|        5320|    0.144000|  1.3906e-01|   -9.042680|   -8.866886|   -0.000003|    0.008246|
|        5321|    0.154000|  1.3907e-01|   -9.042709|   -8.866855|   -0.000003|    0.008246|
|        5322|    0.167000|  1.3907e-01|   -9.042738|   -8.866824|   -0.000003|    0.008246|
|        5323|    0.163000|  1.3907e-01|   -9.042767|   -8.866793|   -0.000003|    0.008246|
|        5324|    0.157000|  1.3908e-01|   -9.042795|   -8.866762|   -0.000003|    0.008246|
|        5325|    0.157000|  1.3908e-01|   -9.042824|   -8.866731|   -0.000003|    0.008246|
|        5326|    0.157000|  1.3909e-01|   -9.042852|   -8.866701|   -0.000003|    0.008246|
|        5327|    0.155000|  1.3909e-01|   -9.042881|   -8.866670|   -0.000003|    0.008246|
|        5328|    0.145000|  1.3909e-01|   -9.042910|   -8.866639|   -0.000003|    0.008246|
|        5329|    0.144000|  1.3909e-01|   -9.042938|   -8.866608|   -0.000003|    0.008246|
|        5330|    0.143000|  1.3909e-01|   -9.042967|   -8.866578|   -0.000003|    0.008246|
|        5331|    0.133000|  1.3909e-01|   -9.042995|   -8.866547|   -0.000003|    0.008246|
|        5332|    0.144000|  1.3909e-01|   -9.043024|   -8.866516|   -0.000003|    0.008246|
|        5333|    0.128000|  1.3909e-01|   -9.043052|   -8.866485|   -0.000003|    0.008246|
|        5334|    0.133000|  1.3909e-01|   -9.043081|   -8.866455|   -0.000003|    0.008246|
|        5335|    0.140000|  1.3909e-01|   -9.043109|   -8.866424|   -0.000003|    0.008246|
|        5336|    0.149000|  1.3909e-01|   -9.043138|   -8.866393|   -0.000003|    0.008246|
|        5337|    0.137000|  1.3909e-01|   -9.043166|   -8.866363|   -0.000003|    0.008246|
|        5338|    0.137000|  1.3909e-01|   -9.043195|   -8.866332|   -0.000003|    0.008246|
|        5339|    0.136000|  1.3909e-01|   -9.043223|   -8.866301|   -0.000003|    0.008246|
|        5340|    0.127000|  1.3909e-01|   -9.043252|   -8.866271|   -0.000003|    0.008246|
|        5341|    0.154000|  1.3909e-01|   -9.043280|   -8.866240|   -0.000003|    0.008246|
|        5342|    0.149000|  1.3909e-01|   -9.043309|   -8.866209|   -0.000003|    0.008246|
|        5343|    0.134000|  1.3909e-01|   -9.043337|   -8.866179|   -0.000003|    0.008246|
|        5344|    0.130000|  1.3909e-01|   -9.043365|   -8.866148|   -0.000003|    0.008246|
|        5345|    0.133000|  1.3909e-01|   -9.043394|   -8.866118|   -0.000003|    0.008246|
|        5346|    0.133000|  1.3909e-01|   -9.043422|   -8.866087|   -0.000003|    0.008246|
|        5347|    0.165000|  1.3909e-01|   -9.043451|   -8.866057|   -0.000003|    0.008246|
|        5348|    0.170000|  1.3910e-01|   -9.043479|   -8.866026|   -0.000003|    0.008245|
|        5349|    0.136000|  1.3910e-01|   -9.043507|   -8.865996|   -0.000003|    0.008245|
|        5350|    0.134000|  1.3909e-01|   -9.043536|   -8.865965|   -0.000003|    0.008245|
|        5351|    0.140000|  1.3909e-01|   -9.043564|   -8.865935|   -0.000003|    0.008245|
|        5352|    0.142000|  1.3910e-01|   -9.043592|   -8.865904|   -0.000003|    0.008245|
|        5353|    0.134000|  1.3909e-01|   -9.043621|   -8.865874|   -0.000003|    0.008245|
|        5354|    0.133000|  1.3909e-01|   -9.043649|   -8.865844|   -0.000003|    0.008245|
|        5355|    0.147000|  1.3909e-01|   -9.043677|   -8.865813|   -0.000003|    0.008245|
|        5356|    0.133000|  1.3909e-01|   -9.043706|   -8.865783|   -0.000003|    0.008245|
|        5357|    0.133000|  1.3909e-01|   -9.043734|   -8.865753|   -0.000003|    0.008245|
|        5358|    0.135000|  1.3909e-01|   -9.043762|   -8.865722|   -0.000003|    0.008245|
|        5359|    0.143000|  1.3909e-01|   -9.043791|   -8.865692|   -0.000003|    0.008245|
|        5360|    0.136000|  1.3909e-01|   -9.043819|   -8.865662|   -0.000003|    0.008245|
|        5361|    0.136000|  1.3909e-01|   -9.043847|   -8.865631|   -0.000003|    0.008245|
|        5362|    0.137000|  1.3909e-01|   -9.043875|   -8.865601|   -0.000003|    0.008245|
|        5363|    0.144000|  1.3909e-01|   -9.043903|   -8.865571|   -0.000003|    0.008245|
|        5364|    0.132000|  1.3909e-01|   -9.043932|   -8.865540|   -0.000003|    0.008245|
|        5365|    0.137000|  1.3909e-01|   -9.043960|   -8.865510|   -0.000003|    0.008245|
|        5366|    0.129000|  1.3909e-01|   -9.043988|   -8.865480|   -0.000003|    0.008245|
|        5367|    0.138000|  1.3909e-01|   -9.044016|   -8.865450|   -0.000003|    0.008245|
|        5368|    0.133000|  1.3909e-01|   -9.044044|   -8.865419|   -0.000003|    0.008245|
|        5369|    0.141000|  1.3909e-01|   -9.044072|   -8.865389|   -0.000003|    0.008245|
|        5370|    0.131000|  1.3909e-01|   -9.044100|   -8.865359|   -0.000003|    0.008245|
|        5371|    0.140000|  1.3909e-01|   -9.044128|   -8.865329|   -0.000003|    0.008245|
|        5372|    0.144000|  1.3909e-01|   -9.044156|   -8.865299|   -0.000003|    0.008245|
|        5373|    0.138000|  1.3909e-01|   -9.044184|   -8.865269|   -0.000003|    0.008245|
|        5374|    0.138000|  1.3909e-01|   -9.044212|   -8.865238|   -0.000003|    0.008245|
|        5375|    0.133000|  1.3909e-01|   -9.044240|   -8.865208|   -0.000003|    0.008245|
|        5376|    0.144000|  1.3909e-01|   -9.044268|   -8.865178|   -0.000003|    0.008245|
|        5377|    0.131000|  1.3908e-01|   -9.044296|   -8.865148|   -0.000003|    0.008245|
|        5378|    0.143000|  1.3909e-01|   -9.044324|   -8.865118|   -0.000003|    0.008245|
|        5379|    0.142000|  1.3909e-01|   -9.044352|   -8.865088|   -0.000003|    0.008245|
|        5380|    0.140000|  1.3909e-01|   -9.044380|   -8.865058|   -0.000003|    0.008245|
|        5381|    0.141000|  1.3909e-01|   -9.044407|   -8.865028|   -0.000003|    0.008245|
|        5382|    0.142000|  1.3909e-01|   -9.044435|   -8.864997|   -0.000003|    0.008245|
|        5383|    0.145000|  1.3909e-01|   -9.044463|   -8.864967|   -0.000003|    0.008245|
|        5384|    0.141000|  1.3909e-01|   -9.044491|   -8.864937|   -0.000003|    0.008244|
|        5385|    0.143000|  1.3909e-01|   -9.044518|   -8.864907|   -0.000003|    0.008244|
|        5386|    0.138000|  1.3909e-01|   -9.044546|   -8.864877|   -0.000003|    0.008244|
|        5387|    0.128000|  1.3909e-01|   -9.044573|   -8.864847|   -0.000003|    0.008244|
|        5388|    0.141000|  1.3909e-01|   -9.044601|   -8.864817|   -0.000003|    0.008244|
|        5389|    0.140000|  1.3909e-01|   -9.044629|   -8.864787|   -0.000003|    0.008244|
|        5390|    0.134000|  1.3909e-01|   -9.044656|   -8.864757|   -0.000003|    0.008244|
|        5391|    0.149000|  1.3909e-01|   -9.044683|   -8.864727|   -0.000003|    0.008244|
|        5392|    0.138000|  1.3909e-01|   -9.044711|   -8.864697|   -0.000003|    0.008244|
|        5393|    0.138000|  1.3909e-01|   -9.044738|   -8.864667|   -0.000003|    0.008244|
|        5394|    0.169000|  1.3909e-01|   -9.044766|   -8.864637|   -0.000003|    0.008244|
|        5395|    0.134000|  1.3909e-01|   -9.044793|   -8.864607|   -0.000003|    0.008244|
|        5396|    0.163000|  1.3910e-01|   -9.044820|   -8.864578|   -0.000003|    0.008244|
|        5397|    0.136000|  1.3910e-01|   -9.044847|   -8.864548|   -0.000003|    0.008244|
|        5398|    0.149000|  1.3910e-01|   -9.044875|   -8.864518|   -0.000003|    0.008244|
|        5399|    0.140000|  1.3910e-01|   -9.044902|   -8.864488|   -0.000003|    0.008244|
|        5400|    0.138000|  1.3910e-01|   -9.044929|   -8.864458|   -0.000003|    0.008244|
|        5401|    0.161000|  1.3910e-01|   -9.044956|   -8.864428|   -0.000003|    0.008244|
|        5402|    0.190000|  1.3911e-01|   -9.044983|   -8.864398|   -0.000003|    0.008244|
|        5403|    0.178000|  1.3912e-01|   -9.045010|   -8.864368|   -0.000003|    0.008244|
|        5404|    0.169000|  1.3912e-01|   -9.045037|   -8.864339|   -0.000003|    0.008244|
|        5405|    0.170000|  1.3913e-01|   -9.045064|   -8.864309|   -0.000003|    0.008244|
|        5406|    0.140000|  1.3913e-01|   -9.045091|   -8.864279|   -0.000003|    0.008244|
|        5407|    0.130000|  1.3913e-01|   -9.045118|   -8.864249|   -0.000003|    0.008244|
|        5408|    0.131000|  1.3913e-01|   -9.045145|   -8.864219|   -0.000003|    0.008244|
|        5409|    0.136000|  1.3913e-01|   -9.045172|   -8.864190|   -0.000003|    0.008244|
|        5410|    0.130000|  1.3912e-01|   -9.045199|   -8.864160|   -0.000003|    0.008244|
|        5411|    0.136000|  1.3912e-01|   -9.045225|   -8.864130|   -0.000003|    0.008244|
|        5412|    0.133000|  1.3912e-01|   -9.045252|   -8.864101|   -0.000003|    0.008244|
|        5413|    0.134000|  1.3912e-01|   -9.045279|   -8.864071|   -0.000003|    0.008244|
|        5414|    0.128000|  1.3912e-01|   -9.045305|   -8.864041|   -0.000003|    0.008244|
|        5415|    0.139000|  1.3912e-01|   -9.045332|   -8.864011|   -0.000003|    0.008244|
|        5416|    0.139000|  1.3912e-01|   -9.045359|   -8.863980|   -0.000003|    0.008244|
|        5417|    0.131000|  1.3912e-01|   -9.045385|   -8.863950|   -0.000003|    0.008244|
|        5418|    0.132000|  1.3912e-01|   -9.045412|   -8.863920|   -0.000003|    0.008244|
|        5419|    0.135000|  1.3912e-01|   -9.045438|   -8.863889|   -0.000003|    0.008244|
|        5420|    0.133000|  1.3912e-01|   -9.045465|   -8.863859|   -0.000003|    0.008243|
|        5421|    0.137000|  1.3911e-01|   -9.045491|   -8.863829|   -0.000003|    0.008243|
|        5422|    0.152000|  1.3912e-01|   -9.045517|   -8.863798|   -0.000003|    0.008243|
|        5423|    0.135000|  1.3912e-01|   -9.045544|   -8.863768|   -0.000003|    0.008243|
|        5424|    0.147000|  1.3912e-01|   -9.045570|   -8.863738|   -0.000003|    0.008243|
|        5425|    0.151000|  1.3912e-01|   -9.045597|   -8.863708|   -0.000003|    0.008243|
|        5426|    0.142000|  1.3912e-01|   -9.045623|   -8.863677|   -0.000003|    0.008243|
|        5427|    0.133000|  1.3912e-01|   -9.045649|   -8.863647|   -0.000003|    0.008243|
|        5428|    0.135000|  1.3912e-01|   -9.045675|   -8.863617|   -0.000003|    0.008243|
|        5429|    0.130000|  1.3912e-01|   -9.045702|   -8.863587|   -0.000003|    0.008243|
|        5430|    0.132000|  1.3912e-01|   -9.045728|   -8.863557|   -0.000003|    0.008243|
|        5431|    0.136000|  1.3912e-01|   -9.045754|   -8.863526|   -0.000003|    0.008243|
|        5432|    0.138000|  1.3912e-01|   -9.045780|   -8.863496|   -0.000003|    0.008243|
|        5433|    0.141000|  1.3912e-01|   -9.045806|   -8.863466|   -0.000003|    0.008243|
|        5434|    0.131000|  1.3911e-01|   -9.045832|   -8.863436|   -0.000003|    0.008243|
|        5435|    0.139000|  1.3911e-01|   -9.045858|   -8.863406|   -0.000003|    0.008243|
|        5436|    0.138000|  1.3911e-01|   -9.045884|   -8.863376|   -0.000003|    0.008243|
|        5437|    0.136000|  1.3911e-01|   -9.045911|   -8.863346|   -0.000003|    0.008243|
|        5438|    0.132000|  1.3911e-01|   -9.045937|   -8.863316|   -0.000003|    0.008243|
|        5439|    0.137000|  1.3911e-01|   -9.045963|   -8.863286|   -0.000003|    0.008243|
|        5440|    0.134000|  1.3911e-01|   -9.045989|   -8.863256|   -0.000003|    0.008243|
|        5441|    0.135000|  1.3911e-01|   -9.046015|   -8.863226|   -0.000003|    0.008243|
|        5442|    0.133000|  1.3911e-01|   -9.046041|   -8.863196|   -0.000003|    0.008243|
|        5443|    0.136000|  1.3911e-01|   -9.046067|   -8.863166|   -0.000003|    0.008243|
|        5444|    0.138000|  1.3911e-01|   -9.046092|   -8.863136|   -0.000003|    0.008243|
|        5445|    0.157000|  1.3911e-01|   -9.046118|   -8.863106|   -0.000003|    0.008243|
|        5446|    0.144000|  1.3911e-01|   -9.046144|   -8.863076|   -0.000003|    0.008243|
|        5447|    0.141000|  1.3911e-01|   -9.046170|   -8.863046|   -0.000003|    0.008243|
|        5448|    0.131000|  1.3911e-01|   -9.046196|   -8.863016|   -0.000003|    0.008243|
|        5449|    0.141000|  1.3911e-01|   -9.046222|   -8.862986|   -0.000003|    0.008243|
|        5450|    0.134000|  1.3911e-01|   -9.046248|   -8.862956|   -0.000003|    0.008243|
|        5451|    0.138000|  1.3911e-01|   -9.046274|   -8.862926|   -0.000003|    0.008243|
|        5452|    0.132000|  1.3911e-01|   -9.046300|   -8.862896|   -0.000003|    0.008243|
|        5453|    0.147000|  1.3911e-01|   -9.046326|   -8.862866|   -0.000003|    0.008243|
|        5454|    0.142000|  1.3911e-01|   -9.046352|   -8.862836|   -0.000003|    0.008243|
|        5455|    0.146000|  1.3911e-01|   -9.046377|   -8.862806|   -0.000003|    0.008243|
|        5456|    0.144000|  1.3911e-01|   -9.046403|   -8.862777|   -0.000003|    0.008243|
|        5457|    0.150000|  1.3911e-01|   -9.046429|   -8.862747|   -0.000003|    0.008242|
|        5458|    0.128000|  1.3911e-01|   -9.046455|   -8.862717|   -0.000003|    0.008242|
|        5459|    0.137000|  1.3911e-01|   -9.046481|   -8.862687|   -0.000003|    0.008242|
|        5460|    0.134000|  1.3911e-01|   -9.046507|   -8.862657|   -0.000003|    0.008242|
|        5461|    0.128000|  1.3911e-01|   -9.046533|   -8.862628|   -0.000003|    0.008242|
|        5462|    0.135000|  1.3911e-01|   -9.046558|   -8.862598|   -0.000003|    0.008242|
|        5463|    0.133000|  1.3911e-01|   -9.046584|   -8.862568|   -0.000003|    0.008242|
|        5464|    0.142000|  1.3911e-01|   -9.046610|   -8.862538|   -0.000003|    0.008242|
|        5465|    0.140000|  1.3911e-01|   -9.046636|   -8.862509|   -0.000003|    0.008242|
|        5466|    0.141000|  1.3911e-01|   -9.046662|   -8.862479|   -0.000003|    0.008242|
|        5467|    0.134000|  1.3911e-01|   -9.046688|   -8.862449|   -0.000003|    0.008242|
|        5468|    0.140000|  1.3911e-01|   -9.046713|   -8.862419|   -0.000003|    0.008242|
|        5469|    0.140000|  1.3911e-01|   -9.046739|   -8.862390|   -0.000003|    0.008242|
|        5470|    0.143000|  1.3911e-01|   -9.046765|   -8.862360|   -0.000003|    0.008242|
|        5471|    0.145000|  1.3911e-01|   -9.046791|   -8.862330|   -0.000003|    0.008242|
|        5472|    0.143000|  1.3911e-01|   -9.046817|   -8.862301|   -0.000003|    0.008242|
|        5473|    0.137000|  1.3911e-01|   -9.046843|   -8.862271|   -0.000003|    0.008242|
|        5474|    0.142000|  1.3911e-01|   -9.046868|   -8.862241|   -0.000003|    0.008242|
|        5475|    0.130000|  1.3911e-01|   -9.046894|   -8.862212|   -0.000003|    0.008242|
|        5476|    0.138000|  1.3911e-01|   -9.046920|   -8.862182|   -0.000003|    0.008242|
|        5477|    0.140000|  1.3911e-01|   -9.046946|   -8.862152|   -0.000003|    0.008242|
|        5478|    0.142000|  1.3911e-01|   -9.046971|   -8.862123|   -0.000003|    0.008242|
|        5479|    0.139000|  1.3911e-01|   -9.046997|   -8.862093|   -0.000003|    0.008242|
|        5480|    0.128000|  1.3911e-01|   -9.047023|   -8.862063|   -0.000003|    0.008242|
|        5481|    0.141000|  1.3911e-01|   -9.047048|   -8.862034|   -0.000003|    0.008242|
|        5482|    0.130000|  1.3911e-01|   -9.047074|   -8.862004|   -0.000003|    0.008242|
|        5483|    0.132000|  1.3910e-01|   -9.047100|   -8.861974|   -0.000003|    0.008242|
|        5484|    0.128000|  1.3910e-01|   -9.047125|   -8.861945|   -0.000003|    0.008242|
|        5485|    0.132000|  1.3910e-01|   -9.047151|   -8.861915|   -0.000003|    0.008242|
|        5486|    0.134000|  1.3910e-01|   -9.047177|   -8.861885|   -0.000003|    0.008242|
|        5487|    0.132000|  1.3910e-01|   -9.047202|   -8.861856|   -0.000003|    0.008242|
|        5488|    0.134000|  1.3910e-01|   -9.047228|   -8.861826|   -0.000003|    0.008242|
|        5489|    0.143000|  1.3910e-01|   -9.047253|   -8.861797|   -0.000003|    0.008242|
|        5490|    0.131000|  1.3910e-01|   -9.047279|   -8.861767|   -0.000003|    0.008242|
|        5491|    0.136000|  1.3910e-01|   -9.047304|   -8.861738|   -0.000003|    0.008242|
|        5492|    0.143000|  1.3910e-01|   -9.047330|   -8.861708|   -0.000003|    0.008242|
|        5493|    0.132000|  1.3910e-01|   -9.047355|   -8.861679|   -0.000003|    0.008241|
|        5494|    0.135000|  1.3910e-01|   -9.047381|   -8.861649|   -0.000003|    0.008241|
|        5495|    0.133000|  1.3909e-01|   -9.047406|   -8.861620|   -0.000003|    0.008241|
|        5496|    0.149000|  1.3910e-01|   -9.047431|   -8.861590|   -0.000003|    0.008241|
|        5497|    0.144000|  1.3910e-01|   -9.047457|   -8.861561|   -0.000003|    0.008241|
|        5498|    0.135000|  1.3910e-01|   -9.047482|   -8.861531|   -0.000003|    0.008241|
|        5499|    0.134000|  1.3910e-01|   -9.047507|   -8.861502|   -0.000003|    0.008241|
|        5500|    0.134000|  1.3909e-01|   -9.047532|   -8.861472|   -0.000003|    0.008241|
+-----------------------------------------------------------------------+
|        File Writing Summary       |              Filename             |
+-----------------------------------------------------------------------+
|SU2 binary restart                 |restart_flow_alpha0_449x129.dat    |
|Paraview                           |flow_alpha0_449x129.vtu            |
|Paraview surface                   |surface_flow_alpha0_449x129.vtu    |
+-----------------------------------------------------------------------+
+------------------------------------------------------------------------------------------+
|  Inner_Iter|   Time(sec)|   Time(sec)|      rms[P]|     rms[nu]|          CL|          CD|
+------------------------------------------------------------------------------------------+
|        5501|    0.253000|  1.3912e-01|   -9.047558|   -8.861443|   -0.000003|    0.008241|
|        5502|    0.155000|  1.3912e-01|   -9.047583|   -8.861414|   -0.000003|    0.008241|
|        5503|    0.159000|  1.3912e-01|   -9.047608|   -8.861384|   -0.000003|    0.008241|
|        5504|    0.180000|  1.3913e-01|   -9.047633|   -8.861355|   -0.000003|    0.008241|
|        5505|    0.161000|  1.3913e-01|   -9.047659|   -8.861325|   -0.000003|    0.008241|
|        5506|    0.129000|  1.3913e-01|   -9.047684|   -8.861296|   -0.000003|    0.008241|
|        5507|    0.156000|  1.3913e-01|   -9.047709|   -8.861267|   -0.000003|    0.008241|
|        5508|    0.143000|  1.3914e-01|   -9.047734|   -8.861237|   -0.000003|    0.008241|
|        5509|    0.155000|  1.3914e-01|   -9.047759|   -8.861208|   -0.000003|    0.008241|
|        5510|    0.148000|  1.3914e-01|   -9.047784|   -8.861179|   -0.000003|    0.008241|
|        5511|    0.145000|  1.3914e-01|   -9.047810|   -8.861149|   -0.000003|    0.008241|
|        5512|    0.140000|  1.3914e-01|   -9.047835|   -8.861120|   -0.000003|    0.008241|
|        5513|    0.135000|  1.3914e-01|   -9.047860|   -8.861091|   -0.000003|    0.008241|
|        5514|    0.134000|  1.3914e-01|   -9.047885|   -8.861062|   -0.000003|    0.008241|
|        5515|    0.130000|  1.3914e-01|   -9.047910|   -8.861032|   -0.000003|    0.008241|
|        5516|    0.170000|  1.3914e-01|   -9.047935|   -8.861003|   -0.000003|    0.008241|
|        5517|    0.172000|  1.3915e-01|   -9.047960|   -8.860974|   -0.000003|    0.008241|
|        5518|    0.137000|  1.3915e-01|   -9.047985|   -8.860945|   -0.000003|    0.008241|
|        5519|    0.135000|  1.3915e-01|   -9.048010|   -8.860915|   -0.000003|    0.008241|
|        5520|    0.134000|  1.3915e-01|   -9.048035|   -8.860886|   -0.000003|    0.008241|
|        5521|    0.140000|  1.3915e-01|   -9.048061|   -8.860857|   -0.000003|    0.008241|
|        5522|    0.132000|  1.3915e-01|   -9.048086|   -8.860828|   -0.000003|    0.008241|
|        5523|    0.134000|  1.3915e-01|   -9.048111|   -8.860798|   -0.000003|    0.008241|
|        5524|    0.143000|  1.3915e-01|   -9.048136|   -8.860769|   -0.000003|    0.008241|
|        5525|    0.141000|  1.3915e-01|   -9.048161|   -8.860740|   -0.000003|    0.008241|
|        5526|    0.141000|  1.3915e-01|   -9.048186|   -8.860711|   -0.000003|    0.008241|
|        5527|    0.144000|  1.3915e-01|   -9.048211|   -8.860681|   -0.000003|    0.008241|
|        5528|    0.134000|  1.3915e-01|   -9.048236|   -8.860652|   -0.000003|    0.008241|
|        5529|    0.148000|  1.3915e-01|   -9.048261|   -8.860623|   -0.000003|    0.008241|
|        5530|    0.143000|  1.3915e-01|   -9.048285|   -8.860594|   -0.000003|    0.008241|
|        5531|    0.154000|  1.3915e-01|   -9.048310|   -8.860565|   -0.000003|    0.008240|
|        5532|    0.149000|  1.3915e-01|   -9.048335|   -8.860536|   -0.000003|    0.008240|
|        5533|    0.161000|  1.3916e-01|   -9.048360|   -8.860506|   -0.000003|    0.008240|
|        5534|    0.174000|  1.3916e-01|   -9.048385|   -8.860477|   -0.000003|    0.008240|
|        5535|    0.168000|  1.3917e-01|   -9.048410|   -8.860448|   -0.000003|    0.008240|
|        5536|    0.156000|  1.3917e-01|   -9.048435|   -8.860419|   -0.000003|    0.008240|
|        5537|    0.159000|  1.3918e-01|   -9.048460|   -8.860390|   -0.000003|    0.008240|
|        5538|    0.170000|  1.3918e-01|   -9.048484|   -8.860360|   -0.000003|    0.008240|
|        5539|    0.170000|  1.3919e-01|   -9.048509|   -8.860331|   -0.000003|    0.008240|
|        5540|    0.159000|  1.3919e-01|   -9.048534|   -8.860302|   -0.000003|    0.008240|
|        5541|    0.140000|  1.3919e-01|   -9.048559|   -8.860273|   -0.000003|    0.008240|
|        5542|    0.139000|  1.3919e-01|   -9.048584|   -8.860243|   -0.000003|    0.008240|
|        5543|    0.160000|  1.3919e-01|   -9.048609|   -8.860214|   -0.000003|    0.008240|
|        5544|    0.162000|  1.3920e-01|   -9.048633|   -8.860185|   -0.000003|    0.008240|
|        5545|    0.140000|  1.3920e-01|   -9.048658|   -8.860156|   -0.000003|    0.008240|
|        5546|    0.153000|  1.3920e-01|   -9.048683|   -8.860127|   -0.000003|    0.008240|
|        5547|    0.152000|  1.3920e-01|   -9.048708|   -8.860097|   -0.000003|    0.008240|
|        5548|    0.132000|  1.3920e-01|   -9.048733|   -8.860068|   -0.000003|    0.008240|
|        5549|    0.144000|  1.3920e-01|   -9.048758|   -8.860039|   -0.000003|    0.008240|
|        5550|    0.145000|  1.3920e-01|   -9.048783|   -8.860010|   -0.000003|    0.008240|
|        5551|    0.142000|  1.3920e-01|   -9.048807|   -8.859981|   -0.000003|    0.008240|
|        5552|    0.141000|  1.3920e-01|   -9.048832|   -8.859952|   -0.000003|    0.008240|
|        5553|    0.140000|  1.3920e-01|   -9.048857|   -8.859922|   -0.000003|    0.008240|
|        5554|    0.141000|  1.3920e-01|   -9.048882|   -8.859893|   -0.000003|    0.008240|
|        5555|    0.151000|  1.3921e-01|   -9.048907|   -8.859864|   -0.000003|    0.008240|
|        5556|    0.136000|  1.3921e-01|   -9.048932|   -8.859835|   -0.000003|    0.008240|
|        5557|    0.138000|  1.3921e-01|   -9.048957|   -8.859806|   -0.000003|    0.008240|
|        5558|    0.142000|  1.3921e-01|   -9.048982|   -8.859777|   -0.000003|    0.008240|
|        5559|    0.144000|  1.3921e-01|   -9.049007|   -8.859748|   -0.000003|    0.008240|
|        5560|    0.140000|  1.3921e-01|   -9.049032|   -8.859719|   -0.000003|    0.008240|
|        5561|    0.144000|  1.3921e-01|   -9.049057|   -8.859690|   -0.000003|    0.008240|
|        5562|    0.134000|  1.3921e-01|   -9.049082|   -8.859661|   -0.000003|    0.008240|
|        5563|    0.150000|  1.3921e-01|   -9.049107|   -8.859631|   -0.000003|    0.008240|
|        5564|    0.148000|  1.3921e-01|   -9.049132|   -8.859602|   -0.000003|    0.008240|
|        5565|    0.153000|  1.3921e-01|   -9.049157|   -8.859573|   -0.000003|    0.008240|
|        5566|    0.152000|  1.3922e-01|   -9.049182|   -8.859544|   -0.000003|    0.008240|
|        5567|    0.149000|  1.3922e-01|   -9.049207|   -8.859514|   -0.000003|    0.008240|
|        5568|    0.143000|  1.3922e-01|   -9.049232|   -8.859485|   -0.000003|    0.008239|
|        5569|    0.146000|  1.3922e-01|   -9.049257|   -8.859456|   -0.000003|    0.008239|
|        5570|    0.134000|  1.3922e-01|   -9.049282|   -8.859427|   -0.000003|    0.008239|
|        5571|    0.138000|  1.3922e-01|   -9.049307|   -8.859397|   -0.000003|    0.008239|
|        5572|    0.141000|  1.3922e-01|   -9.049332|   -8.859368|   -0.000003|    0.008239|
|        5573|    0.142000|  1.3922e-01|   -9.049357|   -8.859339|   -0.000003|    0.008239|
|        5574|    0.149000|  1.3922e-01|   -9.049382|   -8.859310|   -0.000003|    0.008239|
|        5575|    0.163000|  1.3923e-01|   -9.049407|   -8.859281|   -0.000003|    0.008239|
|        5576|    0.148000|  1.3923e-01|   -9.049432|   -8.859252|   -0.000003|    0.008239|
|        5577|    0.152000|  1.3923e-01|   -9.049457|   -8.859222|   -0.000003|    0.008239|
|        5578|    0.141000|  1.3923e-01|   -9.049482|   -8.859193|   -0.000003|    0.008239|
|        5579|    0.136000|  1.3923e-01|   -9.049507|   -8.859164|   -0.000003|    0.008239|
|        5580|    0.145000|  1.3923e-01|   -9.049532|   -8.859135|   -0.000003|    0.008239|
|        5581|    0.143000|  1.3923e-01|   -9.049556|   -8.859106|   -0.000003|    0.008239|
|        5582|    0.137000|  1.3923e-01|   -9.049581|   -8.859077|   -0.000003|    0.008239|
|        5583|    0.131000|  1.3923e-01|   -9.049606|   -8.859048|   -0.000003|    0.008239|
|        5584|    0.137000|  1.3923e-01|   -9.049631|   -8.859019|   -0.000003|    0.008239|
|        5585|    0.136000|  1.3923e-01|   -9.049656|   -8.858990|   -0.000003|    0.008239|
|        5586|    0.139000|  1.3923e-01|   -9.049681|   -8.858961|   -0.000003|    0.008239|
|        5587|    0.138000|  1.3923e-01|   -9.049706|   -8.858932|   -0.000003|    0.008239|
|        5588|    0.142000|  1.3923e-01|   -9.049731|   -8.858903|   -0.000003|    0.008239|
|        5589|    0.134000|  1.3923e-01|   -9.049756|   -8.858874|   -0.000003|    0.008239|
|        5590|    0.131000|  1.3923e-01|   -9.049781|   -8.858845|   -0.000003|    0.008239|
|        5591|    0.138000|  1.3923e-01|   -9.049805|   -8.858816|   -0.000003|    0.008239|
|        5592|    0.130000|  1.3922e-01|   -9.049830|   -8.858787|   -0.000003|    0.008239|
|        5593|    0.148000|  1.3923e-01|   -9.049855|   -8.858758|   -0.000003|    0.008239|
|        5594|    0.150000|  1.3923e-01|   -9.049880|   -8.858729|   -0.000003|    0.008239|
|        5595|    0.150000|  1.3923e-01|   -9.049905|   -8.858700|   -0.000003|    0.008239|
|        5596|    0.144000|  1.3923e-01|   -9.049930|   -8.858671|   -0.000003|    0.008239|
|        5597|    0.146000|  1.3923e-01|   -9.049955|   -8.858642|   -0.000003|    0.008239|
|        5598|    0.136000|  1.3923e-01|   -9.049979|   -8.858613|   -0.000003|    0.008239|
|        5599|    0.132000|  1.3923e-01|   -9.050004|   -8.858584|   -0.000003|    0.008239|
|        5600|    0.140000|  1.3923e-01|   -9.050029|   -8.858556|   -0.000003|    0.008239|
|        5601|    0.138000|  1.3923e-01|   -9.050054|   -8.858527|   -0.000003|    0.008239|
|        5602|    0.142000|  1.3923e-01|   -9.050079|   -8.858498|   -0.000003|    0.008239|
|        5603|    0.148000|  1.3923e-01|   -9.050104|   -8.858469|   -0.000003|    0.008239|
|        5604|    0.140000|  1.3923e-01|   -9.050129|   -8.858440|   -0.000003|    0.008239|
|        5605|    0.139000|  1.3923e-01|   -9.050153|   -8.858412|   -0.000003|    0.008239|
|        5606|    0.137000|  1.3923e-01|   -9.050178|   -8.858383|   -0.000003|    0.008238|
|        5607|    0.134000|  1.3923e-01|   -9.050203|   -8.858354|   -0.000003|    0.008238|
|        5608|    0.136000|  1.3923e-01|   -9.050228|   -8.858326|   -0.000003|    0.008238|
|        5609|    0.135000|  1.3923e-01|   -9.050253|   -8.858297|   -0.000003|    0.008238|
|        5610|    0.137000|  1.3923e-01|   -9.050278|   -8.858268|   -0.000003|    0.008238|
|        5611|    0.139000|  1.3923e-01|   -9.050303|   -8.858240|   -0.000003|    0.008238|
|        5612|    0.138000|  1.3923e-01|   -9.050328|   -8.858211|   -0.000003|    0.008238|
|        5613|    0.136000|  1.3923e-01|   -9.050353|   -8.858182|   -0.000003|    0.008238|
|        5614|    0.137000|  1.3923e-01|   -9.050378|   -8.858154|   -0.000003|    0.008238|
|        5615|    0.150000|  1.3923e-01|   -9.050403|   -8.858125|   -0.000003|    0.008238|
|        5616|    0.135000|  1.3923e-01|   -9.050428|   -8.858097|   -0.000003|    0.008238|
|        5617|    0.140000|  1.3923e-01|   -9.050453|   -8.858068|   -0.000003|    0.008238|
|        5618|    0.137000|  1.3923e-01|   -9.050478|   -8.858039|   -0.000003|    0.008238|
|        5619|    0.137000|  1.3923e-01|   -9.050503|   -8.858011|   -0.000003|    0.008238|
|        5620|    0.135000|  1.3923e-01|   -9.050528|   -8.857982|   -0.000003|    0.008238|
|        5621|    0.153000|  1.3923e-01|   -9.050553|   -8.857954|   -0.000003|    0.008238|
|        5622|    0.142000|  1.3923e-01|   -9.050578|   -8.857925|   -0.000003|    0.008238|
|        5623|    0.147000|  1.3923e-01|   -9.050603|   -8.857897|   -0.000003|    0.008238|
|        5624|    0.141000|  1.3923e-01|   -9.050628|   -8.857868|   -0.000003|    0.008238|
|        5625|    0.148000|  1.3923e-01|   -9.050653|   -8.857840|   -0.000003|    0.008238|
|        5626|    0.144000|  1.3923e-01|   -9.050679|   -8.857811|   -0.000003|    0.008238|
|        5627|    0.127000|  1.3923e-01|   -9.050704|   -8.857783|   -0.000003|    0.008238|
|        5628|    0.124000|  1.3923e-01|   -9.050729|   -8.857755|   -0.000003|    0.008238|
|        5629|    0.137000|  1.3923e-01|   -9.050754|   -8.857726|   -0.000003|    0.008238|
|        5630|    0.153000|  1.3923e-01|   -9.050779|   -8.857698|   -0.000003|    0.008238|
|        5631|    0.141000|  1.3923e-01|   -9.050805|   -8.857669|   -0.000003|    0.008238|
|        5632|    0.146000|  1.3923e-01|   -9.050830|   -8.857641|   -0.000003|    0.008238|
|        5633|    0.134000|  1.3923e-01|   -9.050855|   -8.857613|   -0.000003|    0.008238|
|        5634|    0.147000|  1.3923e-01|   -9.050880|   -8.857584|   -0.000003|    0.008238|
|        5635|    0.152000|  1.3924e-01|   -9.050906|   -8.857556|   -0.000003|    0.008238|
|        5636|    0.155000|  1.3924e-01|   -9.050931|   -8.857528|   -0.000003|    0.008238|
|        5637|    0.149000|  1.3924e-01|   -9.050956|   -8.857499|   -0.000003|    0.008238|
|        5638|    0.151000|  1.3924e-01|   -9.050981|   -8.857471|   -0.000003|    0.008238|
|        5639|    0.153000|  1.3924e-01|   -9.051007|   -8.857443|   -0.000003|    0.008238|
|        5640|    0.141000|  1.3924e-01|   -9.051032|   -8.857415|   -0.000003|    0.008238|
|        5641|    0.138000|  1.3924e-01|   -9.051057|   -8.857386|   -0.000003|    0.008238|
|        5642|    0.139000|  1.3924e-01|   -9.051083|   -8.857358|   -0.000003|    0.008238|
|        5643|    0.147000|  1.3925e-01|   -9.051108|   -8.857330|   -0.000003|    0.008238|
|        5644|    0.148000|  1.3925e-01|   -9.051133|   -8.857302|   -0.000003|    0.008237|
|        5645|    0.165000|  1.3925e-01|   -9.051158|   -8.857274|   -0.000003|    0.008237|
|        5646|    0.146000|  1.3925e-01|   -9.051184|   -8.857246|   -0.000003|    0.008237|
|        5647|    0.146000|  1.3925e-01|   -9.051209|   -8.857217|   -0.000003|    0.008237|
|        5648|    0.137000|  1.3925e-01|   -9.051234|   -8.857189|   -0.000003|    0.008237|
|        5649|    0.143000|  1.3925e-01|   -9.051260|   -8.857161|   -0.000003|    0.008237|
|        5650|    0.142000|  1.3925e-01|   -9.051285|   -8.857133|   -0.000003|    0.008237|
|        5651|    0.145000|  1.3926e-01|   -9.051310|   -8.857105|   -0.000003|    0.008237|
|        5652|    0.143000|  1.3926e-01|   -9.051336|   -8.857077|   -0.000003|    0.008237|
|        5653|    0.136000|  1.3926e-01|   -9.051361|   -8.857049|   -0.000003|    0.008237|
|        5654|    0.138000|  1.3926e-01|   -9.051386|   -8.857021|   -0.000003|    0.008237|
|        5655|    0.140000|  1.3926e-01|   -9.051412|   -8.856993|   -0.000003|    0.008237|
|        5656|    0.145000|  1.3926e-01|   -9.051437|   -8.856965|   -0.000003|    0.008237|
|        5657|    0.140000|  1.3926e-01|   -9.051462|   -8.856937|   -0.000003|    0.008237|
|        5658|    0.140000|  1.3926e-01|   -9.051487|   -8.856909|   -0.000003|    0.008237|
|        5659|    0.139000|  1.3926e-01|   -9.051513|   -8.856881|   -0.000003|    0.008237|
|        5660|    0.138000|  1.3926e-01|   -9.051538|   -8.856853|   -0.000003|    0.008237|
|        5661|    0.138000|  1.3926e-01|   -9.051563|   -8.856825|   -0.000003|    0.008237|
|        5662|    0.136000|  1.3926e-01|   -9.051589|   -8.856797|   -0.000003|    0.008237|
|        5663|    0.151000|  1.3926e-01|   -9.051614|   -8.856770|   -0.000003|    0.008237|
|        5664|    0.136000|  1.3926e-01|   -9.051639|   -8.856742|   -0.000003|    0.008237|
|        5665|    0.133000|  1.3926e-01|   -9.051664|   -8.856714|   -0.000003|    0.008237|
|        5666|    0.141000|  1.3926e-01|   -9.051690|   -8.856686|   -0.000003|    0.008237|
|        5667|    0.144000|  1.3926e-01|   -9.051715|   -8.856658|   -0.000003|    0.008237|
|        5668|    0.139000|  1.3926e-01|   -9.051740|   -8.856630|   -0.000003|    0.008237|
|        5669|    0.132000|  1.3926e-01|   -9.051766|   -8.856602|   -0.000003|    0.008237|
|        5670|    0.144000|  1.3926e-01|   -9.051791|   -8.856575|   -0.000003|    0.008237|
|        5671|    0.152000|  1.3926e-01|   -9.051816|   -8.856547|   -0.000003|    0.008237|
|        5672|    0.160000|  1.3926e-01|   -9.051841|   -8.856519|   -0.000003|    0.008237|
|        5673|    0.155000|  1.3927e-01|   -9.051867|   -8.856490|   -0.000003|    0.008237|
|        5674|    0.152000|  1.3927e-01|   -9.051892|   -8.856462|   -0.000003|    0.008237|
|        5675|    0.156000|  1.3927e-01|   -9.051917|   -8.856434|   -0.000003|    0.008237|
|        5676|    0.145000|  1.3927e-01|   -9.051943|   -8.856406|   -0.000003|    0.008237|
|        5677|    0.135000|  1.3927e-01|   -9.051968|   -8.856377|   -0.000003|    0.008237|
|        5678|    0.146000|  1.3927e-01|   -9.051993|   -8.856349|   -0.000003|    0.008237|
|        5679|    0.131000|  1.3927e-01|   -9.052018|   -8.856321|   -0.000003|    0.008237|
|        5680|    0.126000|  1.3927e-01|   -9.052044|   -8.856293|   -0.000003|    0.008237|
|        5681|    0.161000|  1.3927e-01|   -9.052069|   -8.856264|   -0.000003|    0.008237|
|        5682|    0.134000|  1.3927e-01|   -9.052094|   -8.856236|   -0.000003|    0.008236|
|        5683|    0.138000|  1.3927e-01|   -9.052120|   -8.856208|   -0.000003|    0.008236|
|        5684|    0.136000|  1.3927e-01|   -9.052145|   -8.856180|   -0.000003|    0.008236|
|        5685|    0.140000|  1.3927e-01|   -9.052171|   -8.856151|   -0.000003|    0.008236|
|        5686|    0.168000|  1.3928e-01|   -9.052196|   -8.856123|   -0.000003|    0.008236|
|        5687|    0.179000|  1.3928e-01|   -9.052221|   -8.856095|   -0.000003|    0.008236|
|        5688|    0.151000|  1.3928e-01|   -9.052247|   -8.856067|   -0.000003|    0.008236|
|        5689|    0.134000|  1.3928e-01|   -9.052272|   -8.856039|   -0.000003|    0.008236|
|        5690|    0.131000|  1.3928e-01|   -9.052298|   -8.856011|   -0.000003|    0.008236|
|        5691|    0.140000|  1.3928e-01|   -9.052323|   -8.855983|   -0.000003|    0.008236|
|        5692|    0.135000|  1.3928e-01|   -9.052348|   -8.855954|   -0.000003|    0.008236|
|        5693|    0.137000|  1.3928e-01|   -9.052374|   -8.855926|   -0.000003|    0.008236|
|        5694|    0.146000|  1.3928e-01|   -9.052399|   -8.855898|   -0.000003|    0.008236|
|        5695|    0.132000|  1.3928e-01|   -9.052425|   -8.855870|   -0.000003|    0.008236|
|        5696|    0.137000|  1.3928e-01|   -9.052450|   -8.855842|   -0.000003|    0.008236|
|        5697|    0.161000|  1.3928e-01|   -9.052476|   -8.855814|   -0.000003|    0.008236|
|        5698|    0.151000|  1.3929e-01|   -9.052501|   -8.855786|   -0.000003|    0.008236|
|        5699|    0.132000|  1.3929e-01|   -9.052527|   -8.855758|   -0.000003|    0.008236|
|        5700|    0.134000|  1.3928e-01|   -9.052552|   -8.855730|   -0.000003|    0.008236|
|        5701|    0.139000|  1.3928e-01|   -9.052578|   -8.855702|   -0.000003|    0.008236|
|        5702|    0.145000|  1.3929e-01|   -9.052603|   -8.855674|   -0.000003|    0.008236|
|        5703|    0.145000|  1.3929e-01|   -9.052629|   -8.855646|   -0.000003|    0.008236|
|        5704|    0.141000|  1.3929e-01|   -9.052654|   -8.855618|   -0.000003|    0.008236|
|        5705|    0.139000|  1.3929e-01|   -9.052680|   -8.855590|   -0.000003|    0.008236|
|        5706|    0.156000|  1.3929e-01|   -9.052706|   -8.855562|   -0.000003|    0.008236|
|        5707|    0.161000|  1.3929e-01|   -9.052731|   -8.855534|   -0.000003|    0.008236|
|        5708|    0.156000|  1.3930e-01|   -9.052757|   -8.855506|   -0.000003|    0.008236|
|        5709|    0.157000|  1.3930e-01|   -9.052783|   -8.855478|   -0.000003|    0.008236|
|        5710|    0.139000|  1.3930e-01|   -9.052808|   -8.855450|   -0.000003|    0.008236|
|        5711|    0.144000|  1.3930e-01|   -9.052834|   -8.855422|   -0.000003|    0.008236|
|        5712|    0.135000|  1.3930e-01|   -9.052860|   -8.855394|   -0.000003|    0.008236|
|        5713|    0.140000|  1.3930e-01|   -9.052885|   -8.855366|   -0.000003|    0.008236|
|        5714|    0.154000|  1.3930e-01|   -9.052911|   -8.855338|   -0.000003|    0.008236|
|        5715|    0.147000|  1.3930e-01|   -9.052937|   -8.855311|   -0.000003|    0.008236|
|        5716|    0.136000|  1.3930e-01|   -9.052963|   -8.855283|   -0.000003|    0.008236|
|        5717|    0.148000|  1.3930e-01|   -9.052989|   -8.855255|   -0.000003|    0.008236|
|        5718|    0.144000|  1.3931e-01|   -9.053014|   -8.855227|   -0.000003|    0.008236|
|        5719|    0.135000|  1.3930e-01|   -9.053040|   -8.855199|   -0.000003|    0.008236|
|        5720|    0.146000|  1.3931e-01|   -9.053066|   -8.855171|   -0.000003|    0.008236|
|        5721|    0.145000|  1.3931e-01|   -9.053092|   -8.855144|   -0.000003|    0.008235|
|        5722|    0.143000|  1.3931e-01|   -9.053118|   -8.855116|   -0.000003|    0.008235|
|        5723|    0.152000|  1.3931e-01|   -9.053144|   -8.855088|   -0.000003|    0.008235|
|        5724|    0.137000|  1.3931e-01|   -9.053170|   -8.855060|   -0.000003|    0.008235|
|        5725|    0.142000|  1.3931e-01|   -9.053196|   -8.855033|   -0.000003|    0.008235|
|        5726|    0.135000|  1.3931e-01|   -9.053222|   -8.855005|   -0.000003|    0.008235|
|        5727|    0.131000|  1.3931e-01|   -9.053248|   -8.854977|   -0.000003|    0.008235|
|        5728|    0.141000|  1.3931e-01|   -9.053274|   -8.854950|   -0.000003|    0.008235|
|        5729|    0.134000|  1.3931e-01|   -9.053300|   -8.854922|   -0.000003|    0.008235|
|        5730|    0.137000|  1.3931e-01|   -9.053326|   -8.854894|   -0.000003|    0.008235|
|        5731|    0.145000|  1.3931e-01|   -9.053352|   -8.854867|   -0.000003|    0.008235|
|        5732|    0.142000|  1.3931e-01|   -9.053379|   -8.854839|   -0.000003|    0.008235|
|        5733|    0.148000|  1.3931e-01|   -9.053405|   -8.854811|   -0.000003|    0.008235|
|        5734|    0.147000|  1.3931e-01|   -9.053431|   -8.854784|   -0.000003|    0.008235|
|        5735|    0.136000|  1.3931e-01|   -9.053457|   -8.854756|   -0.000003|    0.008235|
|        5736|    0.146000|  1.3931e-01|   -9.053483|   -8.854729|   -0.000003|    0.008235|
|        5737|    0.141000|  1.3931e-01|   -9.053510|   -8.854701|   -0.000003|    0.008235|
|        5738|    0.136000|  1.3931e-01|   -9.053536|   -8.854673|   -0.000003|    0.008235|
|        5739|    0.138000|  1.3931e-01|   -9.053562|   -8.854646|   -0.000003|    0.008235|
|        5740|    0.141000|  1.3931e-01|   -9.053588|   -8.854618|   -0.000003|    0.008235|
|        5741|    0.133000|  1.3931e-01|   -9.053615|   -8.854591|   -0.000003|    0.008235|
|        5742|    0.149000|  1.3931e-01|   -9.053641|   -8.854563|   -0.000003|    0.008235|
|        5743|    0.154000|  1.3931e-01|   -9.053667|   -8.854536|   -0.000003|    0.008235|
|        5744|    0.137000|  1.3931e-01|   -9.053694|   -8.854508|   -0.000003|    0.008235|
|        5745|    0.128000|  1.3931e-01|   -9.053720|   -8.854481|   -0.000003|    0.008235|
|        5746|    0.137000|  1.3931e-01|   -9.053746|   -8.854454|   -0.000003|    0.008235|
|        5747|    0.135000|  1.3931e-01|   -9.053773|   -8.854426|   -0.000003|    0.008235|
|        5748|    0.136000|  1.3931e-01|   -9.053799|   -8.854399|   -0.000003|    0.008235|
|        5749|    0.148000|  1.3931e-01|   -9.053826|   -8.854371|   -0.000003|    0.008235|
|        5750|    0.145000|  1.3931e-01|   -9.053852|   -8.854344|   -0.000003|    0.008235|
+-----------------------------------------------------------------------+
|        File Writing Summary       |              Filename             |
+-----------------------------------------------------------------------+
|SU2 binary restart                 |restart_flow_alpha0_449x129.dat    |
|Paraview                           |flow_alpha0_449x129.vtu            |
|Paraview surface                   |surface_flow_alpha0_449x129.vtu    |
+-----------------------------------------------------------------------+
+------------------------------------------------------------------------------------------+
|  Inner_Iter|   Time(sec)|   Time(sec)|      rms[P]|     rms[nu]|          CL|          CD|
+------------------------------------------------------------------------------------------+
|        5751|    0.231000|  1.3933e-01|   -9.053879|   -8.854316|   -0.000003|    0.008235|
|        5752|    0.140000|  1.3933e-01|   -9.053905|   -8.854289|   -0.000003|    0.008235|
|        5753|    0.139000|  1.3933e-01|   -9.053931|   -8.854261|   -0.000003|    0.008235|
|        5754|    0.148000|  1.3933e-01|   -9.053958|   -8.854233|   -0.000003|    0.008235|
|        5755|    0.137000|  1.3933e-01|   -9.053984|   -8.854206|   -0.000003|    0.008235|
|        5756|    0.133000|  1.3933e-01|   -9.054011|   -8.854178|   -0.000003|    0.008235|
|        5757|    0.135000|  1.3933e-01|   -9.054037|   -8.854150|   -0.000003|    0.008235|
|        5758|    0.158000|  1.3933e-01|   -9.054064|   -8.854123|   -0.000003|    0.008235|
|        5759|    0.154000|  1.3933e-01|   -9.054090|   -8.854095|   -0.000003|    0.008235|
|        5760|    0.159000|  1.3934e-01|   -9.054117|   -8.854067|   -0.000003|    0.008234|
|        5761|    0.141000|  1.3934e-01|   -9.054143|   -8.854040|   -0.000003|    0.008234|
|        5762|    0.134000|  1.3934e-01|   -9.054170|   -8.854012|   -0.000003|    0.008234|
|        5763|    0.159000|  1.3934e-01|   -9.054196|   -8.853985|   -0.000003|    0.008234|
|        5764|    0.160000|  1.3934e-01|   -9.054223|   -8.853957|   -0.000003|    0.008234|
|        5765|    0.137000|  1.3934e-01|   -9.054249|   -8.853930|   -0.000003|    0.008234|
|        5766|    0.139000|  1.3934e-01|   -9.054276|   -8.853902|   -0.000003|    0.008234|
|        5767|    0.137000|  1.3934e-01|   -9.054302|   -8.853875|   -0.000003|    0.008234|
|        5768|    0.139000|  1.3934e-01|   -9.054329|   -8.853847|   -0.000003|    0.008234|
|        5769|    0.141000|  1.3934e-01|   -9.054355|   -8.853820|   -0.000003|    0.008234|
|        5770|    0.139000|  1.3934e-01|   -9.054382|   -8.853793|   -0.000003|    0.008234|
|        5771|    0.138000|  1.3934e-01|   -9.054409|   -8.853765|   -0.000003|    0.008234|
|        5772|    0.143000|  1.3934e-01|   -9.054435|   -8.853738|   -0.000003|    0.008234|
|        5773|    0.155000|  1.3935e-01|   -9.054462|   -8.853710|   -0.000003|    0.008234|
|        5774|    0.135000|  1.3935e-01|   -9.054488|   -8.853683|   -0.000003|    0.008234|
|        5775|    0.143000|  1.3935e-01|   -9.054515|   -8.853656|   -0.000003|    0.008234|
|        5776|    0.150000|  1.3935e-01|   -9.054541|   -8.853628|   -0.000003|    0.008234|
|        5777|    0.152000|  1.3935e-01|   -9.054568|   -8.853601|   -0.000003|    0.008234|
|        5778|    0.144000|  1.3935e-01|   -9.054594|   -8.853574|   -0.000003|    0.008234|
|        5779|    0.130000|  1.3935e-01|   -9.054620|   -8.853547|   -0.000003|    0.008234|
|        5780|    0.136000|  1.3935e-01|   -9.054647|   -8.853519|   -0.000003|    0.008234|
|        5781|    0.136000|  1.3935e-01|   -9.054673|   -8.853492|   -0.000003|    0.008234|
|        5782|    0.141000|  1.3935e-01|   -9.054700|   -8.853465|   -0.000003|    0.008234|
|        5783|    0.136000|  1.3935e-01|   -9.054726|   -8.853438|   -0.000003|    0.008234|
|        5784|    0.134000|  1.3935e-01|   -9.054753|   -8.853410|   -0.000003|    0.008234|
|        5785|    0.146000|  1.3935e-01|   -9.054779|   -8.853383|   -0.000003|    0.008234|
|        5786|    0.141000|  1.3935e-01|   -9.054806|   -8.853356|   -0.000003|    0.008234|
|        5787|    0.143000|  1.3935e-01|   -9.054832|   -8.853329|   -0.000003|    0.008234|
|        5788|    0.140000|  1.3935e-01|   -9.054859|   -8.853302|   -0.000003|    0.008234|
|        5789|    0.146000|  1.3935e-01|   -9.054885|   -8.853274|   -0.000003|    0.008234|
|        5790|    0.148000|  1.3935e-01|   -9.054912|   -8.853247|   -0.000003|    0.008234|
|        5791|    0.143000|  1.3935e-01|   -9.054938|   -8.853220|   -0.000003|    0.008234|
|        5792|    0.134000|  1.3935e-01|   -9.054964|   -8.853193|   -0.000003|    0.008234|
|        5793|    0.146000|  1.3935e-01|   -9.054991|   -8.853166|   -0.000003|    0.008234|
|        5794|    0.143000|  1.3935e-01|   -9.055017|   -8.853139|   -0.000003|    0.008234|
|        5795|    0.146000|  1.3935e-01|   -9.055044|   -8.853112|   -0.000003|    0.008234|
|        5796|    0.139000|  1.3935e-01|   -9.055070|   -8.853085|   -0.000003|    0.008234|
|        5797|    0.140000|  1.3935e-01|   -9.055096|   -8.853058|   -0.000003|    0.008234|
|        5798|    0.132000|  1.3935e-01|   -9.055123|   -8.853031|   -0.000003|    0.008234|
|        5799|    0.136000|  1.3935e-01|   -9.055149|   -8.853004|   -0.000003|    0.008234|
|        5800|    0.134000|  1.3935e-01|   -9.055175|   -8.852977|   -0.000003|    0.008233|
|        5801|    0.139000|  1.3935e-01|   -9.055202|   -8.852950|   -0.000003|    0.008233|
|        5802|    0.136000|  1.3935e-01|   -9.055228|   -8.852923|   -0.000003|    0.008233|
|        5803|    0.132000|  1.3935e-01|   -9.055255|   -8.852896|   -0.000003|    0.008233|
|        5804|    0.169000|  1.3935e-01|   -9.055281|   -8.852869|   -0.000003|    0.008233|
|        5805|    0.165000|  1.3936e-01|   -9.055307|   -8.852842|   -0.000003|    0.008233|
|        5806|    0.145000|  1.3936e-01|   -9.055333|   -8.852816|   -0.000003|    0.008233|
|        5807|    0.132000|  1.3936e-01|   -9.055360|   -8.852789|   -0.000003|    0.008233|
|        5808|    0.158000|  1.3936e-01|   -9.055386|   -8.852762|   -0.000003|    0.008233|
|        5809|    0.136000|  1.3936e-01|   -9.055412|   -8.852735|   -0.000003|    0.008233|
|        5810|    0.154000|  1.3936e-01|   -9.055439|   -8.852708|   -0.000003|    0.008233|
|        5811|    0.159000|  1.3937e-01|   -9.055465|   -8.852681|   -0.000003|    0.008233|
|        5812|    0.142000|  1.3937e-01|   -9.055491|   -8.852655|   -0.000003|    0.008233|
|        5813|    0.166000|  1.3937e-01|   -9.055517|   -8.852628|   -0.000003|    0.008233|
|        5814|    0.174000|  1.3938e-01|   -9.055544|   -8.852601|   -0.000003|    0.008233|
|        5815|    0.158000|  1.3938e-01|   -9.055570|   -8.852574|   -0.000003|    0.008233|
|        5816|    0.151000|  1.3938e-01|   -9.055596|   -8.852547|   -0.000003|    0.008233|
|        5817|    0.138000|  1.3938e-01|   -9.055622|   -8.852520|   -0.000003|    0.008233|
|        5818|    0.132000|  1.3938e-01|   -9.055648|   -8.852494|   -0.000003|    0.008233|
|        5819|    0.142000|  1.3938e-01|   -9.055675|   -8.852467|   -0.000003|    0.008233|
|        5820|    0.138000|  1.3938e-01|   -9.055701|   -8.852440|   -0.000003|    0.008233|
|        5821|    0.129000|  1.3938e-01|   -9.055727|   -8.852413|   -0.000003|    0.008233|
|        5822|    0.135000|  1.3938e-01|   -9.055753|   -8.852387|   -0.000003|    0.008233|
|        5823|    0.135000|  1.3938e-01|   -9.055779|   -8.852360|   -0.000003|    0.008233|
|        5824|    0.143000|  1.3938e-01|   -9.055805|   -8.852333|   -0.000003|    0.008233|
|        5825|    0.129000|  1.3938e-01|   -9.055832|   -8.852307|   -0.000003|    0.008233|
|        5826|    0.133000|  1.3938e-01|   -9.055858|   -8.852280|   -0.000003|    0.008233|
|        5827|    0.136000|  1.3938e-01|   -9.055884|   -8.852253|   -0.000003|    0.008233|
|        5828|    0.141000|  1.3938e-01|   -9.055910|   -8.852227|   -0.000003|    0.008233|
|        5829|    0.136000|  1.3938e-01|   -9.055936|   -8.852200|   -0.000003|    0.008233|
|        5830|    0.150000|  1.3938e-01|   -9.055962|   -8.852173|   -0.000003|    0.008233|
|        5831|    0.152000|  1.3938e-01|   -9.055988|   -8.852147|   -0.000003|    0.008233|
|        5832|    0.145000|  1.3938e-01|   -9.056014|   -8.852120|   -0.000003|    0.008233|
|        5833|    0.134000|  1.3938e-01|   -9.056040|   -8.852094|   -0.000003|    0.008233|
|        5834|    0.138000|  1.3938e-01|   -9.056066|   -8.852067|   -0.000003|    0.008233|
|        5835|    0.123000|  1.3938e-01|   -9.056092|   -8.852040|   -0.000003|    0.008233|
|        5836|    0.135000|  1.3938e-01|   -9.056118|   -8.852014|   -0.000003|    0.008233|
|        5837|    0.152000|  1.3938e-01|   -9.056144|   -8.851987|   -0.000003|    0.008233|
|        5838|    0.154000|  1.3938e-01|   -9.056171|   -8.851961|   -0.000003|    0.008233|
|        5839|    0.149000|  1.3938e-01|   -9.056197|   -8.851934|   -0.000003|    0.008232|
|        5840|    0.154000|  1.3938e-01|   -9.056223|   -8.851908|   -0.000003|    0.008232|
|        5841|    0.130000|  1.3938e-01|   -9.056249|   -8.851881|   -0.000003|    0.008232|
|        5842|    0.126000|  1.3938e-01|   -9.056275|   -8.851855|   -0.000003|    0.008232|
|        5843|    0.133000|  1.3938e-01|   -9.056301|   -8.851828|   -0.000003|    0.008232|
|        5844|    0.156000|  1.3938e-01|   -9.056326|   -8.851802|   -0.000003|    0.008232|
|        5845|    0.134000|  1.3938e-01|   -9.056352|   -8.851776|   -0.000003|    0.008232|
|        5846|    0.167000|  1.3939e-01|   -9.056378|   -8.851749|   -0.000003|    0.008232|
|        5847|    0.132000|  1.3939e-01|   -9.056404|   -8.851723|   -0.000003|    0.008232|
|        5848|    0.165000|  1.3939e-01|   -9.056430|   -8.851697|   -0.000003|    0.008232|
|        5849|    0.131000|  1.3939e-01|   -9.056456|   -8.851670|   -0.000003|    0.008232|
|        5850|    0.143000|  1.3939e-01|   -9.056482|   -8.851644|   -0.000003|    0.008232|
|        5851|    0.146000|  1.3939e-01|   -9.056508|   -8.851618|   -0.000003|    0.008232|
|        5852|    0.135000|  1.3939e-01|   -9.056534|   -8.851591|   -0.000003|    0.008232|
|        5853|    0.135000|  1.3939e-01|   -9.056560|   -8.851565|   -0.000003|    0.008232|
|        5854|    0.149000|  1.3939e-01|   -9.056586|   -8.851539|   -0.000003|    0.008232|
|        5855|    0.136000|  1.3939e-01|   -9.056612|   -8.851513|   -0.000003|    0.008232|
|        5856|    0.140000|  1.3939e-01|   -9.056638|   -8.851486|   -0.000003|    0.008232|
|        5857|    0.137000|  1.3939e-01|   -9.056664|   -8.851460|   -0.000003|    0.008232|
|        5858|    0.152000|  1.3939e-01|   -9.056690|   -8.851434|   -0.000003|    0.008232|
|        5859|    0.143000|  1.3939e-01|   -9.056716|   -8.851408|   -0.000003|    0.008232|
|        5860|    0.147000|  1.3939e-01|   -9.056741|   -8.851382|   -0.000003|    0.008232|
|        5861|    0.137000|  1.3939e-01|   -9.056767|   -8.851356|   -0.000003|    0.008232|
|        5862|    0.135000|  1.3939e-01|   -9.056793|   -8.851330|   -0.000003|    0.008232|
|        5863|    0.138000|  1.3939e-01|   -9.056819|   -8.851303|   -0.000003|    0.008232|
|        5864|    0.147000|  1.3939e-01|   -9.056845|   -8.851277|   -0.000003|    0.008232|
|        5865|    0.141000|  1.3939e-01|   -9.056871|   -8.851251|   -0.000003|    0.008232|
|        5866|    0.146000|  1.3939e-01|   -9.056897|   -8.851225|   -0.000003|    0.008232|
|        5867|    0.148000|  1.3940e-01|   -9.056923|   -8.851199|   -0.000003|    0.008232|
|        5868|    0.154000|  1.3940e-01|   -9.056949|   -8.851173|   -0.000003|    0.008232|
|        5869|    0.143000|  1.3940e-01|   -9.056974|   -8.851147|   -0.000003|    0.008232|
|        5870|    0.124000|  1.3940e-01|   -9.057000|   -8.851121|   -0.000003|    0.008232|
|        5871|    0.150000|  1.3940e-01|   -9.057026|   -8.851096|   -0.000003|    0.008232|
|        5872|    0.156000|  1.3940e-01|   -9.057052|   -8.851070|   -0.000003|    0.008232|
|        5873|    0.136000|  1.3940e-01|   -9.057078|   -8.851044|   -0.000003|    0.008232|
|        5874|    0.139000|  1.3940e-01|   -9.057104|   -8.851018|   -0.000003|    0.008232|
|        5875|    0.135000|  1.3940e-01|   -9.057130|   -8.850992|   -0.000003|    0.008232|
|        5876|    0.142000|  1.3940e-01|   -9.057155|   -8.850966|   -0.000003|    0.008232|
|        5877|    0.135000|  1.3940e-01|   -9.057181|   -8.850940|   -0.000003|    0.008232|
|        5878|    0.140000|  1.3940e-01|   -9.057207|   -8.850915|   -0.000003|    0.008232|
|        5879|    0.135000|  1.3940e-01|   -9.057233|   -8.850889|   -0.000003|    0.008231|
|        5880|    0.140000|  1.3940e-01|   -9.057259|   -8.850863|   -0.000003|    0.008231|
|        5881|    0.138000|  1.3940e-01|   -9.057285|   -8.850838|   -0.000003|    0.008231|
|        5882|    0.137000|  1.3940e-01|   -9.057310|   -8.850812|   -0.000003|    0.008231|
|        5883|    0.148000|  1.3940e-01|   -9.057336|   -8.850786|   -0.000003|    0.008231|
|        5884|    0.134000|  1.3940e-01|   -9.057362|   -8.850761|   -0.000003|    0.008231|
|        5885|    0.133000|  1.3940e-01|   -9.057388|   -8.850735|   -0.000003|    0.008231|
|        5886|    0.131000|  1.3940e-01|   -9.057413|   -8.850709|   -0.000003|    0.008231|
|        5887|    0.149000|  1.3940e-01|   -9.057439|   -8.850684|   -0.000003|    0.008231|
|        5888|    0.137000|  1.3940e-01|   -9.057465|   -8.850658|   -0.000003|    0.008231|
|        5889|    0.136000|  1.3940e-01|   -9.057491|   -8.850633|   -0.000003|    0.008231|
|        5890|    0.155000|  1.3940e-01|   -9.057516|   -8.850607|   -0.000003|    0.008231|
|        5891|    0.147000|  1.3940e-01|   -9.057542|   -8.850582|   -0.000003|    0.008231|
|        5892|    0.153000|  1.3940e-01|   -9.057568|   -8.850556|   -0.000003|    0.008231|
|        5893|    0.159000|  1.3941e-01|   -9.057593|   -8.850531|   -0.000003|    0.008231|
|        5894|    0.144000|  1.3941e-01|   -9.057619|   -8.850505|   -0.000003|    0.008231|
|        5895|    0.138000|  1.3941e-01|   -9.057644|   -8.850480|   -0.000003|    0.008231|
|        5896|    0.136000|  1.3941e-01|   -9.057670|   -8.850454|   -0.000003|    0.008231|
|        5897|    0.130000|  1.3940e-01|   -9.057696|   -8.850429|   -0.000003|    0.008231|
|        5898|    0.137000|  1.3940e-01|   -9.057721|   -8.850404|   -0.000003|    0.008231|
|        5899|    0.139000|  1.3940e-01|   -9.057747|   -8.850378|   -0.000003|    0.008231|
|        5900|    0.133000|  1.3940e-01|   -9.057772|   -8.850353|   -0.000003|    0.008231|
|        5901|    0.150000|  1.3941e-01|   -9.057798|   -8.850327|   -0.000003|    0.008231|
|        5902|    0.144000|  1.3941e-01|   -9.057823|   -8.850302|   -0.000003|    0.008231|
|        5903|    0.134000|  1.3940e-01|   -9.057849|   -8.850277|   -0.000003|    0.008231|
|        5904|    0.144000|  1.3941e-01|   -9.057874|   -8.850252|   -0.000003|    0.008231|
|        5905|    0.144000|  1.3941e-01|   -9.057900|   -8.850226|   -0.000003|    0.008231|
|        5906|    0.153000|  1.3941e-01|   -9.057925|   -8.850201|   -0.000003|    0.008231|
|        5907|    0.138000|  1.3941e-01|   -9.057950|   -8.850176|   -0.000003|    0.008231|
|        5908|    0.137000|  1.3941e-01|   -9.057976|   -8.850151|   -0.000003|    0.008231|
|        5909|    0.139000|  1.3941e-01|   -9.058001|   -8.850125|   -0.000003|    0.008231|
|        5910|    0.146000|  1.3941e-01|   -9.058027|   -8.850100|   -0.000003|    0.008231|
|        5911|    0.134000|  1.3941e-01|   -9.058052|   -8.850075|   -0.000003|    0.008231|
|        5912|    0.136000|  1.3941e-01|   -9.058077|   -8.850050|   -0.000003|    0.008231|
|        5913|    0.148000|  1.3941e-01|   -9.058103|   -8.850025|   -0.000003|    0.008231|
|        5914|    0.135000|  1.3941e-01|   -9.058128|   -8.850000|   -0.000003|    0.008231|
|        5915|    0.155000|  1.3941e-01|   -9.058153|   -8.849975|   -0.000003|    0.008231|
|        5916|    0.155000|  1.3941e-01|   -9.058179|   -8.849950|   -0.000003|    0.008231|
|        5917|    0.155000|  1.3942e-01|   -9.058204|   -8.849925|   -0.000003|    0.008231|
|        5918|    0.136000|  1.3942e-01|   -9.058229|   -8.849899|   -0.000003|    0.008231|
|        5919|    0.138000|  1.3942e-01|   -9.058254|   -8.849874|   -0.000003|    0.008230|
|        5920|    0.139000|  1.3942e-01|   -9.058280|   -8.849849|   -0.000003|    0.008230|
|        5921|    0.143000|  1.3942e-01|   -9.058305|   -8.849825|   -0.000003|    0.008230|
|        5922|    0.144000|  1.3942e-01|   -9.058330|   -8.849800|   -0.000003|    0.008230|
|        5923|    0.146000|  1.3942e-01|   -9.058355|   -8.849774|   -0.000003|    0.008230|
|        5924|    0.146000|  1.3942e-01|   -9.058381|   -8.849749|   -0.000003|    0.008230|
|        5925|    0.139000|  1.3942e-01|   -9.058406|   -8.849724|   -0.000003|    0.008230|
|        5926|    0.137000|  1.3942e-01|   -9.058431|   -8.849699|   -0.000003|    0.008230|
|        5927|    0.148000|  1.3942e-01|   -9.058456|   -8.849674|   -0.000003|    0.008230|
|        5928|    0.138000|  1.3942e-01|   -9.058482|   -8.849648|   -0.000003|    0.008230|
|        5929|    0.134000|  1.3942e-01|   -9.058507|   -8.849623|   -0.000003|    0.008230|
|        5930|    0.139000|  1.3942e-01|   -9.058532|   -8.849598|   -0.000003|    0.008230|
|        5931|    0.136000|  1.3942e-01|   -9.058557|   -8.849573|   -0.000003|    0.008230|
|        5932|    0.147000|  1.3942e-01|   -9.058582|   -8.849548|   -0.000003|    0.008230|
|        5933|    0.150000|  1.3942e-01|   -9.058608|   -8.849523|   -0.000003|    0.008230|
|        5934|    0.146000|  1.3942e-01|   -9.058633|   -8.849498|   -0.000003|    0.008230|
|        5935|    0.137000|  1.3942e-01|   -9.058658|   -8.849472|   -0.000003|    0.008230|
|        5936|    0.150000|  1.3942e-01|   -9.058683|   -8.849447|   -0.000003|    0.008230|
|        5937|    0.141000|  1.3942e-01|   -9.058708|   -8.849422|   -0.000003|    0.008230|
|        5938|    0.138000|  1.3942e-01|   -9.058734|   -8.849397|   -0.000003|    0.008230|
|        5939|    0.141000|  1.3942e-01|   -9.058759|   -8.849371|   -0.000003|    0.008230|
|        5940|    0.148000|  1.3943e-01|   -9.058784|   -8.849346|   -0.000003|    0.008230|
|        5941|    0.152000|  1.3943e-01|   -9.058809|   -8.849321|   -0.000003|    0.008230|
|        5942|    0.147000|  1.3943e-01|   -9.058834|   -8.849296|   -0.000003|    0.008230|
|        5943|    0.144000|  1.3943e-01|   -9.058859|   -8.849271|   -0.000003|    0.008230|
|        5944|    0.132000|  1.3943e-01|   -9.058885|   -8.849246|   -0.000003|    0.008230|
|        5945|    0.162000|  1.3943e-01|   -9.058910|   -8.849221|   -0.000003|    0.008230|
|        5946|    0.132000|  1.3943e-01|   -9.058935|   -8.849196|   -0.000003|    0.008230|
|        5947|    0.142000|  1.3943e-01|   -9.058960|   -8.849171|   -0.000003|    0.008230|
|        5948|    0.148000|  1.3943e-01|   -9.058985|   -8.849146|   -0.000003|    0.008230|
|        5949|    0.143000|  1.3943e-01|   -9.059010|   -8.849121|   -0.000003|    0.008230|
|        5950|    0.147000|  1.3943e-01|   -9.059036|   -8.849096|   -0.000003|    0.008230|
|        5951|    0.143000|  1.3944e-01|   -9.059061|   -8.849071|   -0.000003|    0.008230|
|        5952|    0.144000|  1.3944e-01|   -9.059086|   -8.849046|   -0.000003|    0.008230|
|        5953|    0.156000|  1.3944e-01|   -9.059111|   -8.849021|   -0.000003|    0.008230|
|        5954|    0.150000|  1.3944e-01|   -9.059137|   -8.848996|   -0.000003|    0.008230|
|        5955|    0.140000|  1.3944e-01|   -9.059162|   -8.848971|   -0.000003|    0.008230|
|        5956|    0.151000|  1.3944e-01|   -9.059187|   -8.848946|   -0.000003|    0.008230|
|        5957|    0.149000|  1.3944e-01|   -9.059212|   -8.848922|   -0.000003|    0.008230|
|        5958|    0.148000|  1.3945e-01|   -9.059238|   -8.848897|   -0.000003|    0.008230|
|        5959|    0.139000|  1.3945e-01|   -9.059263|   -8.848872|   -0.000003|    0.008230|
|        5960|    0.152000|  1.3945e-01|   -9.059288|   -8.848847|   -0.000003|    0.008229|
|        5961|    0.134000|  1.3945e-01|   -9.059314|   -8.848823|   -0.000003|    0.008229|
|        5962|    0.144000|  1.3945e-01|   -9.059339|   -8.848798|   -0.000003|    0.008229|
|        5963|    0.139000|  1.3945e-01|   -9.059364|   -8.848773|   -0.000003|    0.008229|
|        5964|    0.136000|  1.3945e-01|   -9.059390|   -8.848748|   -0.000003|    0.008229|
|        5965|    0.140000|  1.3945e-01|   -9.059415|   -8.848724|   -0.000003|    0.008229|
|        5966|    0.159000|  1.3945e-01|   -9.059441|   -8.848699|   -0.000003|    0.008229|
|        5967|    0.166000|  1.3945e-01|   -9.059466|   -8.848675|   -0.000003|    0.008229|
|        5968|    0.140000|  1.3945e-01|   -9.059491|   -8.848650|   -0.000003|    0.008229|
|        5969|    0.143000|  1.3946e-01|   -9.059517|   -8.848625|   -0.000003|    0.008229|
|        5970|    0.143000|  1.3946e-01|   -9.059542|   -8.848601|   -0.000003|    0.008229|
|        5971|    0.146000|  1.3946e-01|   -9.059568|   -8.848576|   -0.000003|    0.008229|
|        5972|    0.135000|  1.3946e-01|   -9.059593|   -8.848552|   -0.000003|    0.008229|
|        5973|    0.141000|  1.3946e-01|   -9.059619|   -8.848527|   -0.000003|    0.008229|
|        5974|    0.146000|  1.3946e-01|   -9.059644|   -8.848503|   -0.000003|    0.008229|
|        5975|    0.143000|  1.3946e-01|   -9.059669|   -8.848478|   -0.000003|    0.008229|
|        5976|    0.154000|  1.3946e-01|   -9.059695|   -8.848454|   -0.000003|    0.008229|
|        5977|    0.163000|  1.3946e-01|   -9.059720|   -8.848429|   -0.000003|    0.008229|
|        5978|    0.154000|  1.3947e-01|   -9.059746|   -8.848405|   -0.000003|    0.008229|
|        5979|    0.152000|  1.3947e-01|   -9.059771|   -8.848381|   -0.000003|    0.008229|
|        5980|    0.158000|  1.3947e-01|   -9.059797|   -8.848356|   -0.000003|    0.008229|
|        5981|    0.145000|  1.3947e-01|   -9.059822|   -8.848332|   -0.000003|    0.008229|
|        5982|    0.144000|  1.3947e-01|   -9.059847|   -8.848307|   -0.000003|    0.008229|
|        5983|    0.148000|  1.3948e-01|   -9.059873|   -8.848282|   -0.000003|    0.008229|
|        5984|    0.143000|  1.3948e-01|   -9.059898|   -8.848258|   -0.000003|    0.008229|
|        5985|    0.143000|  1.3948e-01|   -9.059924|   -8.848233|   -0.000003|    0.008229|
|        5986|    0.136000|  1.3948e-01|   -9.059949|   -8.848209|   -0.000003|    0.008229|
|        5987|    0.142000|  1.3948e-01|   -9.059975|   -8.848184|   -0.000003|    0.008229|
|        5988|    0.137000|  1.3948e-01|   -9.060000|   -8.848160|   -0.000003|    0.008229|
|        5989|    0.137000|  1.3948e-01|   -9.060025|   -8.848135|   -0.000003|    0.008229|
|        5990|    0.133000|  1.3947e-01|   -9.060051|   -8.848111|   -0.000003|    0.008229|
|        5991|    0.142000|  1.3947e-01|   -9.060076|   -8.848087|   -0.000003|    0.008229|
|        5992|    0.140000|  1.3948e-01|   -9.060102|   -8.848062|   -0.000003|    0.008229|
|        5993|    0.151000|  1.3948e-01|   -9.060127|   -8.848038|   -0.000003|    0.008229|
|        5994|    0.149000|  1.3948e-01|   -9.060153|   -8.848013|   -0.000003|    0.008229|
|        5995|    0.145000|  1.3948e-01|   -9.060178|   -8.847989|   -0.000003|    0.008229|
|        5996|    0.146000|  1.3948e-01|   -9.060204|   -8.847965|   -0.000003|    0.008229|
|        5997|    0.142000|  1.3948e-01|   -9.060229|   -8.847941|   -0.000003|    0.008229|
|        5998|    0.140000|  1.3948e-01|   -9.060255|   -8.847916|   -0.000003|    0.008229|
|        5999|    0.133000|  1.3948e-01|   -9.060281|   -8.847892|   -0.000003|    0.008229|
|        6000|    0.138000|  1.3948e-01|   -9.060306|   -8.847868|   -0.000003|    0.008229|
+-----------------------------------------------------------------------+
|        File Writing Summary       |              Filename             |
+-----------------------------------------------------------------------+
|SU2 binary restart                 |restart_flow_alpha0_449x129.dat    |
|Paraview                           |flow_alpha0_449x129.vtu            |
|Paraview surface                   |surface_flow_alpha0_449x129.vtu    |
+-----------------------------------------------------------------------+
+------------------------------------------------------------------------------------------+
|  Inner_Iter|   Time(sec)|   Time(sec)|      rms[P]|     rms[nu]|          CL|          CD|
+------------------------------------------------------------------------------------------+
|        6001|    0.228000|  1.3949e-01|   -9.060332|   -8.847844|   -0.000003|    0.008228|
|        6002|    0.149000|  1.3950e-01|   -9.060357|   -8.847819|   -0.000003|    0.008228|
|        6003|    0.142000|  1.3950e-01|   -9.060383|   -8.847795|   -0.000003|    0.008228|
|        6004|    0.167000|  1.3950e-01|   -9.060409|   -8.847771|   -0.000003|    0.008228|
|        6005|    0.149000|  1.3950e-01|   -9.060434|   -8.847747|   -0.000003|    0.008228|
|        6006|    0.128000|  1.3950e-01|   -9.060460|   -8.847722|   -0.000003|    0.008228|
|        6007|    0.136000|  1.3950e-01|   -9.060486|   -8.847698|   -0.000003|    0.008228|
|        6008|    0.131000|  1.3950e-01|   -9.060512|   -8.847674|   -0.000003|    0.008228|
|        6009|    0.138000|  1.3950e-01|   -9.060538|   -8.847650|   -0.000003|    0.008228|
|        6010|    0.136000|  1.3950e-01|   -9.060563|   -8.847626|   -0.000003|    0.008228|
|        6011|    0.134000|  1.3950e-01|   -9.060589|   -8.847602|   -0.000003|    0.008228|
|        6012|    0.136000|  1.3950e-01|   -9.060615|   -8.847578|   -0.000003|    0.008228|
|        6013|    0.141000|  1.3950e-01|   -9.060641|   -8.847554|   -0.000003|    0.008228|
|        6014|    0.143000|  1.3950e-01|   -9.060667|   -8.847530|   -0.000003|    0.008228|
|        6015|    0.138000|  1.3950e-01|   -9.060693|   -8.847506|   -0.000003|    0.008228|
|        6016|    0.142000|  1.3950e-01|   -9.060719|   -8.847482|   -0.000003|    0.008228|
|        6017|    0.147000|  1.3950e-01|   -9.060745|   -8.847458|   -0.000003|    0.008228|
|        6018|    0.135000|  1.3950e-01|   -9.060771|   -8.847434|   -0.000003|    0.008228|
|        6019|    0.142000|  1.3950e-01|   -9.060797|   -8.847410|   -0.000003|    0.008228|
|        6020|    0.130000|  1.3950e-01|   -9.060823|   -8.847386|   -0.000003|    0.008228|
|        6021|    0.142000|  1.3950e-01|   -9.060849|   -8.847363|   -0.000003|    0.008228|
|        6022|    0.140000|  1.3950e-01|   -9.060875|   -8.847339|   -0.000003|    0.008228|
|        6023|    0.141000|  1.3950e-01|   -9.060901|   -8.847315|   -0.000003|    0.008228|
|        6024|    0.159000|  1.3950e-01|   -9.060927|   -8.847291|   -0.000003|    0.008228|
|        6025|    0.144000|  1.3950e-01|   -9.060954|   -8.847268|   -0.000003|    0.008228|
|        6026|    0.136000|  1.3950e-01|   -9.060980|   -8.847244|   -0.000003|    0.008228|
|        6027|    0.157000|  1.3950e-01|   -9.061006|   -8.847220|   -0.000003|    0.008228|
|        6028|    0.143000|  1.3950e-01|   -9.061032|   -8.847196|   -0.000003|    0.008228|
|        6029|    0.152000|  1.3951e-01|   -9.061058|   -8.847172|   -0.000003|    0.008228|
|        6030|    0.160000|  1.3951e-01|   -9.061085|   -8.847148|   -0.000003|    0.008228|
|        6031|    0.137000|  1.3951e-01|   -9.061111|   -8.847124|   -0.000003|    0.008228|
|        6032|    0.138000|  1.3951e-01|   -9.061137|   -8.847100|   -0.000003|    0.008228|
|        6033|    0.145000|  1.3951e-01|   -9.061163|   -8.847076|   -0.000003|    0.008228|
|        6034|    0.144000|  1.3951e-01|   -9.061190|   -8.847052|   -0.000003|    0.008228|
|        6035|    0.143000|  1.3951e-01|   -9.061216|   -8.847029|   -0.000003|    0.008228|
|        6036|    0.135000|  1.3951e-01|   -9.061242|   -8.847005|   -0.000003|    0.008228|
|        6037|    0.110000|  1.3951e-01|   -9.061269|   -8.846981|   -0.000003|    0.008228|
|        6038|    0.100000|  1.3950e-01|   -9.061295|   -8.846957|   -0.000003|    0.008228|
|        6039|    0.092000|  1.3949e-01|   -9.061321|   -8.846933|   -0.000003|    0.008228|
|        6040|    0.097000|  1.3948e-01|   -9.061347|   -8.846909|   -0.000003|    0.008228|
|        6041|    0.092000|  1.3948e-01|   -9.061374|   -8.846886|   -0.000003|    0.008228|
|        6042|    0.086000|  1.3947e-01|   -9.061400|   -8.846862|   -0.000003|    0.008227|
|        6043|    0.083000|  1.3946e-01|   -9.061426|   -8.846838|   -0.000003|    0.008227|
|        6044|    0.082000|  1.3945e-01|   -9.061453|   -8.846815|   -0.000003|    0.008227|
|        6045|    0.082000|  1.3944e-01|   -9.061479|   -8.846791|   -0.000003|    0.008227|
|        6046|    0.088000|  1.3943e-01|   -9.061505|   -8.846767|   -0.000003|    0.008227|
|        6047|    0.087000|  1.3942e-01|   -9.061531|   -8.846744|   -0.000003|    0.008227|
|        6048|    0.084000|  1.3941e-01|   -9.061558|   -8.846720|   -0.000003|    0.008227|
|        6049|    0.083000|  1.3940e-01|   -9.061584|   -8.846696|   -0.000003|    0.008227|
|        6050|    0.076000|  1.3939e-01|   -9.061610|   -8.846673|   -0.000003|    0.008227|
|        6051|    0.081000|  1.3938e-01|   -9.061637|   -8.846649|   -0.000003|    0.008227|
|        6052|    0.078000|  1.3937e-01|   -9.061663|   -8.846626|   -0.000003|    0.008227|
|        6053|    0.080000|  1.3936e-01|   -9.061689|   -8.846602|   -0.000003|    0.008227|
|        6054|    0.077000|  1.3935e-01|   -9.061715|   -8.846579|   -0.000003|    0.008227|
|        6055|    0.075000|  1.3934e-01|   -9.061741|   -8.846555|   -0.000003|    0.008227|
|        6056|    0.083000|  1.3933e-01|   -9.061768|   -8.846532|   -0.000003|    0.008227|
|        6057|    0.077000|  1.3932e-01|   -9.061794|   -8.846508|   -0.000003|    0.008227|
|        6058|    0.077000|  1.3931e-01|   -9.061820|   -8.846485|   -0.000003|    0.008227|
|        6059|    0.075000|  1.3930e-01|   -9.061846|   -8.846461|   -0.000003|    0.008227|
|        6060|    0.078000|  1.3929e-01|   -9.061872|   -8.846438|   -0.000003|    0.008227|
|        6061|    0.079000|  1.3928e-01|   -9.061899|   -8.846415|   -0.000003|    0.008227|
|        6062|    0.076000|  1.3927e-01|   -9.061925|   -8.846391|   -0.000003|    0.008227|
|        6063|    0.075000|  1.3926e-01|   -9.061951|   -8.846368|   -0.000003|    0.008227|
|        6064|    0.076000|  1.3925e-01|   -9.061977|   -8.846345|   -0.000003|    0.008227|
|        6065|    0.074000|  1.3924e-01|   -9.062003|   -8.846322|   -0.000003|    0.008227|
|        6066|    0.082000|  1.3923e-01|   -9.062029|   -8.846298|   -0.000003|    0.008227|
|        6067|    0.075000|  1.3922e-01|   -9.062056|   -8.846275|   -0.000003|    0.008227|
|        6068|    0.073000|  1.3921e-01|   -9.062082|   -8.846252|   -0.000003|    0.008227|
|        6069|    0.075000|  1.3920e-01|   -9.062108|   -8.846229|   -0.000003|    0.008227|
|        6070|    0.078000|  1.3919e-01|   -9.062134|   -8.846206|   -0.000003|    0.008227|
|        6071|    0.079000|  1.3918e-01|   -9.062160|   -8.846182|   -0.000003|    0.008227|
|        6072|    0.078000|  1.3917e-01|   -9.062186|   -8.846159|   -0.000003|    0.008227|
|        6073|    0.077000|  1.3916e-01|   -9.062212|   -8.846136|   -0.000003|    0.008227|
|        6074|    0.073000|  1.3915e-01|   -9.062238|   -8.846113|   -0.000003|    0.008227|
|        6075|    0.076000|  1.3914e-01|   -9.062264|   -8.846090|   -0.000003|    0.008227|
|        6076|    0.079000|  1.3913e-01|   -9.062290|   -8.846067|   -0.000003|    0.008227|
|        6077|    0.073000|  1.3912e-01|   -9.062316|   -8.846044|   -0.000003|    0.008227|
|        6078|    0.075000|  1.3911e-01|   -9.062342|   -8.846021|   -0.000003|    0.008227|
|        6079|    0.074000|  1.3909e-01|   -9.062368|   -8.845998|   -0.000003|    0.008227|
|        6080|    0.079000|  1.3908e-01|   -9.062394|   -8.845975|   -0.000003|    0.008227|
|        6081|    0.078000|  1.3907e-01|   -9.062420|   -8.845952|   -0.000003|    0.008227|
|        6082|    0.074000|  1.3906e-01|   -9.062446|   -8.845930|   -0.000003|    0.008227|
|        6083|    0.078000|  1.3905e-01|   -9.062472|   -8.845907|   -0.000003|    0.008227|
|        6084|    0.078000|  1.3904e-01|   -9.062498|   -8.845884|   -0.000003|    0.008226|
|        6085|    0.076000|  1.3903e-01|   -9.062524|   -8.845861|   -0.000003|    0.008226|
|        6086|    0.085000|  1.3902e-01|   -9.062550|   -8.845838|   -0.000003|    0.008226|
|        6087|    0.077000|  1.3901e-01|   -9.062576|   -8.845815|   -0.000003|    0.008226|
|        6088|    0.079000|  1.3900e-01|   -9.062601|   -8.845793|   -0.000003|    0.008226|
|        6089|    0.081000|  1.3900e-01|   -9.062627|   -8.845770|   -0.000003|    0.008226|
|        6090|    0.086000|  1.3899e-01|   -9.062653|   -8.845747|   -0.000003|    0.008226|
|        6091|    0.084000|  1.3898e-01|   -9.062678|   -8.845725|   -0.000003|    0.008226|
|        6092|    0.077000|  1.3897e-01|   -9.062704|   -8.845702|   -0.000003|    0.008226|
|        6093|    0.078000|  1.3896e-01|   -9.062730|   -8.845679|   -0.000003|    0.008226|
|        6094|    0.080000|  1.3895e-01|   -9.062755|   -8.845657|   -0.000003|    0.008226|
|        6095|    0.082000|  1.3894e-01|   -9.062781|   -8.845634|   -0.000003|    0.008226|
|        6096|    0.083000|  1.3893e-01|   -9.062807|   -8.845611|   -0.000003|    0.008226|
|        6097|    0.074000|  1.3892e-01|   -9.062832|   -8.845589|   -0.000003|    0.008226|
|        6098|    0.079000|  1.3891e-01|   -9.062858|   -8.845566|   -0.000003|    0.008226|
|        6099|    0.085000|  1.3890e-01|   -9.062883|   -8.845544|   -0.000003|    0.008226|
|        6100|    0.082000|  1.3889e-01|   -9.062909|   -8.845521|   -0.000003|    0.008226|
|        6101|    0.076000|  1.3888e-01|   -9.062934|   -8.845499|   -0.000003|    0.008226|
|        6102|    0.074000|  1.3887e-01|   -9.062960|   -8.845476|   -0.000003|    0.008226|
|        6103|    0.075000|  1.3886e-01|   -9.062985|   -8.845454|   -0.000003|    0.008226|
|        6104|    0.075000|  1.3885e-01|   -9.063010|   -8.845431|   -0.000003|    0.008226|
|        6105|    0.078000|  1.3884e-01|   -9.063036|   -8.845409|   -0.000003|    0.008226|
|        6106|    0.078000|  1.3883e-01|   -9.063061|   -8.845387|   -0.000003|    0.008226|
|        6107|    0.075000|  1.3882e-01|   -9.063087|   -8.845364|   -0.000003|    0.008226|
|        6108|    0.075000|  1.3881e-01|   -9.063112|   -8.845342|   -0.000003|    0.008226|
|        6109|    0.076000|  1.3880e-01|   -9.063137|   -8.845320|   -0.000003|    0.008226|
|        6110|    0.079000|  1.3879e-01|   -9.063163|   -8.845297|   -0.000003|    0.008226|
|        6111|    0.086000|  1.3878e-01|   -9.063188|   -8.845275|   -0.000003|    0.008226|
|        6112|    0.076000|  1.3877e-01|   -9.063213|   -8.845253|   -0.000003|    0.008226|
|        6113|    0.073000|  1.3876e-01|   -9.063239|   -8.845230|   -0.000003|    0.008226|
|        6114|    0.075000|  1.3875e-01|   -9.063264|   -8.845208|   -0.000003|    0.008226|
|        6115|    0.076000|  1.3874e-01|   -9.063289|   -8.845186|   -0.000003|    0.008226|
|        6116|    0.077000|  1.3873e-01|   -9.063315|   -8.845164|   -0.000003|    0.008226|
|        6117|    0.072000|  1.3872e-01|   -9.063340|   -8.845142|   -0.000003|    0.008226|
|        6118|    0.072000|  1.3871e-01|   -9.063365|   -8.845120|   -0.000003|    0.008226|
|        6119|    0.075000|  1.3870e-01|   -9.063391|   -8.845097|   -0.000003|    0.008226|
|        6120|    0.076000|  1.3868e-01|   -9.063416|   -8.845075|   -0.000003|    0.008226|
|        6121|    0.083000|  1.3868e-01|   -9.063441|   -8.845053|   -0.000003|    0.008226|
|        6122|    0.077000|  1.3867e-01|   -9.063467|   -8.845031|   -0.000003|    0.008226|
|        6123|    0.075000|  1.3866e-01|   -9.063492|   -8.845009|   -0.000003|    0.008226|
|        6124|    0.074000|  1.3864e-01|   -9.063517|   -8.844987|   -0.000003|    0.008226|
|        6125|    0.076000|  1.3863e-01|   -9.063543|   -8.844966|   -0.000003|    0.008226|
|        6126|    0.079000|  1.3862e-01|   -9.063568|   -8.844944|   -0.000003|    0.008225|
|        6127|    0.076000|  1.3861e-01|   -9.063593|   -8.844922|   -0.000003|    0.008225|
|        6128|    0.073000|  1.3860e-01|   -9.063619|   -8.844900|   -0.000003|    0.008225|
|        6129|    0.073000|  1.3859e-01|   -9.063644|   -8.844878|   -0.000003|    0.008225|
|        6130|    0.079000|  1.3858e-01|   -9.063669|   -8.844856|   -0.000003|    0.008225|
|        6131|    0.078000|  1.3857e-01|   -9.063695|   -8.844834|   -0.000003|    0.008225|
|        6132|    0.075000|  1.3856e-01|   -9.063720|   -8.844812|   -0.000003|    0.008225|
|        6133|    0.073000|  1.3855e-01|   -9.063746|   -8.844790|   -0.000003|    0.008225|
|        6134|    0.081000|  1.3854e-01|   -9.063771|   -8.844768|   -0.000003|    0.008225|
|        6135|    0.082000|  1.3853e-01|   -9.063796|   -8.844747|   -0.000003|    0.008225|
|        6136|    0.079000|  1.3852e-01|   -9.063822|   -8.844725|   -0.000003|    0.008225|
|        6137|    0.083000|  1.3852e-01|   -9.063847|   -8.844703|   -0.000003|    0.008225|
|        6138|    0.082000|  1.3851e-01|   -9.063873|   -8.844681|   -0.000003|    0.008225|
|        6139|    0.084000|  1.3850e-01|   -9.063898|   -8.844659|   -0.000003|    0.008225|
|        6140|    0.093000|  1.3849e-01|   -9.063924|   -8.844638|   -0.000003|    0.008225|
|        6141|    0.117000|  1.3849e-01|   -9.063949|   -8.844616|   -0.000003|    0.008225|
|        6142|    0.140000|  1.3849e-01|   -9.063974|   -8.844594|   -0.000003|    0.008225|
|        6143|    0.134000|  1.3849e-01|   -9.064000|   -8.844573|   -0.000003|    0.008225|
|        6144|    0.155000|  1.3849e-01|   -9.064025|   -8.844551|   -0.000003|    0.008225|
|        6145|    0.156000|  1.3849e-01|   -9.064051|   -8.844529|   -0.000003|    0.008225|
|        6146|    0.150000|  1.3849e-01|   -9.064076|   -8.844508|   -0.000003|    0.008225|
|        6147|    0.147000|  1.3849e-01|   -9.064102|   -8.844486|   -0.000003|    0.008225|
|        6148|    0.141000|  1.3849e-01|   -9.064127|   -8.844465|   -0.000003|    0.008225|
|        6149|    0.133000|  1.3849e-01|   -9.064153|   -8.844443|   -0.000003|    0.008225|
|        6150|    0.140000|  1.3849e-01|   -9.064178|   -8.844422|   -0.000003|    0.008225|
|        6151|    0.143000|  1.3849e-01|   -9.064204|   -8.844400|   -0.000003|    0.008225|
|        6152|    0.140000|  1.3850e-01|   -9.064229|   -8.844379|   -0.000003|    0.008225|
|        6153|    0.138000|  1.3850e-01|   -9.064255|   -8.844357|   -0.000003|    0.008225|
|        6154|    0.133000|  1.3849e-01|   -9.064280|   -8.844336|   -0.000003|    0.008225|
|        6155|    0.149000|  1.3850e-01|   -9.064306|   -8.844314|   -0.000003|    0.008225|
|        6156|    0.143000|  1.3850e-01|   -9.064331|   -8.844293|   -0.000003|    0.008225|
|        6157|    0.140000|  1.3850e-01|   -9.064357|   -8.844272|   -0.000003|    0.008225|
|        6158|    0.140000|  1.3850e-01|   -9.064382|   -8.844250|   -0.000003|    0.008225|
|        6159|    0.157000|  1.3850e-01|   -9.064408|   -8.844229|   -0.000003|    0.008225|
|        6160|    0.138000|  1.3850e-01|   -9.064434|   -8.844208|   -0.000003|    0.008225|
|        6161|    0.144000|  1.3850e-01|   -9.064459|   -8.844186|   -0.000003|    0.008225|
|        6162|    0.150000|  1.3850e-01|   -9.064485|   -8.844165|   -0.000003|    0.008225|
|        6163|    0.151000|  1.3850e-01|   -9.064510|   -8.844144|   -0.000003|    0.008225|
|        6164|    0.142000|  1.3851e-01|   -9.064536|   -8.844123|   -0.000003|    0.008225|
|        6165|    0.153000|  1.3851e-01|   -9.064562|   -8.844102|   -0.000003|    0.008225|
|        6166|    0.134000|  1.3851e-01|   -9.064588|   -8.844080|   -0.000003|    0.008225|
|        6167|    0.144000|  1.3851e-01|   -9.064613|   -8.844059|   -0.000003|    0.008225|
|        6168|    0.140000|  1.3851e-01|   -9.064639|   -8.844038|   -0.000003|    0.008224|
|        6169|    0.138000|  1.3851e-01|   -9.064665|   -8.844017|   -0.000003|    0.008224|
|        6170|    0.148000|  1.3851e-01|   -9.064691|   -8.843996|   -0.000003|    0.008224|
|        6171|    0.150000|  1.3851e-01|   -9.064716|   -8.843975|   -0.000003|    0.008224|
|        6172|    0.150000|  1.3851e-01|   -9.064742|   -8.843954|   -0.000003|    0.008224|
|        6173|    0.134000|  1.3851e-01|   -9.064768|   -8.843933|   -0.000003|    0.008224|
|        6174|    0.132000|  1.3851e-01|   -9.064794|   -8.843912|   -0.000003|    0.008224|
|        6175|    0.130000|  1.3851e-01|   -9.064820|   -8.843891|   -0.000003|    0.008224|
|        6176|    0.133000|  1.3851e-01|   -9.064846|   -8.843870|   -0.000003|    0.008224|
|        6177|    0.164000|  1.3851e-01|   -9.064872|   -8.843850|   -0.000003|    0.008224|
|        6178|    0.136000|  1.3851e-01|   -9.064898|   -8.843829|   -0.000003|    0.008224|
|        6179|    0.149000|  1.3851e-01|   -9.064924|   -8.843808|   -0.000003|    0.008224|
|        6180|    0.178000|  1.3852e-01|   -9.064950|   -8.843787|   -0.000003|    0.008224|
|        6181|    0.166000|  1.3853e-01|   -9.064976|   -8.843767|   -0.000003|    0.008224|
|        6182|    0.158000|  1.3853e-01|   -9.065002|   -8.843746|   -0.000003|    0.008224|
|        6183|    0.156000|  1.3853e-01|   -9.065028|   -8.843725|   -0.000003|    0.008224|
|        6184|    0.153000|  1.3853e-01|   -9.065054|   -8.843704|   -0.000003|    0.008224|
|        6185|    0.146000|  1.3854e-01|   -9.065080|   -8.843684|   -0.000003|    0.008224|
|        6186|    0.151000|  1.3854e-01|   -9.065106|   -8.843663|   -0.000003|    0.008224|
|        6187|    0.153000|  1.3854e-01|   -9.065132|   -8.843643|   -0.000003|    0.008224|
|        6188|    0.150000|  1.3854e-01|   -9.065158|   -8.843622|   -0.000003|    0.008224|
|        6189|    0.143000|  1.3854e-01|   -9.065184|   -8.843601|   -0.000003|    0.008224|
|        6190|    0.144000|  1.3854e-01|   -9.065211|   -8.843581|   -0.000003|    0.008224|
|        6191|    0.140000|  1.3854e-01|   -9.065237|   -8.843560|   -0.000003|    0.008224|
|        6192|    0.139000|  1.3854e-01|   -9.065263|   -8.843540|   -0.000003|    0.008224|
|        6193|    0.134000|  1.3854e-01|   -9.065289|   -8.843519|   -0.000003|    0.008224|
|        6194|    0.134000|  1.3854e-01|   -9.065315|   -8.843499|   -0.000003|    0.008224|
|        6195|    0.134000|  1.3854e-01|   -9.065341|   -8.843479|   -0.000003|    0.008224|
|        6196|    0.147000|  1.3854e-01|   -9.065368|   -8.843458|   -0.000003|    0.008224|
|        6197|    0.141000|  1.3854e-01|   -9.065394|   -8.843438|   -0.000003|    0.008224|
|        6198|    0.145000|  1.3854e-01|   -9.065420|   -8.843417|   -0.000003|    0.008224|
|        6199|    0.136000|  1.3854e-01|   -9.065446|   -8.843397|   -0.000003|    0.008224|
|        6200|    0.138000|  1.3854e-01|   -9.065473|   -8.843377|   -0.000003|    0.008224|
|        6201|    0.138000|  1.3854e-01|   -9.065499|   -8.843357|   -0.000003|    0.008224|
|        6202|    0.135000|  1.3854e-01|   -9.065525|   -8.843336|   -0.000003|    0.008224|
|        6203|    0.145000|  1.3854e-01|   -9.065551|   -8.843316|   -0.000003|    0.008224|
|        6204|    0.134000|  1.3854e-01|   -9.065578|   -8.843296|   -0.000003|    0.008224|
|        6205|    0.132000|  1.3854e-01|   -9.065604|   -8.843276|   -0.000003|    0.008224|
|        6206|    0.134000|  1.3854e-01|   -9.065630|   -8.843256|   -0.000003|    0.008224|
|        6207|    0.136000|  1.3854e-01|   -9.065656|   -8.843235|   -0.000003|    0.008224|
|        6208|    0.132000|  1.3854e-01|   -9.065683|   -8.843215|   -0.000003|    0.008224|
|        6209|    0.138000|  1.3854e-01|   -9.065709|   -8.843195|   -0.000003|    0.008224|
|        6210|    0.135000|  1.3854e-01|   -9.065735|   -8.843175|   -0.000003|    0.008224|
|        6211|    0.137000|  1.3854e-01|   -9.065761|   -8.843155|   -0.000003|    0.008223|
|        6212|    0.137000|  1.3854e-01|   -9.065788|   -8.843135|   -0.000003|    0.008223|
|        6213|    0.136000|  1.3854e-01|   -9.065814|   -8.843115|   -0.000003|    0.008223|
|        6214|    0.146000|  1.3854e-01|   -9.065840|   -8.843095|   -0.000003|    0.008223|
|        6215|    0.134000|  1.3854e-01|   -9.065866|   -8.843075|   -0.000003|    0.008223|
|        6216|    0.140000|  1.3854e-01|   -9.065893|   -8.843055|   -0.000003|    0.008223|
|        6217|    0.133000|  1.3854e-01|   -9.065919|   -8.843035|   -0.000003|    0.008223|
|        6218|    0.140000|  1.3854e-01|   -9.065945|   -8.843016|   -0.000003|    0.008223|
|        6219|    0.145000|  1.3854e-01|   -9.065971|   -8.842996|   -0.000003|    0.008223|
|        6220|    0.138000|  1.3854e-01|   -9.065997|   -8.842976|   -0.000003|    0.008223|
|        6221|    0.137000|  1.3854e-01|   -9.066024|   -8.842956|   -0.000003|    0.008223|
|        6222|    0.136000|  1.3854e-01|   -9.066050|   -8.842936|   -0.000003|    0.008223|
|        6223|    0.143000|  1.3854e-01|   -9.066076|   -8.842917|   -0.000003|    0.008223|
|        6224|    0.142000|  1.3854e-01|   -9.066102|   -8.842897|   -0.000003|    0.008223|
|        6225|    0.135000|  1.3854e-01|   -9.066129|   -8.842877|   -0.000003|    0.008223|
|        6226|    0.140000|  1.3854e-01|   -9.066155|   -8.842857|   -0.000003|    0.008223|
|        6227|    0.131000|  1.3854e-01|   -9.066181|   -8.842838|   -0.000003|    0.008223|
|        6228|    0.138000|  1.3854e-01|   -9.066208|   -8.842818|   -0.000003|    0.008223|
|        6229|    0.140000|  1.3854e-01|   -9.066234|   -8.842798|   -0.000003|    0.008223|
|        6230|    0.141000|  1.3854e-01|   -9.066260|   -8.842779|   -0.000003|    0.008223|
|        6231|    0.134000|  1.3854e-01|   -9.066287|   -8.842759|   -0.000003|    0.008223|
|        6232|    0.143000|  1.3854e-01|   -9.066313|   -8.842739|   -0.000003|    0.008223|
|        6233|    0.142000|  1.3854e-01|   -9.066339|   -8.842720|   -0.000003|    0.008223|
|        6234|    0.143000|  1.3854e-01|   -9.066366|   -8.842700|   -0.000003|    0.008223|
|        6235|    0.148000|  1.3854e-01|   -9.066392|   -8.842681|   -0.000003|    0.008223|
|        6236|    0.140000|  1.3854e-01|   -9.066418|   -8.842661|   -0.000003|    0.008223|
|        6237|    0.144000|  1.3854e-01|   -9.066445|   -8.842642|   -0.000003|    0.008223|
|        6238|    0.137000|  1.3854e-01|   -9.066471|   -8.842622|   -0.000003|    0.008223|
|        6239|    0.138000|  1.3854e-01|   -9.066498|   -8.842603|   -0.000003|    0.008223|
|        6240|    0.157000|  1.3855e-01|   -9.066524|   -8.842583|   -0.000003|    0.008223|
|        6241|    0.157000|  1.3855e-01|   -9.066551|   -8.842564|   -0.000003|    0.008223|
|        6242|    0.133000|  1.3855e-01|   -9.066577|   -8.842545|   -0.000003|    0.008223|
|        6243|    0.143000|  1.3855e-01|   -9.066604|   -8.842525|   -0.000003|    0.008223|
|        6244|    0.137000|  1.3855e-01|   -9.066630|   -8.842506|   -0.000003|    0.008223|
|        6245|    0.133000|  1.3855e-01|   -9.066657|   -8.842487|   -0.000003|    0.008223|
|        6246|    0.139000|  1.3855e-01|   -9.066683|   -8.842468|   -0.000003|    0.008223|
|        6247|    0.138000|  1.3855e-01|   -9.066710|   -8.842449|   -0.000003|    0.008223|
|        6248|    0.128000|  1.3855e-01|   -9.066737|   -8.842429|   -0.000003|    0.008223|
|        6249|    0.149000|  1.3855e-01|   -9.066763|   -8.842410|   -0.000003|    0.008223|
|        6250|    0.172000|  1.3855e-01|   -9.066790|   -8.842391|   -0.000003|    0.008223|
+-----------------------------------------------------------------------+
|        File Writing Summary       |              Filename             |
+-----------------------------------------------------------------------+
|SU2 binary restart                 |restart_flow_alpha0_449x129.dat    |
|Paraview                           |flow_alpha0_449x129.vtu            |
|Paraview surface                   |surface_flow_alpha0_449x129.vtu    |
+-----------------------------------------------------------------------+
+------------------------------------------------------------------------------------------+
|  Inner_Iter|   Time(sec)|   Time(sec)|      rms[P]|     rms[nu]|          CL|          CD|
+------------------------------------------------------------------------------------------+
|        6251|    0.223000|  1.3857e-01|   -9.066817|   -8.842372|   -0.000003|    0.008223|
|        6252|    0.150000|  1.3857e-01|   -9.066843|   -8.842353|   -0.000003|    0.008223|
|        6253|    0.134000|  1.3857e-01|   -9.066870|   -8.842334|   -0.000003|    0.008223|
|        6254|    0.125000|  1.3856e-01|   -9.066897|   -8.842315|   -0.000003|    0.008222|
|        6255|    0.134000|  1.3856e-01|   -9.066924|   -8.842296|   -0.000003|    0.008222|
|        6256|    0.131000|  1.3856e-01|   -9.066950|   -8.842277|   -0.000003|    0.008222|
|        6257|    0.139000|  1.3856e-01|   -9.066977|   -8.842258|   -0.000003|    0.008222|
|        6258|    0.147000|  1.3856e-01|   -9.067004|   -8.842239|   -0.000003|    0.008222|
|        6259|    0.169000|  1.3857e-01|   -9.067031|   -8.842220|   -0.000003|    0.008222|
|        6260|    0.160000|  1.3857e-01|   -9.067058|   -8.842201|   -0.000003|    0.008222|
|        6261|    0.162000|  1.3858e-01|   -9.067084|   -8.842183|   -0.000003|    0.008222|
|        6262|    0.130000|  1.3857e-01|   -9.067111|   -8.842164|   -0.000003|    0.008222|
|        6263|    0.135000|  1.3857e-01|   -9.067138|   -8.842145|   -0.000003|    0.008222|
|        6264|    0.152000|  1.3858e-01|   -9.067165|   -8.842126|   -0.000003|    0.008222|
|        6265|    0.153000|  1.3858e-01|   -9.067192|   -8.842107|   -0.000003|    0.008222|
|        6266|    0.145000|  1.3858e-01|   -9.067219|   -8.842089|   -0.000003|    0.008222|
|        6267|    0.139000|  1.3858e-01|   -9.067246|   -8.842070|   -0.000003|    0.008222|
|        6268|    0.136000|  1.3858e-01|   -9.067273|   -8.842051|   -0.000003|    0.008222|
|        6269|    0.135000|  1.3858e-01|   -9.067299|   -8.842033|   -0.000003|    0.008222|
|        6270|    0.142000|  1.3858e-01|   -9.067326|   -8.842014|   -0.000003|    0.008222|
|        6271|    0.144000|  1.3858e-01|   -9.067353|   -8.841996|   -0.000003|    0.008222|
|        6272|    0.150000|  1.3858e-01|   -9.067380|   -8.841977|   -0.000003|    0.008222|
|        6273|    0.134000|  1.3858e-01|   -9.067407|   -8.841958|   -0.000003|    0.008222|
|        6274|    0.148000|  1.3858e-01|   -9.067434|   -8.841940|   -0.000003|    0.008222|
|        6275|    0.143000|  1.3858e-01|   -9.067461|   -8.841921|   -0.000003|    0.008222|
|        6276|    0.144000|  1.3858e-01|   -9.067488|   -8.841903|   -0.000003|    0.008222|
|        6277|    0.136000|  1.3858e-01|   -9.067515|   -8.841885|   -0.000003|    0.008222|
|        6278|    0.144000|  1.3858e-01|   -9.067542|   -8.841866|   -0.000003|    0.008222|
|        6279|    0.141000|  1.3859e-01|   -9.067569|   -8.841848|   -0.000003|    0.008222|
|        6280|    0.146000|  1.3859e-01|   -9.067596|   -8.841829|   -0.000003|    0.008222|
|        6281|    0.142000|  1.3859e-01|   -9.067623|   -8.841811|   -0.000003|    0.008222|
|        6282|    0.136000|  1.3859e-01|   -9.067650|   -8.841793|   -0.000003|    0.008222|
|        6283|    0.137000|  1.3859e-01|   -9.067677|   -8.841774|   -0.000003|    0.008222|
|        6284|    0.147000|  1.3859e-01|   -9.067703|   -8.841756|   -0.000003|    0.008222|
|        6285|    0.144000|  1.3859e-01|   -9.067730|   -8.841738|   -0.000003|    0.008222|
|        6286|    0.150000|  1.3859e-01|   -9.067757|   -8.841720|   -0.000003|    0.008222|
|        6287|    0.144000|  1.3859e-01|   -9.067784|   -8.841702|   -0.000003|    0.008222|
|        6288|    0.144000|  1.3859e-01|   -9.067811|   -8.841683|   -0.000003|    0.008222|
|        6289|    0.148000|  1.3859e-01|   -9.067838|   -8.841665|   -0.000003|    0.008222|
|        6290|    0.137000|  1.3859e-01|   -9.067865|   -8.841647|   -0.000003|    0.008222|
|        6291|    0.142000|  1.3859e-01|   -9.067891|   -8.841629|   -0.000003|    0.008222|
|        6292|    0.138000|  1.3859e-01|   -9.067918|   -8.841611|   -0.000003|    0.008222|
|        6293|    0.147000|  1.3860e-01|   -9.067945|   -8.841593|   -0.000003|    0.008222|
|        6294|    0.142000|  1.3860e-01|   -9.067972|   -8.841575|   -0.000003|    0.008222|
|        6295|    0.142000|  1.3860e-01|   -9.067999|   -8.841557|   -0.000003|    0.008222|
|        6296|    0.136000|  1.3860e-01|   -9.068025|   -8.841539|   -0.000003|    0.008222|
|        6297|    0.136000|  1.3860e-01|   -9.068052|   -8.841521|   -0.000003|    0.008221|
|        6298|    0.143000|  1.3860e-01|   -9.068079|   -8.841503|   -0.000003|    0.008221|
|        6299|    0.140000|  1.3860e-01|   -9.068105|   -8.841486|   -0.000003|    0.008221|
|        6300|    0.144000|  1.3860e-01|   -9.068132|   -8.841468|   -0.000003|    0.008221|
|        6301|    0.137000|  1.3860e-01|   -9.068159|   -8.841450|   -0.000003|    0.008221|
|        6302|    0.139000|  1.3860e-01|   -9.068185|   -8.841432|   -0.000003|    0.008221|
|        6303|    0.144000|  1.3860e-01|   -9.068212|   -8.841414|   -0.000003|    0.008221|
|        6304|    0.133000|  1.3860e-01|   -9.068239|   -8.841397|   -0.000003|    0.008221|
|        6305|    0.147000|  1.3860e-01|   -9.068265|   -8.841379|   -0.000003|    0.008221|
|        6306|    0.145000|  1.3860e-01|   -9.068292|   -8.841361|   -0.000003|    0.008221|
|        6307|    0.149000|  1.3860e-01|   -9.068318|   -8.841344|   -0.000003|    0.008221|
|        6308|    0.157000|  1.3860e-01|   -9.068345|   -8.841326|   -0.000003|    0.008221|
|        6309|    0.145000|  1.3860e-01|   -9.068371|   -8.841308|   -0.000003|    0.008221|
|        6310|    0.139000|  1.3860e-01|   -9.068398|   -8.841291|   -0.000003|    0.008221|
|        6311|    0.130000|  1.3860e-01|   -9.068424|   -8.841273|   -0.000003|    0.008221|
|        6312|    0.139000|  1.3860e-01|   -9.068451|   -8.841256|   -0.000003|    0.008221|
|        6313|    0.136000|  1.3860e-01|   -9.068477|   -8.841238|   -0.000003|    0.008221|
|        6314|    0.139000|  1.3860e-01|   -9.068504|   -8.841221|   -0.000003|    0.008221|
|        6315|    0.160000|  1.3861e-01|   -9.068530|   -8.841204|   -0.000003|    0.008221|
|        6316|    0.138000|  1.3861e-01|   -9.068557|   -8.841186|   -0.000003|    0.008221|
|        6317|    0.137000|  1.3861e-01|   -9.068583|   -8.841169|   -0.000003|    0.008221|
|        6318|    0.136000|  1.3861e-01|   -9.068609|   -8.841152|   -0.000003|    0.008221|
|        6319|    0.138000|  1.3861e-01|   -9.068636|   -8.841134|   -0.000003|    0.008221|
|        6320|    0.138000|  1.3861e-01|   -9.068662|   -8.841117|   -0.000003|    0.008221|
|        6321|    0.151000|  1.3861e-01|   -9.068688|   -8.841100|   -0.000003|    0.008221|
|        6322|    0.159000|  1.3861e-01|   -9.068715|   -8.841082|   -0.000003|    0.008221|
|        6323|    0.143000|  1.3861e-01|   -9.068741|   -8.841065|   -0.000003|    0.008221|
|        6324|    0.134000|  1.3861e-01|   -9.068767|   -8.841047|   -0.000003|    0.008221|
|        6325|    0.141000|  1.3861e-01|   -9.068794|   -8.841030|   -0.000003|    0.008221|
|        6326|    0.123000|  1.3861e-01|   -9.068820|   -8.841013|   -0.000003|    0.008221|
|        6327|    0.145000|  1.3861e-01|   -9.068846|   -8.840996|   -0.000003|    0.008221|
|        6328|    0.135000|  1.3861e-01|   -9.068872|   -8.840978|   -0.000003|    0.008221|
|        6329|    0.160000|  1.3861e-01|   -9.068899|   -8.840961|   -0.000003|    0.008221|
|        6330|    0.139000|  1.3861e-01|   -9.068925|   -8.840943|   -0.000003|    0.008221|
|        6331|    0.141000|  1.3861e-01|   -9.068951|   -8.840926|   -0.000003|    0.008221|
|        6332|    0.134000|  1.3861e-01|   -9.068977|   -8.840908|   -0.000003|    0.008221|
|        6333|    0.140000|  1.3861e-01|   -9.069003|   -8.840891|   -0.000003|    0.008221|
|        6334|    0.148000|  1.3861e-01|   -9.069029|   -8.840874|   -0.000003|    0.008221|
|        6335|    0.149000|  1.3862e-01|   -9.069056|   -8.840856|   -0.000003|    0.008221|
|        6336|    0.155000|  1.3862e-01|   -9.069082|   -8.840839|   -0.000003|    0.008221|
|        6337|    0.153000|  1.3862e-01|   -9.069108|   -8.840821|   -0.000003|    0.008221|
|        6338|    0.146000|  1.3862e-01|   -9.069134|   -8.840804|   -0.000003|    0.008221|
|        6339|    0.156000|  1.3862e-01|   -9.069160|   -8.840787|   -0.000003|    0.008221|
|        6340|    0.154000|  1.3863e-01|   -9.069186|   -8.840769|   -0.000003|    0.008221|
|        6341|    0.149000|  1.3863e-01|   -9.069212|   -8.840751|   -0.000003|    0.008220|
|        6342|    0.155000|  1.3863e-01|   -9.069238|   -8.840734|   -0.000003|    0.008220|
|        6343|    0.140000|  1.3863e-01|   -9.069264|   -8.840716|   -0.000003|    0.008220|
|        6344|    0.161000|  1.3863e-01|   -9.069290|   -8.840699|   -0.000003|    0.008220|
|        6345|    0.142000|  1.3864e-01|   -9.069316|   -8.840682|   -0.000003|    0.008220|
|        6346|    0.143000|  1.3864e-01|   -9.069342|   -8.840664|   -0.000003|    0.008220|
|        6347|    0.142000|  1.3864e-01|   -9.069368|   -8.840647|   -0.000003|    0.008220|
|        6348|    0.144000|  1.3864e-01|   -9.069394|   -8.840629|   -0.000003|    0.008220|
|        6349|    0.143000|  1.3864e-01|   -9.069420|   -8.840612|   -0.000003|    0.008220|
|        6350|    0.140000|  1.3864e-01|   -9.069446|   -8.840595|   -0.000003|    0.008220|
|        6351|    0.126000|  1.3864e-01|   -9.069472|   -8.840577|   -0.000003|    0.008220|
|        6352|    0.137000|  1.3864e-01|   -9.069498|   -8.840560|   -0.000003|    0.008220|
|        6353|    0.143000|  1.3864e-01|   -9.069524|   -8.840543|   -0.000003|    0.008220|
|        6354|    0.141000|  1.3864e-01|   -9.069550|   -8.840526|   -0.000003|    0.008220|
|        6355|    0.144000|  1.3864e-01|   -9.069576|   -8.840508|   -0.000003|    0.008220|
|        6356|    0.143000|  1.3864e-01|   -9.069602|   -8.840491|   -0.000003|    0.008220|
|        6357|    0.140000|  1.3864e-01|   -9.069628|   -8.840474|   -0.000003|    0.008220|
|        6358|    0.136000|  1.3864e-01|   -9.069653|   -8.840457|   -0.000003|    0.008220|
|        6359|    0.150000|  1.3864e-01|   -9.069679|   -8.840440|   -0.000003|    0.008220|
|        6360|    0.141000|  1.3864e-01|   -9.069705|   -8.840423|   -0.000003|    0.008220|
|        6361|    0.180000|  1.3865e-01|   -9.069731|   -8.840406|   -0.000003|    0.008220|
|        6362|    0.159000|  1.3865e-01|   -9.069757|   -8.840389|   -0.000003|    0.008220|
|        6363|    0.148000|  1.3865e-01|   -9.069783|   -8.840372|   -0.000003|    0.008220|
|        6364|    0.150000|  1.3865e-01|   -9.069808|   -8.840355|   -0.000003|    0.008220|
|        6365|    0.131000|  1.3865e-01|   -9.069834|   -8.840338|   -0.000003|    0.008220|
|        6366|    0.142000|  1.3865e-01|   -9.069860|   -8.840321|   -0.000003|    0.008220|
|        6367|    0.135000|  1.3865e-01|   -9.069886|   -8.840304|   -0.000003|    0.008220|
|        6368|    0.139000|  1.3865e-01|   -9.069911|   -8.840287|   -0.000003|    0.008220|
|        6369|    0.134000|  1.3865e-01|   -9.069937|   -8.840271|   -0.000003|    0.008220|
|        6370|    0.141000|  1.3865e-01|   -9.069963|   -8.840254|   -0.000003|    0.008220|
|        6371|    0.136000|  1.3865e-01|   -9.069989|   -8.840237|   -0.000003|    0.008220|
|        6372|    0.138000|  1.3865e-01|   -9.070014|   -8.840220|   -0.000003|    0.008220|
|        6373|    0.141000|  1.3865e-01|   -9.070040|   -8.840204|   -0.000003|    0.008220|
|        6374|    0.164000|  1.3866e-01|   -9.070066|   -8.840187|   -0.000003|    0.008220|
|        6375|    0.135000|  1.3866e-01|   -9.070092|   -8.840170|   -0.000003|    0.008220|
|        6376|    0.143000|  1.3866e-01|   -9.070117|   -8.840154|   -0.000003|    0.008220|
|        6377|    0.130000|  1.3865e-01|   -9.070143|   -8.840137|   -0.000003|    0.008220|
|        6378|    0.137000|  1.3865e-01|   -9.070169|   -8.840121|   -0.000003|    0.008220|
|        6379|    0.134000|  1.3865e-01|   -9.070194|   -8.840104|   -0.000003|    0.008220|
|        6380|    0.134000|  1.3865e-01|   -9.070220|   -8.840088|   -0.000003|    0.008220|
|        6381|    0.131000|  1.3865e-01|   -9.070246|   -8.840071|   -0.000003|    0.008220|
|        6382|    0.133000|  1.3865e-01|   -9.070272|   -8.840055|   -0.000003|    0.008220|
|        6383|    0.142000|  1.3865e-01|   -9.070297|   -8.840038|   -0.000003|    0.008220|
|        6384|    0.130000|  1.3865e-01|   -9.070323|   -8.840022|   -0.000003|    0.008220|
|        6385|    0.132000|  1.3865e-01|   -9.070349|   -8.840006|   -0.000003|    0.008219|
|        6386|    0.133000|  1.3865e-01|   -9.070374|   -8.839989|   -0.000003|    0.008219|
|        6387|    0.142000|  1.3865e-01|   -9.070400|   -8.839973|   -0.000003|    0.008219|
|        6388|    0.134000|  1.3865e-01|   -9.070426|   -8.839957|   -0.000003|    0.008219|
|        6389|    0.134000|  1.3865e-01|   -9.070451|   -8.839941|   -0.000003|    0.008219|
|        6390|    0.142000|  1.3865e-01|   -9.070477|   -8.839924|   -0.000003|    0.008219|
|        6391|    0.137000|  1.3865e-01|   -9.070503|   -8.839908|   -0.000003|    0.008219|
|        6392|    0.140000|  1.3865e-01|   -9.070528|   -8.839892|   -0.000003|    0.008219|
|        6393|    0.163000|  1.3865e-01|   -9.070554|   -8.839876|   -0.000003|    0.008219|
|        6394|    0.133000|  1.3865e-01|   -9.070579|   -8.839860|   -0.000003|    0.008219|
|        6395|    0.143000|  1.3865e-01|   -9.070605|   -8.839844|   -0.000003|    0.008219|
|        6396|    0.139000|  1.3865e-01|   -9.070630|   -8.839828|   -0.000003|    0.008219|
|        6397|    0.138000|  1.3865e-01|   -9.070656|   -8.839812|   -0.000003|    0.008219|
|        6398|    0.138000|  1.3865e-01|   -9.070681|   -8.839796|   -0.000003|    0.008219|
|        6399|    0.147000|  1.3865e-01|   -9.070707|   -8.839780|   -0.000003|    0.008219|
|        6400|    0.135000|  1.3865e-01|   -9.070732|   -8.839764|   -0.000003|    0.008219|
|        6401|    0.134000|  1.3865e-01|   -9.070758|   -8.839748|   -0.000003|    0.008219|
|        6402|    0.136000|  1.3865e-01|   -9.070783|   -8.839732|   -0.000003|    0.008219|
|        6403|    0.154000|  1.3865e-01|   -9.070809|   -8.839716|   -0.000003|    0.008219|
|        6404|    0.134000|  1.3865e-01|   -9.070834|   -8.839700|   -0.000003|    0.008219|
|        6405|    0.138000|  1.3865e-01|   -9.070859|   -8.839684|   -0.000003|    0.008219|
|        6406|    0.136000|  1.3865e-01|   -9.070884|   -8.839668|   -0.000003|    0.008219|
|        6407|    0.144000|  1.3865e-01|   -9.070910|   -8.839652|   -0.000003|    0.008219|
|        6408|    0.141000|  1.3865e-01|   -9.070935|   -8.839636|   -0.000003|    0.008219|
|        6409|    0.139000|  1.3865e-01|   -9.070960|   -8.839621|   -0.000003|    0.008219|
|        6410|    0.144000|  1.3865e-01|   -9.070985|   -8.839605|   -0.000003|    0.008219|
|        6411|    0.148000|  1.3866e-01|   -9.071010|   -8.839589|   -0.000003|    0.008219|
|        6412|    0.142000|  1.3866e-01|   -9.071035|   -8.839573|   -0.000003|    0.008219|
|        6413|    0.142000|  1.3866e-01|   -9.071060|   -8.839558|   -0.000003|    0.008219|
|        6414|    0.134000|  1.3866e-01|   -9.071085|   -8.839542|   -0.000003|    0.008219|
|        6415|    0.161000|  1.3866e-01|   -9.071110|   -8.839526|   -0.000003|    0.008219|
|        6416|    0.156000|  1.3866e-01|   -9.071135|   -8.839510|   -0.000003|    0.008219|
|        6417|    0.151000|  1.3866e-01|   -9.071160|   -8.839495|   -0.000003|    0.008219|
|        6418|    0.153000|  1.3867e-01|   -9.071185|   -8.839479|   -0.000003|    0.008219|
|        6419|    0.145000|  1.3867e-01|   -9.071210|   -8.839464|   -0.000003|    0.008219|
|        6420|    0.134000|  1.3867e-01|   -9.071235|   -8.839448|   -0.000003|    0.008219|
|        6421|    0.133000|  1.3867e-01|   -9.071261|   -8.839432|   -0.000003|    0.008219|
|        6422|    0.134000|  1.3866e-01|   -9.071286|   -8.839417|   -0.000003|    0.008219|
|        6423|    0.135000|  1.3866e-01|   -9.071311|   -8.839401|   -0.000003|    0.008219|
|        6424|    0.134000|  1.3866e-01|   -9.071336|   -8.839386|   -0.000003|    0.008219|
|        6425|    0.133000|  1.3866e-01|   -9.071361|   -8.839370|   -0.000003|    0.008219|
|        6426|    0.132000|  1.3866e-01|   -9.071386|   -8.839355|   -0.000003|    0.008219|
|        6427|    0.138000|  1.3866e-01|   -9.071412|   -8.839339|   -0.000003|    0.008219|
|        6428|    0.141000|  1.3866e-01|   -9.071437|   -8.839324|   -0.000003|    0.008219|
|        6429|    0.139000|  1.3866e-01|   -9.071462|   -8.839308|   -0.000003|    0.008219|
|        6430|    0.139000|  1.3866e-01|   -9.071487|   -8.839293|   -0.000003|    0.008218|
|        6431|    0.128000|  1.3866e-01|   -9.071513|   -8.839278|   -0.000003|    0.008218|
|        6432|    0.141000|  1.3866e-01|   -9.071538|   -8.839262|   -0.000003|    0.008218|
|        6433|    0.136000|  1.3866e-01|   -9.071564|   -8.839247|   -0.000003|    0.008218|
|        6434|    0.146000|  1.3866e-01|   -9.071589|   -8.839232|   -0.000003|    0.008218|
|        6435|    0.150000|  1.3866e-01|   -9.071615|   -8.839217|   -0.000003|    0.008218|
|        6436|    0.142000|  1.3866e-01|   -9.071641|   -8.839201|   -0.000003|    0.008218|
|        6437|    0.137000|  1.3866e-01|   -9.071666|   -8.839186|   -0.000003|    0.008218|
|        6438|    0.142000|  1.3866e-01|   -9.071692|   -8.839171|   -0.000003|    0.008218|
|        6439|    0.142000|  1.3866e-01|   -9.071718|   -8.839156|   -0.000003|    0.008218|
|        6440|    0.129000|  1.3866e-01|   -9.071744|   -8.839141|   -0.000003|    0.008218|
|        6441|    0.140000|  1.3866e-01|   -9.071770|   -8.839126|   -0.000003|    0.008218|
|        6442|    0.142000|  1.3866e-01|   -9.071796|   -8.839111|   -0.000003|    0.008218|
|        6443|    0.142000|  1.3866e-01|   -9.071822|   -8.839096|   -0.000003|    0.008218|
|        6444|    0.164000|  1.3867e-01|   -9.071848|   -8.839081|   -0.000003|    0.008218|
|        6445|    0.152000|  1.3867e-01|   -9.071874|   -8.839066|   -0.000003|    0.008218|
|        6446|    0.142000|  1.3867e-01|   -9.071900|   -8.839051|   -0.000003|    0.008218|
|        6447|    0.154000|  1.3867e-01|   -9.071926|   -8.839036|   -0.000003|    0.008218|
|        6448|    0.155000|  1.3868e-01|   -9.071953|   -8.839021|   -0.000003|    0.008218|
|        6449|    0.140000|  1.3868e-01|   -9.071979|   -8.839006|   -0.000003|    0.008218|
|        6450|    0.156000|  1.3868e-01|   -9.072005|   -8.838991|   -0.000003|    0.008218|
|        6451|    0.137000|  1.3868e-01|   -9.072032|   -8.838976|   -0.000003|    0.008218|
|        6452|    0.143000|  1.3868e-01|   -9.072058|   -8.838962|   -0.000003|    0.008218|
|        6453|    0.140000|  1.3868e-01|   -9.072085|   -8.838947|   -0.000003|    0.008218|
|        6454|    0.142000|  1.3868e-01|   -9.072112|   -8.838932|   -0.000003|    0.008218|
|        6455|    0.156000|  1.3868e-01|   -9.072138|   -8.838917|   -0.000003|    0.008218|
|        6456|    0.155000|  1.3868e-01|   -9.072165|   -8.838903|   -0.000003|    0.008218|
|        6457|    0.139000|  1.3868e-01|   -9.072192|   -8.838888|   -0.000003|    0.008218|
|        6458|    0.141000|  1.3868e-01|   -9.072219|   -8.838873|   -0.000003|    0.008218|
|        6459|    0.136000|  1.3868e-01|   -9.072246|   -8.838859|   -0.000003|    0.008218|
|        6460|    0.135000|  1.3868e-01|   -9.072273|   -8.838844|   -0.000003|    0.008218|
|        6461|    0.141000|  1.3868e-01|   -9.072300|   -8.838830|   -0.000003|    0.008218|
|        6462|    0.142000|  1.3868e-01|   -9.072327|   -8.838815|   -0.000003|    0.008218|
|        6463|    0.137000|  1.3868e-01|   -9.072354|   -8.838801|   -0.000003|    0.008218|
|        6464|    0.140000|  1.3868e-01|   -9.072381|   -8.838786|   -0.000003|    0.008218|
|        6465|    0.132000|  1.3868e-01|   -9.072408|   -8.838772|   -0.000003|    0.008218|
|        6466|    0.143000|  1.3868e-01|   -9.072435|   -8.838757|   -0.000003|    0.008218|
|        6467|    0.132000|  1.3868e-01|   -9.072462|   -8.838743|   -0.000003|    0.008218|
|        6468|    0.129000|  1.3868e-01|   -9.072490|   -8.838729|   -0.000003|    0.008218|
|        6469|    0.134000|  1.3868e-01|   -9.072517|   -8.838714|   -0.000003|    0.008218|
|        6470|    0.151000|  1.3868e-01|   -9.072544|   -8.838700|   -0.000003|    0.008218|
|        6471|    0.155000|  1.3869e-01|   -9.072572|   -8.838686|   -0.000003|    0.008218|
|        6472|    0.149000|  1.3869e-01|   -9.072599|   -8.838671|   -0.000003|    0.008218|
|        6473|    0.152000|  1.3869e-01|   -9.072627|   -8.838657|   -0.000003|    0.008218|
|        6474|    0.156000|  1.3869e-01|   -9.072654|   -8.838643|   -0.000003|    0.008218|
|        6475|    0.154000|  1.3869e-01|   -9.072682|   -8.838629|   -0.000003|    0.008217|
|        6476|    0.154000|  1.3870e-01|   -9.072709|   -8.838615|   -0.000003|    0.008217|
|        6477|    0.153000|  1.3870e-01|   -9.072737|   -8.838601|   -0.000003|    0.008217|
|        6478|    0.153000|  1.3870e-01|   -9.072764|   -8.838587|   -0.000003|    0.008217|
|        6479|    0.149000|  1.3870e-01|   -9.072792|   -8.838572|   -0.000003|    0.008217|
|        6480|    0.150000|  1.3870e-01|   -9.072820|   -8.838558|   -0.000003|    0.008217|
|        6481|    0.147000|  1.3871e-01|   -9.072847|   -8.838544|   -0.000003|    0.008217|
|        6482|    0.153000|  1.3871e-01|   -9.072875|   -8.838530|   -0.000003|    0.008217|
|        6483|    0.166000|  1.3871e-01|   -9.072902|   -8.838516|   -0.000003|    0.008217|
|        6484|    0.169000|  1.3872e-01|   -9.072930|   -8.838502|   -0.000003|    0.008217|
|        6485|    0.169000|  1.3872e-01|   -9.072958|   -8.838488|   -0.000003|    0.008217|
|        6486|    0.160000|  1.3872e-01|   -9.072985|   -8.838474|   -0.000003|    0.008217|
|        6487|    0.152000|  1.3873e-01|   -9.073013|   -8.838460|   -0.000003|    0.008217|
|        6488|    0.159000|  1.3873e-01|   -9.073040|   -8.838447|   -0.000003|    0.008217|
|        6489|    0.148000|  1.3873e-01|   -9.073068|   -8.838433|   -0.000003|    0.008217|
|        6490|    0.146000|  1.3873e-01|   -9.073096|   -8.838419|   -0.000003|    0.008217|
|        6491|    0.153000|  1.3873e-01|   -9.073123|   -8.838405|   -0.000003|    0.008217|
|        6492|    0.154000|  1.3874e-01|   -9.073151|   -8.838391|   -0.000003|    0.008217|
|        6493|    0.155000|  1.3874e-01|   -9.073178|   -8.838378|   -0.000003|    0.008217|
|        6494|    0.154000|  1.3874e-01|   -9.073206|   -8.838364|   -0.000003|    0.008217|
|        6495|    0.156000|  1.3874e-01|   -9.073233|   -8.838350|   -0.000003|    0.008217|
|        6496|    0.151000|  1.3875e-01|   -9.073261|   -8.838337|   -0.000003|    0.008217|
|        6497|    0.154000|  1.3875e-01|   -9.073288|   -8.838323|   -0.000003|    0.008217|
|        6498|    0.170000|  1.3875e-01|   -9.073316|   -8.838310|   -0.000003|    0.008217|
|        6499|    0.167000|  1.3876e-01|   -9.073343|   -8.838296|   -0.000003|    0.008217|
|        6500|    0.176000|  1.3876e-01|   -9.073371|   -8.838282|   -0.000003|    0.008217|
+-----------------------------------------------------------------------+
|        File Writing Summary       |              Filename             |
+-----------------------------------------------------------------------+
|SU2 binary restart                 |restart_flow_alpha0_449x129.dat    |
|Paraview                           |flow_alpha0_449x129.vtu            |
|Paraview surface                   |surface_flow_alpha0_449x129.vtu    |
+-----------------------------------------------------------------------+
+------------------------------------------------------------------------------------------+
|  Inner_Iter|   Time(sec)|   Time(sec)|      rms[P]|     rms[nu]|          CL|          CD|
+------------------------------------------------------------------------------------------+
|        6501|    0.232000|  1.3878e-01|   -9.073398|   -8.838269|   -0.000003|    0.008217|
|        6502|    0.150000|  1.3878e-01|   -9.073426|   -8.838256|   -0.000003|    0.008217|
|        6503|    0.152000|  1.3878e-01|   -9.073453|   -8.838242|   -0.000003|    0.008217|
|        6504|    0.153000|  1.3878e-01|   -9.073480|   -8.838229|   -0.000003|    0.008217|
|        6505|    0.159000|  1.3879e-01|   -9.073507|   -8.838216|   -0.000003|    0.008217|
|        6506|    0.155000|  1.3879e-01|   -9.073535|   -8.838202|   -0.000003|    0.008217|
|        6507|    0.166000|  1.3879e-01|   -9.073562|   -8.838189|   -0.000003|    0.008217|
|        6508|    0.170000|  1.3880e-01|   -9.073589|   -8.838176|   -0.000003|    0.008217|
|        6509|    0.145000|  1.3880e-01|   -9.073616|   -8.838163|   -0.000003|    0.008217|
|        6510|    0.134000|  1.3880e-01|   -9.073643|   -8.838149|   -0.000003|    0.008217|
|        6511|    0.140000|  1.3880e-01|   -9.073670|   -8.838136|   -0.000003|    0.008217|
|        6512|    0.135000|  1.3880e-01|   -9.073697|   -8.838123|   -0.000003|    0.008217|
|        6513|    0.144000|  1.3880e-01|   -9.073724|   -8.838110|   -0.000003|    0.008217|
|        6514|    0.140000|  1.3880e-01|   -9.073751|   -8.838097|   -0.000003|    0.008217|
|        6515|    0.142000|  1.3880e-01|   -9.073778|   -8.838084|   -0.000003|    0.008217|
|        6516|    0.158000|  1.3880e-01|   -9.073805|   -8.838071|   -0.000003|    0.008217|
|        6517|    0.149000|  1.3880e-01|   -9.073832|   -8.838058|   -0.000003|    0.008217|
|        6518|    0.146000|  1.3881e-01|   -9.073859|   -8.838045|   -0.000003|    0.008217|
|        6519|    0.147000|  1.3881e-01|   -9.073886|   -8.838031|   -0.000003|    0.008217|
|        6520|    0.148000|  1.3881e-01|   -9.073912|   -8.838018|   -0.000003|    0.008216|
|        6521|    0.151000|  1.3881e-01|   -9.073939|   -8.838005|   -0.000003|    0.008216|
|        6522|    0.148000|  1.3881e-01|   -9.073966|   -8.837992|   -0.000003|    0.008216|
|        6523|    0.148000|  1.3881e-01|   -9.073992|   -8.837979|   -0.000003|    0.008216|
|        6524|    0.152000|  1.3881e-01|   -9.074019|   -8.837966|   -0.000003|    0.008216|
|        6525|    0.148000|  1.3882e-01|   -9.074046|   -8.837953|   -0.000003|    0.008216|
|        6526|    0.149000|  1.3882e-01|   -9.074072|   -8.837940|   -0.000003|    0.008216|
|        6527|    0.153000|  1.3882e-01|   -9.074099|   -8.837927|   -0.000003|    0.008216|
|        6528|    0.156000|  1.3882e-01|   -9.074125|   -8.837914|   -0.000003|    0.008216|
|        6529|    0.158000|  1.3883e-01|   -9.074152|   -8.837902|   -0.000003|    0.008216|
|        6530|    0.162000|  1.3883e-01|   -9.074178|   -8.837889|   -0.000003|    0.008216|
|        6531|    0.152000|  1.3883e-01|   -9.074205|   -8.837876|   -0.000003|    0.008216|
|        6532|    0.141000|  1.3883e-01|   -9.074231|   -8.837863|   -0.000003|    0.008216|
|        6533|    0.151000|  1.3883e-01|   -9.074258|   -8.837850|   -0.000003|    0.008216|
|        6534|    0.143000|  1.3883e-01|   -9.074284|   -8.837838|   -0.000003|    0.008216|
|        6535|    0.137000|  1.3883e-01|   -9.074311|   -8.837825|   -0.000003|    0.008216|
|        6536|    0.141000|  1.3883e-01|   -9.074337|   -8.837812|   -0.000003|    0.008216|
|        6537|    0.135000|  1.3883e-01|   -9.074364|   -8.837800|   -0.000003|    0.008216|
|        6538|    0.134000|  1.3883e-01|   -9.074390|   -8.837787|   -0.000003|    0.008216|
|        6539|    0.151000|  1.3883e-01|   -9.074417|   -8.837774|   -0.000003|    0.008216|
|        6540|    0.135000|  1.3883e-01|   -9.074444|   -8.837762|   -0.000003|    0.008216|
|        6541|    0.151000|  1.3884e-01|   -9.074470|   -8.837749|   -0.000003|    0.008216|
|        6542|    0.132000|  1.3883e-01|   -9.074497|   -8.837737|   -0.000003|    0.008216|
|        6543|    0.145000|  1.3884e-01|   -9.074524|   -8.837724|   -0.000003|    0.008216|
|        6544|    0.144000|  1.3884e-01|   -9.074550|   -8.837712|   -0.000003|    0.008216|
|        6545|    0.138000|  1.3884e-01|   -9.074577|   -8.837699|   -0.000003|    0.008216|
|        6546|    0.143000|  1.3884e-01|   -9.074604|   -8.837687|   -0.000003|    0.008216|
|        6547|    0.158000|  1.3884e-01|   -9.074631|   -8.837675|   -0.000003|    0.008216|
|        6548|    0.139000|  1.3884e-01|   -9.074657|   -8.837662|   -0.000003|    0.008216|
|        6549|    0.130000|  1.3884e-01|   -9.074684|   -8.837650|   -0.000003|    0.008216|
|        6550|    0.160000|  1.3884e-01|   -9.074711|   -8.837638|   -0.000003|    0.008216|
|        6551|    0.151000|  1.3884e-01|   -9.074738|   -8.837625|   -0.000003|    0.008216|
|        6552|    0.163000|  1.3885e-01|   -9.074765|   -8.837613|   -0.000003|    0.008216|
|        6553|    0.143000|  1.3885e-01|   -9.074792|   -8.837601|   -0.000003|    0.008216|
|        6554|    0.131000|  1.3885e-01|   -9.074819|   -8.837588|   -0.000003|    0.008216|
|        6555|    0.138000|  1.3885e-01|   -9.074846|   -8.837576|   -0.000003|    0.008216|
|        6556|    0.143000|  1.3885e-01|   -9.074873|   -8.837564|   -0.000003|    0.008216|
|        6557|    0.157000|  1.3885e-01|   -9.074901|   -8.837552|   -0.000003|    0.008216|
|        6558|    0.160000|  1.3885e-01|   -9.074928|   -8.837540|   -0.000003|    0.008216|
|        6559|    0.143000|  1.3885e-01|   -9.074955|   -8.837528|   -0.000003|    0.008216|
|        6560|    0.138000|  1.3885e-01|   -9.074982|   -8.837516|   -0.000003|    0.008216|
|        6561|    0.132000|  1.3885e-01|   -9.075010|   -8.837504|   -0.000003|    0.008216|
|        6562|    0.132000|  1.3885e-01|   -9.075037|   -8.837492|   -0.000003|    0.008216|
|        6563|    0.139000|  1.3885e-01|   -9.075065|   -8.837480|   -0.000003|    0.008216|
|        6564|    0.141000|  1.3885e-01|   -9.075092|   -8.837468|   -0.000003|    0.008216|
|        6565|    0.143000|  1.3885e-01|   -9.075120|   -8.837456|   -0.000003|    0.008216|
|        6566|    0.142000|  1.3885e-01|   -9.075147|   -8.837444|   -0.000003|    0.008215|
|        6567|    0.143000|  1.3885e-01|   -9.075175|   -8.837432|   -0.000003|    0.008215|
|        6568|    0.133000|  1.3885e-01|   -9.075203|   -8.837420|   -0.000003|    0.008215|
|        6569|    0.141000|  1.3885e-01|   -9.075231|   -8.837409|   -0.000003|    0.008215|
|        6570|    0.135000|  1.3885e-01|   -9.075258|   -8.837397|   -0.000003|    0.008215|
|        6571|    0.143000|  1.3885e-01|   -9.075286|   -8.837385|   -0.000003|    0.008215|
|        6572|    0.143000|  1.3885e-01|   -9.075314|   -8.837373|   -0.000003|    0.008215|
|        6573|    0.137000|  1.3885e-01|   -9.075342|   -8.837362|   -0.000003|    0.008215|
|        6574|    0.143000|  1.3885e-01|   -9.075370|   -8.837350|   -0.000003|    0.008215|
|        6575|    0.137000|  1.3885e-01|   -9.075398|   -8.837339|   -0.000003|    0.008215|
|        6576|    0.138000|  1.3885e-01|   -9.075427|   -8.837327|   -0.000003|    0.008215|
|        6577|    0.137000|  1.3885e-01|   -9.075455|   -8.837315|   -0.000003|    0.008215|
|        6578|    0.140000|  1.3885e-01|   -9.075483|   -8.837304|   -0.000003|    0.008215|
|        6579|    0.140000|  1.3885e-01|   -9.075511|   -8.837292|   -0.000003|    0.008215|
|        6580|    0.130000|  1.3885e-01|   -9.075539|   -8.837281|   -0.000003|    0.008215|
|        6581|    0.138000|  1.3885e-01|   -9.075568|   -8.837269|   -0.000003|    0.008215|
|        6582|    0.137000|  1.3885e-01|   -9.075596|   -8.837258|   -0.000003|    0.008215|
|        6583|    0.134000|  1.3885e-01|   -9.075625|   -8.837247|   -0.000003|    0.008215|
|        6584|    0.133000|  1.3885e-01|   -9.075653|   -8.837235|   -0.000003|    0.008215|
|        6585|    0.129000|  1.3885e-01|   -9.075681|   -8.837224|   -0.000003|    0.008215|
|        6586|    0.135000|  1.3885e-01|   -9.075710|   -8.837213|   -0.000003|    0.008215|
|        6587|    0.132000|  1.3885e-01|   -9.075738|   -8.837201|   -0.000003|    0.008215|
|        6588|    0.133000|  1.3885e-01|   -9.075767|   -8.837190|   -0.000003|    0.008215|
|        6589|    0.142000|  1.3885e-01|   -9.075795|   -8.837179|   -0.000003|    0.008215|
|        6590|    0.140000|  1.3885e-01|   -9.075824|   -8.837168|   -0.000003|    0.008215|
|        6591|    0.146000|  1.3885e-01|   -9.075852|   -8.837157|   -0.000003|    0.008215|
|        6592|    0.144000|  1.3885e-01|   -9.075881|   -8.837145|   -0.000003|    0.008215|
|        6593|    0.144000|  1.3885e-01|   -9.075910|   -8.837134|   -0.000003|    0.008215|
|        6594|    0.146000|  1.3885e-01|   -9.075938|   -8.837123|   -0.000003|    0.008215|
|        6595|    0.135000|  1.3885e-01|   -9.075967|   -8.837112|   -0.000003|    0.008215|
|        6596|    0.143000|  1.3885e-01|   -9.075995|   -8.837101|   -0.000003|    0.008215|
|        6597|    0.137000|  1.3885e-01|   -9.076024|   -8.837090|   -0.000003|    0.008215|
|        6598|    0.138000|  1.3885e-01|   -9.076052|   -8.837079|   -0.000003|    0.008215|
|        6599|    0.135000|  1.3885e-01|   -9.076081|   -8.837068|   -0.000003|    0.008215|
|        6600|    0.148000|  1.3885e-01|   -9.076109|   -8.837057|   -0.000003|    0.008215|
|        6601|    0.139000|  1.3885e-01|   -9.076137|   -8.837046|   -0.000003|    0.008215|
|        6602|    0.144000|  1.3885e-01|   -9.076166|   -8.837036|   -0.000003|    0.008215|
|        6603|    0.138000|  1.3885e-01|   -9.076194|   -8.837025|   -0.000003|    0.008215|
|        6604|    0.146000|  1.3885e-01|   -9.076222|   -8.837014|   -0.000003|    0.008215|
|        6605|    0.145000|  1.3885e-01|   -9.076251|   -8.837003|   -0.000003|    0.008215|
|        6606|    0.141000|  1.3885e-01|   -9.076279|   -8.836992|   -0.000003|    0.008215|
|        6607|    0.141000|  1.3885e-01|   -9.076307|   -8.836982|   -0.000003|    0.008215|
|        6608|    0.153000|  1.3886e-01|   -9.076335|   -8.836971|   -0.000003|    0.008215|
|        6609|    0.140000|  1.3886e-01|   -9.076364|   -8.836960|   -0.000003|    0.008215|
|        6610|    0.139000|  1.3886e-01|   -9.076392|   -8.836950|   -0.000003|    0.008215|
|        6611|    0.139000|  1.3886e-01|   -9.076420|   -8.836939|   -0.000003|    0.008215|
|        6612|    0.136000|  1.3886e-01|   -9.076448|   -8.836928|   -0.000003|    0.008214|
|        6613|    0.138000|  1.3886e-01|   -9.076476|   -8.836918|   -0.000003|    0.008214|
|        6614|    0.132000|  1.3886e-01|   -9.076504|   -8.836907|   -0.000003|    0.008214|
|        6615|    0.128000|  1.3885e-01|   -9.076532|   -8.836897|   -0.000003|    0.008214|
|        6616|    0.152000|  1.3886e-01|   -9.076560|   -8.836886|   -0.000003|    0.008214|
|        6617|    0.148000|  1.3886e-01|   -9.076587|   -8.836876|   -0.000003|    0.008214|
|        6618|    0.141000|  1.3886e-01|   -9.076615|   -8.836865|   -0.000003|    0.008214|
|        6619|    0.142000|  1.3886e-01|   -9.076643|   -8.836855|   -0.000003|    0.008214|
|        6620|    0.142000|  1.3886e-01|   -9.076671|   -8.836845|   -0.000003|    0.008214|
|        6621|    0.149000|  1.3886e-01|   -9.076698|   -8.836834|   -0.000003|    0.008214|
|        6622|    0.148000|  1.3886e-01|   -9.076726|   -8.836824|   -0.000003|    0.008214|
|        6623|    0.134000|  1.3886e-01|   -9.076754|   -8.836814|   -0.000003|    0.008214|
|        6624|    0.133000|  1.3886e-01|   -9.076781|   -8.836804|   -0.000003|    0.008214|
|        6625|    0.132000|  1.3886e-01|   -9.076809|   -8.836793|   -0.000003|    0.008214|
|        6626|    0.142000|  1.3886e-01|   -9.076836|   -8.836783|   -0.000003|    0.008214|
|        6627|    0.140000|  1.3886e-01|   -9.076864|   -8.836772|   -0.000003|    0.008214|
|        6628|    0.136000|  1.3886e-01|   -9.076891|   -8.836762|   -0.000003|    0.008214|
|        6629|    0.143000|  1.3886e-01|   -9.076919|   -8.836751|   -0.000003|    0.008214|
|        6630|    0.138000|  1.3886e-01|   -9.076946|   -8.836741|   -0.000003|    0.008214|
|        6631|    0.137000|  1.3886e-01|   -9.076973|   -8.836731|   -0.000003|    0.008214|
|        6632|    0.142000|  1.3886e-01|   -9.077001|   -8.836720|   -0.000003|    0.008214|
|        6633|    0.138000|  1.3886e-01|   -9.077028|   -8.836710|   -0.000003|    0.008214|
|        6634|    0.142000|  1.3886e-01|   -9.077055|   -8.836700|   -0.000003|    0.008214|
|        6635|    0.135000|  1.3886e-01|   -9.077082|   -8.836690|   -0.000003|    0.008214|
|        6636|    0.144000|  1.3886e-01|   -9.077110|   -8.836680|   -0.000003|    0.008214|
|        6637|    0.133000|  1.3886e-01|   -9.077137|   -8.836669|   -0.000003|    0.008214|
|        6638|    0.156000|  1.3886e-01|   -9.077164|   -8.836659|   -0.000003|    0.008214|
|        6639|    0.141000|  1.3886e-01|   -9.077191|   -8.836649|   -0.000003|    0.008214|
|        6640|    0.142000|  1.3886e-01|   -9.077218|   -8.836639|   -0.000003|    0.008214|
|        6641|    0.134000|  1.3886e-01|   -9.077245|   -8.836629|   -0.000003|    0.008214|
|        6642|    0.141000|  1.3886e-01|   -9.077272|   -8.836619|   -0.000003|    0.008214|
|        6643|    0.137000|  1.3886e-01|   -9.077299|   -8.836609|   -0.000003|    0.008214|
|        6644|    0.137000|  1.3886e-01|   -9.077326|   -8.836599|   -0.000003|    0.008214|
|        6645|    0.146000|  1.3886e-01|   -9.077353|   -8.836589|   -0.000003|    0.008214|
|        6646|    0.138000|  1.3886e-01|   -9.077380|   -8.836579|   -0.000003|    0.008214|
|        6647|    0.134000|  1.3886e-01|   -9.077407|   -8.836570|   -0.000003|    0.008214|
|        6648|    0.137000|  1.3886e-01|   -9.077434|   -8.836560|   -0.000003|    0.008214|
|        6649|    0.139000|  1.3886e-01|   -9.077461|   -8.836550|   -0.000003|    0.008214|
|        6650|    0.164000|  1.3887e-01|   -9.077488|   -8.836540|   -0.000003|    0.008214|
|        6651|    0.155000|  1.3887e-01|   -9.077515|   -8.836530|   -0.000003|    0.008214|
|        6652|    0.153000|  1.3887e-01|   -9.077542|   -8.836521|   -0.000003|    0.008214|
|        6653|    0.152000|  1.3887e-01|   -9.077568|   -8.836511|   -0.000003|    0.008214|
|        6654|    0.133000|  1.3887e-01|   -9.077595|   -8.836501|   -0.000003|    0.008214|
|        6655|    0.133000|  1.3887e-01|   -9.077622|   -8.836492|   -0.000003|    0.008214|
|        6656|    0.141000|  1.3887e-01|   -9.077649|   -8.836482|   -0.000003|    0.008214|
|        6657|    0.145000|  1.3887e-01|   -9.077676|   -8.836472|   -0.000003|    0.008214|
|        6658|    0.149000|  1.3887e-01|   -9.077702|   -8.836463|   -0.000003|    0.008213|
|        6659|    0.140000|  1.3887e-01|   -9.077729|   -8.836453|   -0.000003|    0.008213|
|        6660|    0.136000|  1.3887e-01|   -9.077756|   -8.836444|   -0.000003|    0.008213|
|        6661|    0.133000|  1.3887e-01|   -9.077782|   -8.836434|   -0.000003|    0.008213|
|        6662|    0.130000|  1.3887e-01|   -9.077809|   -8.836425|   -0.000003|    0.008213|
|        6663|    0.156000|  1.3887e-01|   -9.077836|   -8.836416|   -0.000003|    0.008213|
|        6664|    0.158000|  1.3888e-01|   -9.077862|   -8.836406|   -0.000003|    0.008213|
|        6665|    0.153000|  1.3888e-01|   -9.077889|   -8.836397|   -0.000003|    0.008213|
|        6666|    0.147000|  1.3888e-01|   -9.077916|   -8.836387|   -0.000003|    0.008213|
|        6667|    0.147000|  1.3888e-01|   -9.077942|   -8.836378|   -0.000003|    0.008213|
|        6668|    0.137000|  1.3888e-01|   -9.077969|   -8.836369|   -0.000003|    0.008213|
|        6669|    0.137000|  1.3888e-01|   -9.077995|   -8.836360|   -0.000003|    0.008213|
|        6670|    0.132000|  1.3888e-01|   -9.078022|   -8.836350|   -0.000003|    0.008213|
|        6671|    0.143000|  1.3888e-01|   -9.078048|   -8.836341|   -0.000003|    0.008213|
|        6672|    0.144000|  1.3888e-01|   -9.078075|   -8.836332|   -0.000003|    0.008213|
|        6673|    0.130000|  1.3888e-01|   -9.078101|   -8.836323|   -0.000003|    0.008213|
|        6674|    0.150000|  1.3888e-01|   -9.078128|   -8.836314|   -0.000003|    0.008213|
|        6675|    0.143000|  1.3888e-01|   -9.078154|   -8.836305|   -0.000003|    0.008213|
|        6676|    0.134000|  1.3888e-01|   -9.078181|   -8.836296|   -0.000003|    0.008213|
|        6677|    0.134000|  1.3888e-01|   -9.078207|   -8.836287|   -0.000003|    0.008213|
|        6678|    0.132000|  1.3888e-01|   -9.078234|   -8.836278|   -0.000003|    0.008213|
|        6679|    0.132000|  1.3888e-01|   -9.078260|   -8.836269|   -0.000003|    0.008213|
|        6680|    0.137000|  1.3888e-01|   -9.078286|   -8.836260|   -0.000003|    0.008213|
|        6681|    0.138000|  1.3888e-01|   -9.078313|   -8.836251|   -0.000003|    0.008213|
|        6682|    0.143000|  1.3888e-01|   -9.078339|   -8.836242|   -0.000003|    0.008213|
|        6683|    0.134000|  1.3888e-01|   -9.078365|   -8.836233|   -0.000003|    0.008213|
|        6684|    0.132000|  1.3888e-01|   -9.078392|   -8.836224|   -0.000003|    0.008213|
|        6685|    0.162000|  1.3888e-01|   -9.078418|   -8.836215|   -0.000003|    0.008213|
|        6686|    0.155000|  1.3888e-01|   -9.078444|   -8.836206|   -0.000003|    0.008213|
|        6687|    0.153000|  1.3888e-01|   -9.078471|   -8.836197|   -0.000003|    0.008213|
|        6688|    0.154000|  1.3889e-01|   -9.078497|   -8.836188|   -0.000003|    0.008213|
|        6689|    0.151000|  1.3889e-01|   -9.078523|   -8.836179|   -0.000003|    0.008213|
|        6690|    0.154000|  1.3889e-01|   -9.078550|   -8.836170|   -0.000003|    0.008213|
|        6691|    0.152000|  1.3889e-01|   -9.078576|   -8.836161|   -0.000003|    0.008213|
|        6692|    0.151000|  1.3889e-01|   -9.078602|   -8.836152|   -0.000003|    0.008213|
|        6693|    0.147000|  1.3890e-01|   -9.078629|   -8.836143|   -0.000003|    0.008213|
|        6694|    0.152000|  1.3890e-01|   -9.078655|   -8.836135|   -0.000003|    0.008213|
|        6695|    0.150000|  1.3890e-01|   -9.078681|   -8.836126|   -0.000003|    0.008213|
|        6696|    0.154000|  1.3890e-01|   -9.078707|   -8.836117|   -0.000003|    0.008213|
|        6697|    0.151000|  1.3890e-01|   -9.078734|   -8.836108|   -0.000003|    0.008213|
|        6698|    0.148000|  1.3890e-01|   -9.078760|   -8.836099|   -0.000003|    0.008213|
|        6699|    0.160000|  1.3891e-01|   -9.078786|   -8.836091|   -0.000003|    0.008213|
|        6700|    0.144000|  1.3891e-01|   -9.078812|   -8.836082|   -0.000003|    0.008213|
|        6701|    0.151000|  1.3891e-01|   -9.078838|   -8.836073|   -0.000003|    0.008213|
|        6702|    0.147000|  1.3891e-01|   -9.078865|   -8.836065|   -0.000003|    0.008213|
|        6703|    0.144000|  1.3891e-01|   -9.078891|   -8.836056|   -0.000003|    0.008213|
|        6704|    0.153000|  1.3891e-01|   -9.078917|   -8.836048|   -0.000003|    0.008213|
|        6705|    0.147000|  1.3892e-01|   -9.078943|   -8.836039|   -0.000003|    0.008212|
|        6706|    0.150000|  1.3892e-01|   -9.078969|   -8.836031|   -0.000003|    0.008212|
|        6707|    0.148000|  1.3892e-01|   -9.078996|   -8.836022|   -0.000003|    0.008212|
|        6708|    0.153000|  1.3892e-01|   -9.079022|   -8.836013|   -0.000003|    0.008212|
|        6709|    0.145000|  1.3892e-01|   -9.079048|   -8.836005|   -0.000003|    0.008212|
|        6710|    0.153000|  1.3892e-01|   -9.079074|   -8.835996|   -0.000003|    0.008212|
|        6711|    0.143000|  1.3892e-01|   -9.079100|   -8.835988|   -0.000003|    0.008212|
|        6712|    0.150000|  1.3893e-01|   -9.079126|   -8.835979|   -0.000003|    0.008212|
|        6713|    0.155000|  1.3893e-01|   -9.079152|   -8.835970|   -0.000003|    0.008212|
|        6714|    0.147000|  1.3893e-01|   -9.079179|   -8.835962|   -0.000003|    0.008212|
|        6715|    0.146000|  1.3893e-01|   -9.079205|   -8.835953|   -0.000003|    0.008212|
|        6716|    0.149000|  1.3893e-01|   -9.079231|   -8.835945|   -0.000003|    0.008212|
|        6717|    0.148000|  1.3893e-01|   -9.079257|   -8.835936|   -0.000003|    0.008212|
|        6718|    0.148000|  1.3893e-01|   -9.079283|   -8.835928|   -0.000003|    0.008212|
|        6719|    0.151000|  1.3894e-01|   -9.079309|   -8.835920|   -0.000003|    0.008212|
|        6720|    0.146000|  1.3894e-01|   -9.079335|   -8.835911|   -0.000003|    0.008212|
|        6721|    0.152000|  1.3894e-01|   -9.079361|   -8.835903|   -0.000003|    0.008212|
|        6722|    0.156000|  1.3894e-01|   -9.079387|   -8.835895|   -0.000003|    0.008212|
|        6723|    0.144000|  1.3894e-01|   -9.079413|   -8.835886|   -0.000003|    0.008212|
|        6724|    0.139000|  1.3894e-01|   -9.079439|   -8.835878|   -0.000003|    0.008212|
|        6725|    0.146000|  1.3894e-01|   -9.079465|   -8.835870|   -0.000003|    0.008212|
|        6726|    0.156000|  1.3895e-01|   -9.079491|   -8.835862|   -0.000003|    0.008212|
|        6727|    0.152000|  1.3895e-01|   -9.079517|   -8.835854|   -0.000003|    0.008212|
|        6728|    0.156000|  1.3895e-01|   -9.079543|   -8.835845|   -0.000003|    0.008212|
|        6729|    0.160000|  1.3895e-01|   -9.079569|   -8.835837|   -0.000003|    0.008212|
|        6730|    0.150000|  1.3896e-01|   -9.079595|   -8.835829|   -0.000003|    0.008212|
|        6731|    0.151000|  1.3896e-01|   -9.079621|   -8.835821|   -0.000003|    0.008212|
|        6732|    0.156000|  1.3896e-01|   -9.079647|   -8.835813|   -0.000003|    0.008212|
|        6733|    0.156000|  1.3896e-01|   -9.079673|   -8.835805|   -0.000003|    0.008212|
|        6734|    0.144000|  1.3896e-01|   -9.079699|   -8.835797|   -0.000003|    0.008212|
|        6735|    0.139000|  1.3896e-01|   -9.079725|   -8.835789|   -0.000003|    0.008212|
|        6736|    0.133000|  1.3896e-01|   -9.079751|   -8.835781|   -0.000003|    0.008212|
|        6737|    0.140000|  1.3896e-01|   -9.079777|   -8.835773|   -0.000003|    0.008212|
|        6738|    0.134000|  1.3896e-01|   -9.079803|   -8.835765|   -0.000003|    0.008212|
|        6739|    0.147000|  1.3896e-01|   -9.079829|   -8.835757|   -0.000003|    0.008212|
|        6740|    0.170000|  1.3897e-01|   -9.079855|   -8.835749|   -0.000003|    0.008212|
|        6741|    0.169000|  1.3897e-01|   -9.079881|   -8.835741|   -0.000003|    0.008212|
|        6742|    0.151000|  1.3897e-01|   -9.079907|   -8.835733|   -0.000003|    0.008212|
|        6743|    0.153000|  1.3898e-01|   -9.079933|   -8.835726|   -0.000003|    0.008212|
|        6744|    0.151000|  1.3898e-01|   -9.079958|   -8.835718|   -0.000003|    0.008212|
|        6745|    0.151000|  1.3898e-01|   -9.079984|   -8.835710|   -0.000003|    0.008212|
|        6746|    0.147000|  1.3898e-01|   -9.080010|   -8.835702|   -0.000003|    0.008212|
|        6747|    0.150000|  1.3898e-01|   -9.080036|   -8.835694|   -0.000003|    0.008212|
|        6748|    0.149000|  1.3898e-01|   -9.080062|   -8.835687|   -0.000003|    0.008212|
|        6749|    0.148000|  1.3898e-01|   -9.080088|   -8.835679|   -0.000003|    0.008212|
|        6750|    0.150000|  1.3899e-01|   -9.080113|   -8.835671|   -0.000003|    0.008212|
+-----------------------------------------------------------------------+
|        File Writing Summary       |              Filename             |
+-----------------------------------------------------------------------+
|SU2 binary restart                 |restart_flow_alpha0_449x129.dat    |
|Paraview                           |flow_alpha0_449x129.vtu            |
|Paraview surface                   |surface_flow_alpha0_449x129.vtu    |
+-----------------------------------------------------------------------+
+------------------------------------------------------------------------------------------+
|  Inner_Iter|   Time(sec)|   Time(sec)|      rms[P]|     rms[nu]|          CL|          CD|
+------------------------------------------------------------------------------------------+
|        6751|    0.229000|  1.3900e-01|   -9.080139|   -8.835664|   -0.000003|    0.008212|
|        6752|    0.166000|  1.3900e-01|   -9.080165|   -8.835656|   -0.000003|    0.008212|
|        6753|    0.155000|  1.3901e-01|   -9.080191|   -8.835648|   -0.000003|    0.008211|
|        6754|    0.161000|  1.3901e-01|   -9.080217|   -8.835641|   -0.000003|    0.008211|
|        6755|    0.162000|  1.3901e-01|   -9.080242|   -8.835633|   -0.000003|    0.008211|
|        6756|    0.165000|  1.3902e-01|   -9.080268|   -8.835626|   -0.000003|    0.008211|
|        6757|    0.154000|  1.3902e-01|   -9.080294|   -8.835618|   -0.000003|    0.008211|
|        6758|    0.151000|  1.3902e-01|   -9.080320|   -8.835611|   -0.000003|    0.008211|
|        6759|    0.145000|  1.3902e-01|   -9.080345|   -8.835603|   -0.000003|    0.008211|
|        6760|    0.153000|  1.3902e-01|   -9.080371|   -8.835596|   -0.000003|    0.008211|
|        6761|    0.159000|  1.3903e-01|   -9.080397|   -8.835588|   -0.000003|    0.008211|
|        6762|    0.167000|  1.3903e-01|   -9.080423|   -8.835581|   -0.000003|    0.008211|
|        6763|    0.171000|  1.3904e-01|   -9.080448|   -8.835574|   -0.000003|    0.008211|
|        6764|    0.158000|  1.3904e-01|   -9.080474|   -8.835566|   -0.000003|    0.008211|
|        6765|    0.187000|  1.3905e-01|   -9.080500|   -8.835559|   -0.000003|    0.008211|
|        6766|    0.165000|  1.3905e-01|   -9.080525|   -8.835552|   -0.000003|    0.008211|
|        6767|    0.168000|  1.3905e-01|   -9.080551|   -8.835545|   -0.000003|    0.008211|
|        6768|    0.158000|  1.3906e-01|   -9.080577|   -8.835537|   -0.000003|    0.008211|
|        6769|    0.165000|  1.3906e-01|   -9.080602|   -8.835530|   -0.000003|    0.008211|
|        6770|    0.163000|  1.3906e-01|   -9.080628|   -8.835523|   -0.000003|    0.008211|
|        6771|    0.171000|  1.3907e-01|   -9.080653|   -8.835516|   -0.000003|    0.008211|
|        6772|    0.174000|  1.3907e-01|   -9.080679|   -8.835509|   -0.000003|    0.008211|
|        6773|    0.173000|  1.3908e-01|   -9.080705|   -8.835502|   -0.000003|    0.008211|
|        6774|    0.173000|  1.3908e-01|   -9.080730|   -8.835495|   -0.000003|    0.008211|
|        6775|    0.168000|  1.3909e-01|   -9.080756|   -8.835488|   -0.000003|    0.008211|
|        6776|    0.173000|  1.3909e-01|   -9.080782|   -8.835481|   -0.000003|    0.008211|
|        6777|    0.164000|  1.3910e-01|   -9.080807|   -8.835474|   -0.000003|    0.008211|
|        6778|    0.168000|  1.3910e-01|   -9.080833|   -8.835467|   -0.000003|    0.008211|
|        6779|    0.159000|  1.3910e-01|   -9.080858|   -8.835460|   -0.000003|    0.008211|
|        6780|    0.161000|  1.3911e-01|   -9.080884|   -8.835453|   -0.000003|    0.008211|
|        6781|    0.164000|  1.3911e-01|   -9.080909|   -8.835446|   -0.000003|    0.008211|
|        6782|    0.167000|  1.3911e-01|   -9.080935|   -8.835439|   -0.000003|    0.008211|
|        6783|    0.167000|  1.3912e-01|   -9.080960|   -8.835433|   -0.000003|    0.008211|
|        6784|    0.154000|  1.3912e-01|   -9.080986|   -8.835426|   -0.000003|    0.008211|
|        6785|    0.148000|  1.3912e-01|   -9.081012|   -8.835419|   -0.000003|    0.008211|
|        6786|    0.149000|  1.3912e-01|   -9.081037|   -8.835412|   -0.000003|    0.008211|
|        6787|    0.149000|  1.3913e-01|   -9.081063|   -8.835406|   -0.000003|    0.008211|
|        6788|    0.149000|  1.3913e-01|   -9.081088|   -8.835399|   -0.000003|    0.008211|
|        6789|    0.162000|  1.3913e-01|   -9.081114|   -8.835392|   -0.000003|    0.008211|
|        6790|    0.161000|  1.3913e-01|   -9.081139|   -8.835386|   -0.000003|    0.008211|
|        6791|    0.150000|  1.3913e-01|   -9.081165|   -8.835379|   -0.000003|    0.008211|
|        6792|    0.151000|  1.3914e-01|   -9.081190|   -8.835373|   -0.000003|    0.008211|
|        6793|    0.145000|  1.3914e-01|   -9.081216|   -8.835366|   -0.000003|    0.008211|
|        6794|    0.149000|  1.3914e-01|   -9.081241|   -8.835360|   -0.000003|    0.008211|
|        6795|    0.146000|  1.3914e-01|   -9.081266|   -8.835353|   -0.000003|    0.008211|
|        6796|    0.144000|  1.3914e-01|   -9.081292|   -8.835347|   -0.000003|    0.008211|
|        6797|    0.163000|  1.3914e-01|   -9.081317|   -8.835341|   -0.000003|    0.008211|
|        6798|    0.157000|  1.3915e-01|   -9.081343|   -8.835334|   -0.000003|    0.008211|
|        6799|    0.172000|  1.3915e-01|   -9.081368|   -8.835328|   -0.000003|    0.008211|
|        6800|    0.158000|  1.3915e-01|   -9.081393|   -8.835322|   -0.000003|    0.008210|
|        6801|    0.164000|  1.3916e-01|   -9.081419|   -8.835316|   -0.000003|    0.008210|
|        6802|    0.168000|  1.3916e-01|   -9.081444|   -8.835309|   -0.000003|    0.008210|
|        6803|    0.151000|  1.3916e-01|   -9.081469|   -8.835303|   -0.000003|    0.008210|
|        6804|    0.157000|  1.3917e-01|   -9.081495|   -8.835297|   -0.000003|    0.008210|
|        6805|    0.167000|  1.3917e-01|   -9.081520|   -8.835291|   -0.000003|    0.008210|
|        6806|    0.173000|  1.3918e-01|   -9.081545|   -8.835285|   -0.000003|    0.008210|
|        6807|    0.181000|  1.3918e-01|   -9.081570|   -8.835279|   -0.000003|    0.008210|
|        6808|    0.184000|  1.3919e-01|   -9.081596|   -8.835273|   -0.000003|    0.008210|
|        6809|    0.175000|  1.3919e-01|   -9.081621|   -8.835267|   -0.000003|    0.008210|
|        6810|    0.166000|  1.3920e-01|   -9.081646|   -8.835261|   -0.000003|    0.008210|
|        6811|    0.172000|  1.3920e-01|   -9.081671|   -8.835255|   -0.000003|    0.008210|
|        6812|    0.162000|  1.3921e-01|   -9.081696|   -8.835249|   -0.000003|    0.008210|
|        6813|    0.172000|  1.3921e-01|   -9.081722|   -8.835243|   -0.000003|    0.008210|
|        6814|    0.151000|  1.3921e-01|   -9.081747|   -8.835236|   -0.000003|    0.008210|
|        6815|    0.156000|  1.3921e-01|   -9.081772|   -8.835230|   -0.000003|    0.008210|
|        6816|    0.170000|  1.3922e-01|   -9.081797|   -8.835224|   -0.000003|    0.008210|
|        6817|    0.169000|  1.3922e-01|   -9.081822|   -8.835218|   -0.000003|    0.008210|
|        6818|    0.164000|  1.3923e-01|   -9.081847|   -8.835212|   -0.000003|    0.008210|
|        6819|    0.170000|  1.3923e-01|   -9.081872|   -8.835206|   -0.000003|    0.008210|
|        6820|    0.173000|  1.3924e-01|   -9.081897|   -8.835200|   -0.000003|    0.008210|
|        6821|    0.168000|  1.3924e-01|   -9.081922|   -8.835195|   -0.000003|    0.008210|
|        6822|    0.160000|  1.3924e-01|   -9.081948|   -8.835189|   -0.000003|    0.008210|
|        6823|    0.157000|  1.3925e-01|   -9.081973|   -8.835183|   -0.000003|    0.008210|
|        6824|    0.160000|  1.3925e-01|   -9.081998|   -8.835177|   -0.000003|    0.008210|
|        6825|    0.165000|  1.3925e-01|   -9.082023|   -8.835171|   -0.000003|    0.008210|
|        6826|    0.167000|  1.3926e-01|   -9.082048|   -8.835165|   -0.000003|    0.008210|
|        6827|    0.192000|  1.3927e-01|   -9.082073|   -8.835160|   -0.000003|    0.008210|
|        6828|    0.180000|  1.3927e-01|   -9.082098|   -8.835154|   -0.000003|    0.008210|
|        6829|    0.182000|  1.3928e-01|   -9.082123|   -8.835148|   -0.000003|    0.008210|
|        6830|    0.180000|  1.3928e-01|   -9.082148|   -8.835143|   -0.000003|    0.008210|
|        6831|    0.193000|  1.3929e-01|   -9.082173|   -8.835137|   -0.000003|    0.008210|
|        6832|    0.191000|  1.3930e-01|   -9.082198|   -8.835131|   -0.000003|    0.008210|
|        6833|    0.176000|  1.3930e-01|   -9.082223|   -8.835126|   -0.000003|    0.008210|
|        6834|    0.165000|  1.3931e-01|   -9.082248|   -8.835120|   -0.000003|    0.008210|
|        6835|    0.170000|  1.3931e-01|   -9.082274|   -8.835115|   -0.000003|    0.008210|
|        6836|    0.171000|  1.3932e-01|   -9.082299|   -8.835109|   -0.000003|    0.008210|
|        6837|    0.165000|  1.3932e-01|   -9.082324|   -8.835103|   -0.000003|    0.008210|
|        6838|    0.167000|  1.3932e-01|   -9.082349|   -8.835098|   -0.000003|    0.008210|
|        6839|    0.173000|  1.3933e-01|   -9.082374|   -8.835093|   -0.000003|    0.008210|
|        6840|    0.165000|  1.3933e-01|   -9.082399|   -8.835087|   -0.000003|    0.008210|
|        6841|    0.171000|  1.3934e-01|   -9.082424|   -8.835082|   -0.000003|    0.008210|
|        6842|    0.167000|  1.3934e-01|   -9.082449|   -8.835076|   -0.000003|    0.008210|
|        6843|    0.163000|  1.3935e-01|   -9.082474|   -8.835071|   -0.000003|    0.008210|
|        6844|    0.163000|  1.3935e-01|   -9.082500|   -8.835066|   -0.000003|    0.008210|
|        6845|    0.156000|  1.3935e-01|   -9.082525|   -8.835060|   -0.000003|    0.008210|
|        6846|    0.152000|  1.3935e-01|   -9.082550|   -8.835055|   -0.000003|    0.008210|
|        6847|    0.148000|  1.3935e-01|   -9.082575|   -8.835050|   -0.000003|    0.008210|
|        6848|    0.141000|  1.3935e-01|   -9.082600|   -8.835045|   -0.000003|    0.008210|
|        6849|    0.137000|  1.3935e-01|   -9.082625|   -8.835039|   -0.000003|    0.008209|
|        6850|    0.144000|  1.3936e-01|   -9.082651|   -8.835034|   -0.000003|    0.008209|
|        6851|    0.145000|  1.3936e-01|   -9.082676|   -8.835029|   -0.000003|    0.008209|
|        6852|    0.151000|  1.3936e-01|   -9.082701|   -8.835024|   -0.000003|    0.008209|
|        6853|    0.150000|  1.3936e-01|   -9.082726|   -8.835019|   -0.000003|    0.008209|
|        6854|    0.152000|  1.3936e-01|   -9.082751|   -8.835014|   -0.000003|    0.008209|
|        6855|    0.148000|  1.3936e-01|   -9.082777|   -8.835009|   -0.000003|    0.008209|
|        6856|    0.147000|  1.3936e-01|   -9.082802|   -8.835004|   -0.000003|    0.008209|
|        6857|    0.156000|  1.3937e-01|   -9.082827|   -8.834999|   -0.000003|    0.008209|
|        6858|    0.161000|  1.3937e-01|   -9.082852|   -8.834994|   -0.000003|    0.008209|
|        6859|    0.178000|  1.3937e-01|   -9.082878|   -8.834989|   -0.000003|    0.008209|
|        6860|    0.132000|  1.3937e-01|   -9.082903|   -8.834984|   -0.000003|    0.008209|
|        6861|    0.139000|  1.3937e-01|   -9.082928|   -8.834979|   -0.000003|    0.008209|
|        6862|    0.137000|  1.3937e-01|   -9.082953|   -8.834974|   -0.000003|    0.008209|
|        6863|    0.138000|  1.3937e-01|   -9.082979|   -8.834969|   -0.000003|    0.008209|
|        6864|    0.134000|  1.3937e-01|   -9.083004|   -8.834965|   -0.000003|    0.008209|
|        6865|    0.137000|  1.3937e-01|   -9.083029|   -8.834960|   -0.000003|    0.008209|
|        6866|    0.127000|  1.3937e-01|   -9.083055|   -8.834955|   -0.000003|    0.008209|
|        6867|    0.150000|  1.3937e-01|   -9.083080|   -8.834950|   -0.000003|    0.008209|
|        6868|    0.148000|  1.3937e-01|   -9.083105|   -8.834945|   -0.000003|    0.008209|
|        6869|    0.140000|  1.3937e-01|   -9.083130|   -8.834941|   -0.000003|    0.008209|
|        6870|    0.133000|  1.3937e-01|   -9.083156|   -8.834936|   -0.000003|    0.008209|
|        6871|    0.133000|  1.3937e-01|   -9.083181|   -8.834931|   -0.000003|    0.008209|
|        6872|    0.147000|  1.3937e-01|   -9.083206|   -8.834927|   -0.000003|    0.008209|
|        6873|    0.135000|  1.3937e-01|   -9.083232|   -8.834922|   -0.000003|    0.008209|
|        6874|    0.142000|  1.3937e-01|   -9.083257|   -8.834918|   -0.000003|    0.008209|
|        6875|    0.140000|  1.3937e-01|   -9.083282|   -8.834913|   -0.000003|    0.008209|
|        6876|    0.140000|  1.3937e-01|   -9.083308|   -8.834909|   -0.000003|    0.008209|
|        6877|    0.143000|  1.3937e-01|   -9.083333|   -8.834904|   -0.000003|    0.008209|
|        6878|    0.139000|  1.3937e-01|   -9.083358|   -8.834899|   -0.000003|    0.008209|
|        6879|    0.141000|  1.3937e-01|   -9.083384|   -8.834895|   -0.000003|    0.008209|
|        6880|    0.151000|  1.3937e-01|   -9.083409|   -8.834890|   -0.000003|    0.008209|
|        6881|    0.140000|  1.3937e-01|   -9.083435|   -8.834885|   -0.000003|    0.008209|
|        6882|    0.141000|  1.3937e-01|   -9.083460|   -8.834881|   -0.000003|    0.008209|
|        6883|    0.143000|  1.3938e-01|   -9.083485|   -8.834876|   -0.000003|    0.008209|
|        6884|    0.144000|  1.3938e-01|   -9.083511|   -8.834871|   -0.000003|    0.008209|
|        6885|    0.141000|  1.3938e-01|   -9.083536|   -8.834867|   -0.000003|    0.008209|
|        6886|    0.133000|  1.3938e-01|   -9.083562|   -8.834862|   -0.000003|    0.008209|
|        6887|    0.140000|  1.3938e-01|   -9.083587|   -8.834858|   -0.000003|    0.008209|
|        6888|    0.136000|  1.3938e-01|   -9.083612|   -8.834853|   -0.000003|    0.008209|
|        6889|    0.142000|  1.3938e-01|   -9.083638|   -8.834849|   -0.000003|    0.008209|
|        6890|    0.143000|  1.3938e-01|   -9.083663|   -8.834845|   -0.000003|    0.008209|
|        6891|    0.135000|  1.3938e-01|   -9.083689|   -8.834840|   -0.000003|    0.008209|
|        6892|    0.142000|  1.3938e-01|   -9.083714|   -8.834836|   -0.000003|    0.008209|
|        6893|    0.132000|  1.3937e-01|   -9.083739|   -8.834831|   -0.000003|    0.008209|
|        6894|    0.138000|  1.3937e-01|   -9.083765|   -8.834827|   -0.000003|    0.008209|
|        6895|    0.140000|  1.3937e-01|   -9.083790|   -8.834823|   -0.000003|    0.008209|
|        6896|    0.141000|  1.3937e-01|   -9.083816|   -8.834819|   -0.000003|    0.008209|
|        6897|    0.141000|  1.3938e-01|   -9.083841|   -8.834814|   -0.000003|    0.008208|
|        6898|    0.139000|  1.3937e-01|   -9.083867|   -8.834810|   -0.000003|    0.008208|
|        6899|    0.139000|  1.3937e-01|   -9.083892|   -8.834806|   -0.000003|    0.008208|
|        6900|    0.147000|  1.3938e-01|   -9.083917|   -8.834802|   -0.000003|    0.008208|
|        6901|    0.148000|  1.3938e-01|   -9.083943|   -8.834798|   -0.000003|    0.008208|
|        6902|    0.137000|  1.3938e-01|   -9.083968|   -8.834793|   -0.000003|    0.008208|
|        6903|    0.142000|  1.3938e-01|   -9.083994|   -8.834789|   -0.000003|    0.008208|
|        6904|    0.142000|  1.3938e-01|   -9.084019|   -8.834785|   -0.000003|    0.008208|
|        6905|    0.141000|  1.3938e-01|   -9.084044|   -8.834781|   -0.000003|    0.008208|
|        6906|    0.144000|  1.3938e-01|   -9.084070|   -8.834777|   -0.000003|    0.008208|
|        6907|    0.141000|  1.3938e-01|   -9.084095|   -8.834773|   -0.000003|    0.008208|
|        6908|    0.142000|  1.3938e-01|   -9.084121|   -8.834769|   -0.000003|    0.008208|
|        6909|    0.144000|  1.3938e-01|   -9.084146|   -8.834765|   -0.000003|    0.008208|
|        6910|    0.146000|  1.3938e-01|   -9.084171|   -8.834761|   -0.000003|    0.008208|
|        6911|    0.143000|  1.3938e-01|   -9.084197|   -8.834757|   -0.000003|    0.008208|
|        6912|    0.137000|  1.3938e-01|   -9.084222|   -8.834753|   -0.000003|    0.008208|
|        6913|    0.147000|  1.3938e-01|   -9.084247|   -8.834750|   -0.000003|    0.008208|
|        6914|    0.139000|  1.3938e-01|   -9.084273|   -8.834746|   -0.000003|    0.008208|
|        6915|    0.143000|  1.3938e-01|   -9.084298|   -8.834742|   -0.000003|    0.008208|
|        6916|    0.140000|  1.3938e-01|   -9.084323|   -8.834738|   -0.000003|    0.008208|
|        6917|    0.133000|  1.3938e-01|   -9.084348|   -8.834735|   -0.000003|    0.008208|
|        6918|    0.139000|  1.3938e-01|   -9.084374|   -8.834731|   -0.000003|    0.008208|
|        6919|    0.141000|  1.3938e-01|   -9.084399|   -8.834727|   -0.000003|    0.008208|
|        6920|    0.139000|  1.3938e-01|   -9.084424|   -8.834723|   -0.000003|    0.008208|
|        6921|    0.144000|  1.3938e-01|   -9.084449|   -8.834720|   -0.000003|    0.008208|
|        6922|    0.135000|  1.3938e-01|   -9.084475|   -8.834716|   -0.000003|    0.008208|
|        6923|    0.143000|  1.3938e-01|   -9.084500|   -8.834713|   -0.000003|    0.008208|
|        6924|    0.132000|  1.3938e-01|   -9.084525|   -8.834709|   -0.000003|    0.008208|
|        6925|    0.147000|  1.3938e-01|   -9.084550|   -8.834705|   -0.000003|    0.008208|
|        6926|    0.155000|  1.3938e-01|   -9.084575|   -8.834702|   -0.000003|    0.008208|
|        6927|    0.158000|  1.3939e-01|   -9.084600|   -8.834698|   -0.000003|    0.008208|
|        6928|    0.134000|  1.3939e-01|   -9.084625|   -8.834695|   -0.000003|    0.008208|
|        6929|    0.141000|  1.3939e-01|   -9.084650|   -8.834692|   -0.000003|    0.008208|
|        6930|    0.143000|  1.3939e-01|   -9.084675|   -8.834688|   -0.000003|    0.008208|
|        6931|    0.147000|  1.3939e-01|   -9.084700|   -8.834685|   -0.000003|    0.008208|
|        6932|    0.138000|  1.3939e-01|   -9.084725|   -8.834681|   -0.000003|    0.008208|
|        6933|    0.129000|  1.3939e-01|   -9.084750|   -8.834678|   -0.000003|    0.008208|
|        6934|    0.129000|  1.3939e-01|   -9.084775|   -8.834675|   -0.000003|    0.008208|
|        6935|    0.142000|  1.3939e-01|   -9.084800|   -8.834671|   -0.000003|    0.008208|
|        6936|    0.161000|  1.3939e-01|   -9.084825|   -8.834668|   -0.000003|    0.008208|
|        6937|    0.164000|  1.3939e-01|   -9.084850|   -8.834665|   -0.000003|    0.008208|
|        6938|    0.134000|  1.3939e-01|   -9.084875|   -8.834662|   -0.000003|    0.008208|
|        6939|    0.135000|  1.3939e-01|   -9.084900|   -8.834658|   -0.000003|    0.008208|
|        6940|    0.144000|  1.3939e-01|   -9.084925|   -8.834655|   -0.000003|    0.008208|
|        6941|    0.137000|  1.3939e-01|   -9.084950|   -8.834652|   -0.000003|    0.008208|
|        6942|    0.150000|  1.3939e-01|   -9.084975|   -8.834649|   -0.000003|    0.008208|
|        6943|    0.169000|  1.3940e-01|   -9.085000|   -8.834646|   -0.000003|    0.008208|
|        6944|    0.157000|  1.3940e-01|   -9.085024|   -8.834643|   -0.000003|    0.008208|
|        6945|    0.157000|  1.3940e-01|   -9.085049|   -8.834640|   -0.000003|    0.008208|
|        6946|    0.134000|  1.3940e-01|   -9.085074|   -8.834636|   -0.000003|    0.008207|
|        6947|    0.157000|  1.3940e-01|   -9.085099|   -8.834633|   -0.000003|    0.008207|
|        6948|    0.150000|  1.3941e-01|   -9.085124|   -8.834630|   -0.000003|    0.008207|
|        6949|    0.146000|  1.3941e-01|   -9.085149|   -8.834627|   -0.000003|    0.008207|
|        6950|    0.163000|  1.3941e-01|   -9.085173|   -8.834625|   -0.000003|    0.008207|
|        6951|    0.155000|  1.3941e-01|   -9.085198|   -8.834622|   -0.000003|    0.008207|
|        6952|    0.160000|  1.3941e-01|   -9.085223|   -8.834619|   -0.000003|    0.008207|
|        6953|    0.164000|  1.3942e-01|   -9.085248|   -8.834616|   -0.000003|    0.008207|
|        6954|    0.161000|  1.3942e-01|   -9.085273|   -8.834613|   -0.000003|    0.008207|
|        6955|    0.163000|  1.3942e-01|   -9.085297|   -8.834610|   -0.000003|    0.008207|
|        6956|    0.154000|  1.3943e-01|   -9.085322|   -8.834607|   -0.000003|    0.008207|
|        6957|    0.144000|  1.3943e-01|   -9.085347|   -8.834604|   -0.000003|    0.008207|
|        6958|    0.150000|  1.3943e-01|   -9.085372|   -8.834602|   -0.000003|    0.008207|
|        6959|    0.153000|  1.3943e-01|   -9.085396|   -8.834599|   -0.000003|    0.008207|
|        6960|    0.147000|  1.3943e-01|   -9.085421|   -8.834596|   -0.000003|    0.008207|
|        6961|    0.152000|  1.3943e-01|   -9.085446|   -8.834593|   -0.000003|    0.008207|
|        6962|    0.148000|  1.3944e-01|   -9.085471|   -8.834591|   -0.000003|    0.008207|
|        6963|    0.146000|  1.3944e-01|   -9.085496|   -8.834588|   -0.000003|    0.008207|
|        6964|    0.144000|  1.3944e-01|   -9.085520|   -8.834585|   -0.000003|    0.008207|
|        6965|    0.151000|  1.3944e-01|   -9.085545|   -8.834583|   -0.000003|    0.008207|
|        6966|    0.148000|  1.3944e-01|   -9.085570|   -8.834580|   -0.000003|    0.008207|
|        6967|    0.148000|  1.3944e-01|   -9.085595|   -8.834578|   -0.000003|    0.008207|
|        6968|    0.149000|  1.3944e-01|   -9.085620|   -8.834575|   -0.000003|    0.008207|
|        6969|    0.150000|  1.3944e-01|   -9.085644|   -8.834573|   -0.000003|    0.008207|
|        6970|    0.142000|  1.3944e-01|   -9.085669|   -8.834570|   -0.000003|    0.008207|
|        6971|    0.162000|  1.3945e-01|   -9.085694|   -8.834568|   -0.000003|    0.008207|
|        6972|    0.140000|  1.3945e-01|   -9.085719|   -8.834565|   -0.000003|    0.008207|
|        6973|    0.138000|  1.3945e-01|   -9.085744|   -8.834563|   -0.000003|    0.008207|
|        6974|    0.145000|  1.3945e-01|   -9.085768|   -8.834560|   -0.000003|    0.008207|
|        6975|    0.146000|  1.3945e-01|   -9.085793|   -8.834558|   -0.000003|    0.008207|
|        6976|    0.145000|  1.3945e-01|   -9.085818|   -8.834556|   -0.000003|    0.008207|
|        6977|    0.133000|  1.3945e-01|   -9.085843|   -8.834553|   -0.000003|    0.008207|
|        6978|    0.130000|  1.3945e-01|   -9.085868|   -8.834551|   -0.000003|    0.008207|
|        6979|    0.142000|  1.3945e-01|   -9.085893|   -8.834549|   -0.000003|    0.008207|
|        6980|    0.151000|  1.3945e-01|   -9.085917|   -8.834546|   -0.000003|    0.008207|
|        6981|    0.146000|  1.3945e-01|   -9.085942|   -8.834544|   -0.000003|    0.008207|
|        6982|    0.151000|  1.3945e-01|   -9.085967|   -8.834542|   -0.000003|    0.008207|
|        6983|    0.147000|  1.3945e-01|   -9.085992|   -8.834540|   -0.000003|    0.008207|
|        6984|    0.132000|  1.3945e-01|   -9.086017|   -8.834538|   -0.000003|    0.008207|
|        6985|    0.135000|  1.3945e-01|   -9.086042|   -8.834535|   -0.000003|    0.008207|
|        6986|    0.133000|  1.3945e-01|   -9.086066|   -8.834533|   -0.000003|    0.008207|
|        6987|    0.142000|  1.3945e-01|   -9.086091|   -8.834531|   -0.000003|    0.008207|
|        6988|    0.136000|  1.3945e-01|   -9.086116|   -8.834529|   -0.000003|    0.008207|
|        6989|    0.146000|  1.3945e-01|   -9.086141|   -8.834527|   -0.000003|    0.008207|
|        6990|    0.135000|  1.3945e-01|   -9.086166|   -8.834525|   -0.000003|    0.008207|
|        6991|    0.137000|  1.3945e-01|   -9.086191|   -8.834523|   -0.000003|    0.008207|
|        6992|    0.133000|  1.3945e-01|   -9.086215|   -8.834521|   -0.000003|    0.008207|
|        6993|    0.136000|  1.3945e-01|   -9.086240|   -8.834519|   -0.000003|    0.008207|
|        6994|    0.139000|  1.3945e-01|   -9.086265|   -8.834517|   -0.000003|    0.008207|
|        6995|    0.140000|  1.3945e-01|   -9.086290|   -8.834515|   -0.000003|    0.008207|
|        6996|    0.154000|  1.3945e-01|   -9.086315|   -8.834513|   -0.000003|    0.008206|
|        6997|    0.143000|  1.3945e-01|   -9.086340|   -8.834512|   -0.000003|    0.008206|
|        6998|    0.144000|  1.3945e-01|   -9.086364|   -8.834510|   -0.000003|    0.008206|
|        6999|    0.142000|  1.3945e-01|   -9.086389|   -8.834508|   -0.000003|    0.008206|
|        7000|    0.137000|  1.3945e-01|   -9.086414|   -8.834506|   -0.000003|    0.008206|
+-----------------------------------------------------------------------+
|        File Writing Summary       |              Filename             |
+-----------------------------------------------------------------------+
|SU2 binary restart                 |restart_flow_alpha0_449x129.dat    |
|Paraview                           |flow_alpha0_449x129.vtu            |
|Paraview surface                   |surface_flow_alpha0_449x129.vtu    |
+-----------------------------------------------------------------------+
+------------------------------------------------------------------------------------------+
|  Inner_Iter|   Time(sec)|   Time(sec)|      rms[P]|     rms[nu]|          CL|          CD|
+------------------------------------------------------------------------------------------+
|        7001|    0.222000|  1.3946e-01|   -9.086439|   -8.834505|   -0.000003|    0.008206|
|        7002|    0.181000|  1.3947e-01|   -9.086464|   -8.834503|   -0.000003|    0.008206|
|        7003|    0.167000|  1.3947e-01|   -9.086489|   -8.834501|   -0.000003|    0.008206|
|        7004|    0.137000|  1.3947e-01|   -9.086514|   -8.834499|   -0.000003|    0.008206|
|        7005|    0.135000|  1.3947e-01|   -9.086538|   -8.834498|   -0.000003|    0.008206|
|        7006|    0.130000|  1.3947e-01|   -9.086563|   -8.834496|   -0.000003|    0.008206|
|        7007|    0.136000|  1.3947e-01|   -9.086588|   -8.834494|   -0.000003|    0.008206|
|        7008|    0.130000|  1.3947e-01|   -9.086613|   -8.834493|   -0.000003|    0.008206|
|        7009|    0.139000|  1.3947e-01|   -9.086638|   -8.834491|   -0.000003|    0.008206|
|        7010|    0.144000|  1.3947e-01|   -9.086663|   -8.834490|   -0.000003|    0.008206|
|        7011|    0.135000|  1.3947e-01|   -9.086687|   -8.834488|   -0.000003|    0.008206|
|        7012|    0.135000|  1.3947e-01|   -9.086712|   -8.834487|   -0.000003|    0.008206|
|        7013|    0.140000|  1.3947e-01|   -9.086737|   -8.834485|   -0.000003|    0.008206|
|        7014|    0.141000|  1.3947e-01|   -9.086762|   -8.834484|   -0.000003|    0.008206|
|        7015|    0.132000|  1.3947e-01|   -9.086787|   -8.834482|   -0.000003|    0.008206|
|        7016|    0.140000|  1.3947e-01|   -9.086811|   -8.834481|   -0.000003|    0.008206|
|        7017|    0.150000|  1.3947e-01|   -9.086836|   -8.834480|   -0.000003|    0.008206|
|        7018|    0.136000|  1.3947e-01|   -9.086861|   -8.834478|   -0.000003|    0.008206|
|        7019|    0.136000|  1.3947e-01|   -9.086886|   -8.834477|   -0.000003|    0.008206|
|        7020|    0.138000|  1.3947e-01|   -9.086911|   -8.834476|   -0.000003|    0.008206|
|        7021|    0.148000|  1.3947e-01|   -9.086935|   -8.834474|   -0.000003|    0.008206|
|        7022|    0.130000|  1.3947e-01|   -9.086960|   -8.834473|   -0.000003|    0.008206|
|        7023|    0.150000|  1.3947e-01|   -9.086985|   -8.834471|   -0.000003|    0.008206|
|        7024|    0.169000|  1.3947e-01|   -9.087010|   -8.834470|   -0.000003|    0.008206|
|        7025|    0.156000|  1.3948e-01|   -9.087035|   -8.834469|   -0.000003|    0.008206|
|        7026|    0.139000|  1.3948e-01|   -9.087059|   -8.834467|   -0.000003|    0.008206|
|        7027|    0.137000|  1.3948e-01|   -9.087084|   -8.834466|   -0.000003|    0.008206|
|        7028|    0.134000|  1.3948e-01|   -9.087109|   -8.834464|   -0.000003|    0.008206|
|        7029|    0.146000|  1.3948e-01|   -9.087134|   -8.834463|   -0.000003|    0.008206|
|        7030|    0.144000|  1.3948e-01|   -9.087159|   -8.834461|   -0.000003|    0.008206|
|        7031|    0.138000|  1.3948e-01|   -9.087183|   -8.834460|   -0.000003|    0.008206|
|        7032|    0.138000|  1.3948e-01|   -9.087208|   -8.834458|   -0.000003|    0.008206|
|        7033|    0.137000|  1.3948e-01|   -9.087233|   -8.834457|   -0.000003|    0.008206|
|        7034|    0.141000|  1.3948e-01|   -9.087258|   -8.834456|   -0.000003|    0.008206|
|        7035|    0.139000|  1.3948e-01|   -9.087282|   -8.834454|   -0.000003|    0.008206|
|        7036|    0.139000|  1.3948e-01|   -9.087307|   -8.834453|   -0.000003|    0.008206|
|        7037|    0.139000|  1.3948e-01|   -9.087332|   -8.834452|   -0.000003|    0.008206|
|        7038|    0.143000|  1.3948e-01|   -9.087357|   -8.834451|   -0.000003|    0.008206|
|        7039|    0.137000|  1.3948e-01|   -9.087381|   -8.834450|   -0.000003|    0.008206|
|        7040|    0.142000|  1.3948e-01|   -9.087406|   -8.834448|   -0.000003|    0.008206|
|        7041|    0.149000|  1.3948e-01|   -9.087431|   -8.834447|   -0.000003|    0.008206|
|        7042|    0.132000|  1.3948e-01|   -9.087456|   -8.834446|   -0.000003|    0.008206|
|        7043|    0.132000|  1.3948e-01|   -9.087480|   -8.834445|   -0.000003|    0.008206|
|        7044|    0.145000|  1.3948e-01|   -9.087505|   -8.834444|   -0.000003|    0.008206|
|        7045|    0.155000|  1.3948e-01|   -9.087530|   -8.834443|   -0.000003|    0.008206|
|        7046|    0.134000|  1.3948e-01|   -9.087555|   -8.834442|   -0.000003|    0.008205|
|        7047|    0.139000|  1.3948e-01|   -9.087579|   -8.834441|   -0.000003|    0.008205|
|        7048|    0.138000|  1.3948e-01|   -9.087604|   -8.834440|   -0.000003|    0.008205|
|        7049|    0.143000|  1.3948e-01|   -9.087629|   -8.834439|   -0.000003|    0.008205|
|        7050|    0.134000|  1.3948e-01|   -9.087654|   -8.834438|   -0.000003|    0.008205|
|        7051|    0.136000|  1.3948e-01|   -9.087678|   -8.834437|   -0.000003|    0.008205|
|        7052|    0.144000|  1.3948e-01|   -9.087703|   -8.834436|   -0.000003|    0.008205|
|        7053|    0.136000|  1.3948e-01|   -9.087728|   -8.834435|   -0.000003|    0.008205|
|        7054|    0.135000|  1.3948e-01|   -9.087753|   -8.834434|   -0.000003|    0.008205|
|        7055|    0.135000|  1.3948e-01|   -9.087777|   -8.834434|   -0.000003|    0.008205|
|        7056|    0.138000|  1.3948e-01|   -9.087802|   -8.834433|   -0.000003|    0.008205|
|        7057|    0.155000|  1.3948e-01|   -9.087827|   -8.834432|   -0.000003|    0.008205|
|        7058|    0.152000|  1.3948e-01|   -9.087852|   -8.834431|   -0.000003|    0.008205|
|        7059|    0.124000|  1.3948e-01|   -9.087877|   -8.834431|   -0.000003|    0.008205|
|        7060|    0.158000|  1.3948e-01|   -9.087901|   -8.834430|   -0.000003|    0.008205|
|        7061|    0.183000|  1.3949e-01|   -9.087926|   -8.834429|   -0.000003|    0.008205|
|        7062|    0.171000|  1.3949e-01|   -9.087951|   -8.834429|   -0.000003|    0.008205|
|        7063|    0.165000|  1.3949e-01|   -9.087976|   -8.834428|   -0.000003|    0.008205|
|        7064|    0.166000|  1.3950e-01|   -9.088001|   -8.834427|   -0.000003|    0.008205|
|        7065|    0.161000|  1.3950e-01|   -9.088025|   -8.834427|   -0.000003|    0.008205|
|        7066|    0.169000|  1.3951e-01|   -9.088050|   -8.834426|   -0.000003|    0.008205|
|        7067|    0.156000|  1.3951e-01|   -9.088075|   -8.834426|   -0.000003|    0.008205|
|        7068|    0.153000|  1.3951e-01|   -9.088100|   -8.834425|   -0.000003|    0.008205|
|        7069|    0.139000|  1.3951e-01|   -9.088125|   -8.834425|   -0.000003|    0.008205|
|        7070|    0.139000|  1.3951e-01|   -9.088150|   -8.834424|   -0.000003|    0.008205|
|        7071|    0.132000|  1.3951e-01|   -9.088175|   -8.834424|   -0.000003|    0.008205|
|        7072|    0.145000|  1.3951e-01|   -9.088200|   -8.834423|   -0.000003|    0.008205|
|        7073|    0.147000|  1.3951e-01|   -9.088225|   -8.834422|   -0.000003|    0.008205|
|        7074|    0.138000|  1.3951e-01|   -9.088250|   -8.834422|   -0.000003|    0.008205|
|        7075|    0.144000|  1.3951e-01|   -9.088275|   -8.834421|   -0.000003|    0.008205|
|        7076|    0.138000|  1.3951e-01|   -9.088300|   -8.834421|   -0.000003|    0.008205|
|        7077|    0.137000|  1.3951e-01|   -9.088325|   -8.834420|   -0.000003|    0.008205|
|        7078|    0.143000|  1.3951e-01|   -9.088350|   -8.834420|   -0.000003|    0.008205|
|        7079|    0.130000|  1.3951e-01|   -9.088375|   -8.834420|   -0.000003|    0.008205|
|        7080|    0.162000|  1.3951e-01|   -9.088400|   -8.834419|   -0.000003|    0.008205|
|        7081|    0.157000|  1.3951e-01|   -9.088425|   -8.834419|   -0.000003|    0.008205|
|        7082|    0.138000|  1.3951e-01|   -9.088450|   -8.834418|   -0.000003|    0.008205|
|        7083|    0.138000|  1.3951e-01|   -9.088475|   -8.834418|   -0.000003|    0.008205|
|        7084|    0.144000|  1.3952e-01|   -9.088500|   -8.834417|   -0.000003|    0.008205|
|        7085|    0.143000|  1.3952e-01|   -9.088525|   -8.834417|   -0.000003|    0.008205|
|        7086|    0.133000|  1.3951e-01|   -9.088550|   -8.834417|   -0.000003|    0.008205|
|        7087|    0.144000|  1.3952e-01|   -9.088575|   -8.834416|   -0.000003|    0.008205|
|        7088|    0.148000|  1.3952e-01|   -9.088600|   -8.834416|   -0.000003|    0.008205|
|        7089|    0.127000|  1.3951e-01|   -9.088625|   -8.834416|   -0.000003|    0.008205|
|        7090|    0.135000|  1.3951e-01|   -9.088650|   -8.834416|   -0.000003|    0.008205|
|        7091|    0.134000|  1.3951e-01|   -9.088675|   -8.834415|   -0.000003|    0.008205|
|        7092|    0.145000|  1.3951e-01|   -9.088700|   -8.834415|   -0.000003|    0.008205|
|        7093|    0.134000|  1.3951e-01|   -9.088725|   -8.834415|   -0.000003|    0.008205|
|        7094|    0.146000|  1.3951e-01|   -9.088750|   -8.834415|   -0.000003|    0.008205|
|        7095|    0.145000|  1.3952e-01|   -9.088775|   -8.834415|   -0.000003|    0.008205|
|        7096|    0.149000|  1.3952e-01|   -9.088800|   -8.834415|   -0.000003|    0.008204|
|        7097|    0.151000|  1.3952e-01|   -9.088825|   -8.834415|   -0.000003|    0.008204|
|        7098|    0.149000|  1.3952e-01|   -9.088850|   -8.834415|   -0.000003|    0.008204|
|        7099|    0.151000|  1.3952e-01|   -9.088875|   -8.834414|   -0.000003|    0.008204|
|        7100|    0.147000|  1.3952e-01|   -9.088899|   -8.834414|   -0.000003|    0.008204|
|        7101|    0.144000|  1.3952e-01|   -9.088924|   -8.834414|   -0.000003|    0.008204|
|        7102|    0.131000|  1.3952e-01|   -9.088949|   -8.834414|   -0.000003|    0.008204|
|        7103|    0.137000|  1.3952e-01|   -9.088974|   -8.834415|   -0.000003|    0.008204|
|        7104|    0.129000|  1.3952e-01|   -9.088998|   -8.834415|   -0.000003|    0.008204|
|        7105|    0.145000|  1.3952e-01|   -9.089023|   -8.834415|   -0.000003|    0.008204|
|        7106|    0.130000|  1.3952e-01|   -9.089048|   -8.834415|   -0.000003|    0.008204|
|        7107|    0.144000|  1.3952e-01|   -9.089072|   -8.834415|   -0.000003|    0.008204|
|        7108|    0.128000|  1.3952e-01|   -9.089097|   -8.834415|   -0.000003|    0.008204|
|        7109|    0.169000|  1.3952e-01|   -9.089121|   -8.834415|   -0.000003|    0.008204|
|        7110|    0.175000|  1.3953e-01|   -9.089146|   -8.834415|   -0.000003|    0.008204|
|        7111|    0.178000|  1.3953e-01|   -9.089170|   -8.834416|   -0.000003|    0.008204|
|        7112|    0.155000|  1.3953e-01|   -9.089195|   -8.834416|   -0.000003|    0.008204|
|        7113|    0.147000|  1.3954e-01|   -9.089219|   -8.834416|   -0.000003|    0.008204|
|        7114|    0.132000|  1.3953e-01|   -9.089243|   -8.834416|   -0.000003|    0.008204|
|        7115|    0.138000|  1.3953e-01|   -9.089268|   -8.834417|   -0.000003|    0.008204|
|        7116|    0.152000|  1.3954e-01|   -9.089292|   -8.834417|   -0.000003|    0.008204|
|        7117|    0.140000|  1.3954e-01|   -9.089316|   -8.834417|   -0.000003|    0.008204|
|        7118|    0.141000|  1.3954e-01|   -9.089341|   -8.834418|   -0.000003|    0.008204|
|        7119|    0.142000|  1.3954e-01|   -9.089365|   -8.834418|   -0.000003|    0.008204|
|        7120|    0.146000|  1.3954e-01|   -9.089389|   -8.834418|   -0.000003|    0.008204|
|        7121|    0.139000|  1.3954e-01|   -9.089413|   -8.834419|   -0.000003|    0.008204|
|        7122|    0.144000|  1.3954e-01|   -9.089438|   -8.834419|   -0.000003|    0.008204|
|        7123|    0.134000|  1.3954e-01|   -9.089462|   -8.834420|   -0.000003|    0.008204|
|        7124|    0.140000|  1.3954e-01|   -9.089486|   -8.834420|   -0.000003|    0.008204|
|        7125|    0.142000|  1.3954e-01|   -9.089510|   -8.834421|   -0.000003|    0.008204|
|        7126|    0.149000|  1.3954e-01|   -9.089534|   -8.834421|   -0.000003|    0.008204|
|        7127|    0.138000|  1.3954e-01|   -9.089558|   -8.834422|   -0.000003|    0.008204|
|        7128|    0.149000|  1.3954e-01|   -9.089582|   -8.834422|   -0.000003|    0.008204|
|        7129|    0.135000|  1.3954e-01|   -9.089607|   -8.834423|   -0.000003|    0.008204|
|        7130|    0.163000|  1.3954e-01|   -9.089631|   -8.834424|   -0.000003|    0.008204|
|        7131|    0.151000|  1.3954e-01|   -9.089655|   -8.834424|   -0.000003|    0.008204|
|        7132|    0.154000|  1.3955e-01|   -9.089679|   -8.834425|   -0.000003|    0.008204|
|        7133|    0.150000|  1.3955e-01|   -9.089703|   -8.834426|   -0.000003|    0.008204|
|        7134|    0.156000|  1.3955e-01|   -9.089727|   -8.834426|   -0.000003|    0.008204|
|        7135|    0.151000|  1.3955e-01|   -9.089751|   -8.834427|   -0.000003|    0.008204|
|        7136|    0.145000|  1.3955e-01|   -9.089775|   -8.834428|   -0.000003|    0.008204|
|        7137|    0.147000|  1.3955e-01|   -9.089799|   -8.834428|   -0.000003|    0.008204|
|        7138|    0.157000|  1.3956e-01|   -9.089824|   -8.834429|   -0.000003|    0.008204|
|        7139|    0.141000|  1.3956e-01|   -9.089848|   -8.834430|   -0.000003|    0.008204|
|        7140|    0.145000|  1.3956e-01|   -9.089872|   -8.834431|   -0.000003|    0.008204|
|        7141|    0.136000|  1.3956e-01|   -9.089896|   -8.834432|   -0.000003|    0.008204|
|        7142|    0.137000|  1.3956e-01|   -9.089920|   -8.834433|   -0.000003|    0.008204|
|        7143|    0.136000|  1.3956e-01|   -9.089944|   -8.834433|   -0.000003|    0.008204|
|        7144|    0.139000|  1.3956e-01|   -9.089969|   -8.834434|   -0.000003|    0.008204|
|        7145|    0.141000|  1.3956e-01|   -9.089993|   -8.834435|   -0.000003|    0.008204|
|        7146|    0.137000|  1.3956e-01|   -9.090017|   -8.834436|   -0.000003|    0.008204|
|        7147|    0.143000|  1.3956e-01|   -9.090041|   -8.834437|   -0.000003|    0.008203|
|        7148|    0.143000|  1.3956e-01|   -9.090066|   -8.834438|   -0.000003|    0.008203|
|        7149|    0.142000|  1.3956e-01|   -9.090090|   -8.834439|   -0.000003|    0.008203|
|        7150|    0.139000|  1.3956e-01|   -9.090114|   -8.834440|   -0.000003|    0.008203|
|        7151|    0.135000|  1.3956e-01|   -9.090138|   -8.834441|   -0.000003|    0.008203|
|        7152|    0.138000|  1.3956e-01|   -9.090163|   -8.834442|   -0.000003|    0.008203|
|        7153|    0.144000|  1.3956e-01|   -9.090187|   -8.834443|   -0.000003|    0.008203|
|        7154|    0.143000|  1.3956e-01|   -9.090211|   -8.834444|   -0.000003|    0.008203|
|        7155|    0.143000|  1.3956e-01|   -9.090236|   -8.834446|   -0.000003|    0.008203|
|        7156|    0.143000|  1.3956e-01|   -9.090260|   -8.834447|   -0.000003|    0.008203|
|        7157|    0.146000|  1.3956e-01|   -9.090284|   -8.834448|   -0.000003|    0.008203|
|        7158|    0.155000|  1.3956e-01|   -9.090309|   -8.834449|   -0.000003|    0.008203|
|        7159|    0.142000|  1.3956e-01|   -9.090333|   -8.834450|   -0.000003|    0.008203|
|        7160|    0.140000|  1.3956e-01|   -9.090358|   -8.834451|   -0.000003|    0.008203|
|        7161|    0.130000|  1.3956e-01|   -9.090382|   -8.834453|   -0.000003|    0.008203|
|        7162|    0.145000|  1.3956e-01|   -9.090407|   -8.834454|   -0.000003|    0.008203|
|        7163|    0.144000|  1.3956e-01|   -9.090431|   -8.834455|   -0.000003|    0.008203|
|        7164|    0.141000|  1.3956e-01|   -9.090455|   -8.834456|   -0.000003|    0.008203|
|        7165|    0.138000|  1.3956e-01|   -9.090480|   -8.834458|   -0.000003|    0.008203|
|        7166|    0.165000|  1.3957e-01|   -9.090504|   -8.834459|   -0.000003|    0.008203|
|        7167|    0.154000|  1.3957e-01|   -9.090529|   -8.834460|   -0.000003|    0.008203|
|        7168|    0.163000|  1.3957e-01|   -9.090553|   -8.834462|   -0.000003|    0.008203|
|        7169|    0.134000|  1.3957e-01|   -9.090578|   -8.834463|   -0.000003|    0.008203|
|        7170|    0.140000|  1.3957e-01|   -9.090602|   -8.834465|   -0.000003|    0.008203|
|        7171|    0.150000|  1.3957e-01|   -9.090627|   -8.834466|   -0.000003|    0.008203|
|        7172|    0.145000|  1.3957e-01|   -9.090651|   -8.834467|   -0.000003|    0.008203|
|        7173|    0.151000|  1.3957e-01|   -9.090676|   -8.834469|   -0.000003|    0.008203|
|        7174|    0.148000|  1.3957e-01|   -9.090700|   -8.834470|   -0.000003|    0.008203|
|        7175|    0.132000|  1.3957e-01|   -9.090724|   -8.834472|   -0.000003|    0.008203|
|        7176|    0.129000|  1.3957e-01|   -9.090749|   -8.834473|   -0.000003|    0.008203|
|        7177|    0.132000|  1.3957e-01|   -9.090773|   -8.834475|   -0.000003|    0.008203|
|        7178|    0.126000|  1.3957e-01|   -9.090798|   -8.834476|   -0.000003|    0.008203|
|        7179|    0.135000|  1.3957e-01|   -9.090822|   -8.834478|   -0.000003|    0.008203|
|        7180|    0.143000|  1.3957e-01|   -9.090847|   -8.834480|   -0.000003|    0.008203|
|        7181|    0.147000|  1.3957e-01|   -9.090871|   -8.834481|   -0.000003|    0.008203|
|        7182|    0.146000|  1.3957e-01|   -9.090895|   -8.834483|   -0.000003|    0.008203|
|        7183|    0.159000|  1.3957e-01|   -9.090920|   -8.834485|   -0.000003|    0.008203|
|        7184|    0.143000|  1.3957e-01|   -9.090944|   -8.834486|   -0.000003|    0.008203|
|        7185|    0.147000|  1.3958e-01|   -9.090969|   -8.834488|   -0.000003|    0.008203|
|        7186|    0.150000|  1.3958e-01|   -9.090993|   -8.834490|   -0.000003|    0.008203|
|        7187|    0.151000|  1.3958e-01|   -9.091018|   -8.834491|   -0.000003|    0.008203|
|        7188|    0.153000|  1.3958e-01|   -9.091042|   -8.834493|   -0.000003|    0.008203|
|        7189|    0.154000|  1.3958e-01|   -9.091067|   -8.834495|   -0.000003|    0.008203|
|        7190|    0.151000|  1.3958e-01|   -9.091091|   -8.834497|   -0.000003|    0.008203|
|        7191|    0.155000|  1.3959e-01|   -9.091116|   -8.834499|   -0.000003|    0.008203|
|        7192|    0.153000|  1.3959e-01|   -9.091140|   -8.834500|   -0.000003|    0.008203|
|        7193|    0.156000|  1.3959e-01|   -9.091165|   -8.834502|   -0.000003|    0.008203|
|        7194|    0.145000|  1.3959e-01|   -9.091189|   -8.834504|   -0.000003|    0.008203|
|        7195|    0.153000|  1.3959e-01|   -9.091214|   -8.834506|   -0.000003|    0.008203|
|        7196|    0.164000|  1.3960e-01|   -9.091238|   -8.834508|   -0.000003|    0.008203|
|        7197|    0.153000|  1.3960e-01|   -9.091263|   -8.834510|   -0.000003|    0.008203|
|        7198|    0.167000|  1.3960e-01|   -9.091287|   -8.834512|   -0.000003|    0.008202|
|        7199|    0.167000|  1.3961e-01|   -9.091312|   -8.834514|   -0.000003|    0.008202|
|        7200|    0.143000|  1.3961e-01|   -9.091337|   -8.834516|   -0.000003|    0.008202|
|        7201|    0.148000|  1.3961e-01|   -9.091361|   -8.834518|   -0.000003|    0.008202|
|        7202|    0.154000|  1.3961e-01|   -9.091386|   -8.834520|   -0.000003|    0.008202|
|        7203|    0.150000|  1.3961e-01|   -9.091411|   -8.834522|   -0.000003|    0.008202|
|        7204|    0.150000|  1.3961e-01|   -9.091435|   -8.834524|   -0.000003|    0.008202|
|        7205|    0.148000|  1.3961e-01|   -9.091460|   -8.834526|   -0.000003|    0.008202|
|        7206|    0.143000|  1.3961e-01|   -9.091485|   -8.834528|   -0.000003|    0.008202|
|        7207|    0.133000|  1.3961e-01|   -9.091509|   -8.834530|   -0.000003|    0.008202|
|        7208|    0.150000|  1.3961e-01|   -9.091534|   -8.834532|   -0.000003|    0.008202|
|        7209|    0.150000|  1.3962e-01|   -9.091559|   -8.834534|   -0.000003|    0.008202|
|        7210|    0.139000|  1.3962e-01|   -9.091584|   -8.834536|   -0.000003|    0.008202|
|        7211|    0.151000|  1.3962e-01|   -9.091609|   -8.834539|   -0.000003|    0.008202|
|        7212|    0.163000|  1.3962e-01|   -9.091633|   -8.834541|   -0.000003|    0.008202|
|        7213|    0.156000|  1.3962e-01|   -9.091658|   -8.834543|   -0.000003|    0.008202|
|        7214|    0.126000|  1.3962e-01|   -9.091683|   -8.834545|   -0.000003|    0.008202|
|        7215|    0.137000|  1.3962e-01|   -9.091708|   -8.834547|   -0.000003|    0.008202|
|        7216|    0.131000|  1.3962e-01|   -9.091733|   -8.834550|   -0.000003|    0.008202|
|        7217|    0.144000|  1.3962e-01|   -9.091758|   -8.834552|   -0.000003|    0.008202|
|        7218|    0.127000|  1.3962e-01|   -9.091783|   -8.834554|   -0.000003|    0.008202|
|        7219|    0.135000|  1.3962e-01|   -9.091808|   -8.834556|   -0.000003|    0.008202|
|        7220|    0.144000|  1.3962e-01|   -9.091833|   -8.834559|   -0.000003|    0.008202|
|        7221|    0.142000|  1.3962e-01|   -9.091858|   -8.834561|   -0.000003|    0.008202|
|        7222|    0.134000|  1.3962e-01|   -9.091883|   -8.834563|   -0.000003|    0.008202|
|        7223|    0.138000|  1.3962e-01|   -9.091908|   -8.834566|   -0.000003|    0.008202|
|        7224|    0.140000|  1.3962e-01|   -9.091933|   -8.834568|   -0.000003|    0.008202|
|        7225|    0.148000|  1.3962e-01|   -9.091958|   -8.834570|   -0.000003|    0.008202|
|        7226|    0.145000|  1.3962e-01|   -9.091983|   -8.834573|   -0.000003|    0.008202|
|        7227|    0.147000|  1.3962e-01|   -9.092009|   -8.834575|   -0.000003|    0.008202|
|        7228|    0.139000|  1.3962e-01|   -9.092034|   -8.834578|   -0.000003|    0.008202|
|        7229|    0.148000|  1.3962e-01|   -9.092059|   -8.834580|   -0.000003|    0.008202|
|        7230|    0.178000|  1.3963e-01|   -9.092084|   -8.834583|   -0.000003|    0.008202|
|        7231|    0.144000|  1.3963e-01|   -9.092109|   -8.834585|   -0.000003|    0.008202|
|        7232|    0.137000|  1.3963e-01|   -9.092135|   -8.834588|   -0.000003|    0.008202|
|        7233|    0.142000|  1.3963e-01|   -9.092160|   -8.834590|   -0.000003|    0.008202|
|        7234|    0.134000|  1.3963e-01|   -9.092185|   -8.834593|   -0.000003|    0.008202|
|        7235|    0.133000|  1.3963e-01|   -9.092211|   -8.834595|   -0.000003|    0.008202|
|        7236|    0.128000|  1.3962e-01|   -9.092236|   -8.834598|   -0.000003|    0.008202|
|        7237|    0.145000|  1.3962e-01|   -9.092261|   -8.834601|   -0.000003|    0.008202|
|        7238|    0.137000|  1.3962e-01|   -9.092287|   -8.834603|   -0.000003|    0.008202|
|        7239|    0.139000|  1.3962e-01|   -9.092312|   -8.834606|   -0.000003|    0.008202|
|        7240|    0.157000|  1.3963e-01|   -9.092338|   -8.834609|   -0.000003|    0.008202|
|        7241|    0.170000|  1.3963e-01|   -9.092363|   -8.834612|   -0.000003|    0.008202|
|        7242|    0.186000|  1.3964e-01|   -9.092388|   -8.834614|   -0.000003|    0.008202|
|        7243|    0.175000|  1.3964e-01|   -9.092414|   -8.834617|   -0.000003|    0.008202|
|        7244|    0.174000|  1.3965e-01|   -9.092439|   -8.834620|   -0.000003|    0.008202|
|        7245|    0.175000|  1.3965e-01|   -9.092465|   -8.834623|   -0.000003|    0.008202|
|        7246|    0.149000|  1.3965e-01|   -9.092490|   -8.834625|   -0.000003|    0.008202|
|        7247|    0.152000|  1.3965e-01|   -9.092516|   -8.834628|   -0.000003|    0.008202|
|        7248|    0.173000|  1.3966e-01|   -9.092541|   -8.834631|   -0.000003|    0.008202|
|        7249|    0.155000|  1.3966e-01|   -9.092567|   -8.834634|   -0.000003|    0.008202|
|        7250|    0.145000|  1.3966e-01|   -9.092592|   -8.834637|   -0.000003|    0.008201|
+-----------------------------------------------------------------------+
|        File Writing Summary       |              Filename             |
+-----------------------------------------------------------------------+
|SU2 binary restart                 |restart_flow_alpha0_449x129.dat    |
|Paraview                           |flow_alpha0_449x129.vtu            |
|Paraview surface                   |surface_flow_alpha0_449x129.vtu    |
+-----------------------------------------------------------------------+
+------------------------------------------------------------------------------------------+
|  Inner_Iter|   Time(sec)|   Time(sec)|      rms[P]|     rms[nu]|          CL|          CD|
+------------------------------------------------------------------------------------------+
|        7251|    0.228000|  1.3967e-01|   -9.092618|   -8.834640|   -0.000003|    0.008201|
|        7252|    0.157000|  1.3968e-01|   -9.092643|   -8.834643|   -0.000003|    0.008201|
|        7253|    0.163000|  1.3968e-01|   -9.092669|   -8.834646|   -0.000003|    0.008201|
|        7254|    0.175000|  1.3968e-01|   -9.092695|   -8.834649|   -0.000003|    0.008201|
|        7255|    0.169000|  1.3969e-01|   -9.092720|   -8.834652|   -0.000003|    0.008201|
|        7256|    0.168000|  1.3969e-01|   -9.092746|   -8.834655|   -0.000003|    0.008201|
|        7257|    0.159000|  1.3970e-01|   -9.092771|   -8.834658|   -0.000003|    0.008201|
|        7258|    0.165000|  1.3970e-01|   -9.092797|   -8.834661|   -0.000003|    0.008201|
|        7259|    0.170000|  1.3970e-01|   -9.092823|   -8.834664|   -0.000003|    0.008201|
|        7260|    0.174000|  1.3971e-01|   -9.092848|   -8.834667|   -0.000003|    0.008201|
|        7261|    0.155000|  1.3971e-01|   -9.092874|   -8.834670|   -0.000003|    0.008201|
|        7262|    0.161000|  1.3971e-01|   -9.092900|   -8.834673|   -0.000003|    0.008201|
|        7263|    0.142000|  1.3971e-01|   -9.092925|   -8.834676|   -0.000003|    0.008201|
|        7264|    0.146000|  1.3971e-01|   -9.092951|   -8.834679|   -0.000003|    0.008201|
|        7265|    0.150000|  1.3972e-01|   -9.092977|   -8.834682|   -0.000003|    0.008201|
|        7266|    0.150000|  1.3972e-01|   -9.093002|   -8.834686|   -0.000003|    0.008201|
|        7267|    0.148000|  1.3972e-01|   -9.093028|   -8.834689|   -0.000003|    0.008201|
|        7268|    0.146000|  1.3972e-01|   -9.093054|   -8.834692|   -0.000003|    0.008201|
|        7269|    0.159000|  1.3972e-01|   -9.093079|   -8.834695|   -0.000003|    0.008201|
|        7270|    0.143000|  1.3972e-01|   -9.093105|   -8.834698|   -0.000003|    0.008201|
|        7271|    0.140000|  1.3972e-01|   -9.093131|   -8.834702|   -0.000003|    0.008201|
|        7272|    0.155000|  1.3972e-01|   -9.093156|   -8.834705|   -0.000003|    0.008201|
|        7273|    0.163000|  1.3973e-01|   -9.093182|   -8.834708|   -0.000003|    0.008201|
|        7274|    0.152000|  1.3973e-01|   -9.093208|   -8.834711|   -0.000003|    0.008201|
|        7275|    0.165000|  1.3973e-01|   -9.093234|   -8.834715|   -0.000003|    0.008201|
|        7276|    0.155000|  1.3973e-01|   -9.093259|   -8.834718|   -0.000003|    0.008201|
|        7277|    0.152000|  1.3974e-01|   -9.093285|   -8.834721|   -0.000003|    0.008201|
|        7278|    0.147000|  1.3974e-01|   -9.093311|   -8.834725|   -0.000003|    0.008201|
|        7279|    0.132000|  1.3974e-01|   -9.093337|   -8.834728|   -0.000003|    0.008201|
|        7280|    0.139000|  1.3974e-01|   -9.093362|   -8.834731|   -0.000003|    0.008201|
|        7281|    0.135000|  1.3974e-01|   -9.093388|   -8.834735|   -0.000003|    0.008201|
|        7282|    0.145000|  1.3974e-01|   -9.093414|   -8.834738|   -0.000003|    0.008201|
|        7283|    0.151000|  1.3974e-01|   -9.093440|   -8.834741|   -0.000003|    0.008201|
|        7284|    0.154000|  1.3974e-01|   -9.093466|   -8.834745|   -0.000003|    0.008201|
|        7285|    0.125000|  1.3974e-01|   -9.093491|   -8.834748|   -0.000003|    0.008201|
|        7286|    0.129000|  1.3974e-01|   -9.093517|   -8.834752|   -0.000003|    0.008201|
|        7287|    0.138000|  1.3974e-01|   -9.093543|   -8.834755|   -0.000003|    0.008201|
|        7288|    0.137000|  1.3974e-01|   -9.093569|   -8.834759|   -0.000003|    0.008201|
|        7289|    0.153000|  1.3974e-01|   -9.093595|   -8.834762|   -0.000003|    0.008201|
|        7290|    0.153000|  1.3974e-01|   -9.093620|   -8.834766|   -0.000003|    0.008201|
|        7291|    0.168000|  1.3974e-01|   -9.093646|   -8.834769|   -0.000003|    0.008201|
|        7292|    0.150000|  1.3974e-01|   -9.093672|   -8.834773|   -0.000003|    0.008201|
|        7293|    0.142000|  1.3974e-01|   -9.093698|   -8.834776|   -0.000003|    0.008201|
|        7294|    0.142000|  1.3975e-01|   -9.093724|   -8.834780|   -0.000003|    0.008201|
|        7295|    0.144000|  1.3975e-01|   -9.093749|   -8.834784|   -0.000003|    0.008201|
|        7296|    0.153000|  1.3975e-01|   -9.093775|   -8.834787|   -0.000003|    0.008201|
|        7297|    0.141000|  1.3975e-01|   -9.093801|   -8.834791|   -0.000003|    0.008201|
|        7298|    0.142000|  1.3975e-01|   -9.093827|   -8.834794|   -0.000003|    0.008201|
|        7299|    0.151000|  1.3975e-01|   -9.093853|   -8.834798|   -0.000003|    0.008201|
|        7300|    0.146000|  1.3975e-01|   -9.093878|   -8.834802|   -0.000003|    0.008201|
|        7301|    0.143000|  1.3975e-01|   -9.093904|   -8.834805|   -0.000003|    0.008201|
|        7302|    0.146000|  1.3975e-01|   -9.093930|   -8.834809|   -0.000003|    0.008200|
|        7303|    0.131000|  1.3975e-01|   -9.093956|   -8.834813|   -0.000003|    0.008200|
|        7304|    0.135000|  1.3975e-01|   -9.093982|   -8.834817|   -0.000003|    0.008200|
|        7305|    0.141000|  1.3975e-01|   -9.094007|   -8.834820|   -0.000003|    0.008200|
|        7306|    0.155000|  1.3975e-01|   -9.094033|   -8.834824|   -0.000003|    0.008200|
|        7307|    0.136000|  1.3975e-01|   -9.094059|   -8.834828|   -0.000003|    0.008200|
|        7308|    0.131000|  1.3975e-01|   -9.094085|   -8.834832|   -0.000003|    0.008200|
|        7309|    0.144000|  1.3975e-01|   -9.094111|   -8.834835|   -0.000003|    0.008200|
|        7310|    0.143000|  1.3975e-01|   -9.094136|   -8.834839|   -0.000003|    0.008200|
|        7311|    0.138000|  1.3975e-01|   -9.094162|   -8.834843|   -0.000003|    0.008200|
|        7312|    0.156000|  1.3975e-01|   -9.094188|   -8.834847|   -0.000003|    0.008200|
|        7313|    0.162000|  1.3976e-01|   -9.094214|   -8.834851|   -0.000003|    0.008200|
|        7314|    0.151000|  1.3976e-01|   -9.094239|   -8.834855|   -0.000003|    0.008200|
|        7315|    0.136000|  1.3976e-01|   -9.094265|   -8.834859|   -0.000003|    0.008200|
|        7316|    0.138000|  1.3976e-01|   -9.094291|   -8.834862|   -0.000003|    0.008200|
|        7317|    0.137000|  1.3976e-01|   -9.094316|   -8.834866|   -0.000003|    0.008200|
|        7318|    0.149000|  1.3976e-01|   -9.094342|   -8.834870|   -0.000003|    0.008200|
|        7319|    0.149000|  1.3976e-01|   -9.094368|   -8.834874|   -0.000003|    0.008200|
|        7320|    0.139000|  1.3976e-01|   -9.094393|   -8.834878|   -0.000003|    0.008200|
|        7321|    0.140000|  1.3976e-01|   -9.094419|   -8.834882|   -0.000003|    0.008200|
|        7322|    0.153000|  1.3976e-01|   -9.094445|   -8.834886|   -0.000003|    0.008200|
|        7323|    0.148000|  1.3976e-01|   -9.094470|   -8.834890|   -0.000003|    0.008200|
|        7324|    0.146000|  1.3976e-01|   -9.094496|   -8.834894|   -0.000003|    0.008200|
|        7325|    0.134000|  1.3976e-01|   -9.094522|   -8.834898|   -0.000003|    0.008200|
|        7326|    0.146000|  1.3976e-01|   -9.094547|   -8.834902|   -0.000003|    0.008200|
|        7327|    0.145000|  1.3976e-01|   -9.094573|   -8.834906|   -0.000003|    0.008200|
|        7328|    0.140000|  1.3976e-01|   -9.094598|   -8.834910|   -0.000003|    0.008200|
|        7329|    0.134000|  1.3976e-01|   -9.094624|   -8.834913|   -0.000003|    0.008200|
|        7330|    0.135000|  1.3976e-01|   -9.094650|   -8.834917|   -0.000003|    0.008200|
|        7331|    0.137000|  1.3976e-01|   -9.094675|   -8.834921|   -0.000003|    0.008200|
|        7332|    0.138000|  1.3976e-01|   -9.094701|   -8.834925|   -0.000003|    0.008200|
|        7333|    0.134000|  1.3976e-01|   -9.094726|   -8.834929|   -0.000003|    0.008200|
|        7334|    0.132000|  1.3976e-01|   -9.094752|   -8.834933|   -0.000003|    0.008200|
|        7335|    0.136000|  1.3976e-01|   -9.094777|   -8.834936|   -0.000003|    0.008200|
|        7336|    0.129000|  1.3976e-01|   -9.094803|   -8.834940|   -0.000003|    0.008200|
|        7337|    0.132000|  1.3976e-01|   -9.094828|   -8.834944|   -0.000003|    0.008200|
|        7338|    0.136000|  1.3976e-01|   -9.094853|   -8.834948|   -0.000003|    0.008200|
|        7339|    0.142000|  1.3976e-01|   -9.094879|   -8.834952|   -0.000003|    0.008200|
|        7340|    0.141000|  1.3976e-01|   -9.094904|   -8.834956|   -0.000003|    0.008200|
|        7341|    0.141000|  1.3976e-01|   -9.094930|   -8.834960|   -0.000003|    0.008200|
|        7342|    0.142000|  1.3976e-01|   -9.094955|   -8.834964|   -0.000003|    0.008200|
|        7343|    0.137000|  1.3976e-01|   -9.094980|   -8.834968|   -0.000003|    0.008200|
|        7344|    0.141000|  1.3976e-01|   -9.095006|   -8.834972|   -0.000003|    0.008200|
|        7345|    0.149000|  1.3976e-01|   -9.095031|   -8.834976|   -0.000003|    0.008200|
|        7346|    0.140000|  1.3976e-01|   -9.095056|   -8.834980|   -0.000003|    0.008200|
|        7347|    0.148000|  1.3976e-01|   -9.095082|   -8.834984|   -0.000003|    0.008200|
|        7348|    0.162000|  1.3976e-01|   -9.095107|   -8.834988|   -0.000003|    0.008200|
|        7349|    0.144000|  1.3976e-01|   -9.095132|   -8.834993|   -0.000003|    0.008200|
|        7350|    0.143000|  1.3976e-01|   -9.095158|   -8.834997|   -0.000003|    0.008200|
|        7351|    0.146000|  1.3976e-01|   -9.095183|   -8.835001|   -0.000003|    0.008200|
|        7352|    0.150000|  1.3977e-01|   -9.095208|   -8.835005|   -0.000003|    0.008200|
|        7353|    0.184000|  1.3977e-01|   -9.095233|   -8.835009|   -0.000003|    0.008200|
|        7354|    0.156000|  1.3977e-01|   -9.095259|   -8.835013|   -0.000003|    0.008200|
|        7355|    0.203000|  1.3978e-01|   -9.095284|   -8.835018|   -0.000003|    0.008199|
|        7356|    0.146000|  1.3978e-01|   -9.095309|   -8.835022|   -0.000003|    0.008199|
|        7357|    0.142000|  1.3978e-01|   -9.095334|   -8.835026|   -0.000003|    0.008199|
|        7358|    0.118000|  1.3978e-01|   -9.095359|   -8.835030|   -0.000003|    0.008199|
|        7359|    0.095000|  1.3977e-01|   -9.095385|   -8.835035|   -0.000003|    0.008199|
|        7360|    0.092000|  1.3977e-01|   -9.095410|   -8.835039|   -0.000003|    0.008199|
|        7361|    0.088000|  1.3976e-01|   -9.095435|   -8.835043|   -0.000003|    0.008199|
|        7362|    0.082000|  1.3975e-01|   -9.095460|   -8.835047|   -0.000003|    0.008199|
|        7363|    0.081000|  1.3975e-01|   -9.095485|   -8.835052|   -0.000003|    0.008199|
|        7364|    0.081000|  1.3974e-01|   -9.095510|   -8.835056|   -0.000003|    0.008199|
|        7365|    0.079000|  1.3973e-01|   -9.095535|   -8.835060|   -0.000003|    0.008199|
|        7366|    0.075000|  1.3972e-01|   -9.095560|   -8.835064|   -0.000003|    0.008199|
|        7367|    0.077000|  1.3971e-01|   -9.095586|   -8.835069|   -0.000003|    0.008199|
|        7368|    0.081000|  1.3970e-01|   -9.095611|   -8.835073|   -0.000003|    0.008199|
|        7369|    0.077000|  1.3970e-01|   -9.095636|   -8.835077|   -0.000003|    0.008199|
|        7370|    0.073000|  1.3969e-01|   -9.095661|   -8.835081|   -0.000003|    0.008199|
|        7371|    0.075000|  1.3968e-01|   -9.095686|   -8.835085|   -0.000003|    0.008199|
|        7372|    0.077000|  1.3967e-01|   -9.095711|   -8.835090|   -0.000003|    0.008199|
|        7373|    0.073000|  1.3966e-01|   -9.095736|   -8.835094|   -0.000003|    0.008199|
|        7374|    0.074000|  1.3965e-01|   -9.095761|   -8.835098|   -0.000003|    0.008199|
|        7375|    0.075000|  1.3964e-01|   -9.095786|   -8.835102|   -0.000003|    0.008199|
|        7376|    0.076000|  1.3963e-01|   -9.095811|   -8.835107|   -0.000003|    0.008199|
|        7377|    0.074000|  1.3962e-01|   -9.095836|   -8.835111|   -0.000003|    0.008199|
|        7378|    0.077000|  1.3962e-01|   -9.095861|   -8.835115|   -0.000003|    0.008199|
|        7379|    0.080000|  1.3961e-01|   -9.095886|   -8.835120|   -0.000003|    0.008199|
|        7380|    0.078000|  1.3960e-01|   -9.095911|   -8.835124|   -0.000003|    0.008199|
|        7381|    0.078000|  1.3959e-01|   -9.095936|   -8.835129|   -0.000003|    0.008199|
|        7382|    0.081000|  1.3958e-01|   -9.095961|   -8.835133|   -0.000003|    0.008199|
|        7383|    0.082000|  1.3958e-01|   -9.095986|   -8.835137|   -0.000003|    0.008199|
|        7384|    0.078000|  1.3957e-01|   -9.096011|   -8.835142|   -0.000003|    0.008199|
|        7385|    0.081000|  1.3956e-01|   -9.096036|   -8.835146|   -0.000003|    0.008199|
|        7386|    0.080000|  1.3955e-01|   -9.096061|   -8.835151|   -0.000003|    0.008199|
|        7387|    0.083000|  1.3954e-01|   -9.096086|   -8.835155|   -0.000003|    0.008199|
|        7388|    0.083000|  1.3954e-01|   -9.096111|   -8.835160|   -0.000003|    0.008199|
|        7389|    0.079000|  1.3953e-01|   -9.096136|   -8.835164|   -0.000003|    0.008199|
|        7390|    0.076000|  1.3952e-01|   -9.096161|   -8.835169|   -0.000003|    0.008199|
|        7391|    0.073000|  1.3951e-01|   -9.096186|   -8.835173|   -0.000003|    0.008199|
|        7392|    0.077000|  1.3950e-01|   -9.096211|   -8.835178|   -0.000003|    0.008199|
|        7393|    0.073000|  1.3949e-01|   -9.096236|   -8.835182|   -0.000003|    0.008199|
|        7394|    0.075000|  1.3948e-01|   -9.096261|   -8.835187|   -0.000003|    0.008199|
|        7395|    0.072000|  1.3948e-01|   -9.096286|   -8.835191|   -0.000003|    0.008199|
|        7396|    0.075000|  1.3947e-01|   -9.096311|   -8.835196|   -0.000003|    0.008199|
|        7397|    0.075000|  1.3946e-01|   -9.096336|   -8.835201|   -0.000003|    0.008199|
|        7398|    0.074000|  1.3945e-01|   -9.096361|   -8.835205|   -0.000003|    0.008199|
|        7399|    0.074000|  1.3944e-01|   -9.096386|   -8.835210|   -0.000003|    0.008199|
|        7400|    0.077000|  1.3943e-01|   -9.096411|   -8.835214|   -0.000003|    0.008199|
|        7401|    0.075000|  1.3942e-01|   -9.096436|   -8.835219|   -0.000003|    0.008199|
|        7402|    0.076000|  1.3941e-01|   -9.096461|   -8.835224|   -0.000003|    0.008199|
|        7403|    0.074000|  1.3941e-01|   -9.096486|   -8.835229|   -0.000003|    0.008199|
|        7404|    0.078000|  1.3940e-01|   -9.096511|   -8.835233|   -0.000003|    0.008199|
|        7405|    0.077000|  1.3939e-01|   -9.096536|   -8.835238|   -0.000003|    0.008199|
|        7406|    0.074000|  1.3938e-01|   -9.096561|   -8.835243|   -0.000003|    0.008199|
|        7407|    0.078000|  1.3937e-01|   -9.096586|   -8.835247|   -0.000003|    0.008199|
|        7408|    0.074000|  1.3936e-01|   -9.096611|   -8.835252|   -0.000003|    0.008198|
|        7409|    0.079000|  1.3935e-01|   -9.096636|   -8.835257|   -0.000003|    0.008198|
|        7410|    0.086000|  1.3935e-01|   -9.096661|   -8.835262|   -0.000003|    0.008198|
|        7411|    0.098000|  1.3934e-01|   -9.096686|   -8.835267|   -0.000003|    0.008198|
|        7412|    0.118000|  1.3934e-01|   -9.096711|   -8.835271|   -0.000003|    0.008198|
|        7413|    0.124000|  1.3934e-01|   -9.096736|   -8.835276|   -0.000003|    0.008198|
|        7414|    0.122000|  1.3933e-01|   -9.096761|   -8.835281|   -0.000003|    0.008198|
|        7415|    0.128000|  1.3933e-01|   -9.096786|   -8.835286|   -0.000003|    0.008198|
|        7416|    0.126000|  1.3933e-01|   -9.096811|   -8.835291|   -0.000003|    0.008198|
|        7417|    0.127000|  1.3933e-01|   -9.096836|   -8.835296|   -0.000003|    0.008198|
|        7418|    0.133000|  1.3933e-01|   -9.096861|   -8.835301|   -0.000003|    0.008198|
|        7419|    0.129000|  1.3933e-01|   -9.096886|   -8.835306|   -0.000003|    0.008198|
|        7420|    0.123000|  1.3933e-01|   -9.096911|   -8.835311|   -0.000003|    0.008198|
|        7421|    0.095000|  1.3932e-01|   -9.096936|   -8.835315|   -0.000003|    0.008198|
|        7422|    0.081000|  1.3931e-01|   -9.096961|   -8.835320|   -0.000003|    0.008198|
|        7423|    0.081000|  1.3930e-01|   -9.096986|   -8.835325|   -0.000003|    0.008198|
|        7424|    0.086000|  1.3930e-01|   -9.097011|   -8.835330|   -0.000003|    0.008198|
|        7425|    0.084000|  1.3929e-01|   -9.097036|   -8.835335|   -0.000003|    0.008198|
|        7426|    0.086000|  1.3928e-01|   -9.097061|   -8.835340|   -0.000003|    0.008198|
|        7427|    0.085000|  1.3927e-01|   -9.097086|   -8.835345|   -0.000003|    0.008198|
|        7428|    0.079000|  1.3927e-01|   -9.097111|   -8.835350|   -0.000003|    0.008198|
|        7429|    0.080000|  1.3926e-01|   -9.097136|   -8.835356|   -0.000003|    0.008198|
|        7430|    0.082000|  1.3925e-01|   -9.097161|   -8.835361|   -0.000003|    0.008198|
|        7431|    0.082000|  1.3924e-01|   -9.097186|   -8.835366|   -0.000003|    0.008198|
|        7432|    0.080000|  1.3924e-01|   -9.097210|   -8.835371|   -0.000003|    0.008198|
|        7433|    0.079000|  1.3923e-01|   -9.097235|   -8.835376|   -0.000003|    0.008198|
|        7434|    0.080000|  1.3922e-01|   -9.097260|   -8.835381|   -0.000003|    0.008198|
|        7435|    0.078000|  1.3921e-01|   -9.097285|   -8.835386|   -0.000003|    0.008198|
|        7436|    0.076000|  1.3920e-01|   -9.097310|   -8.835391|   -0.000003|    0.008198|
|        7437|    0.079000|  1.3919e-01|   -9.097335|   -8.835396|   -0.000003|    0.008198|
|        7438|    0.074000|  1.3919e-01|   -9.097360|   -8.835402|   -0.000003|    0.008198|
|        7439|    0.074000|  1.3918e-01|   -9.097385|   -8.835407|   -0.000003|    0.008198|
|        7440|    0.077000|  1.3917e-01|   -9.097410|   -8.835412|   -0.000003|    0.008198|
|        7441|    0.076000|  1.3916e-01|   -9.097435|   -8.835417|   -0.000003|    0.008198|
|        7442|    0.078000|  1.3915e-01|   -9.097460|   -8.835422|   -0.000003|    0.008198|
|        7443|    0.076000|  1.3914e-01|   -9.097485|   -8.835428|   -0.000003|    0.008198|
|        7444|    0.077000|  1.3913e-01|   -9.097510|   -8.835433|   -0.000003|    0.008198|
|        7445|    0.074000|  1.3913e-01|   -9.097535|   -8.835438|   -0.000003|    0.008198|
|        7446|    0.075000|  1.3912e-01|   -9.097560|   -8.835443|   -0.000003|    0.008198|
|        7447|    0.078000|  1.3911e-01|   -9.097584|   -8.835449|   -0.000003|    0.008198|
|        7448|    0.078000|  1.3910e-01|   -9.097609|   -8.835454|   -0.000003|    0.008198|
|        7449|    0.074000|  1.3909e-01|   -9.097634|   -8.835459|   -0.000003|    0.008198|
|        7450|    0.074000|  1.3908e-01|   -9.097659|   -8.835465|   -0.000003|    0.008198|
|        7451|    0.077000|  1.3908e-01|   -9.097684|   -8.835470|   -0.000003|    0.008198|
|        7452|    0.079000|  1.3907e-01|   -9.097709|   -8.835476|   -0.000003|    0.008198|
|        7453|    0.075000|  1.3906e-01|   -9.097734|   -8.835481|   -0.000003|    0.008198|
|        7454|    0.074000|  1.3905e-01|   -9.097759|   -8.835486|   -0.000003|    0.008198|
|        7455|    0.075000|  1.3904e-01|   -9.097784|   -8.835492|   -0.000003|    0.008198|
|        7456|    0.076000|  1.3903e-01|   -9.097808|   -8.835497|   -0.000003|    0.008198|
|        7457|    0.080000|  1.3902e-01|   -9.097833|   -8.835503|   -0.000003|    0.008198|
|        7458|    0.075000|  1.3902e-01|   -9.097858|   -8.835508|   -0.000003|    0.008198|
|        7459|    0.073000|  1.3901e-01|   -9.097883|   -8.835514|   -0.000003|    0.008198|
|        7460|    0.074000|  1.3900e-01|   -9.097908|   -8.835519|   -0.000003|    0.008198|
|        7461|    0.074000|  1.3899e-01|   -9.097933|   -8.835525|   -0.000003|    0.008198|
|        7462|    0.075000|  1.3898e-01|   -9.097957|   -8.835530|   -0.000003|    0.008197|
|        7463|    0.076000|  1.3897e-01|   -9.097982|   -8.835536|   -0.000003|    0.008197|
|        7464|    0.074000|  1.3896e-01|   -9.098007|   -8.835541|   -0.000003|    0.008197|
|        7465|    0.076000|  1.3896e-01|   -9.098032|   -8.835547|   -0.000003|    0.008197|
|        7466|    0.077000|  1.3895e-01|   -9.098057|   -8.835552|   -0.000003|    0.008197|
|        7467|    0.077000|  1.3894e-01|   -9.098082|   -8.835558|   -0.000003|    0.008197|
|        7468|    0.089000|  1.3893e-01|   -9.098106|   -8.835564|   -0.000003|    0.008197|
|        7469|    0.107000|  1.3893e-01|   -9.098131|   -8.835569|   -0.000003|    0.008197|
|        7470|    0.114000|  1.3892e-01|   -9.098156|   -8.835575|   -0.000003|    0.008197|
|        7471|    0.111000|  1.3892e-01|   -9.098181|   -8.835581|   -0.000003|    0.008197|
|        7472|    0.118000|  1.3892e-01|   -9.098205|   -8.835586|   -0.000003|    0.008197|
|        7473|    0.115000|  1.3892e-01|   -9.098230|   -8.835592|   -0.000003|    0.008197|
|        7474|    0.118000|  1.3891e-01|   -9.098255|   -8.835598|   -0.000003|    0.008197|
|        7475|    0.137000|  1.3891e-01|   -9.098280|   -8.835603|   -0.000003|    0.008197|
|        7476|    0.132000|  1.3891e-01|   -9.098305|   -8.835609|   -0.000003|    0.008197|
|        7477|    0.138000|  1.3891e-01|   -9.098329|   -8.835615|   -0.000003|    0.008197|
|        7478|    0.134000|  1.3891e-01|   -9.098354|   -8.835621|   -0.000003|    0.008197|
|        7479|    0.144000|  1.3891e-01|   -9.098379|   -8.835626|   -0.000003|    0.008197|
|        7480|    0.135000|  1.3891e-01|   -9.098404|   -8.835632|   -0.000003|    0.008197|
|        7481|    0.141000|  1.3891e-01|   -9.098428|   -8.835638|   -0.000003|    0.008197|
|        7482|    0.137000|  1.3891e-01|   -9.098453|   -8.835644|   -0.000003|    0.008197|
|        7483|    0.136000|  1.3891e-01|   -9.098478|   -8.835650|   -0.000003|    0.008197|
|        7484|    0.136000|  1.3891e-01|   -9.098503|   -8.835656|   -0.000003|    0.008197|
|        7485|    0.153000|  1.3891e-01|   -9.098528|   -8.835661|   -0.000003|    0.008197|
|        7486|    0.148000|  1.3891e-01|   -9.098552|   -8.835667|   -0.000003|    0.008197|
|        7487|    0.148000|  1.3891e-01|   -9.098577|   -8.835673|   -0.000003|    0.008197|
|        7488|    0.142000|  1.3891e-01|   -9.098602|   -8.835679|   -0.000003|    0.008197|
|        7489|    0.132000|  1.3891e-01|   -9.098627|   -8.835685|   -0.000003|    0.008197|
|        7490|    0.135000|  1.3891e-01|   -9.098652|   -8.835691|   -0.000003|    0.008197|
|        7491|    0.143000|  1.3891e-01|   -9.098676|   -8.835697|   -0.000003|    0.008197|
|        7492|    0.132000|  1.3891e-01|   -9.098701|   -8.835703|   -0.000003|    0.008197|
|        7493|    0.132000|  1.3891e-01|   -9.098726|   -8.835709|   -0.000003|    0.008197|
|        7494|    0.139000|  1.3891e-01|   -9.098751|   -8.835715|   -0.000003|    0.008197|
|        7495|    0.137000|  1.3891e-01|   -9.098776|   -8.835721|   -0.000003|    0.008197|
|        7496|    0.138000|  1.3891e-01|   -9.098801|   -8.835727|   -0.000003|    0.008197|
|        7497|    0.138000|  1.3891e-01|   -9.098826|   -8.835733|   -0.000003|    0.008197|
|        7498|    0.141000|  1.3891e-01|   -9.098851|   -8.835739|   -0.000003|    0.008197|
|        7499|    0.139000|  1.3891e-01|   -9.098875|   -8.835745|   -0.000003|    0.008197|
|        7500|    0.141000|  1.3891e-01|   -9.098900|   -8.835751|   -0.000003|    0.008197|
+-----------------------------------------------------------------------+
|        File Writing Summary       |              Filename             |
+-----------------------------------------------------------------------+
|SU2 binary restart                 |restart_flow_alpha0_449x129.dat    |
|Paraview                           |flow_alpha0_449x129.vtu            |
|Paraview surface                   |surface_flow_alpha0_449x129.vtu    |
+-----------------------------------------------------------------------+
+------------------------------------------------------------------------------------------+
|  Inner_Iter|   Time(sec)|   Time(sec)|      rms[P]|     rms[nu]|          CL|          CD|
+------------------------------------------------------------------------------------------+
|        7501|    0.235000|  1.3892e-01|   -9.098925|   -8.835757|   -0.000003|    0.008197|
|        7502|    0.150000|  1.3893e-01|   -9.098950|   -8.835763|   -0.000003|    0.008197|
|        7503|    0.137000|  1.3893e-01|   -9.098975|   -8.835769|   -0.000003|    0.008197|
|        7504|    0.150000|  1.3893e-01|   -9.099000|   -8.835775|   -0.000003|    0.008197|
|        7505|    0.143000|  1.3893e-01|   -9.099025|   -8.835781|   -0.000003|    0.008197|
|        7506|    0.144000|  1.3893e-01|   -9.099050|   -8.835787|   -0.000003|    0.008197|
|        7507|    0.137000|  1.3893e-01|   -9.099075|   -8.835793|   -0.000003|    0.008197|
|        7508|    0.143000|  1.3893e-01|   -9.099100|   -8.835799|   -0.000003|    0.008197|
|        7509|    0.142000|  1.3893e-01|   -9.099125|   -8.835805|   -0.000003|    0.008197|
|        7510|    0.141000|  1.3893e-01|   -9.099150|   -8.835811|   -0.000003|    0.008197|
|        7511|    0.136000|  1.3893e-01|   -9.099175|   -8.835818|   -0.000003|    0.008197|
|        7512|    0.134000|  1.3893e-01|   -9.099200|   -8.835824|   -0.000003|    0.008197|
|        7513|    0.140000|  1.3893e-01|   -9.099225|   -8.835830|   -0.000003|    0.008197|
|        7514|    0.136000|  1.3893e-01|   -9.099250|   -8.835836|   -0.000003|    0.008197|
|        7515|    0.131000|  1.3893e-01|   -9.099275|   -8.835842|   -0.000003|    0.008197|
|        7516|    0.147000|  1.3893e-01|   -9.099301|   -8.835848|   -0.000003|    0.008196|
|        7517|    0.133000|  1.3893e-01|   -9.099326|   -8.835855|   -0.000003|    0.008196|
|        7518|    0.139000|  1.3893e-01|   -9.099351|   -8.835861|   -0.000003|    0.008196|
|        7519|    0.143000|  1.3893e-01|   -9.099376|   -8.835867|   -0.000003|    0.008196|
|        7520|    0.150000|  1.3893e-01|   -9.099401|   -8.835873|   -0.000003|    0.008196|
|        7521|    0.152000|  1.3893e-01|   -9.099426|   -8.835880|   -0.000003|    0.008196|
|        7522|    0.143000|  1.3893e-01|   -9.099451|   -8.835886|   -0.000003|    0.008196|
|        7523|    0.134000|  1.3893e-01|   -9.099476|   -8.835892|   -0.000003|    0.008196|
|        7524|    0.143000|  1.3893e-01|   -9.099501|   -8.835899|   -0.000003|    0.008196|
|        7525|    0.144000|  1.3893e-01|   -9.099527|   -8.835905|   -0.000003|    0.008196|
|        7526|    0.151000|  1.3893e-01|   -9.099552|   -8.835911|   -0.000003|    0.008196|
|        7527|    0.133000|  1.3893e-01|   -9.099577|   -8.835918|   -0.000003|    0.008196|
|        7528|    0.146000|  1.3893e-01|   -9.099602|   -8.835924|   -0.000003|    0.008196|
|        7529|    0.151000|  1.3894e-01|   -9.099627|   -8.835930|   -0.000003|    0.008196|
|        7530|    0.147000|  1.3894e-01|   -9.099652|   -8.835937|   -0.000003|    0.008196|
|        7531|    0.148000|  1.3894e-01|   -9.099678|   -8.835943|   -0.000003|    0.008196|
|        7532|    0.145000|  1.3894e-01|   -9.099703|   -8.835949|   -0.000003|    0.008196|
|        7533|    0.136000|  1.3894e-01|   -9.099728|   -8.835956|   -0.000003|    0.008196|
|        7534|    0.143000|  1.3894e-01|   -9.099753|   -8.835962|   -0.000003|    0.008196|
|        7535|    0.138000|  1.3894e-01|   -9.099778|   -8.835969|   -0.000003|    0.008196|
|        7536|    0.142000|  1.3894e-01|   -9.099804|   -8.835975|   -0.000003|    0.008196|
|        7537|    0.141000|  1.3894e-01|   -9.099829|   -8.835982|   -0.000003|    0.008196|
|        7538|    0.154000|  1.3894e-01|   -9.099854|   -8.835988|   -0.000003|    0.008196|
|        7539|    0.159000|  1.3894e-01|   -9.099879|   -8.835994|   -0.000003|    0.008196|
|        7540|    0.145000|  1.3894e-01|   -9.099905|   -8.836001|   -0.000003|    0.008196|
|        7541|    0.151000|  1.3895e-01|   -9.099930|   -8.836007|   -0.000003|    0.008196|
|        7542|    0.146000|  1.3895e-01|   -9.099955|   -8.836014|   -0.000003|    0.008196|
|        7543|    0.145000|  1.3895e-01|   -9.099981|   -8.836020|   -0.000003|    0.008196|
|        7544|    0.150000|  1.3895e-01|   -9.100006|   -8.836027|   -0.000003|    0.008196|
|        7545|    0.142000|  1.3895e-01|   -9.100031|   -8.836034|   -0.000003|    0.008196|
|        7546|    0.137000|  1.3895e-01|   -9.100056|   -8.836040|   -0.000003|    0.008196|
|        7547|    0.140000|  1.3895e-01|   -9.100082|   -8.836047|   -0.000003|    0.008196|
|        7548|    0.151000|  1.3895e-01|   -9.100107|   -8.836053|   -0.000003|    0.008196|
|        7549|    0.154000|  1.3895e-01|   -9.100132|   -8.836060|   -0.000003|    0.008196|
|        7550|    0.168000|  1.3896e-01|   -9.100158|   -8.836066|   -0.000003|    0.008196|
|        7551|    0.174000|  1.3896e-01|   -9.100183|   -8.836073|   -0.000003|    0.008196|
|        7552|    0.164000|  1.3897e-01|   -9.100209|   -8.836079|   -0.000003|    0.008196|
|        7553|    0.151000|  1.3897e-01|   -9.100234|   -8.836086|   -0.000003|    0.008196|
|        7554|    0.152000|  1.3897e-01|   -9.100259|   -8.836092|   -0.000003|    0.008196|
|        7555|    0.136000|  1.3897e-01|   -9.100285|   -8.836099|   -0.000003|    0.008196|
|        7556|    0.134000|  1.3897e-01|   -9.100310|   -8.836106|   -0.000003|    0.008196|
|        7557|    0.132000|  1.3897e-01|   -9.100336|   -8.836112|   -0.000003|    0.008196|
|        7558|    0.138000|  1.3897e-01|   -9.100361|   -8.836119|   -0.000003|    0.008196|
|        7559|    0.137000|  1.3897e-01|   -9.100386|   -8.836126|   -0.000003|    0.008196|
|        7560|    0.153000|  1.3897e-01|   -9.100412|   -8.836132|   -0.000003|    0.008196|
|        7561|    0.139000|  1.3897e-01|   -9.100437|   -8.836139|   -0.000003|    0.008196|
|        7562|    0.137000|  1.3897e-01|   -9.100462|   -8.836146|   -0.000003|    0.008196|
|        7563|    0.150000|  1.3897e-01|   -9.100488|   -8.836152|   -0.000003|    0.008196|
|        7564|    0.134000|  1.3897e-01|   -9.100513|   -8.836159|   -0.000003|    0.008196|
|        7565|    0.129000|  1.3897e-01|   -9.100539|   -8.836166|   -0.000003|    0.008196|
|        7566|    0.153000|  1.3897e-01|   -9.100564|   -8.836173|   -0.000003|    0.008196|
|        7567|    0.144000|  1.3897e-01|   -9.100589|   -8.836179|   -0.000003|    0.008196|
|        7568|    0.139000|  1.3897e-01|   -9.100614|   -8.836186|   -0.000003|    0.008196|
|        7569|    0.152000|  1.3897e-01|   -9.100640|   -8.836193|   -0.000003|    0.008196|
|        7570|    0.129000|  1.3897e-01|   -9.100665|   -8.836200|   -0.000003|    0.008196|
|        7571|    0.146000|  1.3897e-01|   -9.100690|   -8.836207|   -0.000003|    0.008195|
|        7572|    0.151000|  1.3897e-01|   -9.100715|   -8.836213|   -0.000003|    0.008195|
|        7573|    0.133000|  1.3897e-01|   -9.100741|   -8.836220|   -0.000003|    0.008195|
|        7574|    0.138000|  1.3897e-01|   -9.100766|   -8.836227|   -0.000003|    0.008195|
|        7575|    0.143000|  1.3897e-01|   -9.100791|   -8.836234|   -0.000003|    0.008195|
|        7576|    0.140000|  1.3897e-01|   -9.100816|   -8.836241|   -0.000003|    0.008195|
|        7577|    0.139000|  1.3897e-01|   -9.100841|   -8.836248|   -0.000003|    0.008195|
|        7578|    0.149000|  1.3897e-01|   -9.100866|   -8.836255|   -0.000003|    0.008195|
|        7579|    0.140000|  1.3897e-01|   -9.100891|   -8.836262|   -0.000003|    0.008195|
|        7580|    0.153000|  1.3898e-01|   -9.100916|   -8.836269|   -0.000003|    0.008195|
|        7581|    0.142000|  1.3898e-01|   -9.100941|   -8.836276|   -0.000003|    0.008195|
|        7582|    0.143000|  1.3898e-01|   -9.100966|   -8.836282|   -0.000003|    0.008195|
|        7583|    0.144000|  1.3898e-01|   -9.100991|   -8.836289|   -0.000003|    0.008195|
|        7584|    0.137000|  1.3898e-01|   -9.101016|   -8.836296|   -0.000003|    0.008195|
|        7585|    0.140000|  1.3898e-01|   -9.101040|   -8.836303|   -0.000003|    0.008195|
|        7586|    0.134000|  1.3898e-01|   -9.101065|   -8.836310|   -0.000003|    0.008195|
|        7587|    0.146000|  1.3898e-01|   -9.101090|   -8.836317|   -0.000003|    0.008195|
|        7588|    0.141000|  1.3898e-01|   -9.101114|   -8.836324|   -0.000003|    0.008195|
|        7589|    0.151000|  1.3898e-01|   -9.101139|   -8.836331|   -0.000003|    0.008195|
|        7590|    0.145000|  1.3898e-01|   -9.101164|   -8.836339|   -0.000003|    0.008195|
|        7591|    0.143000|  1.3898e-01|   -9.101188|   -8.836346|   -0.000003|    0.008195|
|        7592|    0.145000|  1.3898e-01|   -9.101213|   -8.836353|   -0.000003|    0.008195|
|        7593|    0.142000|  1.3898e-01|   -9.101237|   -8.836360|   -0.000003|    0.008195|
|        7594|    0.143000|  1.3898e-01|   -9.101262|   -8.836367|   -0.000003|    0.008195|
|        7595|    0.143000|  1.3898e-01|   -9.101286|   -8.836374|   -0.000003|    0.008195|
|        7596|    0.140000|  1.3898e-01|   -9.101311|   -8.836381|   -0.000003|    0.008195|
|        7597|    0.143000|  1.3898e-01|   -9.101335|   -8.836388|   -0.000003|    0.008195|
|        7598|    0.138000|  1.3898e-01|   -9.101359|   -8.836395|   -0.000003|    0.008195|
|        7599|    0.142000|  1.3898e-01|   -9.101384|   -8.836402|   -0.000003|    0.008195|
|        7600|    0.147000|  1.3899e-01|   -9.101408|   -8.836409|   -0.000003|    0.008195|
|        7601|    0.148000|  1.3899e-01|   -9.101433|   -8.836417|   -0.000003|    0.008195|
|        7602|    0.141000|  1.3899e-01|   -9.101457|   -8.836424|   -0.000003|    0.008195|
|        7603|    0.140000|  1.3899e-01|   -9.101481|   -8.836431|   -0.000003|    0.008195|
|        7604|    0.134000|  1.3899e-01|   -9.101506|   -8.836438|   -0.000003|    0.008195|
|        7605|    0.144000|  1.3899e-01|   -9.101530|   -8.836445|   -0.000003|    0.008195|
|        7606|    0.133000|  1.3899e-01|   -9.101554|   -8.836453|   -0.000003|    0.008195|
|        7607|    0.128000|  1.3898e-01|   -9.101579|   -8.836460|   -0.000003|    0.008195|
|        7608|    0.129000|  1.3898e-01|   -9.101603|   -8.836467|   -0.000003|    0.008195|
|        7609|    0.134000|  1.3898e-01|   -9.101627|   -8.836474|   -0.000003|    0.008195|
|        7610|    0.139000|  1.3898e-01|   -9.101652|   -8.836481|   -0.000003|    0.008195|
|        7611|    0.137000|  1.3898e-01|   -9.101676|   -8.836489|   -0.000003|    0.008195|
|        7612|    0.134000|  1.3898e-01|   -9.101701|   -8.836496|   -0.000003|    0.008195|
|        7613|    0.133000|  1.3898e-01|   -9.101725|   -8.836503|   -0.000003|    0.008195|
|        7614|    0.129000|  1.3898e-01|   -9.101749|   -8.836510|   -0.000003|    0.008195|
|        7615|    0.128000|  1.3898e-01|   -9.101774|   -8.836518|   -0.000003|    0.008195|
|        7616|    0.135000|  1.3898e-01|   -9.101798|   -8.836525|   -0.000003|    0.008195|
|        7617|    0.143000|  1.3898e-01|   -9.101823|   -8.836532|   -0.000003|    0.008195|
|        7618|    0.138000|  1.3898e-01|   -9.101847|   -8.836540|   -0.000003|    0.008195|
|        7619|    0.137000|  1.3898e-01|   -9.101872|   -8.836547|   -0.000003|    0.008195|
|        7620|    0.139000|  1.3898e-01|   -9.101896|   -8.836554|   -0.000003|    0.008195|
|        7621|    0.134000|  1.3898e-01|   -9.101921|   -8.836562|   -0.000003|    0.008195|
|        7622|    0.134000|  1.3898e-01|   -9.101945|   -8.836569|   -0.000003|    0.008195|
|        7623|    0.126000|  1.3897e-01|   -9.101970|   -8.836576|   -0.000003|    0.008195|
|        7624|    0.146000|  1.3898e-01|   -9.101994|   -8.836584|   -0.000003|    0.008195|
|        7625|    0.140000|  1.3898e-01|   -9.102019|   -8.836591|   -0.000003|    0.008195|
|        7626|    0.138000|  1.3898e-01|   -9.102044|   -8.836599|   -0.000003|    0.008194|
|        7627|    0.150000|  1.3898e-01|   -9.102068|   -8.836606|   -0.000003|    0.008194|
|        7628|    0.146000|  1.3898e-01|   -9.102093|   -8.836613|   -0.000003|    0.008194|
|        7629|    0.145000|  1.3898e-01|   -9.102118|   -8.836621|   -0.000003|    0.008194|
|        7630|    0.147000|  1.3898e-01|   -9.102143|   -8.836628|   -0.000003|    0.008194|
|        7631|    0.132000|  1.3898e-01|   -9.102167|   -8.836636|   -0.000003|    0.008194|
|        7632|    0.134000|  1.3898e-01|   -9.102192|   -8.836643|   -0.000003|    0.008194|
|        7633|    0.130000|  1.3898e-01|   -9.102217|   -8.836651|   -0.000003|    0.008194|
|        7634|    0.132000|  1.3898e-01|   -9.102242|   -8.836658|   -0.000003|    0.008194|
|        7635|    0.142000|  1.3898e-01|   -9.102267|   -8.836666|   -0.000003|    0.008194|
|        7636|    0.151000|  1.3898e-01|   -9.102291|   -8.836673|   -0.000003|    0.008194|
|        7637|    0.130000|  1.3898e-01|   -9.102316|   -8.836681|   -0.000003|    0.008194|
|        7638|    0.130000|  1.3898e-01|   -9.102341|   -8.836688|   -0.000003|    0.008194|
|        7639|    0.135000|  1.3898e-01|   -9.102366|   -8.836696|   -0.000003|    0.008194|
|        7640|    0.148000|  1.3898e-01|   -9.102391|   -8.836703|   -0.000003|    0.008194|
|        7641|    0.138000|  1.3898e-01|   -9.102416|   -8.836711|   -0.000003|    0.008194|
|        7642|    0.139000|  1.3898e-01|   -9.102441|   -8.836718|   -0.000003|    0.008194|
|        7643|    0.135000|  1.3898e-01|   -9.102466|   -8.836726|   -0.000003|    0.008194|
|        7644|    0.143000|  1.3898e-01|   -9.102491|   -8.836733|   -0.000003|    0.008194|
|        7645|    0.132000|  1.3898e-01|   -9.102516|   -8.836741|   -0.000003|    0.008194|
|        7646|    0.128000|  1.3897e-01|   -9.102541|   -8.836748|   -0.000003|    0.008194|
|        7647|    0.146000|  1.3897e-01|   -9.102567|   -8.836756|   -0.000003|    0.008194|
|        7648|    0.146000|  1.3898e-01|   -9.102592|   -8.836764|   -0.000003|    0.008194|
|        7649|    0.146000|  1.3898e-01|   -9.102617|   -8.836771|   -0.000003|    0.008194|
|        7650|    0.146000|  1.3898e-01|   -9.102642|   -8.836779|   -0.000003|    0.008194|
|        7651|    0.145000|  1.3898e-01|   -9.102667|   -8.836786|   -0.000003|    0.008194|
|        7652|    0.136000|  1.3898e-01|   -9.102692|   -8.836794|   -0.000003|    0.008194|
|        7653|    0.132000|  1.3898e-01|   -9.102718|   -8.836802|   -0.000003|    0.008194|
|        7654|    0.122000|  1.3897e-01|   -9.102743|   -8.836809|   -0.000003|    0.008194|
|        7655|    0.134000|  1.3897e-01|   -9.102768|   -8.836817|   -0.000003|    0.008194|
|        7656|    0.139000|  1.3897e-01|   -9.102793|   -8.836825|   -0.000003|    0.008194|
|        7657|    0.139000|  1.3897e-01|   -9.102819|   -8.836832|   -0.000003|    0.008194|
|        7658|    0.134000|  1.3897e-01|   -9.102844|   -8.836840|   -0.000003|    0.008194|
|        7659|    0.140000|  1.3897e-01|   -9.102869|   -8.836848|   -0.000003|    0.008194|
|        7660|    0.133000|  1.3897e-01|   -9.102895|   -8.836855|   -0.000003|    0.008194|
|        7661|    0.147000|  1.3897e-01|   -9.102920|   -8.836863|   -0.000003|    0.008194|
|        7662|    0.138000|  1.3897e-01|   -9.102945|   -8.836871|   -0.000003|    0.008194|
|        7663|    0.144000|  1.3897e-01|   -9.102971|   -8.836879|   -0.000003|    0.008194|
|        7664|    0.141000|  1.3897e-01|   -9.102996|   -8.836886|   -0.000003|    0.008194|
|        7665|    0.139000|  1.3897e-01|   -9.103022|   -8.836894|   -0.000003|    0.008194|
|        7666|    0.138000|  1.3897e-01|   -9.103047|   -8.836902|   -0.000003|    0.008194|
|        7667|    0.144000|  1.3898e-01|   -9.103073|   -8.836910|   -0.000003|    0.008194|
|        7668|    0.140000|  1.3898e-01|   -9.103098|   -8.836917|   -0.000003|    0.008194|
|        7669|    0.144000|  1.3898e-01|   -9.103124|   -8.836925|   -0.000003|    0.008194|
|        7670|    0.138000|  1.3898e-01|   -9.103149|   -8.836933|   -0.000003|    0.008194|
|        7671|    0.136000|  1.3898e-01|   -9.103174|   -8.836941|   -0.000003|    0.008194|
|        7672|    0.141000|  1.3898e-01|   -9.103200|   -8.836948|   -0.000003|    0.008194|
|        7673|    0.133000|  1.3898e-01|   -9.103226|   -8.836956|   -0.000003|    0.008194|
|        7674|    0.143000|  1.3898e-01|   -9.103251|   -8.836964|   -0.000003|    0.008194|
|        7675|    0.136000|  1.3898e-01|   -9.103277|   -8.836972|   -0.000003|    0.008194|
|        7676|    0.135000|  1.3897e-01|   -9.103302|   -8.836980|   -0.000003|    0.008194|
|        7677|    0.134000|  1.3897e-01|   -9.103328|   -8.836988|   -0.000003|    0.008194|
|        7678|    0.142000|  1.3897e-01|   -9.103353|   -8.836995|   -0.000003|    0.008194|
|        7679|    0.144000|  1.3898e-01|   -9.103379|   -8.837003|   -0.000003|    0.008194|
|        7680|    0.129000|  1.3897e-01|   -9.103404|   -8.837011|   -0.000003|    0.008194|
|        7681|    0.142000|  1.3897e-01|   -9.103430|   -8.837019|   -0.000003|    0.008194|
|        7682|    0.141000|  1.3897e-01|   -9.103456|   -8.837027|   -0.000003|    0.008193|
|        7683|    0.127000|  1.3897e-01|   -9.103481|   -8.837035|   -0.000003|    0.008193|
|        7684|    0.139000|  1.3897e-01|   -9.103507|   -8.837043|   -0.000003|    0.008193|
|        7685|    0.137000|  1.3897e-01|   -9.103532|   -8.837051|   -0.000003|    0.008193|
|        7686|    0.137000|  1.3897e-01|   -9.103558|   -8.837059|   -0.000003|    0.008193|
|        7687|    0.134000|  1.3897e-01|   -9.103584|   -8.837067|   -0.000003|    0.008193|
|        7688|    0.137000|  1.3897e-01|   -9.103609|   -8.837074|   -0.000003|    0.008193|
|        7689|    0.137000|  1.3897e-01|   -9.103635|   -8.837082|   -0.000003|    0.008193|
|        7690|    0.131000|  1.3897e-01|   -9.103661|   -8.837090|   -0.000003|    0.008193|
|        7691|    0.135000|  1.3897e-01|   -9.103686|   -8.837098|   -0.000003|    0.008193|
|        7692|    0.138000|  1.3897e-01|   -9.103712|   -8.837106|   -0.000003|    0.008193|
|        7693|    0.134000|  1.3897e-01|   -9.103737|   -8.837114|   -0.000003|    0.008193|
|        7694|    0.138000|  1.3897e-01|   -9.103763|   -8.837122|   -0.000003|    0.008193|
|        7695|    0.134000|  1.3897e-01|   -9.103789|   -8.837130|   -0.000003|    0.008193|
|        7696|    0.147000|  1.3897e-01|   -9.103814|   -8.837138|   -0.000003|    0.008193|
|        7697|    0.143000|  1.3897e-01|   -9.103840|   -8.837146|   -0.000003|    0.008193|
|        7698|    0.132000|  1.3897e-01|   -9.103866|   -8.837154|   -0.000003|    0.008193|
|        7699|    0.136000|  1.3897e-01|   -9.103891|   -8.837162|   -0.000003|    0.008193|
|        7700|    0.138000|  1.3897e-01|   -9.103917|   -8.837170|   -0.000003|    0.008193|
|        7701|    0.134000|  1.3897e-01|   -9.103942|   -8.837178|   -0.000003|    0.008193|
|        7702|    0.133000|  1.3897e-01|   -9.103968|   -8.837186|   -0.000003|    0.008193|
|        7703|    0.136000|  1.3897e-01|   -9.103994|   -8.837194|   -0.000003|    0.008193|
|        7704|    0.134000|  1.3897e-01|   -9.104019|   -8.837202|   -0.000003|    0.008193|
|        7705|    0.136000|  1.3897e-01|   -9.104045|   -8.837210|   -0.000003|    0.008193|
|        7706|    0.131000|  1.3896e-01|   -9.104071|   -8.837218|   -0.000003|    0.008193|
|        7707|    0.139000|  1.3896e-01|   -9.104096|   -8.837226|   -0.000003|    0.008193|
|        7708|    0.124000|  1.3896e-01|   -9.104122|   -8.837234|   -0.000003|    0.008193|
|        7709|    0.138000|  1.3896e-01|   -9.104147|   -8.837242|   -0.000003|    0.008193|
|        7710|    0.142000|  1.3896e-01|   -9.104173|   -8.837250|   -0.000003|    0.008193|
|        7711|    0.157000|  1.3897e-01|   -9.104199|   -8.837258|   -0.000003|    0.008193|
|        7712|    0.182000|  1.3897e-01|   -9.104224|   -8.837266|   -0.000003|    0.008193|
|        7713|    0.167000|  1.3897e-01|   -9.104250|   -8.837275|   -0.000003|    0.008193|
|        7714|    0.169000|  1.3898e-01|   -9.104276|   -8.837283|   -0.000003|    0.008193|
|        7715|    0.158000|  1.3898e-01|   -9.104301|   -8.837291|   -0.000003|    0.008193|
|        7716|    0.133000|  1.3898e-01|   -9.104327|   -8.837299|   -0.000003|    0.008193|
|        7717|    0.133000|  1.3898e-01|   -9.104352|   -8.837307|   -0.000003|    0.008193|
|        7718|    0.128000|  1.3898e-01|   -9.104378|   -8.837315|   -0.000003|    0.008193|
|        7719|    0.148000|  1.3898e-01|   -9.104404|   -8.837323|   -0.000003|    0.008193|
|        7720|    0.146000|  1.3898e-01|   -9.104429|   -8.837331|   -0.000003|    0.008193|
|        7721|    0.143000|  1.3898e-01|   -9.104455|   -8.837340|   -0.000003|    0.008193|
|        7722|    0.137000|  1.3898e-01|   -9.104480|   -8.837348|   -0.000003|    0.008193|
|        7723|    0.141000|  1.3898e-01|   -9.104506|   -8.837356|   -0.000003|    0.008193|
|        7724|    0.148000|  1.3898e-01|   -9.104531|   -8.837364|   -0.000003|    0.008193|
|        7725|    0.140000|  1.3898e-01|   -9.104557|   -8.837372|   -0.000003|    0.008193|
|        7726|    0.143000|  1.3898e-01|   -9.104583|   -8.837380|   -0.000003|    0.008193|
|        7727|    0.137000|  1.3898e-01|   -9.104608|   -8.837389|   -0.000003|    0.008193|
|        7728|    0.149000|  1.3898e-01|   -9.104634|   -8.837397|   -0.000003|    0.008193|
|        7729|    0.151000|  1.3898e-01|   -9.104659|   -8.837405|   -0.000003|    0.008193|
|        7730|    0.139000|  1.3898e-01|   -9.104685|   -8.837413|   -0.000003|    0.008193|
|        7731|    0.141000|  1.3898e-01|   -9.104710|   -8.837421|   -0.000003|    0.008193|
|        7732|    0.141000|  1.3899e-01|   -9.104735|   -8.837430|   -0.000003|    0.008193|
|        7733|    0.139000|  1.3899e-01|   -9.104761|   -8.837438|   -0.000003|    0.008193|
|        7734|    0.139000|  1.3899e-01|   -9.104786|   -8.837446|   -0.000003|    0.008193|
|        7735|    0.145000|  1.3899e-01|   -9.104812|   -8.837454|   -0.000003|    0.008193|
|        7736|    0.140000|  1.3899e-01|   -9.104837|   -8.837463|   -0.000003|    0.008193|
|        7737|    0.149000|  1.3899e-01|   -9.104862|   -8.837471|   -0.000003|    0.008193|
|        7738|    0.134000|  1.3899e-01|   -9.104888|   -8.837479|   -0.000003|    0.008192|
|        7739|    0.152000|  1.3899e-01|   -9.104913|   -8.837488|   -0.000003|    0.008192|
|        7740|    0.141000|  1.3899e-01|   -9.104938|   -8.837496|   -0.000003|    0.008192|
|        7741|    0.141000|  1.3899e-01|   -9.104963|   -8.837504|   -0.000003|    0.008192|
|        7742|    0.137000|  1.3899e-01|   -9.104988|   -8.837512|   -0.000003|    0.008192|
|        7743|    0.143000|  1.3899e-01|   -9.105014|   -8.837521|   -0.000003|    0.008192|
|        7744|    0.142000|  1.3899e-01|   -9.105039|   -8.837529|   -0.000003|    0.008192|
|        7745|    0.137000|  1.3899e-01|   -9.105064|   -8.837537|   -0.000003|    0.008192|
|        7746|    0.134000|  1.3899e-01|   -9.105089|   -8.837546|   -0.000003|    0.008192|
|        7747|    0.138000|  1.3899e-01|   -9.105114|   -8.837554|   -0.000003|    0.008192|
|        7748|    0.144000|  1.3899e-01|   -9.105139|   -8.837562|   -0.000003|    0.008192|
|        7749|    0.151000|  1.3899e-01|   -9.105164|   -8.837571|   -0.000003|    0.008192|
|        7750|    0.142000|  1.3899e-01|   -9.105189|   -8.837579|   -0.000003|    0.008192|
+-----------------------------------------------------------------------+
|        File Writing Summary       |              Filename             |
+-----------------------------------------------------------------------+
|SU2 binary restart                 |restart_flow_alpha0_449x129.dat    |
|Paraview                           |flow_alpha0_449x129.vtu            |
|Paraview surface                   |surface_flow_alpha0_449x129.vtu    |
+-----------------------------------------------------------------------+
+------------------------------------------------------------------------------------------+
|  Inner_Iter|   Time(sec)|   Time(sec)|      rms[P]|     rms[nu]|          CL|          CD|
+------------------------------------------------------------------------------------------+
|        7751|    0.237000|  1.3900e-01|   -9.105214|   -8.837587|   -0.000003|    0.008192|
|        7752|    0.135000|  1.3900e-01|   -9.105239|   -8.837596|   -0.000003|    0.008192|
|        7753|    0.145000|  1.3900e-01|   -9.105264|   -8.837604|   -0.000003|    0.008192|
|        7754|    0.143000|  1.3900e-01|   -9.105289|   -8.837613|   -0.000003|    0.008192|
|        7755|    0.156000|  1.3901e-01|   -9.105314|   -8.837621|   -0.000003|    0.008192|
|        7756|    0.144000|  1.3901e-01|   -9.105338|   -8.837629|   -0.000003|    0.008192|
|        7757|    0.138000|  1.3901e-01|   -9.105363|   -8.837638|   -0.000003|    0.008192|
|        7758|    0.137000|  1.3901e-01|   -9.105388|   -8.837646|   -0.000003|    0.008192|
|        7759|    0.144000|  1.3901e-01|   -9.105413|   -8.837655|   -0.000003|    0.008192|
|        7760|    0.135000|  1.3901e-01|   -9.105438|   -8.837663|   -0.000003|    0.008192|
|        7761|    0.139000|  1.3901e-01|   -9.105462|   -8.837671|   -0.000003|    0.008192|
|        7762|    0.137000|  1.3901e-01|   -9.105487|   -8.837680|   -0.000003|    0.008192|
|        7763|    0.136000|  1.3901e-01|   -9.105512|   -8.837688|   -0.000003|    0.008192|
|        7764|    0.142000|  1.3901e-01|   -9.105537|   -8.837697|   -0.000003|    0.008192|
|        7765|    0.142000|  1.3901e-01|   -9.105561|   -8.837705|   -0.000003|    0.008192|
|        7766|    0.137000|  1.3901e-01|   -9.105586|   -8.837714|   -0.000003|    0.008192|
|        7767|    0.149000|  1.3901e-01|   -9.105611|   -8.837722|   -0.000003|    0.008192|
|        7768|    0.140000|  1.3901e-01|   -9.105635|   -8.837731|   -0.000003|    0.008192|
|        7769|    0.130000|  1.3901e-01|   -9.105660|   -8.837739|   -0.000003|    0.008192|
|        7770|    0.146000|  1.3901e-01|   -9.105685|   -8.837748|   -0.000003|    0.008192|
|        7771|    0.141000|  1.3901e-01|   -9.105709|   -8.837756|   -0.000003|    0.008192|
|        7772|    0.138000|  1.3901e-01|   -9.105734|   -8.837765|   -0.000003|    0.008192|
|        7773|    0.143000|  1.3901e-01|   -9.105759|   -8.837773|   -0.000003|    0.008192|
|        7774|    0.153000|  1.3901e-01|   -9.105783|   -8.837782|   -0.000003|    0.008192|
|        7775|    0.150000|  1.3901e-01|   -9.105808|   -8.837790|   -0.000003|    0.008192|
|        7776|    0.148000|  1.3901e-01|   -9.105833|   -8.837799|   -0.000003|    0.008192|
|        7777|    0.145000|  1.3901e-01|   -9.105857|   -8.837807|   -0.000003|    0.008192|
|        7778|    0.140000|  1.3901e-01|   -9.105882|   -8.837816|   -0.000003|    0.008192|
|        7779|    0.141000|  1.3901e-01|   -9.105907|   -8.837824|   -0.000003|    0.008192|
|        7780|    0.142000|  1.3901e-01|   -9.105932|   -8.837833|   -0.000003|    0.008192|
|        7781|    0.140000|  1.3901e-01|   -9.105956|   -8.837841|   -0.000003|    0.008192|
|        7782|    0.136000|  1.3901e-01|   -9.105981|   -8.837850|   -0.000003|    0.008192|
|        7783|    0.138000|  1.3901e-01|   -9.106006|   -8.837858|   -0.000003|    0.008192|
|        7784|    0.136000|  1.3901e-01|   -9.106030|   -8.837867|   -0.000003|    0.008192|
|        7785|    0.139000|  1.3901e-01|   -9.106055|   -8.837875|   -0.000003|    0.008192|
|        7786|    0.133000|  1.3901e-01|   -9.106080|   -8.837884|   -0.000003|    0.008192|
|        7787|    0.142000|  1.3901e-01|   -9.106105|   -8.837892|   -0.000003|    0.008192|
|        7788|    0.133000|  1.3901e-01|   -9.106130|   -8.837901|   -0.000003|    0.008192|
|        7789|    0.141000|  1.3901e-01|   -9.106154|   -8.837910|   -0.000003|    0.008192|
|        7790|    0.147000|  1.3901e-01|   -9.106179|   -8.837918|   -0.000003|    0.008192|
|        7791|    0.140000|  1.3901e-01|   -9.106204|   -8.837927|   -0.000003|    0.008192|
|        7792|    0.130000|  1.3901e-01|   -9.106229|   -8.837935|   -0.000003|    0.008192|
|        7793|    0.144000|  1.3901e-01|   -9.106254|   -8.837944|   -0.000003|    0.008192|
|        7794|    0.147000|  1.3901e-01|   -9.106278|   -8.837952|   -0.000003|    0.008192|
|        7795|    0.138000|  1.3901e-01|   -9.106303|   -8.837961|   -0.000003|    0.008191|
|        7796|    0.148000|  1.3902e-01|   -9.106328|   -8.837969|   -0.000003|    0.008191|
|        7797|    0.138000|  1.3902e-01|   -9.106353|   -8.837978|   -0.000003|    0.008191|
|        7798|    0.160000|  1.3902e-01|   -9.106378|   -8.837987|   -0.000003|    0.008191|
|        7799|    0.140000|  1.3902e-01|   -9.106403|   -8.837995|   -0.000003|    0.008191|
|        7800|    0.151000|  1.3902e-01|   -9.106428|   -8.838004|   -0.000003|    0.008191|
|        7801|    0.148000|  1.3902e-01|   -9.106453|   -8.838012|   -0.000003|    0.008191|
|        7802|    0.137000|  1.3902e-01|   -9.106478|   -8.838021|   -0.000003|    0.008191|
|        7803|    0.139000|  1.3902e-01|   -9.106503|   -8.838030|   -0.000003|    0.008191|
|        7804|    0.144000|  1.3902e-01|   -9.106528|   -8.838038|   -0.000003|    0.008191|
|        7805|    0.130000|  1.3902e-01|   -9.106553|   -8.838047|   -0.000003|    0.008191|
|        7806|    0.140000|  1.3902e-01|   -9.106578|   -8.838056|   -0.000003|    0.008191|
|        7807|    0.133000|  1.3902e-01|   -9.106603|   -8.838064|   -0.000003|    0.008191|
|        7808|    0.132000|  1.3902e-01|   -9.106628|   -8.838073|   -0.000003|    0.008191|
|        7809|    0.131000|  1.3902e-01|   -9.106653|   -8.838081|   -0.000003|    0.008191|
|        7810|    0.144000|  1.3902e-01|   -9.106678|   -8.838090|   -0.000003|    0.008191|
|        7811|    0.159000|  1.3902e-01|   -9.106703|   -8.838099|   -0.000003|    0.008191|
|        7812|    0.145000|  1.3902e-01|   -9.106728|   -8.838107|   -0.000003|    0.008191|
|        7813|    0.140000|  1.3902e-01|   -9.106753|   -8.838116|   -0.000003|    0.008191|
|        7814|    0.131000|  1.3902e-01|   -9.106778|   -8.838125|   -0.000003|    0.008191|
|        7815|    0.138000|  1.3902e-01|   -9.106803|   -8.838133|   -0.000003|    0.008191|
|        7816|    0.138000|  1.3902e-01|   -9.106828|   -8.838142|   -0.000003|    0.008191|
|        7817|    0.166000|  1.3902e-01|   -9.106853|   -8.838151|   -0.000003|    0.008191|
|        7818|    0.159000|  1.3903e-01|   -9.106878|   -8.838159|   -0.000003|    0.008191|
|        7819|    0.135000|  1.3903e-01|   -9.106903|   -8.838168|   -0.000003|    0.008191|
|        7820|    0.146000|  1.3903e-01|   -9.106928|   -8.838177|   -0.000003|    0.008191|
|        7821|    0.138000|  1.3903e-01|   -9.106953|   -8.838186|   -0.000003|    0.008191|
|        7822|    0.145000|  1.3903e-01|   -9.106978|   -8.838194|   -0.000003|    0.008191|
|        7823|    0.163000|  1.3903e-01|   -9.107003|   -8.838203|   -0.000003|    0.008191|
|        7824|    0.133000|  1.3903e-01|   -9.107028|   -8.838212|   -0.000003|    0.008191|
|        7825|    0.143000|  1.3903e-01|   -9.107053|   -8.838221|   -0.000003|    0.008191|
|        7826|    0.136000|  1.3903e-01|   -9.107078|   -8.838229|   -0.000003|    0.008191|
|        7827|    0.161000|  1.3903e-01|   -9.107103|   -8.838238|   -0.000003|    0.008191|
|        7828|    0.139000|  1.3903e-01|   -9.107129|   -8.838247|   -0.000003|    0.008191|
|        7829|    0.130000|  1.3903e-01|   -9.107154|   -8.838256|   -0.000003|    0.008191|
|        7830|    0.139000|  1.3903e-01|   -9.107179|   -8.838264|   -0.000003|    0.008191|
|        7831|    0.151000|  1.3903e-01|   -9.107204|   -8.838273|   -0.000003|    0.008191|
|        7832|    0.153000|  1.3903e-01|   -9.107229|   -8.838282|   -0.000003|    0.008191|
|        7833|    0.140000|  1.3904e-01|   -9.107254|   -8.838291|   -0.000003|    0.008191|
|        7834|    0.140000|  1.3904e-01|   -9.107279|   -8.838299|   -0.000003|    0.008191|
|        7835|    0.138000|  1.3904e-01|   -9.107304|   -8.838308|   -0.000003|    0.008191|
|        7836|    0.148000|  1.3904e-01|   -9.107330|   -8.838317|   -0.000003|    0.008191|
|        7837|    0.141000|  1.3904e-01|   -9.107355|   -8.838326|   -0.000003|    0.008191|
|        7838|    0.134000|  1.3904e-01|   -9.107380|   -8.838335|   -0.000003|    0.008191|
|        7839|    0.154000|  1.3904e-01|   -9.107405|   -8.838343|   -0.000003|    0.008191|
|        7840|    0.136000|  1.3904e-01|   -9.107430|   -8.838352|   -0.000003|    0.008191|
|        7841|    0.151000|  1.3904e-01|   -9.107455|   -8.838361|   -0.000003|    0.008191|
|        7842|    0.158000|  1.3904e-01|   -9.107481|   -8.838370|   -0.000003|    0.008191|
|        7843|    0.140000|  1.3904e-01|   -9.107506|   -8.838379|   -0.000003|    0.008191|
|        7844|    0.151000|  1.3904e-01|   -9.107531|   -8.838387|   -0.000003|    0.008191|
|        7845|    0.131000|  1.3904e-01|   -9.107556|   -8.838396|   -0.000003|    0.008191|
|        7846|    0.135000|  1.3904e-01|   -9.107582|   -8.838405|   -0.000003|    0.008191|
|        7847|    0.127000|  1.3904e-01|   -9.107607|   -8.838414|   -0.000003|    0.008191|
|        7848|    0.137000|  1.3904e-01|   -9.107632|   -8.838422|   -0.000003|    0.008191|
|        7849|    0.139000|  1.3904e-01|   -9.107657|   -8.838431|   -0.000003|    0.008191|
|        7850|    0.146000|  1.3904e-01|   -9.107683|   -8.838440|   -0.000003|    0.008191|
|        7851|    0.150000|  1.3904e-01|   -9.107708|   -8.838449|   -0.000003|    0.008191|
|        7852|    0.154000|  1.3904e-01|   -9.107733|   -8.838458|   -0.000003|    0.008190|
|        7853|    0.138000|  1.3904e-01|   -9.107759|   -8.838466|   -0.000003|    0.008190|
|        7854|    0.135000|  1.3904e-01|   -9.107784|   -8.838475|   -0.000003|    0.008190|
|        7855|    0.140000|  1.3904e-01|   -9.107809|   -8.838484|   -0.000003|    0.008190|
|        7856|    0.142000|  1.3904e-01|   -9.107835|   -8.838493|   -0.000003|    0.008190|
|        7857|    0.141000|  1.3904e-01|   -9.107860|   -8.838502|   -0.000003|    0.008190|
|        7858|    0.128000|  1.3904e-01|   -9.107885|   -8.838510|   -0.000003|    0.008190|
|        7859|    0.129000|  1.3904e-01|   -9.107911|   -8.838519|   -0.000003|    0.008190|
|        7860|    0.128000|  1.3904e-01|   -9.107936|   -8.838528|   -0.000003|    0.008190|
|        7861|    0.159000|  1.3904e-01|   -9.107961|   -8.838537|   -0.000003|    0.008190|
|        7862|    0.139000|  1.3904e-01|   -9.107987|   -8.838546|   -0.000003|    0.008190|
|        7863|    0.143000|  1.3904e-01|   -9.108012|   -8.838555|   -0.000003|    0.008190|
|        7864|    0.172000|  1.3905e-01|   -9.108038|   -8.838564|   -0.000003|    0.008190|
|        7865|    0.152000|  1.3905e-01|   -9.108063|   -8.838573|   -0.000003|    0.008190|
|        7866|    0.140000|  1.3905e-01|   -9.108089|   -8.838581|   -0.000003|    0.008190|
|        7867|    0.139000|  1.3905e-01|   -9.108114|   -8.838590|   -0.000003|    0.008190|
|        7868|    0.139000|  1.3905e-01|   -9.108140|   -8.838599|   -0.000003|    0.008190|
|        7869|    0.139000|  1.3905e-01|   -9.108165|   -8.838608|   -0.000003|    0.008190|
|        7870|    0.135000|  1.3905e-01|   -9.108191|   -8.838617|   -0.000003|    0.008190|
|        7871|    0.129000|  1.3905e-01|   -9.108217|   -8.838626|   -0.000003|    0.008190|
|        7872|    0.136000|  1.3905e-01|   -9.108242|   -8.838635|   -0.000003|    0.008190|
|        7873|    0.141000|  1.3905e-01|   -9.108268|   -8.838644|   -0.000003|    0.008190|
|        7874|    0.136000|  1.3905e-01|   -9.108293|   -8.838653|   -0.000003|    0.008190|
|        7875|    0.134000|  1.3905e-01|   -9.108319|   -8.838661|   -0.000003|    0.008190|
|        7876|    0.132000|  1.3904e-01|   -9.108345|   -8.838670|   -0.000003|    0.008190|
|        7877|    0.143000|  1.3905e-01|   -9.108370|   -8.838679|   -0.000003|    0.008190|
|        7878|    0.146000|  1.3905e-01|   -9.108396|   -8.838688|   -0.000003|    0.008190|
|        7879|    0.148000|  1.3905e-01|   -9.108422|   -8.838697|   -0.000003|    0.008190|
|        7880|    0.145000|  1.3905e-01|   -9.108448|   -8.838706|   -0.000003|    0.008190|
|        7881|    0.169000|  1.3905e-01|   -9.108474|   -8.838715|   -0.000003|    0.008190|
|        7882|    0.140000|  1.3905e-01|   -9.108499|   -8.838724|   -0.000003|    0.008190|
|        7883|    0.136000|  1.3905e-01|   -9.108525|   -8.838733|   -0.000003|    0.008190|
|        7884|    0.135000|  1.3905e-01|   -9.108551|   -8.838742|   -0.000003|    0.008190|
|        7885|    0.158000|  1.3905e-01|   -9.108577|   -8.838751|   -0.000003|    0.008190|
|        7886|    0.157000|  1.3906e-01|   -9.108603|   -8.838760|   -0.000003|    0.008190|
|        7887|    0.159000|  1.3906e-01|   -9.108629|   -8.838769|   -0.000003|    0.008190|
|        7888|    0.162000|  1.3906e-01|   -9.108654|   -8.838777|   -0.000003|    0.008190|
|        7889|    0.156000|  1.3906e-01|   -9.108680|   -8.838786|   -0.000003|    0.008190|
|        7890|    0.160000|  1.3907e-01|   -9.108706|   -8.838795|   -0.000003|    0.008190|
|        7891|    0.164000|  1.3907e-01|   -9.108732|   -8.838804|   -0.000003|    0.008190|
|        7892|    0.171000|  1.3907e-01|   -9.108758|   -8.838813|   -0.000003|    0.008190|
|        7893|    0.151000|  1.3907e-01|   -9.108784|   -8.838822|   -0.000003|    0.008190|
|        7894|    0.146000|  1.3908e-01|   -9.108810|   -8.838831|   -0.000003|    0.008190|
|        7895|    0.148000|  1.3908e-01|   -9.108836|   -8.838840|   -0.000003|    0.008190|
|        7896|    0.153000|  1.3908e-01|   -9.108862|   -8.838849|   -0.000003|    0.008190|
|        7897|    0.126000|  1.3908e-01|   -9.108888|   -8.838858|   -0.000003|    0.008190|
|        7898|    0.145000|  1.3908e-01|   -9.108914|   -8.838867|   -0.000003|    0.008190|
|        7899|    0.148000|  1.3908e-01|   -9.108940|   -8.838876|   -0.000003|    0.008190|
|        7900|    0.135000|  1.3908e-01|   -9.108966|   -8.838885|   -0.000003|    0.008190|
|        7901|    0.134000|  1.3908e-01|   -9.108992|   -8.838894|   -0.000003|    0.008190|
|        7902|    0.135000|  1.3908e-01|   -9.109018|   -8.838903|   -0.000003|    0.008190|
|        7903|    0.135000|  1.3908e-01|   -9.109044|   -8.838912|   -0.000003|    0.008190|
|        7904|    0.145000|  1.3908e-01|   -9.109070|   -8.838921|   -0.000003|    0.008190|
|        7905|    0.141000|  1.3908e-01|   -9.109096|   -8.838930|   -0.000003|    0.008190|
|        7906|    0.127000|  1.3908e-01|   -9.109122|   -8.838939|   -0.000003|    0.008190|
|        7907|    0.137000|  1.3908e-01|   -9.109148|   -8.838948|   -0.000003|    0.008190|
|        7908|    0.136000|  1.3908e-01|   -9.109175|   -8.838957|   -0.000003|    0.008190|
|        7909|    0.137000|  1.3908e-01|   -9.109201|   -8.838966|   -0.000003|    0.008190|
|        7910|    0.132000|  1.3907e-01|   -9.109227|   -8.838975|   -0.000003|    0.008189|
|        7911|    0.135000|  1.3907e-01|   -9.109253|   -8.838984|   -0.000003|    0.008189|
|        7912|    0.140000|  1.3907e-01|   -9.109279|   -8.838993|   -0.000003|    0.008189|
|        7913|    0.140000|  1.3907e-01|   -9.109305|   -8.839002|   -0.000003|    0.008189|
|        7914|    0.128000|  1.3907e-01|   -9.109332|   -8.839011|   -0.000003|    0.008189|
|        7915|    0.144000|  1.3907e-01|   -9.109358|   -8.839020|   -0.000003|    0.008189|
|        7916|    0.141000|  1.3907e-01|   -9.109384|   -8.839029|   -0.000003|    0.008189|
|        7917|    0.127000|  1.3907e-01|   -9.109410|   -8.839038|   -0.000003|    0.008189|
|        7918|    0.145000|  1.3907e-01|   -9.109437|   -8.839047|   -0.000003|    0.008189|
|        7919|    0.138000|  1.3907e-01|   -9.109463|   -8.839056|   -0.000003|    0.008189|
|        7920|    0.134000|  1.3907e-01|   -9.109489|   -8.839065|   -0.000003|    0.008189|
|        7921|    0.136000|  1.3907e-01|   -9.109515|   -8.839075|   -0.000003|    0.008189|
|        7922|    0.149000|  1.3907e-01|   -9.109542|   -8.839084|   -0.000003|    0.008189|
|        7923|    0.133000|  1.3907e-01|   -9.109568|   -8.839093|   -0.000003|    0.008189|
|        7924|    0.148000|  1.3907e-01|   -9.109594|   -8.839102|   -0.000003|    0.008189|
|        7925|    0.166000|  1.3908e-01|   -9.109621|   -8.839111|   -0.000003|    0.008189|
|        7926|    0.168000|  1.3908e-01|   -9.109647|   -8.839120|   -0.000003|    0.008189|
|        7927|    0.158000|  1.3908e-01|   -9.109674|   -8.839129|   -0.000003|    0.008189|
|        7928|    0.165000|  1.3909e-01|   -9.109700|   -8.839138|   -0.000003|    0.008189|
|        7929|    0.156000|  1.3909e-01|   -9.109726|   -8.839147|   -0.000003|    0.008189|
|        7930|    0.140000|  1.3909e-01|   -9.109753|   -8.839156|   -0.000003|    0.008189|
|        7931|    0.137000|  1.3909e-01|   -9.109779|   -8.839165|   -0.000003|    0.008189|
|        7932|    0.142000|  1.3909e-01|   -9.109806|   -8.839174|   -0.000003|    0.008189|
|        7933|    0.139000|  1.3909e-01|   -9.109832|   -8.839183|   -0.000003|    0.008189|
|        7934|    0.139000|  1.3909e-01|   -9.109859|   -8.839192|   -0.000003|    0.008189|
|        7935|    0.151000|  1.3909e-01|   -9.109885|   -8.839202|   -0.000003|    0.008189|
|        7936|    0.141000|  1.3909e-01|   -9.109912|   -8.839211|   -0.000003|    0.008189|
|        7937|    0.134000|  1.3909e-01|   -9.109938|   -8.839220|   -0.000003|    0.008189|
|        7938|    0.146000|  1.3909e-01|   -9.109965|   -8.839229|   -0.000003|    0.008189|
|        7939|    0.141000|  1.3909e-01|   -9.109991|   -8.839238|   -0.000003|    0.008189|
|        7940|    0.133000|  1.3909e-01|   -9.110018|   -8.839247|   -0.000003|    0.008189|
|        7941|    0.139000|  1.3909e-01|   -9.110044|   -8.839256|   -0.000003|    0.008189|
|        7942|    0.143000|  1.3909e-01|   -9.110071|   -8.839265|   -0.000003|    0.008189|
|        7943|    0.147000|  1.3909e-01|   -9.110097|   -8.839275|   -0.000003|    0.008189|
|        7944|    0.131000|  1.3909e-01|   -9.110124|   -8.839284|   -0.000003|    0.008189|
|        7945|    0.144000|  1.3909e-01|   -9.110151|   -8.839293|   -0.000003|    0.008189|
|        7946|    0.134000|  1.3909e-01|   -9.110177|   -8.839302|   -0.000003|    0.008189|
|        7947|    0.139000|  1.3909e-01|   -9.110204|   -8.839311|   -0.000003|    0.008189|
|        7948|    0.124000|  1.3909e-01|   -9.110230|   -8.839320|   -0.000003|    0.008189|
|        7949|    0.129000|  1.3909e-01|   -9.110257|   -8.839330|   -0.000003|    0.008189|
|        7950|    0.138000|  1.3909e-01|   -9.110284|   -8.839339|   -0.000003|    0.008189|
|        7951|    0.168000|  1.3909e-01|   -9.110310|   -8.839348|   -0.000003|    0.008189|
|        7952|    0.158000|  1.3909e-01|   -9.110337|   -8.839357|   -0.000003|    0.008189|
|        7953|    0.162000|  1.3910e-01|   -9.110363|   -8.839366|   -0.000003|    0.008189|
|        7954|    0.169000|  1.3910e-01|   -9.110390|   -8.839376|   -0.000003|    0.008189|
|        7955|    0.165000|  1.3910e-01|   -9.110417|   -8.839385|   -0.000003|    0.008189|
|        7956|    0.167000|  1.3911e-01|   -9.110443|   -8.839394|   -0.000003|    0.008189|
|        7957|    0.171000|  1.3911e-01|   -9.110470|   -8.839403|   -0.000003|    0.008189|
|        7958|    0.174000|  1.3911e-01|   -9.110497|   -8.839413|   -0.000003|    0.008189|
|        7959|    0.168000|  1.3912e-01|   -9.110523|   -8.839422|   -0.000003|    0.008189|
|        7960|    0.190000|  1.3912e-01|   -9.110550|   -8.839431|   -0.000003|    0.008189|
|        7961|    0.185000|  1.3913e-01|   -9.110577|   -8.839440|   -0.000003|    0.008189|
|        7962|    0.176000|  1.3913e-01|   -9.110603|   -8.839449|   -0.000003|    0.008189|
|        7963|    0.139000|  1.3913e-01|   -9.110630|   -8.839459|   -0.000003|    0.008189|
|        7964|    0.140000|  1.3914e-01|   -9.110656|   -8.839468|   -0.000003|    0.008189|
|        7965|    0.150000|  1.3914e-01|   -9.110683|   -8.839477|   -0.000003|    0.008189|
|        7966|    0.165000|  1.3914e-01|   -9.110710|   -8.839486|   -0.000003|    0.008189|
|        7967|    0.157000|  1.3914e-01|   -9.110736|   -8.839496|   -0.000003|    0.008189|
|        7968|    0.171000|  1.3915e-01|   -9.110763|   -8.839505|   -0.000003|    0.008189|
|        7969|    0.158000|  1.3915e-01|   -9.110790|   -8.839514|   -0.000003|    0.008188|
|        7970|    0.167000|  1.3915e-01|   -9.110816|   -8.839523|   -0.000003|    0.008188|
|        7971|    0.166000|  1.3916e-01|   -9.110843|   -8.839533|   -0.000003|    0.008188|
|        7972|    0.171000|  1.3916e-01|   -9.110869|   -8.839542|   -0.000003|    0.008188|
|        7973|    0.170000|  1.3916e-01|   -9.110896|   -8.839551|   -0.000003|    0.008188|
|        7974|    0.192000|  1.3917e-01|   -9.110922|   -8.839561|   -0.000003|    0.008188|
|        7975|    0.185000|  1.3918e-01|   -9.110949|   -8.839570|   -0.000003|    0.008188|
|        7976|    0.174000|  1.3918e-01|   -9.110976|   -8.839579|   -0.000003|    0.008188|
|        7977|    0.168000|  1.3918e-01|   -9.111002|   -8.839588|   -0.000003|    0.008188|
|        7978|    0.173000|  1.3919e-01|   -9.111029|   -8.839598|   -0.000003|    0.008188|
|        7979|    0.163000|  1.3919e-01|   -9.111055|   -8.839607|   -0.000003|    0.008188|
|        7980|    0.168000|  1.3919e-01|   -9.111082|   -8.839616|   -0.000003|    0.008188|
|        7981|    0.152000|  1.3920e-01|   -9.111108|   -8.839626|   -0.000003|    0.008188|
|        7982|    0.154000|  1.3920e-01|   -9.111135|   -8.839635|   -0.000003|    0.008188|
|        7983|    0.153000|  1.3920e-01|   -9.111161|   -8.839644|   -0.000003|    0.008188|
|        7984|    0.148000|  1.3920e-01|   -9.111188|   -8.839653|   -0.000003|    0.008188|
|        7985|    0.165000|  1.3920e-01|   -9.111214|   -8.839663|   -0.000003|    0.008188|
|        7986|    0.164000|  1.3921e-01|   -9.111241|   -8.839672|   -0.000003|    0.008188|
|        7987|    0.171000|  1.3921e-01|   -9.111267|   -8.839681|   -0.000003|    0.008188|
|        7988|    0.147000|  1.3921e-01|   -9.111294|   -8.839691|   -0.000003|    0.008188|
|        7989|    0.133000|  1.3921e-01|   -9.111320|   -8.839700|   -0.000003|    0.008188|
|        7990|    0.143000|  1.3921e-01|   -9.111347|   -8.839709|   -0.000003|    0.008188|
|        7991|    0.179000|  1.3922e-01|   -9.111373|   -8.839719|   -0.000003|    0.008188|
|        7992|    0.144000|  1.3922e-01|   -9.111400|   -8.839728|   -0.000003|    0.008188|
|        7993|    0.137000|  1.3922e-01|   -9.111426|   -8.839737|   -0.000003|    0.008188|
|        7994|    0.153000|  1.3922e-01|   -9.111453|   -8.839747|   -0.000003|    0.008188|
|        7995|    0.128000|  1.3922e-01|   -9.111479|   -8.839756|   -0.000003|    0.008188|
|        7996|    0.147000|  1.3922e-01|   -9.111505|   -8.839766|   -0.000003|    0.008188|
|        7997|    0.134000|  1.3922e-01|   -9.111532|   -8.839775|   -0.000003|    0.008188|
|        7998|    0.150000|  1.3922e-01|   -9.111558|   -8.839784|   -0.000003|    0.008188|
|        7999|    0.130000|  1.3922e-01|   -9.111585|   -8.839794|   -0.000003|    0.008188|

----------------------------- Solver Exit -------------------------------

Maximum number of iterations reached (ITER = 8000) before convergence.
+-----------------------------------------------------------------------+
|      Convergence Field     |     Value    |   Criterion  |  Converged |
+-----------------------------------------------------------------------+
|                      rms[P]|      -9.11158|         < -14|          No|
+-----------------------------------------------------------------------+
-------------------------------------------------------------------------
+-----------------------------------------------------------------------+
|        File Writing Summary       |              Filename             |
+-----------------------------------------------------------------------+
|SU2 binary restart                 |restart_flow_alpha0_449x129.dat    |
|Paraview                           |flow_alpha0_449x129.vtu            |
|Paraview surface                   |surface_flow_alpha0_449x129.vtu    |
+-----------------------------------------------------------------------+

--------------------------- Finalizing Solver ---------------------------
Deleted CNumerics container.
Deleted CIntegration container.
Deleted CSolver container.
Deleted CIteration container.
Deleted CInterface container.
Deleted CGeometry container.
Deleted CFreeFormDefBox class.
Deleted CSurfaceMovement class.
Deleted CVolumetricMovement class.
Deleted CConfig container.
Deleted nInst container.
Deleted COutput class.
-------------------------------------------------------------------------

------------------------- Exit Success (SU2_CFD) ------------------------

